time,Vbar,soc_h_median,soc_h_lerror,soc_h_herror,soc_v_median,soc_v_lerror,soc_v_herror,sens_median,sens_lerror,sens_herror,freq_ub,freq_pb,s_mean,s_median,s_lerror,s_herror,s_ltail,s_htail,s_end_mean,s_end_median,s_end_lerror,s_end_herror,s_young_mean,s_young_median,s_young_lerror,s_young_herror,s_child_mean,s_child_median,s_child_lerror,s_child_herror,sbar,mean_increment,concentration,concentration_lerror,concentration_herror,aleph,strategies,seed
0,0.0,0.0,0.0,0.0,0.0,0.0,0.0,0.0,0.0,0.0,0.0,0.0,0.0,0.0,0.0,0.0,0.0,0.0,0.0,0.0,0.0,0.0,0.0,0.0,0.0,0.0,0.0,0.0,0.0,0.0,0.0,0.0,0.0,0.0,0.0,0.05,UB&PB,45069
2500,0.9179059823037349,0.5202678964132577,0.35680411670337764,0.6763748650295758,0.7467246100609536,0.6386102932381515,0.8414502099182262,0.8780302730846526,0.7984569428016661,0.9394065342853877,0.9544342572850048,0.04556574271499649,0.0893562360314134,0.03052476648199631,0.006722128107866446,0.11879339028100812,0.0006593589259048281,0.3773243060054358,0.10032275704346663,0.04168453811488156,0.0100726723647674,0.1401291113617185,0.15193664929493095,0.10743588133993043,0.049031470393298325,0.21955899814901048,0.4230408575706102,0.42238159620009885,0.4130016401078781,0.43229464083057356,0.050480447959377985,0.349302695422495,14166.223137025529,7733.028605513757,26031.982290935874,0.05,UB&PB,45069
0,0.0,0.0,0.0,0.0,0.0,0.0,0.0,0.0,0.0,0.0,0.0,0.0,0.0,0.0,0.0,0.0,0.0,0.0,0.0,0.0,0.0,0.0,0.0,0.0,0.0,0.0,0.0,0.0,0.0,0.0,0.0,0.0,0.0,0.0,0.0,0.1,UB&PB,45069
2500,0.9332612180962258,0.4948686985153485,0.30836517735800045,0.6644362858007448,0.7801984376312144,0.6245174966141984,0.8906288029406125,0.8445818205594293,0.7647466826428633,0.9162380961396106,0.9619957356076755,0.03800426439232413,0.08131509466455851,0.026418116761600312,0.00523999317751788,0.10752560286543623,0.0002918502459736859,0.34937629292846095,0.09127688818158927,0.035640563372780244,0.008299767170282774,0.12739168159425407,0.13364585437771018,0.09400864521363696,0.046086662805282654,0.18458916894445657,0.42325309482297946,0.4227854677677481,0.4142325301789913,0.43169137418717224,0.07198208699373193,0.393675609737215,7642.058317061755,4832.1085089692615,12334.001675909056,0.1,UB&PB,45069
0,0.0,0.0,0.0,0.0,0.0,0.0,0.0,0.0,0.0,0.0,0.0,0.0,0.0,0.0,0.0,0.0,0.0,0.0,0.0,0.0,0.0,0.0,0.0,0.0,0.0,0.0,0.0,0.0,0.0,0.0,0.0,0.0,0.0,0.0,0.0,0.15,UB&PB,45069
2500,0.9497285216039976,0.49355042021492324,0.3570736753142863,0.6409097462160523,0.6446076430485935,0.5300470654971483,0.7490140106039187,0.8528583540592523,0.754145560742628,0.9272913189071552,0.9621428571428571,0.03785714285714289,0.0978470276579412,0.04850192098280141,0.013928862059707984,0.14030947761824508,0.002527466772351645,0.35388413787612355,0.1111914537139158,0.06468447443434831,0.020334194517324967,0.16360911093451955,0.15565108952481507,0.1263001761357365,0.06878630565359807,0.2143482963701507,0.42561281913578697,0.4252312857798911,0.41756409484726104,0.43316163503843325,0.011056413169572265,0.45734380039169165,5806.041016431786,3912.9774355464015,8904.505210804275,0.15,UB&PB,45069
0,0.0,0.0,0.0,0.0,0.0,0.0,0.0,0.0,0.0,0.0,0.0,0.0,0.0,0.0,0.0,0.0,0.0,0.0,0.0,0.0,0.0,0.0,0.0,0.0,0.0,0.0,0.0,0.0,0.0,0.0,0.0,0.0,0.0,0.0,0.0,0.2,UB&PB,45069
2500,0.9582320664544143,0.6271462809250241,0.45718789265278464,0.8178799040474181,0.8562578888451999,0.7582189840049843,0.9302075188540168,0.8064289636693385,0.6971242820355078,0.9029737698952419,0.9662039800995027,0.03379601990049753,0.07906742436531754,0.03492490534434858,0.007601805598910522,0.10900679825791801,0.0005582923834177737,0.30662599031998905,0.0847234104534761,0.040809316131353475,0.009699183647112372,0.11945386383813103,0.12346995516578381,0.09923008214755405,0.04607275591521222,0.16939818115165256,0.4170470223298873,0.4165984965254212,0.41073901658596096,0.4227738373441589,0.11487425666577321,0.75877264789822,19473.74718474923,12913.908514551078,29977.192294458644,0.2,UB&PB,45069
0,0.0,0.0,0.0,0.0,0.0,0.0,0.0,0.0,0.0,0.0,0.0,0.0,0.0,0.0,0.0,0.0,0.0,0.0,0.0,0.0,0.0,0.0,0.0,0.0,0.0,0.0,0.0,0.0,0.0,0.0,0.0,0.0,0.0,0.0,0.0,0.25,UB&PB,45069
2500,0.9651621454336926,0.46012349810811737,0.32757387560920936,0.5755912208824574,0.29314138370168735,0.20452133632602734,0.3847689308375708,0.8154068387651912,0.7348487171507466,0.8955553573955269,0.960216773276476,0.03978322672352529,0.15219626371946712,0.11086666232415922,0.048224754564996565,0.2290707621772804,0.012539896275781854,0.4106619056819762,0.17955744531787737,0.14771084232281337,0.07344271525964029,0.2646427467908545,0.22545789714788042,0.20442858616405363,0.13651568392208757,0.3039745124101601,0.4068141532947096,0.40613221517004144,0.3951472764048028,0.41758055037103975,0.17227909486325427,0.7640566411114239,5660.556945043613,3149.25148662157,10849.43789304668,0.25,UB&PB,45069
0,0.0,0.0,0.0,0.0,0.0,0.0,0.0,0.0,0.0,0.0,0.0,0.0,0.0,0.0,0.0,0.0,0.0,0.0,0.0,0.0,0.0,0.0,0.0,0.0,0.0,0.0,0.0,0.0,0.0,0.0,0.0,0.0,0.0,0.0,0.0,0.3,UB&PB,45069
2500,0.9518726490483673,0.8093399868779607,0.6830192290390811,0.8975573521024789,0.15173016572935222,0.08228112434368957,0.24585004346728356,0.8667613617391481,0.7655375904276435,0.9352215237903188,0.9412828713574976,0.05871712864250178,0.14075591236230145,0.07888609918213328,0.01862269555481071,0.22900343525845854,0.0032217930746542387,0.4407266801116036,0.14602307454846358,0.08787604095930891,0.021605980842082217,0.23773819632419582,0.2446344223761319,0.2259565069147757,0.11652953764782925,0.374545625070713,0.39976931973301977,0.3994429561167013,0.3950957177122467,0.4039596518073095,0.05092829081901527,0.3406108954389846,21532.72480665215,8598.127567457985,57644.9996121007,0.3,UB&PB,45069
0,0.0,0.0,0.0,0.0,0.0,0.0,0.0,0.0,0.0,0.0,0.0,0.0,0.0,0.0,0.0,0.0,0.0,0.0,0.0,0.0,0.0,0.0,0.0,0.0,0.0,0.0,0.0,0.0,0.0,0.0,0.0,0.0,0.0,0.0,0.0,0.35,UB&PB,45069
2500,0.9792624169821149,0.7783537764617087,0.5888050684324746,0.8855454508087605,0.08881901180139398,0.04117271807079531,0.16059849564281078,0.779841017570829,0.6678271045828607,0.8772799169654213,0.9173745557924669,0.08262544420753382,0.18875401540985778,0.1496066881509887,0.052094842102395254,0.3020696544404787,0.012135646920229408,0.4705127462534611,0.19854536802741857,0.16489978648167336,0.06113874318410431,0.3163467475280989,0.3011543497838441,0.30947261643596835,0.1753348591069441,0.42759364370186814,0.4197711542554794,0.4194523437145138,0.4150403582481196,0.4240716619954504,0.1487287396702306,0.5100509446212907,10035.328715209538,3799.3727595623404,30739.399040766166,0.35,UB&PB,45069
0,0.0,0.0,0.0,0.0,0.0,0.0,0.0,0.0,0.0,0.0,0.0,0.0,0.0,0.0,0.0,0.0,0.0,0.0,0.0,0.0,0.0,0.0,0.0,0.0,0.0,0.0,0.0,0.0,0.0,0.0,0.0,0.0,0.0,0.0,0.0,0.4,UB&PB,45069
2500,0.9973559083080166,0.5927455878603582,0.4819749426965011,0.6965589605578913,0.0643143553740648,0.0297459148700466,0.11027830716705629,0.7944635198926648,0.6670043125113021,0.8986900305398166,0.9090262970859987,0.0909737029140015,0.22369703931897061,0.20368768521121153,0.09422473923320832,0.3434836399136175,0.024946789581755065,0.47589740556252036,0.24559865897562475,0.2323693368084723,0.1209675736561724,0.3663370331849108,0.32917139597728867,0.35025735288989673,0.22421123112031657,0.4347888178542152,0.41996479346984295,0.4196389465273303,0.4137125666904673,0.42582086177560247,0.18771005096037693,0.42200399997484966,3954.9498986728777,1706.4982247215921,11870.59406759601,0.4,UB&PB,45069
0,0.0,0.0,0.0,0.0,0.0,0.0,0.0,0.0,0.0,0.0,0.0,0.0,0.0,0.0,0.0,0.0,0.0,0.0,0.0,0.0,0.0,0.0,0.0,0.0,0.0,0.0,0.0,0.0,0.0,0.0,0.0,0.0,0.0,0.0,0.0,0.45,UB&PB,45069
2500,0.9967408468334097,0.8449680073015143,0.7321081965565822,0.9245928058244186,0.04141654547909619,0.016271506414050372,0.07788702144307463,0.6393553542930042,0.53298326136535,0.7661881931562453,0.8734250177683016,0.12657498223169913,0.22227341634934478,0.2018986611233881,0.07998947553380492,0.35100404643575855,0.01808006653948221,0.4871954333906036,0.23095770473069252,0.21329614635282776,0.09117506918381915,0.3610708804430601,0.33506776186044224,0.3635681854927115,0.21499099125712628,0.4510694750126112,0.41569267896672607,0.4153842043196689,0.41148787863810793,0.41939743077681685,0.05614969946180766,0.4371604609344539,13302.632325796305,4188.3420429300295,54623.53799554817,0.45,UB&PB,45069
0,0.0,0.0,0.0,0.0,0.0,0.0,0.0,0.0,0.0,0.0,0.0,0.0,0.0,0.0,0.0,0.0,0.0,0.0,0.0,0.0,0.0,0.0,0.0,0.0,0.0,0.0,0.0,0.0,0.0,0.0,0.0,0.0,0.0,0.0,0.0,0.5,UB&PB,45069
2500,1.007609881586324,0.8647981030668103,0.773954099249164,0.9365907266142297,0.04376241486475258,0.017411763051214425,0.08231298742867235,0.7645965163558189,0.6564788149594865,0.8570112064482522,0.8686744847192606,0.1313255152807391,0.220968384447365,0.19705321565599693,0.07359158873190465,0.3622996534210933,0.01609781318145082,0.4897563475336775,0.22795727472733365,0.20643322877587447,0.08201444283808258,0.36944071266155454,0.3329066759643277,0.3577579773916226,0.21151342869566395,0.4509818648186044,0.41711339253399876,0.416795080813537,0.4130831898228394,0.4206999321925229,0.16837834029102944,0.4881592815503606,16459.434759416683,5082.806806828614,68400.48148876247,0.5,UB&PB,45069
0,0.0,0.0,0.0,0.0,0.0,0.0,0.0,0.0,0.0,0.0,0.0,0.0,0.0,0.0,0.0,0.0,0.0,0.0,0.0,0.0,0.0,0.0,0.0,0.0,0.0,0.0,0.0,0.0,0.0,0.0,0.0,0.0,0.0,0.0,0.0,0.55,UB&PB,45069
2500,1.02481002898635,0.8344918866469916,0.7359055243784816,0.912567260419541,0.04233698242317731,0.01680434712443836,0.07946377551055797,0.8049665657226409,0.690558968654201,0.8961007538879924,0.8509523809523791,0.14904761904761904,0.2345157375622306,0.21332042485395325,0.09273250497354237,0.37932316207649086,0.022237678497019693,0.49237955999520067,0.2430078401913984,0.22383106232882594,0.1045179087447765,0.38527568796872996,0.3423200531273383,0.36748766149813195,0.23338753955063427,0.4507963617687907,0.4195189140300926,0.419236145375914,0.4153812250411799,0.42324166333414104,0.4833189062183109,0.9412173232613278,13295.460281300655,4255.965211125504,53616.64347836554,0.55,UB&PB,45069
0,0.0,0.0,0.0,0.0,0.0,0.0,0.0,0.0,0.0,0.0,0.0,0.0,0.0,0.0,0.0,0.0,0.0,0.0,0.0,0.0,0.0,0.0,0.0,0.0,0.0,0.0,0.0,0.0,0.0,0.0,0.0,0.0,0.0,0.0,0.0,0.6,UB&PB,45069
2500,1.0381670145612314,0.8749692262449247,0.7869379045506825,0.9411148146940911,0.03514322333330374,0.013078993274100989,0.06917841497930803,0.7619052700911189,0.598872401671025,0.8729823965712875,0.7981385927505315,0.20186140724946702,0.25474630337119486,0.24029392596790186,0.11543273647301157,0.4007717701005971,0.02619030250043477,0.507170105896513,0.2619782610789698,0.24931130586719122,0.12601034964867405,0.4046408562446303,0.3587033935578121,0.3857274246544763,0.25337588958315027,0.46298503681923364,0.4236258048746215,0.4233848755304372,0.4196642760684315,0.427238468589368,0.18344025720157325,0.6228562761322689,14207.814151285855,4150.75401730991,64797.215311400745,0.6,UB&PB,45069
0,0.0,0.0,0.0,0.0,0.0,0.0,0.0,0.0,0.0,0.0,0.0,0.0,0.0,0.0,0.0,0.0,0.0,0.0,0.0,0.0,0.0,0.0,0.0,0.0,0.0,0.0,0.0,0.0,0.0,0.0,0.0,0.0,0.0,0.0,0.0,0.65,UB&PB,45069
2500,1.0560431002398942,0.8469091168643553,0.7506845886134482,0.92419193036146,0.030394676292244068,0.01078750503350067,0.05908788723903203,0.6673078283960738,0.5636620386508019,0.7691091530981997,0.6848969438521686,0.3151030561478327,0.28037641889941867,0.27501835529619245,0.15689207909900496,0.4119772230039646,0.04480203387183285,0.5145967480458333,0.2890164863073219,0.28574334327426176,0.1702996232773997,0.41493528819778247,0.37492032409226017,0.40106992957558496,0.2874657088281808,0.46296930170358225,0.42093907575248707,0.420697506715187,0.41686235834808444,0.42468653178605714,0.05421277724270752,0.6189166398874653,10175.455614249673,2982.616050242664,48006.735958213845,0.65,UB&PB,45069
0,0.0,0.0,0.0,0.0,0.0,0.0,0.0,0.0,0.0,0.0,0.0,0.0,0.0,0.0,0.0,0.0,0.0,0.0,0.0,0.0,0.0,0.0,0.0,0.0,0.0,0.0,0.0,0.0,0.0,0.0,0.0,0.0,0.0,0.0,0.0,0.7,UB&PB,45069
2500,1.074150542411633,0.8423447039922339,0.741563536860118,0.9187772124251101,0.027166910641631063,0.009270902851468345,0.053200392706601,0.5383315288308385,0.44881858016663206,0.6535170332048792,0.6305863539445624,0.36941364605543725,0.3013563330367974,0.3059539215898689,0.1963909548548137,0.4088560937808409,0.07583804274688209,0.5108633495232654,0.30969991859601514,0.3157992617764884,0.20919953788504864,0.4115279165832084,0.377854985962424,0.3980905198628649,0.3038640155216077,0.45330981702471224,0.41068777319101196,0.4103351026034818,0.40649805413353507,0.4143412520371029,0.46189182605860907,0.8053601763519518,8598.009016347454,2495.4131789916746,42285.984789827955,0.7,UB&PB,45069
0,0.0,0.0,0.0,0.0,0.0,0.0,0.0,0.0,0.0,0.0,0.0,0.0,0.0,0.0,0.0,0.0,0.0,0.0,0.0,0.0,0.0,0.0,0.0,0.0,0.0,0.0,0.0,0.0,0.0,0.0,0.0,0.0,0.0,0.0,0.0,0.75,UB&PB,45069
2500,1.1069445525756338,0.8748903098380134,0.7715302445839813,0.9364339258260148,0.028914372120364858,0.0101248343976033,0.056360234198654935,0.6885775277255612,0.5554858357503912,0.8086438140829997,0.3564413646055436,0.6435586353944558,0.3310092398026574,0.3447105659427396,0.22888495619446778,0.43223315330564344,0.09362373615714463,0.5461947493199918,0.3383835787903849,0.35400453931695275,0.2389648643555755,0.4349083456198694,0.40827560434068627,0.42363262620025055,0.34519671915081096,0.47442618142150417,0.4302923539093392,0.43002168195683166,0.4263450430834805,0.4338742275292373,0.7968236797523481,1.0217890622064825,10584.77541070152,2603.103235043511,55793.94187160352,0.75,UB&PB,45069
0,0.0,0.0,0.0,0.0,0.0,0.0,0.0,0.0,0.0,0.0,0.0,0.0,0.0,0.0,0.0,0.0,0.0,0.0,0.0,0.0,0.0,0.0,0.0,0.0,0.0,0.0,0.0,0.0,0.0,0.0,0.0,0.0,0.0,0.0,0.0,0.8,UB&PB,45069
2500,1.1112188416347195,0.8492854657311255,0.756906864125025,0.9230525863857221,0.028090447005978115,0.009703785421200982,0.05494869536069967,0.7315607733102136,0.5811906148229351,0.8598155795323055,0.2496702203269362,0.750329779673063,0.3368085943301793,0.359809980834241,0.2417472068588193,0.4246902238451613,0.10592880132724489,0.5429430263754611,0.34386636340455407,0.36556359619209366,0.25163331907386993,0.42814379606698927,0.40535984114881574,0.4159794666375784,0.35102404252507313,0.4630574237632738,0.4199223002336855,0.4196764951469768,0.4158965969043838,0.42355807641172805,0.2411527932569989,0.8040429882148938,9368.048587065961,2285.004429365917,49293.73988957579,0.8,UB&PB,45069
0,0.0,0.0,0.0,0.0,0.0,0.0,0.0,0.0,0.0,0.0,0.0,0.0,0.0,0.0,0.0,0.0,0.0,0.0,0.0,0.0,0.0,0.0,0.0,0.0,0.0,0.0,0.0,0.0,0.0,0.0,0.0,0.0,0.0,0.0,0.0,0.85,UB&PB,45069
2500,1.117831362638442,0.8411223481174371,0.7457855658988357,0.9193526722018293,0.02662931278821623,0.008987747473496928,0.052519932553246766,0.6386460496593096,0.4975534712435119,0.7897403748463117,0.22141364605543695,0.7785863539445618,0.34150877579001987,0.3670983060107581,0.2637534885221553,0.41171367272924925,0.1254941276747951,0.5290039599858698,0.34766347051892915,0.3692157668461528,0.27329989479333244,0.4156696733483745,0.39333680713469527,0.4016782235105299,0.3450818985795503,0.44457576380942676,0.4044602880280527,0.404130370870565,0.40029215610540486,0.4081294679915873,0.6154077825213163,0.9661088776484301,8244.306041429807,2054.4458225084336,43554.655283372056,0.85,UB&PB,45069
0,0.0,0.0,0.0,0.0,0.0,0.0,0.0,0.0,0.0,0.0,0.0,0.0,0.0,0.0,0.0,0.0,0.0,0.0,0.0,0.0,0.0,0.0,0.0,0.0,0.0,0.0,0.0,0.0,0.0,0.0,0.0,0.0,0.0,0.0,0.0,0.9,UB&PB,45069
2500,1.147074372829592,0.8284330417077354,0.7254407741884004,0.9095086899404291,0.027042717985217155,0.009239349316609443,0.05338210732551679,0.6571004070834722,0.5231269599418436,0.8125615634114042,0.18435181236673764,0.815648187633262,0.3702946642529992,0.3933345562764472,0.3091095926995306,0.42788110104145116,0.16486662471261995,0.5446627240091942,0.37630503947129046,0.39405321879006133,0.31792473222318096,0.43321172330153457,0.40831261038746025,0.41476370228369946,0.3632530159047654,0.4556223723906471,0.4168104856115389,0.41653710258287,0.41263105139714057,0.4205716415855256,0.6416900402521464,1.0405457996532619,7099.593276448629,1842.4445612252582,36646.6044720205,0.9,UB&PB,45069
0,0.0,0.0,0.0,0.0,0.0,0.0,0.0,0.0,0.0,0.0,0.0,0.0,0.0,0.0,0.0,0.0,0.0,0.0,0.0,0.0,0.0,0.0,0.0,0.0,0.0,0.0,0.0,0.0,0.0,0.0,0.0,0.0,0.0,0.0,0.0,0.95,UB&PB,45069
2500,1.1624164402157664,0.8747261240621688,0.7811920233725987,0.9398699465205937,0.027795669393020674,0.00950043889293036,0.0548553435640585,0.6466003671037699,0.47522825826685156,0.8333799935091389,0.14567803837953067,0.854321961620468,0.3832219761915634,0.3979970991293991,0.3344587394940155,0.42960950304555545,0.1964022066273506,0.5510070314248975,0.3875740842586694,0.3971885507328593,0.34027476024606534,0.43406512534096064,0.40908526444350324,0.4135583452866332,0.3608422250061957,0.4579332703791218,0.4150195187193066,0.41471370347611153,0.410992978405962,0.4185528023165663,0.06622433619104622,0.9878999106728188,9241.623422451066,2143.643849886088,50870.5536603629,0.95,UB&PB,45069
0,0.0,0.0,0.0,0.0,0.0,0.0,0.0,0.0,0.0,0.0,0.0,0.0,0.0,0.0,0.0,0.0,0.0,0.0,0.0,0.0,0.0,0.0,0.0,0.0,0.0,0.0,0.0,0.0,0.0,0.0,0.0,0.0,0.0,0.0,0.0,0.05,UB&PB,71554
2500,0.915979205831037,0.7384532512017686,0.5827209114996916,0.8534006489999669,0.8316144188087867,0.734514658185659,0.9112101709056721,0.8987277804862527,0.8205006935214577,0.9518184989786829,0.9598223169864943,0.040177683013503974,0.08421294996378041,0.020717222461261647,0.00267343113198554,0.10814200270990754,0.0001059841205347123,0.3863211434609323,0.08804339991986004,0.023411441180901132,0.003129399751770425,0.11643369033731626,0.15140741612183067,0.10059489708156598,0.033215820284704635,0.23711347923177167,0.413456976750907,0.4130925486014387,0.4078871328506656,0.4185161690084425,0.033850013228752675,0.4315670946736902,45922.99363105506,22908.39369422581,89700.19857866057,0.05,UB&PB,71554
0,0.0,0.0,0.0,0.0,0.0,0.0,0.0,0.0,0.0,0.0,0.0,0.0,0.0,0.0,0.0,0.0,0.0,0.0,0.0,0.0,0.0,0.0,0.0,0.0,0.0,0.0,0.0,0.0,0.0,0.0,0.0,0.0,0.0,0.0,0.0,0.1,UB&PB,71554
2500,0.9326489609223118,0.36729379918325333,0.24176985974165788,0.5766999442355555,0.8489403873223336,0.7379328873589629,0.9338717028845753,0.8861478444373695,0.7992599809486796,0.9502116173770678,0.9607924662402271,0.03920753375977248,0.0780774317739718,0.027919397993173205,0.006748124927628448,0.10191951069896303,0.0006131800290138826,0.32782665568464214,0.09024955469842598,0.03988657314577855,0.010506024731442555,0.12531636754162906,0.12357971576126621,0.09047202902724596,0.044211871938051726,0.16439905740101876,0.4177420576573214,0.41722361052292617,0.40608520002536563,0.4288564148985363,0.01429872984468765,0.5144726172507753,5121.471471018114,3482.715750083605,7754.670747098694,0.1,UB&PB,71554
0,0.0,0.0,0.0,0.0,0.0,0.0,0.0,0.0,0.0,0.0,0.0,0.0,0.0,0.0,0.0,0.0,0.0,0.0,0.0,0.0,0.0,0.0,0.0,0.0,0.0,0.0,0.0,0.0,0.0,0.0,0.0,0.0,0.0,0.0,0.0,0.15,UB&PB,71554
2500,0.9464661533546499,0.34819656027397355,0.2067791272818342,0.5014709465773151,0.3628823183183466,0.26896412311730744,0.4680598830439318,0.8796328808152527,0.8098788149271742,0.9365860674684884,0.955544420753377,0.04445557924662416,0.13361429397115906,0.08972061015815745,0.036002795584455356,0.1989426194806424,0.008051727589665488,0.39080082332087457,0.16497221828501704,0.13126644829509665,0.05832715807698741,0.24494493102707188,0.20104264375006228,0.1772386097124378,0.1190212176741438,0.26439316044719346,0.41851539148122296,0.4179068745008278,0.40262016564553693,0.43379626352072104,0.07523750329593248,2.275507677956885,2342.0004995387294,1554.1704721638857,3744.4160466875614,0.15,UB&PB,71554
0,0.0,0.0,0.0,0.0,0.0,0.0,0.0,0.0,0.0,0.0,0.0,0.0,0.0,0.0,0.0,0.0,0.0,0.0,0.0,0.0,0.0,0.0,0.0,0.0,0.0,0.0,0.0,0.0,0.0,0.0,0.0,0.0,0.0,0.0,0.0,0.2,UB&PB,71554
2500,0.9613980153112816,0.5218066843610671,0.355902361792162,0.6642893564705211,0.48426461355572914,0.37248233581897017,0.6168699801540759,0.8576999377553455,0.7529869456577692,0.9279125905364562,0.9575230987917557,0.04247690120824447,0.12542755561947977,0.0771441348874342,0.030484660022108562,0.1836464147849634,0.007626128320686496,0.3928326314252904,0.14375301033138435,0.10047324677778703,0.04497132298762838,0.20998546779942398,0.19182748749924977,0.16545715440843126,0.10290091109501175,0.2595181627980729,0.42650932999449215,0.4260503314346776,0.41685319112220753,0.43564293368802454,0.28544940911552025,0.6662775691512935,8585.189081747918,5127.966070492167,14776.080538168406,0.2,UB&PB,71554
0,0.0,0.0,0.0,0.0,0.0,0.0,0.0,0.0,0.0,0.0,0.0,0.0,0.0,0.0,0.0,0.0,0.0,0.0,0.0,0.0,0.0,0.0,0.0,0.0,0.0,0.0,0.0,0.0,0.0,0.0,0.0,0.0,0.0,0.0,0.0,0.25,UB&PB,71554
2500,0.9677892745011898,0.3771585251679843,0.24108101537164897,0.5459949657115732,0.1889763273442201,0.12450150698443158,0.2632592597107865,0.8881288258119923,0.8021934557282172,0.9497665395239054,0.9487334754797455,0.05126652452025589,0.17966195020565298,0.1482611508617241,0.06474837957824414,0.2720297821480971,0.016021794474329644,0.43471757037526393,0.21463027017969857,0.19676632497717214,0.09801121864375746,0.3171465798861193,0.26220539618238076,0.25009350591957963,0.16925896899319265,0.3510661951892595,0.4136144130583634,0.4130081564809411,0.40188280993572995,0.42461708096054135,0.21847736779764354,0.9594675738872768,1584.7990265310918,1042.704182607531,2694.6879190746877,0.25,UB&PB,71554
0,0.0,0.0,0.0,0.0,0.0,0.0,0.0,0.0,0.0,0.0,0.0,0.0,0.0,0.0,0.0,0.0,0.0,0.0,0.0,0.0,0.0,0.0,0.0,0.0,0.0,0.0,0.0,0.0,0.0,0.0,0.0,0.0,0.0,0.0,0.0,0.3,UB&PB,71554
2500,0.9573545071672592,0.7986919567521747,0.6439796598943484,0.9015184157389764,0.16368905738961903,0.08876964533443457,0.27320385228466776,0.7810684196758881,0.6739278519227432,0.881305334670203,0.9373319118692259,0.0626680881307748,0.150330161050861,0.09326828280317495,0.02733602587527248,0.24268030016303918,0.0051323790793677436,0.4457331508109683,0.15698976857103994,0.10387061656062396,0.031885032157935644,0.2525306496758697,0.2522236356808207,0.23590966674357644,0.12605327764843705,0.37837167126472876,0.40537632334524226,0.4050141435322206,0.4004177043699734,0.4097716333462711,0.46913184969106747,1.0748691955650531,22942.91747044883,9545.724693751583,58802.900383294014,0.3,UB&PB,71554
0,0.0,0.0,0.0,0.0,0.0,0.0,0.0,0.0,0.0,0.0,0.0,0.0,0.0,0.0,0.0,0.0,0.0,0.0,0.0,0.0,0.0,0.0,0.0,0.0,0.0,0.0,0.0,0.0,0.0,0.0,0.0,0.0,0.0,0.0,0.0,0.35,UB&PB,71554
2500,0.9720927029492562,0.7931408545390528,0.6560219919567505,0.8846427636907116,0.10034575282997475,0.05187631107377571,0.16757366574998142,0.8550583087389008,0.7634670733706681,0.932558669821126,0.9250206112295657,0.0749793887704335,0.17141389376355576,0.12444757929409661,0.03871118973525308,0.2781264249313658,0.006450265671432051,0.459927372521128,0.17972531710811288,0.1375783966122,0.04568749145051657,0.29157824762119144,0.28311509023150605,0.2837933289127303,0.15473331443520955,0.41248513635390494,0.41403894543484665,0.4137698411658263,0.40926398808106534,0.4184250629392096,0.15866582429542195,0.44623046406288314,14102.497180636523,5469.673833970859,41198.21966497809,0.35,UB&PB,71554
0,0.0,0.0,0.0,0.0,0.0,0.0,0.0,0.0,0.0,0.0,0.0,0.0,0.0,0.0,0.0,0.0,0.0,0.0,0.0,0.0,0.0,0.0,0.0,0.0,0.0,0.0,0.0,0.0,0.0,0.0,0.0,0.0,0.0,0.0,0.0,0.4,UB&PB,71554
2500,0.9879839860479555,0.7870606818177921,0.6747509438818597,0.8822925994217707,0.0932482411059849,0.045947125991300464,0.15820976967033618,0.8174284904261342,0.7054705569333088,0.9151486993614802,0.9175323383084573,0.08246766169154214,0.19176623864450176,0.1524964201711126,0.04977596739882459,0.31533517618189416,0.010315058403449772,0.47642434198917183,0.2003649955521611,0.1658742753619902,0.05775488995805629,0.32819819638205494,0.30604030820850375,0.31559681763408015,0.18140739009571366,0.4315130441499046,0.4261998597657031,0.42593149825420273,0.4216477798483107,0.4303526866579662,0.052035151735792574,0.3906177141021153,11484.655356889894,4403.2011701525535,35797.49511852843,0.4,UB&PB,71554
0,0.0,0.0,0.0,0.0,0.0,0.0,0.0,0.0,0.0,0.0,0.0,0.0,0.0,0.0,0.0,0.0,0.0,0.0,0.0,0.0,0.0,0.0,0.0,0.0,0.0,0.0,0.0,0.0,0.0,0.0,0.0,0.0,0.0,0.0,0.0,0.45,UB&PB,71554
2500,1.0004868260979387,0.8220331720230442,0.7232545512169312,0.902074879649082,0.043456970560311496,0.017443017202998526,0.0812292763743215,0.782776760695765,0.6683386996506893,0.8839590306428502,0.8591947405828011,0.1408052594171999,0.21720136535914134,0.19320599860426985,0.07188145113053838,0.3509855617791746,0.016006589494637923,0.4891867640887799,0.22652917152299426,0.20563108703886318,0.08292106710103272,0.3623694283012725,0.3332331791503227,0.3617125356861553,0.21081134703253565,0.4511539460255246,0.41974102520452267,0.41942115123123136,0.415395710611594,0.4236302479892192,0.013234925909955302,0.6044633414521061,12163.302618943557,3836.0811074633557,48859.751916543966,0.45,UB&PB,71554
0,0.0,0.0,0.0,0.0,0.0,0.0,0.0,0.0,0.0,0.0,0.0,0.0,0.0,0.0,0.0,0.0,0.0,0.0,0.0,0.0,0.0,0.0,0.0,0.0,0.0,0.0,0.0,0.0,0.0,0.0,0.0,0.0,0.0,0.0,0.0,0.5,UB&PB,71554
2500,1.008719113621347,0.830985298030149,0.7025719398947873,0.9198324073576625,0.0400114125615924,0.015743051001753477,0.07660711941760714,0.6915160276735407,0.5827758609193809,0.8218811726966653,0.8585984363894806,0.14140156361051875,0.23055041303544122,0.21338109653058235,0.08707294082292141,0.37012983344540934,0.01767369512476185,0.49045761153937323,0.2396606474464705,0.2249359726046953,0.09927283355275193,0.37858592167030086,0.34139802579551753,0.37075855077943604,0.22631519215720028,0.45202018995195625,0.4194651705528838,0.4192201851255792,0.4152288590467172,0.4233408629344555,0.564634664250591,1.0458642801267728,11140.577769685533,3555.933236009018,45702.96661874669,0.5,UB&PB,71554
0,0.0,0.0,0.0,0.0,0.0,0.0,0.0,0.0,0.0,0.0,0.0,0.0,0.0,0.0,0.0,0.0,0.0,0.0,0.0,0.0,0.0,0.0,0.0,0.0,0.0,0.0,0.0,0.0,0.0,0.0,0.0,0.0,0.0,0.0,0.0,0.55,UB&PB,71554
2500,1.0193081241888855,0.8626155597734628,0.7687203032988243,0.9344146051804376,0.03732966901747413,0.014089213982944337,0.07085385592112756,0.6817174634405395,0.5824266366444106,0.780920701364938,0.8543148542999285,0.14568514570007068,0.23839856269640688,0.22324532851479575,0.09712491505371938,0.3792849485569116,0.023525748736175196,0.49226371933763796,0.24595418984138578,0.23194942847509822,0.10788726975503617,0.38502354293361213,0.3441351234742145,0.37161045408097476,0.2328956717518804,0.45223837717986254,0.41471540943036367,0.41439092276159,0.4106296461575089,0.41828128035884277,0.05837399174397911,0.3923257207953192,13248.008224032164,4107.780465978671,57429.899544447166,0.55,UB&PB,71554
0,0.0,0.0,0.0,0.0,0.0,0.0,0.0,0.0,0.0,0.0,0.0,0.0,0.0,0.0,0.0,0.0,0.0,0.0,0.0,0.0,0.0,0.0,0.0,0.0,0.0,0.0,0.0,0.0,0.0,0.0,0.0,0.0,0.0,0.0,0.0,0.6,UB&PB,71554
2500,1.040808958335104,0.8698112198059866,0.7725046888060955,0.9414503113495339,0.03268782251114989,0.01206827805904113,0.0628741705848286,0.6234153394379511,0.5325401986323459,0.7130795444017398,0.7759985785358929,0.22400142146410798,0.2687263369122625,0.2617453427881636,0.1356636729611701,0.40739886883077486,0.03448981319706504,0.5117593303511845,0.27664577986675504,0.2703484914813719,0.14814384260731972,0.4112427020622448,0.36945208164135296,0.3965155084294083,0.27124067742675473,0.46756169860073665,0.4253198913253388,0.4250824778352029,0.4213525150113983,0.4289082155976676,0.14953721194298653,0.4329925035850347,12355.392353483267,3663.756249903233,57256.10625155864,0.6,UB&PB,71554
0,0.0,0.0,0.0,0.0,0.0,0.0,0.0,0.0,0.0,0.0,0.0,0.0,0.0,0.0,0.0,0.0,0.0,0.0,0.0,0.0,0.0,0.0,0.0,0.0,0.0,0.0,0.0,0.0,0.0,0.0,0.0,0.0,0.0,0.0,0.0,0.65,UB&PB,71554
2500,1.0504259339987136,0.860038393268427,0.7654249346694812,0.9320937888067531,0.031451419132303,0.011530394915843647,0.06035676048475235,0.6289907125071645,0.5152916181617341,0.746983788937949,0.5789189765458416,0.421081023454157,0.28037526609002555,0.2765073228095293,0.1609182375138203,0.4064745253080686,0.04668526979643959,0.5126430000241092,0.28838111226631746,0.28648618279621907,0.17322289347894415,0.40915574104271046,0.3744449699683409,0.39695576885407846,0.29245620841153547,0.4575157957083381,0.4141530238490947,0.4138703514260737,0.4100511008552172,0.41781275306501886,0.3397782829158822,0.8996344972794069,11068.825463884172,3096.530953651751,53577.124308520666,0.65,UB&PB,71554
0,0.0,0.0,0.0,0.0,0.0,0.0,0.0,0.0,0.0,0.0,0.0,0.0,0.0,0.0,0.0,0.0,0.0,0.0,0.0,0.0,0.0,0.0,0.0,0.0,0.0,0.0,0.0,0.0,0.0,0.0,0.0,0.0,0.0,0.0,0.0,0.7,UB&PB,71554
2500,1.0593421099208542,0.8274641259093102,0.709689820454642,0.9174382868779015,0.029230193832470747,0.010287884789857248,0.057176910889385806,0.6363726301698756,0.48751688148911226,0.7945101459773377,0.6950660980810238,0.30493390191897735,0.28354332035708113,0.286332264074177,0.1690394931746527,0.40090028372402736,0.05511903883231661,0.4996203758506152,0.2922851870859724,0.2972537987212877,0.18217874168814452,0.40375766330899887,0.3648552135217982,0.3876725049073618,0.2843059217246872,0.44675604551123027,0.4046200559844531,0.40438064559692777,0.4002949612787028,0.4085855482201991,0.4210754466237742,0.9889543168192471,8860.741414162549,2654.8264085214487,42058.720888263255,0.7,UB&PB,71554
0,0.0,0.0,0.0,0.0,0.0,0.0,0.0,0.0,0.0,0.0,0.0,0.0,0.0,0.0,0.0,0.0,0.0,0.0,0.0,0.0,0.0,0.0,0.0,0.0,0.0,0.0,0.0,0.0,0.0,0.0,0.0,0.0,0.0,0.0,0.0,0.75,UB&PB,71554
2500,1.0894308016029648,0.891316765502872,0.8092593971787578,0.9489045454206517,0.027904141620439644,0.00949904702476971,0.05548822272081687,0.6667693346139144,0.5264833225531086,0.7822806911082565,0.3712146410803132,0.6287853589196876,0.31606293896429677,0.3285950742397694,0.21191538755020858,0.41775302711573675,0.08041403183253855,0.534380304914747,0.32266303277463976,0.3371433836143087,0.22107146404383685,0.4198509697007929,0.3935304135603647,0.4090836543964879,0.3267960805247476,0.46273216834470376,0.4161979710110091,0.41590184716275846,0.4121746541886168,0.4197522974775252,0.611728539512105,0.9850250012758042,11925.912686436714,2875.776415158374,63965.16529180872,0.75,UB&PB,71554
0,0.0,0.0,0.0,0.0,0.0,0.0,0.0,0.0,0.0,0.0,0.0,0.0,0.0,0.0,0.0,0.0,0.0,0.0,0.0,0.0,0.0,0.0,0.0,0.0,0.0,0.0,0.0,0.0,0.0,0.0,0.0,0.0,0.0,0.0,0.0,0.8,UB&PB,71554
2500,1.117500639819825,0.8772715466514382,0.7888802100292814,0.9409414761147569,0.026937419290708094,0.00912355557012977,0.05314414901177321,0.5079052217754784,0.40671065802928424,0.6406392787709189,0.1674072494669509,0.8325927505330479,0.35221557946075205,0.37307556609390635,0.2733187124670144,0.42689255243130386,0.128864493038058,0.5494800513798844,0.35898769000448505,0.37787336595119064,0.2820432008467815,0.43081500504805836,0.4112885352395029,0.41891309516327546,0.363158806380494,0.4627959381671038,0.4207800929219437,0.42049348015154586,0.4168067323418349,0.4243141784769483,0.547076434479308,0.9493894316312123,9894.348804478619,2229.093100886322,55549.62302687277,0.8,UB&PB,71554
0,0.0,0.0,0.0,0.0,0.0,0.0,0.0,0.0,0.0,0.0,0.0,0.0,0.0,0.0,0.0,0.0,0.0,0.0,0.0,0.0,0.0,0.0,0.0,0.0,0.0,0.0,0.0,0.0,0.0,0.0,0.0,0.0,0.0,0.0,0.0,0.85,UB&PB,71554
2500,1.1361414939505923,0.8241997454379093,0.7274532654918496,0.9010207227487064,0.02797117978273001,0.009677288855141448,0.054352787636999106,0.5513945794308528,0.4463650554465478,0.6717745829129856,0.21360056858564352,0.7863994314143571,0.36822772854744495,0.39207965233468856,0.2960549409992855,0.4337603742720648,0.157731225146181,0.5498117639840456,0.3753376064540197,0.3947931982499222,0.3062994894866968,0.438836279959939,0.4154508308435793,0.42242070058433534,0.3696385099837055,0.46417120834424325,0.4245075295374532,0.4242188221356997,0.42035706052911265,0.4282193471235621,0.21117472074893642,0.5411532901777828,7281.80194793141,1890.1006500114986,37596.55513036917,0.85,UB&PB,71554
0,0.0,0.0,0.0,0.0,0.0,0.0,0.0,0.0,0.0,0.0,0.0,0.0,0.0,0.0,0.0,0.0,0.0,0.0,0.0,0.0,0.0,0.0,0.0,0.0,0.0,0.0,0.0,0.0,0.0,0.0,0.0,0.0,0.0,0.0,0.0,0.9,UB&PB,71554
2500,1.148630596973175,0.810948438768587,0.7055038840462553,0.8885984763154343,0.028079063566274026,0.009850134523540536,0.05472161666837331,0.7262523963901837,0.5591975405291082,0.8574657945371545,0.18872992181947373,0.8112700781805253,0.37442715171413155,0.3973290298337987,0.31629368366339083,0.4318401091397274,0.17013608445049264,0.5432124150820449,0.38108347801553777,0.3984184511179412,0.32585301147744306,0.4379205215450388,0.41220040626614574,0.41805214361134835,0.3690400143642562,0.4576426540459481,0.4200534335124636,0.41978681342284907,0.4157599959651836,0.4239301689995579,0.5012424802638777,0.9670152586518413,6420.334770687452,1735.5514879506643,32166.54125874137,0.9,UB&PB,71554
0,0.0,0.0,0.0,0.0,0.0,0.0,0.0,0.0,0.0,0.0,0.0,0.0,0.0,0.0,0.0,0.0,0.0,0.0,0.0,0.0,0.0,0.0,0.0,0.0,0.0,0.0,0.0,0.0,0.0,0.0,0.0,0.0,0.0,0.0,0.0,0.95,UB&PB,71554
2500,1.1597895381371008,0.8846193388463713,0.8137575044580656,0.9428069810619102,0.02928845372121996,0.010187840154294405,0.05782355796661415,0.7881626035711614,0.6158104225079575,0.8878795625212402,0.13263823738450634,0.867361762615495,0.37907400471806535,0.3956301377821412,0.3250756427654321,0.43064118525646305,0.18232792350500787,0.5530620990443158,0.3827875360448037,0.394306733217169,0.33074732195548473,0.4344620170619721,0.4103148635387291,0.4149929739475438,0.3585591706464165,0.4618797861080025,0.4168746653915012,0.41663844102765135,0.4129546145318215,0.4204230933462669,0.1955597477228659,1.0006621799123272,10720.87794845768,2366.6275227320925,60095.819698255305,0.95,UB&PB,71554
0,0.0,0.0,0.0,0.0,0.0,0.0,0.0,0.0,0.0,0.0,0.0,0.0,0.0,0.0,0.0,0.0,0.0,0.0,0.0,0.0,0.0,0.0,0.0,0.0,0.0,0.0,0.0,0.0,0.0,0.0,0.0,0.0,0.0,0.0,0.0,0.05,UB&PB,37857
2500,0.9185716857517526,0.7280625685484611,0.5241274990903111,0.8703143125415745,0.7832966744779513,0.6504477371688994,0.8904803450958527,0.8836794229137565,0.801568479630874,0.9426521100911645,0.9531918976545847,0.046808102345415846,0.08701312490481418,0.02135479895833706,0.004306961254051413,0.1147723310572549,0.000516985380196761,0.39122493328440405,0.09095974969596668,0.024197726020748708,0.004703769046934194,0.12334962270379166,0.15698291612671272,0.10695295404817468,0.03893308546166029,0.2440195782559919,0.4257554501256553,0.4254404801659273,0.4204279972011429,0.4306668163750517,0.15645327527319852,0.6123667469030278,27159.67618095532,14236.436072213994,52000.36616451742,0.05,UB&PB,37857
0,0.0,0.0,0.0,0.0,0.0,0.0,0.0,0.0,0.0,0.0,0.0,0.0,0.0,0.0,0.0,0.0,0.0,0.0,0.0,0.0,0.0,0.0,0.0,0.0,0.0,0.0,0.0,0.0,0.0,0.0,0.0,0.0,0.0,0.0,0.0,0.1,UB&PB,37857
2500,0.929723907757896,0.5234779797279113,0.4075715211163268,0.6241190834336021,0.833666131622493,0.6806826638605071,0.9269377885129271,0.8731055893835007,0.7923447731667373,0.93859791898153,0.9592871357498219,0.040712864250177686,0.07762380951841921,0.023312016509141553,0.004535010265561949,0.10174105857774791,0.000521478804660058,0.33679936764532936,0.08714074474567779,0.032317973100415794,0.007177359243140851,0.1213792508410364,0.12904627073545427,0.09097654169852286,0.04137340757430953,0.18051516337527074,0.41525604465005206,0.4148211085314999,0.40733956281370104,0.42251667275454435,0.016127675746292404,0.3602138141404384,8203.985624691828,5324.604791930987,13008.251359051836,0.1,UB&PB,37857
0,0.0,0.0,0.0,0.0,0.0,0.0,0.0,0.0,0.0,0.0,0.0,0.0,0.0,0.0,0.0,0.0,0.0,0.0,0.0,0.0,0.0,0.0,0.0,0.0,0.0,0.0,0.0,0.0,0.0,0.0,0.0,0.0,0.0,0.0,0.0,0.15,UB&PB,37857
2500,0.9460045251849822,0.29290128032129287,0.16061459652874494,0.4946098740827171,0.5100218085073963,0.3862997409706883,0.6620903879427337,0.8284588305204531,0.7364653543209911,0.8989712170838586,0.9616467661691569,0.038353233830845844,0.1146400445786751,0.07129280608382042,0.026247802711285396,0.16850229843295172,0.004696042186775833,0.3590174613652083,0.14347149797501343,0.10720405763570379,0.04504545250508144,0.2132200459093139,0.16776059875656701,0.14198165479041164,0.09644316154269399,0.21474325590462945,0.42118992677554656,0.42030647072294736,0.4031843422056357,0.43812622756458497,0.09364835372812391,0.2526182996546865,2398.3457987791235,1684.7315850697794,3492.7416918643257,0.15,UB&PB,37857
0,0.0,0.0,0.0,0.0,0.0,0.0,0.0,0.0,0.0,0.0,0.0,0.0,0.0,0.0,0.0,0.0,0.0,0.0,0.0,0.0,0.0,0.0,0.0,0.0,0.0,0.0,0.0,0.0,0.0,0.0,0.0,0.0,0.0,0.0,0.0,0.2,UB&PB,37857
2500,0.9622358921942126,0.38431373471997937,0.25834185828415795,0.5353101539077949,0.3085294120029009,0.21487993620478757,0.416182755071102,0.85884010337935,0.7664927942927122,0.9336203432215355,0.9610852878464817,0.03891471215351812,0.15379995556437784,0.11292984981846681,0.04819993121743481,0.23155244077699452,0.012080920407306768,0.41386100002446696,0.18571498516154925,0.15647216720504115,0.0737902335672241,0.27659536962330994,0.2279542561298703,0.20788577367509709,0.14119730392470448,0.30205063864234244,0.4245740060885628,0.4240383208722529,0.4126476049502434,0.43583365223606224,0.03487835659248561,0.30823694801062373,2030.708358770712,1360.683653762107,3210.191544206287,0.2,UB&PB,37857
0,0.0,0.0,0.0,0.0,0.0,0.0,0.0,0.0,0.0,0.0,0.0,0.0,0.0,0.0,0.0,0.0,0.0,0.0,0.0,0.0,0.0,0.0,0.0,0.0,0.0,0.0,0.0,0.0,0.0,0.0,0.0,0.0,0.0,0.0,0.0,0.25,UB&PB,37857
2500,0.9646796861986964,0.5818175179639418,0.41007948368429786,0.720566592478092,0.24761853721636412,0.15871640942553977,0.35542483394709684,0.8472764628191276,0.764361413090107,0.9179702174566681,0.954974413646056,0.04502558635394451,0.15287705759615278,0.10468865990717556,0.03850050135859356,0.23537984864126799,0.008114799601916588,0.4375493557705545,0.17100542591494192,0.13129342680251976,0.053451621295879596,0.26162815871646095,0.24178869385768123,0.22027365200119195,0.13229314262166206,0.3456579800331112,0.42126345048010416,0.4208066056511115,0.41395446988664447,0.4279745188022452,0.031769757498785973,0.34832569576685884,6907.0469830447855,3624.3156889908664,14003.105006676373,0.25,UB&PB,37857
0,0.0,0.0,0.0,0.0,0.0,0.0,0.0,0.0,0.0,0.0,0.0,0.0,0.0,0.0,0.0,0.0,0.0,0.0,0.0,0.0,0.0,0.0,0.0,0.0,0.0,0.0,0.0,0.0,0.0,0.0,0.0,0.0,0.0,0.0,0.0,0.3,UB&PB,37857
2500,0.9763591020867879,0.5786690749216832,0.46456462566790396,0.7224413908447518,0.08313027359971573,0.04152919695661318,0.13792644096813986,0.8219222067962787,0.7231883324930587,0.905219019839697,0.9209488272921105,0.07905117270788914,0.19890039464897527,0.168344966904939,0.07147262552149374,0.30636940625884157,0.01669937409201903,0.46507002113812873,0.21920306623988106,0.19655398739649546,0.09214802995922766,0.33378835883804336,0.30851295612152985,0.32308858089758735,0.1950196103734533,0.42272302421128827,0.4202306085794439,0.4198844127018851,0.4139600328511215,0.426048638664651,0.45617094534392444,0.8088558523964232,4114.755565806556,1845.4115951585977,11124.33354363737,0.3,UB&PB,37857
0,0.0,0.0,0.0,0.0,0.0,0.0,0.0,0.0,0.0,0.0,0.0,0.0,0.0,0.0,0.0,0.0,0.0,0.0,0.0,0.0,0.0,0.0,0.0,0.0,0.0,0.0,0.0,0.0,0.0,0.0,0.0,0.0,0.0,0.0,0.0,0.35,UB&PB,37857
2500,0.9680357301738907,0.8428904599421302,0.7139308751123421,0.9295495801381335,0.08948653145290668,0.04156046543967351,0.1605175168325904,0.8530479371165032,0.757025591944035,0.9327009319048809,0.9326830135039096,0.06731698649609096,0.16778574160811086,0.1133052545159836,0.03179135440322068,0.27641483477605944,0.005886418036413737,0.46611073653049995,0.17373335695229786,0.1234991078424302,0.035821313303377726,0.2860852245514598,0.2815950838364181,0.2785531079602646,0.1458107809879241,0.4201794832086278,0.4133354933245368,0.413028412992228,0.4089855414488936,0.41718161995756464,0.01677721061219473,0.49694649150538295,20378.771191449225,7138.284393514115,65047.1276920312,0.35,UB&PB,37857
0,0.0,0.0,0.0,0.0,0.0,0.0,0.0,0.0,0.0,0.0,0.0,0.0,0.0,0.0,0.0,0.0,0.0,0.0,0.0,0.0,0.0,0.0,0.0,0.0,0.0,0.0,0.0,0.0,0.0,0.0,0.0,0.0,0.0,0.0,0.0,0.4,UB&PB,37857
2500,0.9787961804443682,0.875641954348177,0.7928152207302288,0.9354755647622961,0.07818442501391447,0.034765967107510856,0.14236046986772732,0.7978778167702072,0.685641002357529,0.890713068484125,0.919799573560768,0.08020042643923231,0.18168870804472043,0.13435062063537617,0.04078387718373435,0.30000155083440516,0.008779673242805847,0.47419268043845897,0.1866444597187778,0.14280569606737709,0.04467226918096689,0.3072607107231916,0.29544004770951604,0.29849944855922905,0.16185293791731517,0.4297528890005943,0.41349140932780615,0.4131683261543189,0.4094463094127137,0.41703500478365757,0.22450901304128454,0.4326792038241077,25366.745583238233,8654.342133038219,83993.89995782147,0.4,UB&PB,37857
0,0.0,0.0,0.0,0.0,0.0,0.0,0.0,0.0,0.0,0.0,0.0,0.0,0.0,0.0,0.0,0.0,0.0,0.0,0.0,0.0,0.0,0.0,0.0,0.0,0.0,0.0,0.0,0.0,0.0,0.0,0.0,0.0,0.0,0.0,0.0,0.45,UB&PB,37857
2500,0.9963624954965962,0.8967841188221233,0.8029899724841767,0.9530231481069158,0.047857929803541,0.019391880431177337,0.09125393906824607,0.8224382361200112,0.7118369448381741,0.9038973866177078,0.8980454868514567,0.10195451314854298,0.20517210869944852,0.17150841594609845,0.055188827986329986,0.34210873464935243,0.01060548049180296,0.48782045341010594,0.21116306323752956,0.18064076835835294,0.0611463323160151,0.35013419419532193,0.323276478326825,0.3438132641806388,0.19161079153325525,0.45075919329309155,0.4220134276413334,0.42170471849523644,0.4180151574570744,0.4255436249328272,0.054921086073836396,0.31635270775456636,20057.392569871703,6187.292892307941,79538.50432253393,0.45,UB&PB,37857
0,0.0,0.0,0.0,0.0,0.0,0.0,0.0,0.0,0.0,0.0,0.0,0.0,0.0,0.0,0.0,0.0,0.0,0.0,0.0,0.0,0.0,0.0,0.0,0.0,0.0,0.0,0.0,0.0,0.0,0.0,0.0,0.0,0.0,0.0,0.0,0.5,UB&PB,37857
2500,0.9977235681254555,0.8925994099837264,0.7877686013507805,0.9504892007603198,0.04487462566475213,0.017978594803965138,0.08477202746399498,0.7963184543016716,0.6559976241615579,0.9025799229740884,0.8960000000000002,0.10399999999999994,0.2080489598676871,0.1787189239245062,0.05983623764645851,0.3491617340626709,0.010723843504435449,0.48020976017151673,0.21431116020549298,0.1874743235716507,0.06699669613965725,0.35600120490461656,0.3200548409803472,0.3426504356376019,0.19433227873228254,0.4419083250492813,0.41079325492889,0.41051532683063674,0.4066839162691391,0.41446282802779677,0.2038687936644922,0.4020172153194293,17460.939701923875,5449.851852816524,70507.96927682203,0.5,UB&PB,37857
0,0.0,0.0,0.0,0.0,0.0,0.0,0.0,0.0,0.0,0.0,0.0,0.0,0.0,0.0,0.0,0.0,0.0,0.0,0.0,0.0,0.0,0.0,0.0,0.0,0.0,0.0,0.0,0.0,0.0,0.0,0.0,0.0,0.0,0.0,0.0,0.55,UB&PB,37857
2500,1.0221773274156063,0.8812592525410452,0.773445662492433,0.9452959579648553,0.0356410230381863,0.013392959202679255,0.06864311237173859,0.7867359959388996,0.6726502091752916,0.8829103721792058,0.8566090973702913,0.14339090262970883,0.23436991698658768,0.21421574341363833,0.08950988336071014,0.37983822639361886,0.018637524959121275,0.4958900896622598,0.24176691286313218,0.22323429648467075,0.10000049968837751,0.38508408871534594,0.34148155475937786,0.3688259519713502,0.22466481324243157,0.45423076349250086,0.4162132929108709,0.41592488693108765,0.4120694733885792,0.4199240240394085,0.29185384267678294,0.5262577303735227,15339.996975994914,4549.4212733781715,67339.19971284443,0.55,UB&PB,37857
0,0.0,0.0,0.0,0.0,0.0,0.0,0.0,0.0,0.0,0.0,0.0,0.0,0.0,0.0,0.0,0.0,0.0,0.0,0.0,0.0,0.0,0.0,0.0,0.0,0.0,0.0,0.0,0.0,0.0,0.0,0.0,0.0,0.0,0.0,0.0,0.6,UB&PB,37857
2500,1.0353919951907848,0.8701102408557523,0.7643867539456228,0.9442976159272926,0.03295372132787293,0.012051152783511522,0.0637465790693428,0.6758454684354761,0.5418924715631215,0.7860002556388633,0.7768507462686565,0.22314925373134312,0.2580364485107995,0.24875755887454756,0.12425107197366565,0.39649808607257225,0.029600728543145872,0.5012035582414458,0.2657745773975941,0.2577845171748634,0.13644479094998643,0.4002051259310502,0.35773709188102826,0.3848766826667911,0.2577779629408443,0.4562185683468926,0.41499390406459563,0.4146908426661706,0.41089827303466797,0.41860346112592917,0.12473638757458165,0.6353980422844954,12670.637468809206,3748.684201262232,58330.928188548816,0.6,UB&PB,37857
0,0.0,0.0,0.0,0.0,0.0,0.0,0.0,0.0,0.0,0.0,0.0,0.0,0.0,0.0,0.0,0.0,0.0,0.0,0.0,0.0,0.0,0.0,0.0,0.0,0.0,0.0,0.0,0.0,0.0,0.0,0.0,0.0,0.0,0.0,0.0,0.65,UB&PB,37857
2500,1.0367559312048342,0.8809127944816406,0.8031418536442743,0.940816040874194,0.03022261587225753,0.010647450472369377,0.05930624680194542,0.7861832845023381,0.6876819018450582,0.8716544241917326,0.7720063965884864,0.2279936034115138,0.24504838210221544,0.2276384988536612,0.11163986139481812,0.3837536291160335,0.027924759239354554,0.4910272214391419,0.2513395368530418,0.23544479687108696,0.12145272171425987,0.38597629654838694,0.3415020493741612,0.3681325136123523,0.2376425434361507,0.44174003370280357,0.3977338635657872,0.39738270749012833,0.39362586189162824,0.4012758930093568,0.4882162676152301,0.7741509611071247,14205.448047728407,4060.032882998105,67402.39810339111,0.65,UB&PB,37857
0,0.0,0.0,0.0,0.0,0.0,0.0,0.0,0.0,0.0,0.0,0.0,0.0,0.0,0.0,0.0,0.0,0.0,0.0,0.0,0.0,0.0,0.0,0.0,0.0,0.0,0.0,0.0,0.0,0.0,0.0,0.0,0.0,0.0,0.0,0.0,0.7,UB&PB,37857
2500,1.0789621191217582,0.8731736655596185,0.7876658870685679,0.9375176701443814,0.027281626901814512,0.009358181260447324,0.05402956471179044,0.6395367474556136,0.5319398013369736,0.7333239323616382,0.41621606254442056,0.5837839374555783,0.31067272635402876,0.31501998170756523,0.2024029220867762,0.42369643525632683,0.07064842445772487,0.5355793142017564,0.3184138692682178,0.3255281068395725,0.21295958665115253,0.42601739443017506,0.3980407995773258,0.41640449728682144,0.3311883926126846,0.46803144707771244,0.4244649718814741,0.42422541543387726,0.42052169048179744,0.4280262567749676,0.4468774751647166,0.8949335470974654,10753.331850945338,2726.2516840310604,56537.45670940468,0.7,UB&PB,37857
0,0.0,0.0,0.0,0.0,0.0,0.0,0.0,0.0,0.0,0.0,0.0,0.0,0.0,0.0,0.0,0.0,0.0,0.0,0.0,0.0,0.0,0.0,0.0,0.0,0.0,0.0,0.0,0.0,0.0,0.0,0.0,0.0,0.0,0.0,0.0,0.75,UB&PB,37857
2500,1.0925450227521047,0.8877855358585104,0.8026136024261736,0.9492635844986294,0.028432878518297598,0.00978541069259659,0.05656297636966606,0.6034412450169386,0.48101396674732166,0.7381161896081824,0.32649964463397324,0.6735003553660267,0.3213343164301729,0.33423255725051637,0.22201091347046661,0.4190896099699428,0.08931646123856665,0.532324950875703,0.3279240372116738,0.34252057601011615,0.23120537352413317,0.42165083391035074,0.39704717049190397,0.41072375514900494,0.3353113306215064,0.46142118036289603,0.4166863056198744,0.41644246593596584,0.41280214537414733,0.420205669631047,0.7572534740973006,1.0100694840379993,11291.578940997644,2723.630503883016,60489.59052788215,0.75,UB&PB,37857
0,0.0,0.0,0.0,0.0,0.0,0.0,0.0,0.0,0.0,0.0,0.0,0.0,0.0,0.0,0.0,0.0,0.0,0.0,0.0,0.0,0.0,0.0,0.0,0.0,0.0,0.0,0.0,0.0,0.0,0.0,0.0,0.0,0.0,0.0,0.0,0.8,UB&PB,37857
2500,1.1204447023928876,0.8597233747976951,0.7563473414396843,0.9355548098379239,0.027677401388325213,0.009501580857242673,0.05470680766300211,0.6481648646263012,0.5150146615653137,0.7708027605252226,0.2640454868514566,0.7359545131485424,0.348957402150314,0.37308929943501434,0.25777111630809374,0.4338078850912738,0.11833350088762024,0.5501077842800832,0.3561738021729022,0.378832463605192,0.2677406793520044,0.437409151235685,0.41397539493236235,0.4249135659466336,0.3606898999895382,0.47037379980073013,0.42872059678156216,0.4284600113388646,0.42476317962458615,0.4323184609000704,0.049921003320142814,0.4349999141330472,9266.86727239242,2286.309124516421,49221.56140148844,0.8,UB&PB,37857
0,0.0,0.0,0.0,0.0,0.0,0.0,0.0,0.0,0.0,0.0,0.0,0.0,0.0,0.0,0.0,0.0,0.0,0.0,0.0,0.0,0.0,0.0,0.0,0.0,0.0,0.0,0.0,0.0,0.0,0.0,0.0,0.0,0.0,0.0,0.0,0.85,UB&PB,37857
2500,1.131747827742082,0.8557648686820097,0.7593728854796004,0.9262108936079424,0.027855906406428307,0.009555137444877543,0.05526695385472122,0.5227235766980249,0.4169002172620161,0.6348617466990613,0.17461336176261602,0.8253866382373843,0.36164111878995897,0.3836586275837201,0.29040671838318793,0.4256643716059003,0.1548647745386063,0.5447880598116857,0.367916847988706,0.3858457103695459,0.29911297350504595,0.43004808790459553,0.4088417279837558,0.41541314900676524,0.36260272323162057,0.45723059297435936,0.4174654318899484,0.41718467433969153,0.41340660974736243,0.4210843282007948,0.2200673773375775,0.6435216961887471,8398.530390062793,2028.3189643492994,44949.62282684022,0.85,UB&PB,37857
0,0.0,0.0,0.0,0.0,0.0,0.0,0.0,0.0,0.0,0.0,0.0,0.0,0.0,0.0,0.0,0.0,0.0,0.0,0.0,0.0,0.0,0.0,0.0,0.0,0.0,0.0,0.0,0.0,0.0,0.0,0.0,0.0,0.0,0.0,0.0,0.9,UB&PB,37857
2500,1.1510334205131658,0.8029066550189897,0.7127726913602661,0.8812998052038142,0.028261712963366995,0.009762642457959788,0.055560453632800696,0.6924501378473471,0.5256099563620892,0.8260637385553341,0.19679175550817293,0.8032082444918268,0.37575349150168585,0.39797262399138195,0.3173915129898438,0.4329923097990319,0.17265336635588263,0.544074668093943,0.38246690933550037,0.39932386951435517,0.3270368448827683,0.4392084936945023,0.4121946265870042,0.41807434368237556,0.3668047547047589,0.4598286468131377,0.4200267740859842,0.4197319929809861,0.4156975232919969,0.42392153143829436,0.413353557096902,0.9720705474321717,7249.6177862149125,1861.0481950008889,37727.496419442214,0.9,UB&PB,37857
0,0.0,0.0,0.0,0.0,0.0,0.0,0.0,0.0,0.0,0.0,0.0,0.0,0.0,0.0,0.0,0.0,0.0,0.0,0.0,0.0,0.0,0.0,0.0,0.0,0.0,0.0,0.0,0.0,0.0,0.0,0.0,0.0,0.0,0.0,0.0,0.95,UB&PB,37857
2500,1.1705537664109256,0.8507772686794266,0.7575639894043399,0.9234370775185985,0.027653815667460363,0.009453768390425997,0.05464696877532474,0.7206982483326737,0.5905493926336363,0.812232145808311,0.13286425017768277,0.8671357498223168,0.3872764792294399,0.40191505798376476,0.3410608668648303,0.43376002695148197,0.1965022272486035,0.5562997596815392,0.3922162363427217,0.4010684762744316,0.347512359621695,0.43896735950756577,0.4126853592868402,0.41767570652234187,0.36677482056902433,0.45932867548816525,0.4193936116860325,0.4191137113365817,0.4152928221673614,0.4230662141148413,0.23747308985894117,0.9350290241383772,7886.346494480918,1921.2013990946746,42174.04048002916,0.95,UB&PB,37857
0,0.0,0.0,0.0,0.0,0.0,0.0,0.0,0.0,0.0,0.0,0.0,0.0,0.0,0.0,0.0,0.0,0.0,0.0,0.0,0.0,0.0,0.0,0.0,0.0,0.0,0.0,0.0,0.0,0.0,0.0,0.0,0.0,0.0,0.0,0.0,0.05,UB&PB,99135
2500,0.9145987129141023,0.4581444538206117,0.30707010208040075,0.6364219429534101,0.8667675023734663,0.7771343124680684,0.9335112750864979,0.881210636255744,0.7999421990498717,0.9435885119047046,0.958393745557924,0.04160625444207539,0.07683196601666131,0.019269865772339124,0.0030354329879933683,0.09752799127392822,0.00026916554261985907,0.3488085458786534,0.08630951704549793,0.0275686308811834,0.004715663915123475,0.1176050852319597,0.1300013932929997,0.08428288111916787,0.034567798304049005,0.18832310014935053,0.4188403790495709,0.418424656817265,0.4098622074171374,0.4273444468354533,0.11420635695155065,0.8502606764465059,6421.839312675398,4040.9876685432246,10507.419634399314,0.05,UB&PB,99135
0,0.0,0.0,0.0,0.0,0.0,0.0,0.0,0.0,0.0,0.0,0.0,0.0,0.0,0.0,0.0,0.0,0.0,0.0,0.0,0.0,0.0,0.0,0.0,0.0,0.0,0.0,0.0,0.0,0.0,0.0,0.0,0.0,0.0,0.0,0.0,0.1,UB&PB,99135
2500,0.9295736574496775,0.33957860593326816,0.23269817713716312,0.4644437104159908,0.6900302320595425,0.5440452488518384,0.8542978742449489,0.8761653433315407,0.777009082123177,0.9436760308522051,0.9630838663823724,0.03691613361762612,0.08251529940969277,0.03151426024965731,0.007748741598710201,0.11342714858110456,0.0010425954857759673,0.3316935158920309,0.09957044520279383,0.049796986915352906,0.013866359265372075,0.14531019669758927,0.12963380867237068,0.09601896696839049,0.052847514756116265,0.17210244068319108,0.41423437516192846,0.4136889608381991,0.3985892986856845,0.42932224178285683,0.00914467330517681,0.6477102163666049,3968.083844018799,2617.293642924722,6158.702869876383,0.1,UB&PB,99135
0,0.0,0.0,0.0,0.0,0.0,0.0,0.0,0.0,0.0,0.0,0.0,0.0,0.0,0.0,0.0,0.0,0.0,0.0,0.0,0.0,0.0,0.0,0.0,0.0,0.0,0.0,0.0,0.0,0.0,0.0,0.0,0.0,0.0,0.0,0.0,0.15,UB&PB,99135
2500,0.9428240903628109,0.6737792855647126,0.5287161708271997,0.8339830292125314,0.8449445913590902,0.6931420145515772,0.9299896245366001,0.8280290350387227,0.7242043581166911,0.9127033249986067,0.9587711442786067,0.041228855721392975,0.08058587056030328,0.025021492350160313,0.004477974845281952,0.10564814961013429,0.00026117991864648863,0.35041138405280287,0.08502289836547872,0.029112649198731917,0.005560806744014402,0.11460109670448773,0.1348284718084839,0.09894543195420424,0.040863999929682975,0.1907436260932039,0.4218411817617806,0.4214570387823419,0.4162745083605827,0.426899289342689,0.058277936476773026,0.3591191795426403,28759.82336257556,17235.144566610652,48290.67191139668,0.15,UB&PB,99135
0,0.0,0.0,0.0,0.0,0.0,0.0,0.0,0.0,0.0,0.0,0.0,0.0,0.0,0.0,0.0,0.0,0.0,0.0,0.0,0.0,0.0,0.0,0.0,0.0,0.0,0.0,0.0,0.0,0.0,0.0,0.0,0.0,0.0,0.0,0.0,0.2,UB&PB,99135
2500,0.9579825401549555,0.3562960472224649,0.21964480187522403,0.5269764522697897,0.2850191455840708,0.20608348752464667,0.38492378511602915,0.8281520306568604,0.750121851885972,0.9004971592186102,0.9544676616915417,0.04553233830845769,0.15673485823610336,0.11890632089121833,0.05110373586468592,0.23574784949322514,0.012210707767174657,0.4109932488732246,0.19186883835441912,0.16697606077447846,0.08098699725906763,0.28357035583379187,0.23026102435081308,0.210599402250558,0.1456684291664995,0.30152205063583143,0.4200698251575577,0.4195260054302581,0.40724450824943265,0.4323083681783279,0.4555308624759346,0.8823378900628877,1714.0976183969342,1189.370388269074,2626.351985561045,0.2,UB&PB,99135
0,0.0,0.0,0.0,0.0,0.0,0.0,0.0,0.0,0.0,0.0,0.0,0.0,0.0,0.0,0.0,0.0,0.0,0.0,0.0,0.0,0.0,0.0,0.0,0.0,0.0,0.0,0.0,0.0,0.0,0.0,0.0,0.0,0.0,0.0,0.0,0.25,UB&PB,99135
2500,0.9638404163053969,0.5121219326691457,0.3532100716607916,0.6841006292236254,0.1669308920678956,0.10295288728249458,0.2507188394994319,0.8542597595041524,0.7628309350093447,0.9277102366765225,0.9382764747690127,0.061723525230988015,0.17218313496276735,0.13069002231589594,0.0523886668781737,0.26681505893929,0.010446157593846508,0.44676969681939166,0.19579757832077044,0.1646645342248075,0.0740010496384419,0.29914015032311303,0.26739586832259243,0.2587935640066779,0.15565368732523827,0.3767901005115802,0.4174017452393627,0.4169758302003765,0.40858262833024156,0.4256908278706726,0.053107525740726635,0.2869097325716732,4032.180579842916,1994.385204333207,9259.735781550762,0.25,UB&PB,99135
0,0.0,0.0,0.0,0.0,0.0,0.0,0.0,0.0,0.0,0.0,0.0,0.0,0.0,0.0,0.0,0.0,0.0,0.0,0.0,0.0,0.0,0.0,0.0,0.0,0.0,0.0,0.0,0.0,0.0,0.0,0.0,0.0,0.0,0.0,0.0,0.3,UB&PB,99135
2500,0.9689633223210504,0.7719370684401531,0.5916762347751098,0.8807440576877861,0.10404598190860674,0.05128450376267544,0.17861849866912152,0.8568400065631577,0.7512466995112572,0.9318885685142632,0.9259246624022738,0.07407533759772579,0.17569520566565058,0.12653104278436547,0.04175276921057298,0.28195629444403586,0.008237229699270885,0.4696466977259058,0.18582530341599326,0.14270735456503983,0.05000172195722291,0.29801605955551347,0.2889240967959524,0.290752362805888,0.1564157014073549,0.4214843936008042,0.42305347450297337,0.4227240802704592,0.41794918622170885,0.42771026314656974,0.16090144484594687,0.337724674598686,11739.642805376394,4469.117849981505,34632.48535308298,0.3,UB&PB,99135
0,0.0,0.0,0.0,0.0,0.0,0.0,0.0,0.0,0.0,0.0,0.0,0.0,0.0,0.0,0.0,0.0,0.0,0.0,0.0,0.0,0.0,0.0,0.0,0.0,0.0,0.0,0.0,0.0,0.0,0.0,0.0,0.0,0.0,0.0,0.0,0.35,UB&PB,99135
2500,0.9891874704980557,0.5431160610022004,0.4187790185106587,0.6675375524211434,0.07708621264058478,0.038080784450757243,0.12637195875519286,0.8318865779150174,0.7128085597360205,0.9206749580066289,0.9090987917555091,0.09090120824449187,0.21401475829539676,0.19111302185415058,0.0855685058786943,0.3292090799468975,0.02168695542649828,0.47023576275137924,0.237884455272084,0.2233086289079747,0.11215598209745775,0.3578060199815198,0.3201181737178612,0.3382464682319499,0.213674677310262,0.42743624209337866,0.4216407239012463,0.42131658543219236,0.41501562975078704,0.42786747170147615,0.16383644028542102,0.4062359937548568,2707.1891595052352,1343.2291268274641,6875.386689699617,0.35,UB&PB,99135
0,0.0,0.0,0.0,0.0,0.0,0.0,0.0,0.0,0.0,0.0,0.0,0.0,0.0,0.0,0.0,0.0,0.0,0.0,0.0,0.0,0.0,0.0,0.0,0.0,0.0,0.0,0.0,0.0,0.0,0.0,0.0,0.0,0.0,0.0,0.0,0.4,UB&PB,99135
2500,0.9873332164086389,0.7659681684269422,0.6570119696671617,0.851648603370806,0.05713853239245924,0.025036677912714873,0.1037682345518604,0.760474611847049,0.646123980283052,0.8609410500814031,0.8980618336886997,0.10193816631130065,0.2040276872354246,0.17415288545127205,0.06518937498758058,0.32604298260983644,0.014585462904557226,0.4737518060347774,0.21514378985011254,0.18994156088551123,0.07711967209837038,0.3403711962017999,0.31848182095318883,0.3399309666900501,0.19766621654961503,0.43780776739418764,0.41620878135790224,0.41587763345026696,0.4115021291017786,0.4204251986042244,0.027743266105314995,0.42533114226704966,10857.545209004527,3770.3567442954063,38432.44550977982,0.4,UB&PB,99135
0,0.0,0.0,0.0,0.0,0.0,0.0,0.0,0.0,0.0,0.0,0.0,0.0,0.0,0.0,0.0,0.0,0.0,0.0,0.0,0.0,0.0,0.0,0.0,0.0,0.0,0.0,0.0,0.0,0.0,0.0,0.0,0.0,0.0,0.0,0.0,0.45,UB&PB,99135
2500,0.9976492505825569,0.7349048894275083,0.6032153316692411,0.8480054508896698,0.05455843520972018,0.024255726371504343,0.09626159739728281,0.6623765307720049,0.5518329342520897,0.7850505440232404,0.8936766169154237,0.10632338308457726,0.22249517869957855,0.2054728304077236,0.08730975834732478,0.3511176783341046,0.016566297920805613,0.47360825973878573,0.23584938130413877,0.22266805819456134,0.10452126106261844,0.36561198863995387,0.33344614108513554,0.35979723239861017,0.22869069548506396,0.4389938875846467,0.4189127143916775,0.418657723798262,0.41407782028484014,0.42340133690029025,0.19411532603004727,0.6222898853317306,7182.818071221339,2660.8152588743387,25507.456233078516,0.45,UB&PB,99135
0,0.0,0.0,0.0,0.0,0.0,0.0,0.0,0.0,0.0,0.0,0.0,0.0,0.0,0.0,0.0,0.0,0.0,0.0,0.0,0.0,0.0,0.0,0.0,0.0,0.0,0.0,0.0,0.0,0.0,0.0,0.0,0.0,0.0,0.0,0.0,0.5,UB&PB,99135
2500,1.015971609859314,0.8561823600895059,0.7658087717252547,0.9203142042954668,0.03690739380198472,0.014008320860400025,0.07146845192458806,0.7326897512614182,0.5988479417037286,0.8500527987201518,0.8456119402985077,0.15438805970149264,0.2360634818299444,0.21867612934532785,0.09012542918344496,0.376534527137238,0.02145689249784169,0.49998049811096673,0.24441016723775133,0.22896415543231682,0.10153746119626167,0.38414908607137005,0.348114645618307,0.37771838698590215,0.23176459581204645,0.46021366467543107,0.4247209533084389,0.42443769152725747,0.4206459931013897,0.4283707776168765,0.5716704569483184,1.0057234277304525,13682.375522042203,4156.745447965333,58627.88846460023,0.5,UB&PB,99135
0,0.0,0.0,0.0,0.0,0.0,0.0,0.0,0.0,0.0,0.0,0.0,0.0,0.0,0.0,0.0,0.0,0.0,0.0,0.0,0.0,0.0,0.0,0.0,0.0,0.0,0.0,0.0,0.0,0.0,0.0,0.0,0.0,0.0,0.0,0.0,0.55,UB&PB,99135
2500,1.0261121983134,0.7516739675552263,0.6555350374519859,0.8341326671333722,0.03805247417195942,0.014867306662698395,0.0717369560624411,0.7001632591696951,0.6036466848649198,0.7959956780958691,0.8292487562189051,0.17075124378109427,0.24871404678119124,0.23564339232048928,0.11929862919109062,0.384498357836604,0.03210260665160635,0.4870998338995921,0.2613034362052229,0.2506743981410816,0.1376126864346759,0.39199003199809995,0.35125705522278433,0.37953902925563965,0.25695930274367773,0.44649425386923963,0.4150937957749808,0.4148174330733142,0.4104804582460338,0.4193144983134848,0.04619385144817294,0.4223030406804418,8032.860326413399,2670.8696222596814,32931.10361151495,0.55,UB&PB,99135
0,0.0,0.0,0.0,0.0,0.0,0.0,0.0,0.0,0.0,0.0,0.0,0.0,0.0,0.0,0.0,0.0,0.0,0.0,0.0,0.0,0.0,0.0,0.0,0.0,0.0,0.0,0.0,0.0,0.0,0.0,0.0,0.0,0.0,0.0,0.0,0.6,UB&PB,99135
2500,1.0327909592092848,0.8734176799203871,0.7797402021126015,0.9413854280391463,0.03281147115773062,0.012054350462527357,0.06368510591474087,0.7612760938860595,0.5970674095563168,0.8757189636886723,0.7883084577114422,0.21169154228855722,0.2457483848190052,0.2300511528342888,0.10977406323500988,0.38733077826597484,0.027608640399935255,0.49277040980597386,0.25304826216622234,0.23884938106632267,0.12086179124258312,0.39125447745225805,0.3468979823685334,0.37513713727319997,0.24381168790097782,0.44726938413558354,0.40908711770941236,0.40881995048686964,0.4049942116142179,0.4128060480456497,0.08102962983203207,0.44634625165430286,13407.674616318865,3892.0248696865738,62273.8025675147,0.6,UB&PB,99135
0,0.0,0.0,0.0,0.0,0.0,0.0,0.0,0.0,0.0,0.0,0.0,0.0,0.0,0.0,0.0,0.0,0.0,0.0,0.0,0.0,0.0,0.0,0.0,0.0,0.0,0.0,0.0,0.0,0.0,0.0,0.0,0.0,0.0,0.0,0.0,0.65,UB&PB,99135
2500,1.0520821513570802,0.8491196636616307,0.7480001073559721,0.9240053871828722,0.032337389411649695,0.011722222336539958,0.06281718958251997,0.7788247053251746,0.6774445938979672,0.8630112542581224,0.7684434968017055,0.2315565031982943,0.26469115409157956,0.25352540423687026,0.13530704994055986,0.4011948867323968,0.03570566087122412,0.5045660442547127,0.2725898355174588,0.2640659386640011,0.14741141500184826,0.40401074612852605,0.35918315974965936,0.3846852143158843,0.26103415673853414,0.45552297496822913,0.41357565673430086,0.41325757961005066,0.40942032976769,0.4172060495529097,0.06232224684996061,0.42958884635842864,11612.948098647665,3440.3972913119774,52840.06265020336,0.65,UB&PB,99135
0,0.0,0.0,0.0,0.0,0.0,0.0,0.0,0.0,0.0,0.0,0.0,0.0,0.0,0.0,0.0,0.0,0.0,0.0,0.0,0.0,0.0,0.0,0.0,0.0,0.0,0.0,0.0,0.0,0.0,0.0,0.0,0.0,0.0,0.0,0.0,0.7,UB&PB,99135
2500,1.0785030994933942,0.8541920642251078,0.7571187184062996,0.9292129118817986,0.030249781171419025,0.01076912581355267,0.05890760797945013,0.7285487323905476,0.5898209910725855,0.8293321816314028,0.5140554371002133,0.48594456289978655,0.30229233180994275,0.3054038911064623,0.18940204887551104,0.4210025213979972,0.06323605095098266,0.5259706856435296,0.3103158967621556,0.31671736394634553,0.20074989149574304,0.42338569336190357,0.39017837172018954,0.4104135671677389,0.31841279799693595,0.46504944636579243,0.4240845459022093,0.42381996521915755,0.42004276498459325,0.4277337836098279,0.38015250339038137,0.781153563130009,10213.426863610975,2758.644019481938,50322.419866195865,0.7,UB&PB,99135
0,0.0,0.0,0.0,0.0,0.0,0.0,0.0,0.0,0.0,0.0,0.0,0.0,0.0,0.0,0.0,0.0,0.0,0.0,0.0,0.0,0.0,0.0,0.0,0.0,0.0,0.0,0.0,0.0,0.0,0.0,0.0,0.0,0.0,0.0,0.0,0.75,UB&PB,99135
2500,1.0878384700141694,0.8843115083318761,0.8005263660041867,0.9438832093187831,0.0291347349777646,0.010057411490358562,0.05760092826579757,0.7130782993843646,0.5734670602451852,0.832770094626015,0.2607917555081737,0.7392082444918285,0.31474422935527246,0.32766851077425835,0.2124141465450608,0.4155480943576638,0.07990824384708607,0.5306436020278154,0.3214389830040927,0.3365268720688049,0.2210117426910386,0.41805763831205056,0.3961996966134424,0.408962605962133,0.33823059040310216,0.4579097517501171,0.41383194353432556,0.4135632014218866,0.40981393473099115,0.41742066903649533,0.12225177844630454,0.4751439105437788,11978.12135008789,2753.772244143242,64816.31810622758,0.75,UB&PB,99135
0,0.0,0.0,0.0,0.0,0.0,0.0,0.0,0.0,0.0,0.0,0.0,0.0,0.0,0.0,0.0,0.0,0.0,0.0,0.0,0.0,0.0,0.0,0.0,0.0,0.0,0.0,0.0,0.0,0.0,0.0,0.0,0.0,0.0,0.0,0.0,0.8,UB&PB,99135
2500,1.1001971085899114,0.8849349794297128,0.7962216540581838,0.9473161515192919,0.02702763746648184,0.009040653255981882,0.05407815798461408,0.7999066985803978,0.6935043261781201,0.8840503740323974,0.2775536602700777,0.7224463397299207,0.31532868657211394,0.33782790863214446,0.21161395579057005,0.4087328294389884,0.08096441730218336,0.5322866143825847,0.3212913283784272,0.34335945463748985,0.2199387637534621,0.4110800968833959,0.3874966707000671,0.40027421816155484,0.32495875082322206,0.4515363588328342,0.4055902609528477,0.40528004697943903,0.401571901000136,0.4091108844080824,0.5542101025051662,0.9608762922690847,11204.551788847542,2642.506823618435,60588.410675691426,0.8,UB&PB,99135
0,0.0,0.0,0.0,0.0,0.0,0.0,0.0,0.0,0.0,0.0,0.0,0.0,0.0,0.0,0.0,0.0,0.0,0.0,0.0,0.0,0.0,0.0,0.0,0.0,0.0,0.0,0.0,0.0,0.0,0.0,0.0,0.0,0.0,0.0,0.0,0.85,UB&PB,99135
2500,1.122966532740475,0.8587513340990679,0.7519454092124952,0.9312883699521459,0.02697047646966396,0.009191014672941816,0.05291819399249903,0.581030796542274,0.43850561505666935,0.7062823213350425,0.2058848614072496,0.7941151385927503,0.3508147483352099,0.3746758012744005,0.2768003100816809,0.4166114293576075,0.14254450387193207,0.5338944034377384,0.35697687254064053,0.37683942115700003,0.2857453372210017,0.42072673071877814,0.3989528033870302,0.4063820442764783,0.35115919476202634,0.4489561219714819,0.4086053679819619,0.408322005728347,0.4044731356096018,0.4122660133116,0.6722136216481468,1.0491173415260175,8248.068633710634,2044.4318720771164,43820.07162685986,0.85,UB&PB,99135
0,0.0,0.0,0.0,0.0,0.0,0.0,0.0,0.0,0.0,0.0,0.0,0.0,0.0,0.0,0.0,0.0,0.0,0.0,0.0,0.0,0.0,0.0,0.0,0.0,0.0,0.0,0.0,0.0,0.0,0.0,0.0,0.0,0.0,0.0,0.0,0.9,UB&PB,99135
2500,1.1516483551278525,0.8104066392099747,0.7071596987878492,0.8952172790990574,0.027033883239678064,0.009099117234310613,0.05348188522669025,0.5354058175476051,0.4215349904714996,0.6379624529067074,0.1712786069651746,0.8287213930348268,0.38158235766626797,0.4000429664121819,0.32942128555240024,0.4326170656459285,0.1887120350721418,0.5462894304908164,0.38822700118012166,0.4011061423272257,0.338593010979106,0.43896393356167607,0.41350355326745025,0.4185477462888114,0.3721720088449049,0.45709734771291105,0.4198659051287125,0.4194935054308353,0.4155469438209492,0.4236569419788213,0.1743168654322234,0.587765027007545,6609.225306989776,1728.889834665543,34078.35746792701,0.9,UB&PB,99135
0,0.0,0.0,0.0,0.0,0.0,0.0,0.0,0.0,0.0,0.0,0.0,0.0,0.0,0.0,0.0,0.0,0.0,0.0,0.0,0.0,0.0,0.0,0.0,0.0,0.0,0.0,0.0,0.0,0.0,0.0,0.0,0.0,0.0,0.0,0.0,0.95,UB&PB,99135
2500,1.166933587742809,0.8682207198247719,0.7578900474907153,0.9390744046113295,0.028081107318911624,0.009702037770754856,0.05520358481050945,0.6857792379798926,0.5448228117631702,0.8134290064562728,0.17615351812366742,0.8238464818763337,0.3906010675542775,0.40617747437450685,0.34282905626607074,0.4383188369026202,0.19872075822307383,0.5578070446317689,0.3953837715670592,0.40560362432327673,0.3499661277124719,0.44281193604818053,0.4164854348046063,0.4213899712361217,0.3683377867867461,0.4656093599419447,0.42302761439968495,0.4227159561353768,0.41897842327036183,0.4266134583678486,0.5392559196242996,1.0254946761220463,8506.63506776392,2046.8457253772383,46085.01414539001,0.95,UB&PB,99135
0,0.0,0.0,0.0,0.0,0.0,0.0,0.0,0.0,0.0,0.0,0.0,0.0,0.0,0.0,0.0,0.0,0.0,0.0,0.0,0.0,0.0,0.0,0.0,0.0,0.0,0.0,0.0,0.0,0.0,0.0,0.0,0.0,0.0,0.0,0.0,0.05,UB&PB,73060
2500,0.9179605860775082,0.49942223972332683,0.3212664311941026,0.651953958044972,0.8101818985418509,0.7150074911534712,0.8948155619037175,0.9074478953401605,0.8283402967106768,0.9594126667571146,0.9532395167022043,0.04676048329779678,0.08547299477988914,0.025550373002882022,0.00431846627588547,0.1117383149977302,0.0002644151411228866,0.3743255488443994,0.09495879302590483,0.03468212056512986,0.00674612672786753,0.13091863240678198,0.14493427609665538,0.09931315252546549,0.041111697988987214,0.2109760639853753,0.42094968169254093,0.42050348988195185,0.4109597472539384,0.43037307781584444,0.13162828496397283,1.5303881250276214,10724.834924374905,5990.55442091663,19405.42955173045,0.05,UB&PB,73060
0,0.0,0.0,0.0,0.0,0.0,0.0,0.0,0.0,0.0,0.0,0.0,0.0,0.0,0.0,0.0,0.0,0.0,0.0,0.0,0.0,0.0,0.0,0.0,0.0,0.0,0.0,0.0,0.0,0.0,0.0,0.0,0.0,0.0,0.0,0.0,0.1,UB&PB,73060
2500,0.9316231432303842,0.5422665469703912,0.28473688978369294,0.7894019833262091,0.839695013070607,0.7184142178652725,0.9243906715057574,0.8781246989787572,0.7912833762252748,0.942187736533554,0.9601968727789614,0.039803127221037675,0.07801826550175887,0.02065433405632812,0.003767693230957978,0.09792637032730361,0.0003969180686331799,0.3536901862374807,0.08602926822233167,0.027737312068696358,0.005703798081654366,0.11413620899211846,0.12843479724048748,0.08748902004645229,0.03591597482426157,0.17787882630415117,0.4282830089943904,0.4276265162311924,0.41826569162187077,0.4375356775710367,0.010726121983293428,1.042330797929037,11137.332231096194,6979.726946574381,18287.399029004755,0.1,UB&PB,73060
0,0.0,0.0,0.0,0.0,0.0,0.0,0.0,0.0,0.0,0.0,0.0,0.0,0.0,0.0,0.0,0.0,0.0,0.0,0.0,0.0,0.0,0.0,0.0,0.0,0.0,0.0,0.0,0.0,0.0,0.0,0.0,0.0,0.0,0.0,0.0,0.15,UB&PB,73060
2500,0.9441390820746809,0.4948780524241885,0.37967742999158116,0.6395856261917329,0.8056114448959051,0.6675585410937743,0.909619654104436,0.7395750738511705,0.6204952281791181,0.8443632541795383,0.9646531627576396,0.03534683724235969,0.07460613606960807,0.02981227553579192,0.006964360355397638,0.10234614644056177,0.000900236135353322,0.2960093728445427,0.08447882556252442,0.04010681655689026,0.010816160720361739,0.12031306963733451,0.11669375204326626,0.08879205346598061,0.04440515488855039,0.15755872023295275,0.4116761923328923,0.4112151355297951,0.4033994831949511,0.4193829440584708,0.04074159381512323,0.3164107305671511,9585.53801424992,6504.648593173762,14397.202248278021,0.15,UB&PB,73060
0,0.0,0.0,0.0,0.0,0.0,0.0,0.0,0.0,0.0,0.0,0.0,0.0,0.0,0.0,0.0,0.0,0.0,0.0,0.0,0.0,0.0,0.0,0.0,0.0,0.0,0.0,0.0,0.0,0.0,0.0,0.0,0.0,0.0,0.0,0.0,0.2,UB&PB,73060
2500,0.9516724410850043,0.61306199609712,0.4760973507561164,0.737674171990226,0.6035710975048639,0.46349593805365136,0.7237840788150359,0.8144720532615672,0.6960849967336995,0.9029482104758443,0.9602096659559342,0.03979033404406538,0.10126666127113627,0.048804925345615896,0.012946239699749508,0.14741898808506787,0.0022405264261606203,0.36983979177008197,0.11087375929871278,0.06132429297739829,0.01798279508546266,0.1640871309582726,0.1650853062581115,0.13432998130220417,0.07172646149237497,0.23284253268111596,0.416719302315683,0.4163648940257651,0.4102412852618715,0.4227246528658459,0.028528091224815304,0.4079842287538052,15711.574615740385,9782.62893456948,25481.91118161348,0.2,UB&PB,73060
0,0.0,0.0,0.0,0.0,0.0,0.0,0.0,0.0,0.0,0.0,0.0,0.0,0.0,0.0,0.0,0.0,0.0,0.0,0.0,0.0,0.0,0.0,0.0,0.0,0.0,0.0,0.0,0.0,0.0,0.0,0.0,0.0,0.0,0.0,0.0,0.25,UB&PB,73060
2500,0.9648887471768226,0.472860142842312,0.37776779291909784,0.5701188181008738,0.22610744157069693,0.14452402611507162,0.3235004073472119,0.8230226598760212,0.7196264820592403,0.9053855120405516,0.9510163468372427,0.0489836531627576,0.1643978493207636,0.1236810523101321,0.04970725756027603,0.2529861442721411,0.011547229731512912,0.43026749009587595,0.18975353191523295,0.16008283111467278,0.07140209889112532,0.2886771391302654,0.25151901903800405,0.2389291423113399,0.15084653618731989,0.34619212815137146,0.41623866179969193,0.4158688800670841,0.4081201286498942,0.4239161268461042,0.05453250436204189,0.7720533578502393,2687.16769733819,1566.4163234192047,5203.521476649444,0.25,UB&PB,73060
0,0.0,0.0,0.0,0.0,0.0,0.0,0.0,0.0,0.0,0.0,0.0,0.0,0.0,0.0,0.0,0.0,0.0,0.0,0.0,0.0,0.0,0.0,0.0,0.0,0.0,0.0,0.0,0.0,0.0,0.0,0.0,0.0,0.0,0.0,0.0,0.3,UB&PB,73060
2500,0.9641057388266694,0.8005797462644642,0.6664341061784437,0.90917527614441,0.1182575598995139,0.06167950197930499,0.20291604297341856,0.8783083654256786,0.7944367823732356,0.9385891424756927,0.9298102345415782,0.07018976545842225,0.16305142031680858,0.10512681732424912,0.03146114285737958,0.26385099460080363,0.00572748809244835,0.4679584528302709,0.17070022319842007,0.11784742976233188,0.036722754072225784,0.27632679958019557,0.27599546684918247,0.26714172688651516,0.14275312480960073,0.4125003266387681,0.42293469595262745,0.42260969648412205,0.41816227007558193,0.4272662203104579,0.01761786897301999,0.2963826004212988,22243.43241902706,8442.662785500632,64599.238669807055,0.3,UB&PB,73060
0,0.0,0.0,0.0,0.0,0.0,0.0,0.0,0.0,0.0,0.0,0.0,0.0,0.0,0.0,0.0,0.0,0.0,0.0,0.0,0.0,0.0,0.0,0.0,0.0,0.0,0.0,0.0,0.0,0.0,0.0,0.0,0.0,0.0,0.0,0.0,0.35,UB&PB,73060
2500,0.9786882003004569,0.7747028187022189,0.6507982635612902,0.8687824876531451,0.06746103310019548,0.03157875139002868,0.11715961412957017,0.8317532513257586,0.7411241999029438,0.9107044094307108,0.9144143567874922,0.08558564321250886,0.18940263238059413,0.15136006840452823,0.04982844757745422,0.3054397803493171,0.009553561211060923,0.47272374445805093,0.19905955058228617,0.1662826094654206,0.05901884861586479,0.3202573300091985,0.30773085949500656,0.32392577852384696,0.17775856498770834,0.4357250080624576,0.42127392897098426,0.4209746458332353,0.41670986426478596,0.42540881329865715,0.016533574519635004,0.46494172692103364,11122.53663189832,3976.8542280199617,36824.117153244035,0.35,UB&PB,73060
0,0.0,0.0,0.0,0.0,0.0,0.0,0.0,0.0,0.0,0.0,0.0,0.0,0.0,0.0,0.0,0.0,0.0,0.0,0.0,0.0,0.0,0.0,0.0,0.0,0.0,0.0,0.0,0.0,0.0,0.0,0.0,0.0,0.0,0.0,0.0,0.4,UB&PB,73060
2500,0.9929903314299764,0.7220873209146548,0.6223339326374048,0.8204177611888176,0.0529215533632364,0.022820189839342288,0.09717829205508892,0.7156092626956684,0.6335041109616418,0.8025018850331662,0.9030135039090252,0.09698649609097366,0.21944138012347206,0.19460220712361723,0.0826669344684375,0.34364635597663296,0.021771634182995294,0.4838058625846517,0.23447016172521823,0.21412309531499937,0.10075806509752269,0.36025414346907353,0.3331833117820993,0.35509147952835624,0.21910132832060558,0.44679963297684133,0.42452778746050535,0.42424666976778347,0.41937359248626255,0.42930558523460016,0.07334230120156333,0.4649570408565048,11750.148944934997,3902.4603492983256,42613.14983058649,0.4,UB&PB,73060
0,0.0,0.0,0.0,0.0,0.0,0.0,0.0,0.0,0.0,0.0,0.0,0.0,0.0,0.0,0.0,0.0,0.0,0.0,0.0,0.0,0.0,0.0,0.0,0.0,0.0,0.0,0.0,0.0,0.0,0.0,0.0,0.0,0.0,0.0,0.0,0.45,UB&PB,73060
2500,1.0017186399067652,0.8707890837696909,0.7723381585731462,0.9376553129852817,0.052322080864332765,0.02176847177481819,0.09629629007893793,0.8009187731393526,0.7057551452060304,0.8871090839168909,0.8840398009950248,0.11596019900497491,0.21214598580740246,0.18027413788675178,0.06228795492567027,0.34948655673684326,0.011904705326748671,0.4972064722990427,0.21904715584949933,0.1905060932816931,0.0694424203220714,0.3586666228813024,0.33030600604408433,0.350771646946507,0.19823422689728154,0.45867578324408464,0.42840040490456116,0.42813642245088235,0.4243191330651242,0.43210396548379104,0.03410377623318096,0.3728871592180475,17286.32995090039,5503.096475073981,67132.1856349196,0.45,UB&PB,73060
0,0.0,0.0,0.0,0.0,0.0,0.0,0.0,0.0,0.0,0.0,0.0,0.0,0.0,0.0,0.0,0.0,0.0,0.0,0.0,0.0,0.0,0.0,0.0,0.0,0.0,0.0,0.0,0.0,0.0,0.0,0.0,0.0,0.0,0.0,0.0,0.5,UB&PB,73060
2500,1.01299273976711,0.8810243192716936,0.7936989687034172,0.9426892346317082,0.03463518709088535,0.012988421258484928,0.06717383956585081,0.6614668062255714,0.5672979753344466,0.7600626487256819,0.8529140014214636,0.1470859985785361,0.2350931624167146,0.21908678320421562,0.09182536892221646,0.37106154990662904,0.022982621749789725,0.49765729196199576,0.24244682546889168,0.2281855348825171,0.10169431593176279,0.3781238526950202,0.34462638202709206,0.37420184177491156,0.22484932722241957,0.45841047825477316,0.4182536725525135,0.4179874744174489,0.41425674551790626,0.4218110181763901,0.5367593485908428,1.020998776391318,15124.21242741997,4463.223505686676,67940.16257070248,0.5,UB&PB,73060
0,0.0,0.0,0.0,0.0,0.0,0.0,0.0,0.0,0.0,0.0,0.0,0.0,0.0,0.0,0.0,0.0,0.0,0.0,0.0,0.0,0.0,0.0,0.0,0.0,0.0,0.0,0.0,0.0,0.0,0.0,0.0,0.0,0.0,0.0,0.0,0.55,UB&PB,73060
2500,1.023773902808828,0.8292577779742671,0.722070262957885,0.9150705040347015,0.035822072713547495,0.013520895271756709,0.0690340561974623,0.7837242542428491,0.6750769634482371,0.879697801721956,0.8273205401563615,0.17267945984363894,0.23629555070419636,0.2174038396993931,0.09603208975184568,0.3794828636249804,0.023430468242384934,0.4912382845315242,0.24496057969943277,0.22720722006096844,0.10828231450056651,0.38590446997225536,0.343730602802331,0.37379728808741597,0.23552154414361023,0.44888850155942944,0.41514467560259527,0.41485455583313274,0.4109212555222509,0.4189344273637927,0.15704573800018312,0.3589704925387788,10883.182177317683,3398.698494271232,45688.248614438475,0.55,UB&PB,73060
0,0.0,0.0,0.0,0.0,0.0,0.0,0.0,0.0,0.0,0.0,0.0,0.0,0.0,0.0,0.0,0.0,0.0,0.0,0.0,0.0,0.0,0.0,0.0,0.0,0.0,0.0,0.0,0.0,0.0,0.0,0.0,0.0,0.0,0.0,0.0,0.6,UB&PB,73060
2500,1.0394761051663475,0.85665115301726,0.7556399548933337,0.9330645658674295,0.032933962841299104,0.011972680042361778,0.06438142285855201,0.7646825643130299,0.6319496126276731,0.8771497084121176,0.7720113717128636,0.22798862828713579,0.2555821319250394,0.24166874464131594,0.11919134600031678,0.3977483437153812,0.030325470516909318,0.5054288877763822,0.26364871418247837,0.25144599004760054,0.13109736222682525,0.4016621301561858,0.3579494864835876,0.3852196198376771,0.254771857438202,0.45829790551791,0.41895064413432775,0.41866685452021923,0.41486128155997615,0.42261223759257077,0.05347635569650873,0.45362974542650003,11792.975797265064,3520.2140917658267,53271.206639970405,0.6,UB&PB,73060
0,0.0,0.0,0.0,0.0,0.0,0.0,0.0,0.0,0.0,0.0,0.0,0.0,0.0,0.0,0.0,0.0,0.0,0.0,0.0,0.0,0.0,0.0,0.0,0.0,0.0,0.0,0.0,0.0,0.0,0.0,0.0,0.0,0.0,0.0,0.0,0.65,UB&PB,73060
2500,1.0644187215547327,0.8285967416643063,0.7355400537875737,0.9056357722875149,0.029672556089793366,0.010575847727233915,0.058226327740740054,0.6154427121940602,0.4881371180380705,0.732278510303265,0.5689552238805973,0.43104477611940306,0.2973505717671734,0.2974114368904718,0.18249570920796185,0.42095417417445724,0.056855480486815,0.5246623969358871,0.3068954396459082,0.30909911489780073,0.1966644733260392,0.42412357674070167,0.39021236020899336,0.41315885089259724,0.3164653503344044,0.46749146216810283,0.42634034448664293,0.42604715720341796,0.42216840208787004,0.4300792499127324,0.18298883892966258,0.5165397597425305,9086.205355036322,2557.770050497942,43816.12933833505,0.65,UB&PB,73060
0,0.0,0.0,0.0,0.0,0.0,0.0,0.0,0.0,0.0,0.0,0.0,0.0,0.0,0.0,0.0,0.0,0.0,0.0,0.0,0.0,0.0,0.0,0.0,0.0,0.0,0.0,0.0,0.0,0.0,0.0,0.0,0.0,0.0,0.0,0.0,0.7,UB&PB,73060
2500,1.0750746848194916,0.8109499729419407,0.6917427763457559,0.9112740598368171,0.028236386874622828,0.009710169335735768,0.05594093299105883,0.7738463387654168,0.6354655449948587,0.879400757804761,0.6537739872068228,0.3462260127931766,0.2925519535007123,0.2939556594179183,0.1760822730978381,0.4153276838934636,0.05457032803839081,0.5162971963033086,0.3018002622721669,0.30699466375311346,0.18952844596422241,0.4180685875309002,0.37913300946180717,0.4031836251568296,0.30173777793885975,0.45900886257692924,0.4194178575825825,0.4191729736789233,0.41515912747244127,0.4232876968828676,0.039173057758246345,0.3996512329521304,8104.211176619519,2435.8113790370244,38013.16591944611,0.7,UB&PB,73060
0,0.0,0.0,0.0,0.0,0.0,0.0,0.0,0.0,0.0,0.0,0.0,0.0,0.0,0.0,0.0,0.0,0.0,0.0,0.0,0.0,0.0,0.0,0.0,0.0,0.0,0.0,0.0,0.0,0.0,0.0,0.0,0.0,0.0,0.0,0.0,0.75,UB&PB,73060
2500,1.0879610351788904,0.8843695853500235,0.7992624999746443,0.9457056851424595,0.027224635339729464,0.009196462410873962,0.05380424705367065,0.5522756886348053,0.4498703385391654,0.6719506387614136,0.37777754086709364,0.622222459132907,0.32100808466155084,0.33220372429184253,0.22479598262027542,0.41591859490517097,0.09151211939007224,0.530736054720642,0.32781317762277057,0.3399835149377919,0.23461338902990966,0.41836076102632946,0.39263549324566765,0.4074188104833316,0.32890042741999576,0.45960856874385636,0.4136814553517478,0.4133813726683182,0.40965243091429676,0.4172712142494369,0.08068150192235483,0.46032803708698894,10565.796198814762,2652.8499916073183,56110.19906934013,0.75,UB&PB,73060
0,0.0,0.0,0.0,0.0,0.0,0.0,0.0,0.0,0.0,0.0,0.0,0.0,0.0,0.0,0.0,0.0,0.0,0.0,0.0,0.0,0.0,0.0,0.0,0.0,0.0,0.0,0.0,0.0,0.0,0.0,0.0,0.0,0.0,0.0,0.0,0.8,UB&PB,73060
2500,1.1143097221918188,0.9110779999492606,0.833891626915147,0.9612797465388965,0.026713221165452525,0.00897385841788621,0.05355255360915079,0.7167885113294772,0.5413477061746438,0.8502040837151482,0.2647022032693666,0.7352977967306328,0.33770656348692546,0.3622407823762977,0.23989670874124766,0.4269467337015346,0.10406856781663067,0.5449662586742073,0.34371293186269,0.36786163643009595,0.24819629322837208,0.429721545171292,0.4065326870365816,0.4181945642275583,0.349081430527416,0.46630459383842615,0.42236426530047066,0.4220173236630539,0.418432939749536,0.42577456311359557,0.8094537903296689,1.0154224548443884,11963.979938084309,2719.693522564921,67017.12144451412,0.8,UB&PB,73060
0,0.0,0.0,0.0,0.0,0.0,0.0,0.0,0.0,0.0,0.0,0.0,0.0,0.0,0.0,0.0,0.0,0.0,0.0,0.0,0.0,0.0,0.0,0.0,0.0,0.0,0.0,0.0,0.0,0.0,0.0,0.0,0.0,0.0,0.0,0.0,0.85,UB&PB,73060
2500,1.1205125256701338,0.8418589284972435,0.7164367499123698,0.9209819820109785,0.027619536576000345,0.009492385354957401,0.0541855265944271,0.7715672002536963,0.6492091703547351,0.8601756653641808,0.22493319118692254,0.7750668088130785,0.3389769104538553,0.3652764777315168,0.25621056395871966,0.41184355485340346,0.12258913002867317,0.5309542533407131,0.34564099993594544,0.3680770546136067,0.2673459810440653,0.4159835024217081,0.39253759047416925,0.4018145650764999,0.3406409520914226,0.44635616402414735,0.4052865937503748,0.40489006139055433,0.40096763511467653,0.4089683345973826,0.5733163451275209,0.9335566562568871,7732.233367838977,1995.8526565180039,39507.79569949518,0.85,UB&PB,73060
0,0.0,0.0,0.0,0.0,0.0,0.0,0.0,0.0,0.0,0.0,0.0,0.0,0.0,0.0,0.0,0.0,0.0,0.0,0.0,0.0,0.0,0.0,0.0,0.0,0.0,0.0,0.0,0.0,0.0,0.0,0.0,0.0,0.0,0.0,0.0,0.9,UB&PB,73060
2500,1.1454296644022686,0.9017738049285045,0.820152027103793,0.9547048063711167,0.028267932235006267,0.009672477621856407,0.055692863246813565,0.7175926810955683,0.6006672097861107,0.8316885826227152,0.17708173418621187,0.8229182658137878,0.36829755144771514,0.39183830904341105,0.3007264271550509,0.43072970990462217,0.15668417466758233,0.5516148062319736,0.3728578525990783,0.3917364538529611,0.30839265086983014,0.43438458972799,0.4117588064577942,0.41813497930014265,0.3604141456393333,0.46430800091126767,0.42031892397198556,0.4199861265972612,0.41635183850402746,0.42378296740384475,0.08255560804705753,0.44465552178226514,11328.777148901849,2517.1340120938908,64261.77422275144,0.9,UB&PB,73060
0,0.0,0.0,0.0,0.0,0.0,0.0,0.0,0.0,0.0,0.0,0.0,0.0,0.0,0.0,0.0,0.0,0.0,0.0,0.0,0.0,0.0,0.0,0.0,0.0,0.0,0.0,0.0,0.0,0.0,0.0,0.0,0.0,0.0,0.0,0.0,0.95,UB&PB,73060
2500,1.1566883953168512,0.8696925223060152,0.7843947472175254,0.9370426409964625,0.028719095687498943,0.010062340383226637,0.056104369268957816,0.7466977429946592,0.5978986055435547,0.8697508551627103,0.1579196872778959,0.842080312722104,0.37833179701682634,0.39451412148214476,0.3281539372916898,0.42683385338333,0.18612747578164868,0.5468004034494138,0.38262394850011483,0.3935459818711994,0.33483888254716904,0.4308079674066379,0.4062490561575027,0.4110203769974371,0.3562673276105874,0.45652394894225473,0.4127285937346201,0.41246111173118233,0.40872038512811537,0.41633277118100265,0.44650144141740217,1.0215039525022178,9401.103712643135,2192.897253194878,51308.39833888288,0.95,UB&PB,73060
0,0.0,0.0,0.0,0.0,0.0,0.0,0.0,0.0,0.0,0.0,0.0,0.0,0.0,0.0,0.0,0.0,0.0,0.0,0.0,0.0,0.0,0.0,0.0,0.0,0.0,0.0,0.0,0.0,0.0,0.0,0.0,0.0,0.0,0.0,0.0,0.05,UB&PB,90293
2500,0.9191398491522683,0.6145331909927757,0.4863717220931334,0.737105182455437,0.8638798550334589,0.7760807425408395,0.9329914497895654,0.9004776804989125,0.8282116577420897,0.9528509509071907,0.9601513859275053,0.03984861407249465,0.08185758921284697,0.02133314506661294,0.0036372682519651184,0.1052722715697876,0.0002611864437008209,0.36758024231057607,0.08779255998280794,0.02588394050238569,0.004646647997506252,0.1181334505568459,0.14312844054380008,0.09590058902446832,0.035199467761621854,0.21628662986441907,0.4245247347215649,0.42420996164689895,0.418240524068793,0.43038958123418003,0.1037048678253885,0.5748508448689438,19035.196884872843,10436.734513452164,34942.55642748841,0.05,UB&PB,90293
0,0.0,0.0,0.0,0.0,0.0,0.0,0.0,0.0,0.0,0.0,0.0,0.0,0.0,0.0,0.0,0.0,0.0,0.0,0.0,0.0,0.0,0.0,0.0,0.0,0.0,0.0,0.0,0.0,0.0,0.0,0.0,0.0,0.0,0.0,0.0,0.1,UB&PB,90293
2500,0.9352625940993675,0.3505062761582632,0.18963514915421717,0.5427728782117223,0.7233142858200643,0.5763418054607853,0.8627104836804798,0.896225929781866,0.8018049499917514,0.954284733094655,0.9647953091684444,0.03520469083155658,0.08928037516334611,0.036125853138008555,0.009151810019997634,0.12263542711589946,0.001098559185010751,0.352161780257052,0.10563684816542848,0.05286738405255433,0.01520330458944984,0.1533125686798768,0.13891536169745275,0.10258208686641804,0.056628249851313935,0.18443341072216218,0.4270880550909326,0.42633237566212545,0.4116459706166859,0.44171882944649143,0.057196163114393024,0.7091795615699712,4324.362677266062,2807.117249855356,6824.315846538111,0.1,UB&PB,90293
0,0.0,0.0,0.0,0.0,0.0,0.0,0.0,0.0,0.0,0.0,0.0,0.0,0.0,0.0,0.0,0.0,0.0,0.0,0.0,0.0,0.0,0.0,0.0,0.0,0.0,0.0,0.0,0.0,0.0,0.0,0.0,0.0,0.0,0.0,0.0,0.15,UB&PB,90293
2500,0.941911334629101,0.5920533014301081,0.4296452728306409,0.7317755236094909,0.8310369142441489,0.718578585299768,0.9184728777492646,0.8498233171850198,0.750189327527263,0.9267516011790629,0.9656908315565037,0.034309168443496844,0.07715593422144583,0.02891802845434067,0.007118215930349343,0.10298270036202678,0.0008879945489614712,0.3147444963242391,0.08512434396707615,0.0368185474750315,0.010068182035651973,0.11781702484893579,0.1253575420604829,0.09559520011096595,0.04532736797831396,0.17383594904623922,0.4067477519702108,0.40627500699615926,0.39897364372453525,0.4139297835125496,0.016195316103791005,0.546211466615929,20585.6009138307,11888.03806629956,35821.90128517735,0.15,UB&PB,90293
0,0.0,0.0,0.0,0.0,0.0,0.0,0.0,0.0,0.0,0.0,0.0,0.0,0.0,0.0,0.0,0.0,0.0,0.0,0.0,0.0,0.0,0.0,0.0,0.0,0.0,0.0,0.0,0.0,0.0,0.0,0.0,0.0,0.0,0.0,0.0,0.2,UB&PB,90293
2500,0.9589384928853139,0.4718760979964036,0.3369750960606988,0.6383680399459939,0.35502783225585444,0.24401403315700904,0.470361488390815,0.8613219751187771,0.779476801941211,0.9286493393866039,0.949489694385217,0.05051030561478318,0.15023208915784778,0.10800341623169187,0.04321432177838785,0.2252909441876171,0.010105040363658203,0.41864097533439815,0.17448183232233377,0.14193493227431017,0.06394257716133933,0.25972039771796257,0.2308003541638666,0.214252813827957,0.1317243961500978,0.316749191215089,0.42623414717327746,0.4257746278524343,0.4170472742983427,0.4348542632139564,0.2011882309762471,1.0713922492301395,6208.762250249392,3806.1361572356022,10438.136434149432,0.2,UB&PB,90293
0,0.0,0.0,0.0,0.0,0.0,0.0,0.0,0.0,0.0,0.0,0.0,0.0,0.0,0.0,0.0,0.0,0.0,0.0,0.0,0.0,0.0,0.0,0.0,0.0,0.0,0.0,0.0,0.0,0.0,0.0,0.0,0.0,0.0,0.0,0.0,0.25,UB&PB,90293
2500,0.9526619650033802,0.8195885010477869,0.6610611664086711,0.9107513072478095,0.28358073538258094,0.18607123693896346,0.39941111351289216,0.8543841127421015,0.7621186008978024,0.9254466440091864,0.9497889125799577,0.0502110874200426,0.1305107288604319,0.06642553393082723,0.01767476383584835,0.2029350986053831,0.0035818787937868727,0.4383024260983823,0.13552604830621717,0.07414814996337227,0.02040137649615852,0.2118960617941043,0.22558646711763006,0.20082265918665185,0.10181071628048702,0.33990228422654784,0.4163560256069129,0.4159080303333638,0.41143411168803273,0.4206162568373959,0.13001095785031475,0.29887039326378984,36536.11482240406,17721.641648237466,77831.83292425628,0.25,UB&PB,90293
0,0.0,0.0,0.0,0.0,0.0,0.0,0.0,0.0,0.0,0.0,0.0,0.0,0.0,0.0,0.0,0.0,0.0,0.0,0.0,0.0,0.0,0.0,0.0,0.0,0.0,0.0,0.0,0.0,0.0,0.0,0.0,0.0,0.0,0.0,0.0,0.3,UB&PB,90293
2500,0.9663012350434486,0.6547404359157627,0.506246494966738,0.800164473850325,0.11284508755560087,0.0620606992526257,0.1829598019932457,0.7939309003034635,0.7057229494921496,0.8765269938026946,0.9307690120824458,0.06923098791755511,0.17836604201155734,0.13680069245072765,0.047744788888150674,0.28313965979233563,0.00836903628279968,0.45950646368416603,0.1939939032846586,0.16090301062256201,0.06152267418791921,0.30593805373746163,0.28690836301797373,0.29110949707903494,0.16387211200180873,0.4085506754971618,0.4169954526476113,0.41665753766707087,0.41078538844763096,0.4227548213879096,0.1471812351525104,0.32457870955105833,7343.18973210733,2912.966582309503,22204.22509291706,0.3,UB&PB,90293
0,0.0,0.0,0.0,0.0,0.0,0.0,0.0,0.0,0.0,0.0,0.0,0.0,0.0,0.0,0.0,0.0,0.0,0.0,0.0,0.0,0.0,0.0,0.0,0.0,0.0,0.0,0.0,0.0,0.0,0.0,0.0,0.0,0.0,0.0,0.0,0.35,UB&PB,90293
2500,0.9833930417817006,0.6985466641187112,0.5298571548265317,0.8303746848125358,0.06500212734282854,0.02978847115739571,0.11467573973887063,0.7845922006780902,0.6769042246548738,0.8894770660438672,0.9064705046197582,0.09352949538024163,0.20352391844724174,0.17538823605965156,0.06734337514109583,0.32027595526070757,0.014425196614750533,0.4727167469480272,0.21795281111149625,0.19638609205738675,0.08225796150522928,0.34128567468436205,0.3198207010420587,0.3425975160517213,0.20249277884804098,0.43574049216431515,0.4236381545616983,0.423348343038204,0.4184817225729535,0.42839771797091264,0.16881689344618264,0.7082940246501543,5783.805725185667,2278.040030249375,18399.22901800793,0.35,UB&PB,90293
0,0.0,0.0,0.0,0.0,0.0,0.0,0.0,0.0,0.0,0.0,0.0,0.0,0.0,0.0,0.0,0.0,0.0,0.0,0.0,0.0,0.0,0.0,0.0,0.0,0.0,0.0,0.0,0.0,0.0,0.0,0.0,0.0,0.0,0.0,0.0,0.4,UB&PB,90293
2500,0.9846622280307092,0.7986567415780822,0.6832981019309261,0.9000393761487059,0.057554318795643974,0.02513161876407665,0.10296714629652916,0.7809831931305715,0.6589603566898318,0.8807010126879485,0.9066808813077456,0.09331911869225304,0.1980734305191854,0.16439122597491698,0.054923390615372755,0.3219264055929637,0.011205468690126077,0.4771699754403886,0.20682091614556677,0.17772980340482378,0.06370122647247924,0.3340379003469759,0.3136349306826136,0.33300280817258837,0.18424849585614658,0.4404609053647491,0.4165502443236974,0.4162620379484086,0.4121663340653146,0.42053283626441273,0.07698868593687475,0.3601970035184033,11820.01218438021,4059.773005675962,42866.15539916711,0.4,UB&PB,90293
0,0.0,0.0,0.0,0.0,0.0,0.0,0.0,0.0,0.0,0.0,0.0,0.0,0.0,0.0,0.0,0.0,0.0,0.0,0.0,0.0,0.0,0.0,0.0,0.0,0.0,0.0,0.0,0.0,0.0,0.0,0.0,0.0,0.0,0.0,0.0,0.45,UB&PB,90293
2500,1.0016247928362627,0.7773538856458254,0.6436890797034356,0.8915169780030834,0.05107973909468173,0.021950822983317436,0.0911038012976257,0.6886759982532706,0.57507977172898,0.7999660770419915,0.8790987917555086,0.12090120824449177,0.2232101901289474,0.20270343769403157,0.08381920384257846,0.3531811083116358,0.020313476942663482,0.48266576897016933,0.234283818230584,0.21745826391077427,0.09721919353975907,0.366027644232197,0.33549463581427424,0.36221052929337105,0.22326401059682616,0.4463901845236779,0.4211670567435541,0.4209124753592932,0.4166263018010949,0.42532788180749026,0.20291069484411017,0.4940542751607328,8655.428603046748,3010.2715323661714,32659.16473972355,0.45,UB&PB,90293
0,0.0,0.0,0.0,0.0,0.0,0.0,0.0,0.0,0.0,0.0,0.0,0.0,0.0,0.0,0.0,0.0,0.0,0.0,0.0,0.0,0.0,0.0,0.0,0.0,0.0,0.0,0.0,0.0,0.0,0.0,0.0,0.0,0.0,0.0,0.0,0.5,UB&PB,90293
2500,1.0146941705022512,0.8311727920561427,0.7372653660014656,0.9047687623937091,0.04159980395933235,0.016163137289713116,0.07922114606220115,0.7634797523363739,0.6539795556029275,0.8615393651375628,0.8667818052594167,0.1332181947405829,0.2296665514458296,0.20821988626441482,0.08391580203315092,0.3713982996274663,0.01812282366146961,0.4962750151466299,0.23823554483172085,0.21881877297448604,0.0946051794720948,0.3793647291139928,0.34127704871853554,0.36859984341722357,0.22183956466945787,0.4567652063657105,0.4234392343791322,0.4231682899291561,0.41930035395831305,0.4271746006844466,0.24168029795312249,0.7906896971013516,13293.17042177047,4189.984976569469,53902.03843765106,0.5,UB&PB,90293
0,0.0,0.0,0.0,0.0,0.0,0.0,0.0,0.0,0.0,0.0,0.0,0.0,0.0,0.0,0.0,0.0,0.0,0.0,0.0,0.0,0.0,0.0,0.0,0.0,0.0,0.0,0.0,0.0,0.0,0.0,0.0,0.0,0.0,0.0,0.0,0.55,UB&PB,90293
2500,1.0233470291806717,0.8273240501334387,0.7284607162481166,0.9074882538098344,0.034221400806510975,0.012882288432625254,0.06525845621291719,0.633861876104948,0.49703075577282035,0.7662002157678854,0.8127846481876324,0.1872153518123667,0.24983373028161435,0.24176876045488507,0.11585328333829047,0.38550559237653026,0.02791461796785858,0.49192094269425096,0.2591498732348568,0.2525309438525309,0.12971804123503206,0.3917393103639673,0.35281658697566487,0.38268385350449596,0.2535007028468973,0.45062988151305206,0.4148546278978847,0.4145619293689515,0.4106334435696281,0.4186527983572643,0.12242749056476912,0.5060728387894323,10145.93768212955,3170.618171454055,44531.30493182849,0.55,UB&PB,90293
0,0.0,0.0,0.0,0.0,0.0,0.0,0.0,0.0,0.0,0.0,0.0,0.0,0.0,0.0,0.0,0.0,0.0,0.0,0.0,0.0,0.0,0.0,0.0,0.0,0.0,0.0,0.0,0.0,0.0,0.0,0.0,0.0,0.0,0.0,0.0,0.6,UB&PB,90293
2500,1.0389779470189773,0.7879844972097613,0.6670956344101162,0.8863637738804122,0.031306185444892005,0.011378908987570484,0.06056692613755235,0.7141658072166008,0.5769917979374002,0.8097434355979188,0.7875934612651048,0.2124065387348967,0.2604312662898422,0.25044910130236475,0.1347435291224393,0.39594244286472713,0.032194907644428596,0.4950886992426214,0.2711165006099521,0.2634071821300376,0.15132659548739494,0.4007458749759856,0.3583240023180312,0.38749807899928146,0.26790651020606704,0.44917084010810865,0.41329385509682043,0.4130154681172768,0.40890113972587855,0.41724381272358335,0.32629092729373405,0.6157118181045068,7715.670702365745,2488.0902776537337,33418.33725477396,0.6,UB&PB,90293
0,0.0,0.0,0.0,0.0,0.0,0.0,0.0,0.0,0.0,0.0,0.0,0.0,0.0,0.0,0.0,0.0,0.0,0.0,0.0,0.0,0.0,0.0,0.0,0.0,0.0,0.0,0.0,0.0,0.0,0.0,0.0,0.0,0.0,0.0,0.0,0.65,UB&PB,90293
2500,1.057675296704874,0.876677753995984,0.7970929201320304,0.9366616601495631,0.030975161994273654,0.011040243554847019,0.06056499752616579,0.6425387572372705,0.5216658157471892,0.7679030277416946,0.5880362473347552,0.4119637526652452,0.2858868548511146,0.28252619213090835,0.1633085052884571,0.4150950933153655,0.047287643277609814,0.522299728301276,0.29335623460296695,0.2917039254458529,0.17427106533312453,0.41766800407765625,0.38180306310685896,0.40519748378766157,0.29781683725522856,0.4679366613671554,0.42249356743399347,0.42223841591523537,0.418557030685478,0.42603920545903295,0.130624062788189,0.6467569443308048,12385.409581445432,3352.0300558525814,61334.50287518526,0.65,UB&PB,90293
0,0.0,0.0,0.0,0.0,0.0,0.0,0.0,0.0,0.0,0.0,0.0,0.0,0.0,0.0,0.0,0.0,0.0,0.0,0.0,0.0,0.0,0.0,0.0,0.0,0.0,0.0,0.0,0.0,0.0,0.0,0.0,0.0,0.0,0.0,0.0,0.7,UB&PB,90293
2500,1.0776735091615317,0.8486093131870613,0.7439902802325163,0.9211396937379339,0.02821297847677763,0.009819706464341256,0.05490590500901648,0.7284276560645785,0.584637715377851,0.8619392737039648,0.5783077469793887,0.4216922530206112,0.29878776619652603,0.30176706925547997,0.1848093305025617,0.41712808310901434,0.058902958181612126,0.5249186213627071,0.30743720215898795,0.313964078556394,0.19758776314850532,0.41971249756472406,0.3844593324124792,0.4063051456242272,0.30679334221834004,0.4629724535723051,0.4203267128710814,0.4200438239188156,0.41614618877891446,0.4240809577005399,0.7232791679838786,1.0119342825020876,9176.05681025343,2553.0191518893594,45335.035505966225,0.7,UB&PB,90293
0,0.0,0.0,0.0,0.0,0.0,0.0,0.0,0.0,0.0,0.0,0.0,0.0,0.0,0.0,0.0,0.0,0.0,0.0,0.0,0.0,0.0,0.0,0.0,0.0,0.0,0.0,0.0,0.0,0.0,0.0,0.0,0.0,0.0,0.0,0.0,0.75,UB&PB,90293
2500,1.0926883969057368,0.8511660164512815,0.7682525820867041,0.9222209710727233,0.028562294721534723,0.009955020856400085,0.05626052254128721,0.6839861019911316,0.550186639907776,0.8048254560118516,0.28610874200426456,0.713891257995736,0.3220995744646334,0.336997359835844,0.22343690144308984,0.4210672784323743,0.08498429126913036,0.534660828572874,0.3298441498562055,0.346890007545852,0.23347938704057183,0.42398880293505825,0.4009024077516999,0.4139022849306197,0.3452903182900656,0.4606636006527815,0.4190543842740415,0.4188075857698055,0.4149834677303036,0.42274884014812436,0.029340469992079985,0.5608741761463244,9542.786228923727,2343.0182188552526,50283.34379098258,0.75,UB&PB,90293
0,0.0,0.0,0.0,0.0,0.0,0.0,0.0,0.0,0.0,0.0,0.0,0.0,0.0,0.0,0.0,0.0,0.0,0.0,0.0,0.0,0.0,0.0,0.0,0.0,0.0,0.0,0.0,0.0,0.0,0.0,0.0,0.0,0.0,0.0,0.0,0.8,UB&PB,90293
2500,1.1193394079648777,0.8827032192594916,0.7850864971387751,0.9449570160013643,0.027850289249037964,0.009556610760769612,0.055029657901409595,0.7229193729240629,0.5853058358924842,0.8438556465086041,0.20678322672352517,0.7932167732764747,0.34568491229055043,0.3700425997613135,0.2510370113615189,0.43279164874597964,0.11335797786167116,0.5526666807959414,0.35239121104154547,0.3756988328250051,0.26020218482679724,0.4362431937685081,0.4147264697607207,0.42457416068185705,0.36140682022803994,0.4705050743936085,0.4281463067120701,0.42794183209055286,0.42424195326366143,0.43176947022623263,0.25394890175506185,0.7564782281015267,10420.682739333353,2402.8025025841293,56738.87237006069,0.8,UB&PB,90293
0,0.0,0.0,0.0,0.0,0.0,0.0,0.0,0.0,0.0,0.0,0.0,0.0,0.0,0.0,0.0,0.0,0.0,0.0,0.0,0.0,0.0,0.0,0.0,0.0,0.0,0.0,0.0,0.0,0.0,0.0,0.0,0.0,0.0,0.0,0.0,0.85,UB&PB,90293
2500,1.1384364613752749,0.8603906688694983,0.7506763715459053,0.9372025347168402,0.028296990554172462,0.009782727715512187,0.05557007395404398,0.6320432305195467,0.49367507828608326,0.7411382650856081,0.186037668798863,0.8139623312011368,0.3656228862935842,0.3913448037786149,0.2912601119724967,0.4327531228555503,0.1534705871948285,0.5489853431320668,0.37211967321488537,0.3939311616447286,0.3010470088768514,0.4371546972659246,0.41484038275377505,0.4218223165160306,0.36783137889013473,0.46367718763415366,0.4241889698474295,0.42381330898958797,0.4200875895572801,0.4277234373483381,0.4317896796933638,0.9703157408729179,8609.073094835085,2092.698425457052,45804.24176656508,0.85,UB&PB,90293
0,0.0,0.0,0.0,0.0,0.0,0.0,0.0,0.0,0.0,0.0,0.0,0.0,0.0,0.0,0.0,0.0,0.0,0.0,0.0,0.0,0.0,0.0,0.0,0.0,0.0,0.0,0.0,0.0,0.0,0.0,0.0,0.0,0.0,0.0,0.0,0.9,UB&PB,90293
2500,1.146624741505603,0.8574115497572643,0.762863410467601,0.9303526492928138,0.0283584524205711,0.009720780982689414,0.0557434394799738,0.5763505665232975,0.46846867067351344,0.7074819823349835,0.14568372423596293,0.8543162757640376,0.37297305686616306,0.3945941591527961,0.3139467352397347,0.42891521844716957,0.1686490428302681,0.5490027418659587,0.37848517257336034,0.3948657458042155,0.32273189056975277,0.43365588255398585,0.4108174175225746,0.4159126895938679,0.36469526343753855,0.45858488563839256,0.4173320081784903,0.41704965157345175,0.41326117729555184,0.4209599283686015,0.3669936288229839,0.806321349233691,8339.660625393264,2001.4415075265474,44528.760635071885,0.9,UB&PB,90293
0,0.0,0.0,0.0,0.0,0.0,0.0,0.0,0.0,0.0,0.0,0.0,0.0,0.0,0.0,0.0,0.0,0.0,0.0,0.0,0.0,0.0,0.0,0.0,0.0,0.0,0.0,0.0,0.0,0.0,0.0,0.0,0.0,0.0,0.0,0.0,0.95,UB&PB,90293
2500,1.1602378514215814,0.8825176633539905,0.7980101901953957,0.9429890750290516,0.0284089230035898,0.009792317911854398,0.05607211218681988,0.6985442992856316,0.5871250718856319,0.7985537304691365,0.13252736318407962,0.8674726368159209,0.3822523398145562,0.398715994225042,0.33160798514047723,0.4309230874015859,0.18811810318551095,0.5536590614357829,0.3863393013745819,0.39755921463530236,0.3381771680993468,0.4349626893709611,0.41051790063726473,0.41537315102157596,0.3605802648142394,0.46054698709709,0.41700938211198746,0.41674257095696515,0.4130406723591658,0.42055352477934665,0.6372123619995271,1.022803543469547,9912.063073655236,2222.3367077366233,55166.76551204124,0.95,UB&PB,90293
0,0.0,0.0,0.0,0.0,0.0,0.0,0.0,0.0,0.0,0.0,0.0,0.0,0.0,0.0,0.0,0.0,0.0,0.0,0.0,0.0,0.0,0.0,0.0,0.0,0.0,0.0,0.0,0.0,0.0,0.0,0.0,0.0,0.0,0.0,0.0,0.05,UB&PB,56471
2500,0.9171784297342856,0.6975705250503134,0.5408739950482826,0.817719247066633,0.8585880529292781,0.7531294291793099,0.9301984047276729,0.8978164669862599,0.8150428096311311,0.9560412431043269,0.9524982231698647,0.04750177683013506,0.0822715875089317,0.018416007572270462,0.0019554944349700304,0.10521778163156235,3.386358733150748e-5,0.3845210741928149,0.08657322687921745,0.02116931873342108,0.0023423902695980346,0.11448662827907062,0.14741511477837274,0.09622183187794495,0.03225659951624589,0.22704247830998683,0.42078420913889536,0.42038653588943636,0.4151623155280316,0.4258603013818376,0.06830523566664932,0.39401328880621944,25366.003780358886,13585.138455210485,47103.33206771431,0.05,UB&PB,56471
0,0.0,0.0,0.0,0.0,0.0,0.0,0.0,0.0,0.0,0.0,0.0,0.0,0.0,0.0,0.0,0.0,0.0,0.0,0.0,0.0,0.0,0.0,0.0,0.0,0.0,0.0,0.0,0.0,0.0,0.0,0.0,0.0,0.0,0.0,0.0,0.1,UB&PB,56471
2500,0.9348097039704049,0.37079195601858445,0.22686955948132037,0.5012703413529879,0.6113086104355373,0.47526986780394986,0.7630958511703986,0.884208979802276,0.7969560860174332,0.9497682090875902,0.9575394456289977,0.042460554371002185,0.09827881650693047,0.04808661799556834,0.016612202061286146,0.13731807889450337,0.0034114703430445483,0.3560392455649467,0.11868817015726765,0.07088143431983203,0.026978363033216123,0.17346399153098394,0.15169570069626137,0.11825134454821735,0.07042341929560152,0.20066216004670073,0.42174098733596005,0.42120671692360395,0.40833729946165187,0.43462664809075496,0.009347939114606551,0.7778881850973947,3216.450938380048,2187.8911033550685,4861.911805469444,0.1,UB&PB,56471
0,0.0,0.0,0.0,0.0,0.0,0.0,0.0,0.0,0.0,0.0,0.0,0.0,0.0,0.0,0.0,0.0,0.0,0.0,0.0,0.0,0.0,0.0,0.0,0.0,0.0,0.0,0.0,0.0,0.0,0.0,0.0,0.0,0.0,0.0,0.0,0.15,UB&PB,56471
2500,0.9445736722705116,0.34238642890587273,0.22489318759174198,0.4972003670256419,0.4993889631082143,0.3546455939958808,0.6495455321790667,0.876980561724065,0.778669108867026,0.9425052525347566,0.960453447050462,0.03954655294953799,0.11725201870505608,0.0708307172267134,0.024774581691696284,0.17175462736154518,0.004586716116573427,0.37740682013374705,0.14482862005966426,0.10563658513131206,0.04260488513746888,0.21456951513765138,0.17447195247715552,0.14690737713412033,0.09556949614772088,0.22633519464075882,0.4178985783903003,0.4172218712897533,0.4020996470189655,0.4328555624936118,0.027992059696806026,0.4268602924474822,2995.9170762786757,1963.1953715867178,4719.40925016784,0.15,UB&PB,56471
0,0.0,0.0,0.0,0.0,0.0,0.0,0.0,0.0,0.0,0.0,0.0,0.0,0.0,0.0,0.0,0.0,0.0,0.0,0.0,0.0,0.0,0.0,0.0,0.0,0.0,0.0,0.0,0.0,0.0,0.0,0.0,0.0,0.0,0.0,0.0,0.2,UB&PB,56471
2500,0.9608936778648116,0.449067076046934,0.2928452832378051,0.6041397731750334,0.4320796597225613,0.3322767398474754,0.5358766127192542,0.8302641029983914,0.7349757815936192,0.9110232710784882,0.958174129353233,0.04182587064676618,0.12559962527792032,0.08030648825873285,0.029869904175416323,0.18885990240284278,0.006690583937716561,0.3801466663629207,0.14747538747913114,0.10904376551620375,0.04532525043185797,0.2228101052923084,0.19271727402394773,0.17019772388930793,0.10615660999497073,0.2599840851289837,0.426046042940041,0.4254744873127377,0.4157808965579512,0.435659754080474,0.10279641036406421,0.27311039482241867,3175.7311488099153,2152.5460563835222,4977.581196454184,0.2,UB&PB,56471
0,0.0,0.0,0.0,0.0,0.0,0.0,0.0,0.0,0.0,0.0,0.0,0.0,0.0,0.0,0.0,0.0,0.0,0.0,0.0,0.0,0.0,0.0,0.0,0.0,0.0,0.0,0.0,0.0,0.0,0.0,0.0,0.0,0.0,0.0,0.0,0.25,UB&PB,56471
2500,0.9671079207970056,0.46727354979084806,0.361792371310557,0.5738213725721446,0.1614891606790142,0.1039485258261848,0.23556698380437952,0.8370283700753104,0.7515687215582877,0.9056011837633254,0.9387775408670934,0.061222459132906845,0.1793620643011429,0.14596324399377447,0.06247744142182105,0.2732503445510479,0.014893700287682781,0.43801750102004733,0.20730934778687568,0.18581099859324185,0.0890009752724612,0.3114445179736563,0.27239236735470373,0.2703120071368466,0.17012400845039505,0.37151364905419737,0.4122664663086731,0.41177452320004765,0.40348123384758516,0.42045662081518975,0.7064365840968594,1.0802262601857222,2203.5887672017902,1272.5996748652751,4499.187197420668,0.25,UB&PB,56471
0,0.0,0.0,0.0,0.0,0.0,0.0,0.0,0.0,0.0,0.0,0.0,0.0,0.0,0.0,0.0,0.0,0.0,0.0,0.0,0.0,0.0,0.0,0.0,0.0,0.0,0.0,0.0,0.0,0.0,0.0,0.0,0.0,0.0,0.0,0.0,0.3,UB&PB,56471
2500,0.9644746626668463,0.6980549117877984,0.524007457704344,0.8244635986225134,0.1314961472093203,0.07583573850342318,0.2034101345516575,0.8386638717121564,0.740234657863507,0.914795270458757,0.9274200426439241,0.07257995735607675,0.16848896205946934,0.12158977636063435,0.040835679053669374,0.26787118405969146,0.008256965856059825,0.4526539745031063,0.1824118228274526,0.142530658573322,0.05318931028795076,0.287658117704619,0.2742575207973001,0.2709498986796009,0.15143043488339744,0.396506369555321,0.4153855118032296,0.41504068440202047,0.40911311578281695,0.4211796449282646,0.1321832495055391,0.3664355624754275,9327.42119484937,3720.2108318618957,27272.094534402106,0.3,UB&PB,56471
0,0.0,0.0,0.0,0.0,0.0,0.0,0.0,0.0,0.0,0.0,0.0,0.0,0.0,0.0,0.0,0.0,0.0,0.0,0.0,0.0,0.0,0.0,0.0,0.0,0.0,0.0,0.0,0.0,0.0,0.0,0.0,0.0,0.0,0.0,0.0,0.35,UB&PB,56471
2500,0.9757536518654415,0.7227536909529372,0.5783128454181757,0.8459526048562566,0.06961644130258053,0.0323316962866153,0.12134011131390299,0.7636251489214233,0.6392112540886515,0.8615305245959095,0.9206048329779679,0.07939516702203278,0.19470631169673655,0.16170111716490404,0.056362030674851626,0.3106979764357951,0.01237622568094636,0.4707736763735534,0.20713763782495684,0.180551489777407,0.0684903536449289,0.32812463327693575,0.30870915868507404,0.32740021165108363,0.18192071528126613,0.4319656605469934,0.4168598360867236,0.4165319075668837,0.41186393807626276,0.42137253123894924,0.06288809647254405,0.3405002297650582,8015.996060880422,2976.052452505833,26732.998648990386,0.35,UB&PB,56471
0,0.0,0.0,0.0,0.0,0.0,0.0,0.0,0.0,0.0,0.0,0.0,0.0,0.0,0.0,0.0,0.0,0.0,0.0,0.0,0.0,0.0,0.0,0.0,0.0,0.0,0.0,0.0,0.0,0.0,0.0,0.0,0.0,0.0,0.0,0.0,0.4,UB&PB,56471
2500,0.9759732650392867,0.7798359336875984,0.6440318186642304,0.8938967597587509,0.08046743306253748,0.036415859264580686,0.14368994907931165,0.7964252841636195,0.6761003672225617,0.8928602797107307,0.919734896943852,0.08026510305614802,0.18037789844150315,0.13894805206715655,0.045091678829964066,0.2970068705624794,0.007629950170538305,0.4573951943512358,0.1891039638515852,0.15235036950645667,0.053615731596398326,0.30943598502826325,0.28945264026199274,0.2962038162314616,0.16417349094724354,0.4146590041107301,0.40395826180320865,0.4036744464020789,0.39922698494873654,0.40819820505506166,0.5724955498465812,0.805947771602154,13962.057277511689,4946.710708259134,45503.30789815995,0.4,UB&PB,56471
0,0.0,0.0,0.0,0.0,0.0,0.0,0.0,0.0,0.0,0.0,0.0,0.0,0.0,0.0,0.0,0.0,0.0,0.0,0.0,0.0,0.0,0.0,0.0,0.0,0.0,0.0,0.0,0.0,0.0,0.0,0.0,0.0,0.0,0.0,0.0,0.45,UB&PB,56471
2500,0.9999915704990877,0.8708712136400238,0.7611175573269988,0.9421396112165122,0.04706755615639147,0.019083603517748963,0.08776008031661003,0.8279008914907849,0.6793550663578418,0.9294783472261835,0.8774171997157076,0.12258280028429297,0.21350530986521576,0.18381689153279765,0.061714380635275005,0.3530898365751808,0.013458319726915692,0.4949058896375549,0.22049725551734956,0.19395930777402912,0.06875333415397725,0.3622303742932044,0.33219370085833677,0.35628137277607064,0.20368580516134166,0.456679479162662,0.42749177392436066,0.42721750192894964,0.4234543291836602,0.43109813360795873,0.0765705134079805,0.4860620269583563,15995.737070191668,4995.030479560581,64040.88703560965,0.45,UB&PB,56471
0,0.0,0.0,0.0,0.0,0.0,0.0,0.0,0.0,0.0,0.0,0.0,0.0,0.0,0.0,0.0,0.0,0.0,0.0,0.0,0.0,0.0,0.0,0.0,0.0,0.0,0.0,0.0,0.0,0.0,0.0,0.0,0.0,0.0,0.0,0.0,0.5,UB&PB,56471
2500,1.0116062884766315,0.8472255073759741,0.7353670789725889,0.9246134867138069,0.04044726345651263,0.015685334103750025,0.0770855275796691,0.7522362418347439,0.6278103939495155,0.8508953854380858,0.8583361762615499,0.1416638237384505,0.22779642129656255,0.2077158551604999,0.08354203562711819,0.3673982821611789,0.01868015307450388,0.49178071846326377,0.23612980728975894,0.21800887058105478,0.09385342322171028,0.37570888429333155,0.33967233345662456,0.36787167685274397,0.22381378116312062,0.4524993690387137,0.4188474812013107,0.4185537877043422,0.4146322680251182,0.4226076555516195,0.22819007712004402,0.45990748008582844,12593.880686675477,3933.7358862756214,52509.62245637931,0.5,UB&PB,56471
0,0.0,0.0,0.0,0.0,0.0,0.0,0.0,0.0,0.0,0.0,0.0,0.0,0.0,0.0,0.0,0.0,0.0,0.0,0.0,0.0,0.0,0.0,0.0,0.0,0.0,0.0,0.0,0.0,0.0,0.0,0.0,0.0,0.0,0.0,0.0,0.55,UB&PB,56471
2500,1.0163057141621663,0.8510051861704251,0.7465889849334716,0.923956894671527,0.03853369371636018,0.014935239122846005,0.07352472933941481,0.7695904130945882,0.644435686480442,0.8695920412865598,0.8598557213930345,0.1401442786069651,0.23006764612968103,0.21055882803287337,0.08695385105240662,0.3746580579526251,0.017923893240325922,0.4866674542858,0.2378732255388281,0.21998231901421325,0.09814426064328975,0.3805618643359051,0.3375704329796816,0.36543077902846005,0.22488749844717018,0.4470210399382301,0.4126978927009638,0.4124087484293048,0.40853486975302666,0.41642802815796215,0.18665455353582386,0.520908045582367,12530.331609169407,3914.6518836577134,52331.98833118308,0.55,UB&PB,56471
0,0.0,0.0,0.0,0.0,0.0,0.0,0.0,0.0,0.0,0.0,0.0,0.0,0.0,0.0,0.0,0.0,0.0,0.0,0.0,0.0,0.0,0.0,0.0,0.0,0.0,0.0,0.0,0.0,0.0,0.0,0.0,0.0,0.0,0.0,0.0,0.6,UB&PB,56471
2500,1.0354036817023138,0.829420858912135,0.7322636438228555,0.9104719579550251,0.0321172739215872,0.011611785363883706,0.06271945605382932,0.7158381003034925,0.5778478488153804,0.8427559185138961,0.7733475479744129,0.22665245202558645,0.25776278120497137,0.24678052934971292,0.1252914161517173,0.39877934412324667,0.027943810421772717,0.5001661863260515,0.2672957862272908,0.25849612952065876,0.1397614219623301,0.4032687058956503,0.3601676147512361,0.3891469554905474,0.266702081206923,0.45457158737468023,0.41801358996035515,0.41770192282327356,0.41376343339906746,0.4218141829602824,0.18481403059692966,0.4092012402733402,10537.659485187947,3198.3870719121237,47073.62160225814,0.6,UB&PB,56471
0,0.0,0.0,0.0,0.0,0.0,0.0,0.0,0.0,0.0,0.0,0.0,0.0,0.0,0.0,0.0,0.0,0.0,0.0,0.0,0.0,0.0,0.0,0.0,0.0,0.0,0.0,0.0,0.0,0.0,0.0,0.0,0.0,0.0,0.0,0.0,0.65,UB&PB,56471
2500,1.0545305618083336,0.8778257638063687,0.792029183674293,0.9415723728757791,0.030504803890214833,0.010798541947492657,0.059863834094176824,0.6717641177816053,0.5490527700220995,0.7997779855689164,0.6639879175550826,0.33601208244491815,0.27914042718941123,0.2725255982727629,0.15375989536586174,0.4119677089887576,0.044165919987460354,0.5156650233943295,0.2863342791610831,0.28150990091758943,0.16440086489474318,0.41450972270421366,0.37470748147026733,0.3997351086062231,0.28614662074823827,0.46450223936971424,0.4205744266397302,0.42031035170525105,0.41663082166379933,0.424131789879241,0.1406207596367806,0.5924402078618396,12863.48784575278,3593.5810633598253,62380.253020413846,0.65,UB&PB,56471
0,0.0,0.0,0.0,0.0,0.0,0.0,0.0,0.0,0.0,0.0,0.0,0.0,0.0,0.0,0.0,0.0,0.0,0.0,0.0,0.0,0.0,0.0,0.0,0.0,0.0,0.0,0.0,0.0,0.0,0.0,0.0,0.0,0.0,0.0,0.0,0.7,UB&PB,56471
2500,1.0683297537704592,0.8722325430181126,0.7569163342702683,0.9410021725346759,0.03069079514221281,0.01107311013999227,0.059276382378110254,0.5638729986050893,0.45533122071038684,0.6979058613185819,0.5357093105899072,0.46429068941009205,0.2993019429482363,0.30377073767631213,0.19148849802063767,0.41199000926100937,0.06530290571573738,0.514757890094191,0.3068480831737251,0.31291292221000505,0.2028678260358746,0.4144492487026856,0.3824455503380279,0.4015065604052477,0.31012474135929596,0.4579697113707064,0.4131302960483159,0.41285024582420254,0.40906104281407296,0.41681842480540804,0.18263641612438336,0.4456989403192413,10304.428555402981,2854.7266637588405,50544.82793154614,0.7,UB&PB,56471
0,0.0,0.0,0.0,0.0,0.0,0.0,0.0,0.0,0.0,0.0,0.0,0.0,0.0,0.0,0.0,0.0,0.0,0.0,0.0,0.0,0.0,0.0,0.0,0.0,0.0,0.0,0.0,0.0,0.0,0.0,0.0,0.0,0.0,0.0,0.0,0.75,UB&PB,56471
2500,1.0946026511018465,0.8634767158934281,0.7682465919803161,0.9346239968386312,0.027589590090467957,0.009456397786660452,0.05420498483033004,0.5786518398618098,0.46720136918794747,0.7066366588991126,0.30259488272921065,0.6974051172707888,0.3264025998429035,0.33922659169368086,0.2321732631536012,0.4195953764796865,0.09768148909840697,0.5359260636301718,0.33383275147541464,0.3478655544271655,0.24235548768514067,0.42238976270972056,0.39946738898214257,0.4123085767861101,0.34216179745560116,0.46010850686311705,0.41689616980209193,0.4166248918125972,0.4128702421419738,0.42049983492432974,0.34183196817183137,0.7401756415557976,9877.754367565738,2422.0181364538826,52439.395476673155,0.75,UB&PB,56471
0,0.0,0.0,0.0,0.0,0.0,0.0,0.0,0.0,0.0,0.0,0.0,0.0,0.0,0.0,0.0,0.0,0.0,0.0,0.0,0.0,0.0,0.0,0.0,0.0,0.0,0.0,0.0,0.0,0.0,0.0,0.0,0.0,0.0,0.0,0.0,0.8,UB&PB,56471
2500,1.1174802055422495,0.9035552213109826,0.8305100343129328,0.9562981185435263,0.02849892150337217,0.009904163389983116,0.05603788383457435,0.7123671614803956,0.6050403586836411,0.8257901043794186,0.24155223880596993,0.7584477611940299,0.34335853841297165,0.3658269273307574,0.24522146017415314,0.4335567225146069,0.1088007429904518,0.5554088199571063,0.3494655384650492,0.3711531403185136,0.25358507083795323,0.4364652127505225,0.4135794690147847,0.42469503289691024,0.3539883686600925,0.4752970095298558,0.42896720280130135,0.42871731499144994,0.42510143583093624,0.4324504118087594,0.800717376543834,1.0090325548743448,12329.562394615945,2776.1196857144587,68389.21994206503,0.8,UB&PB,56471
0,0.0,0.0,0.0,0.0,0.0,0.0,0.0,0.0,0.0,0.0,0.0,0.0,0.0,0.0,0.0,0.0,0.0,0.0,0.0,0.0,0.0,0.0,0.0,0.0,0.0,0.0,0.0,0.0,0.0,0.0,0.0,0.0,0.0,0.0,0.0,0.85,UB&PB,56471
2500,1.130712484979718,0.8933276120156882,0.8132714204691641,0.9514787441631576,0.028338615981332037,0.009704472496602869,0.05581035505611212,0.6503440797409028,0.4895201914543958,0.8011828680813302,0.1689147121535183,0.8310852878464817,0.35812490879899406,0.38413458545345625,0.2766229308344769,0.42980892264276116,0.13970612275546704,0.5524384088239417,0.36376772486498016,0.38652369897532735,0.28550380499647954,0.4333624658309699,0.4126552943132855,0.419935221240867,0.36052241454397305,0.46616701852913517,0.4223517757636219,0.4220606879638735,0.41839870781286514,0.4258604305097393,0.4508474587943934,0.8605113710172172,11031.156603415096,2432.1122583652987,62222.84747509471,0.85,UB&PB,56471
0,0.0,0.0,0.0,0.0,0.0,0.0,0.0,0.0,0.0,0.0,0.0,0.0,0.0,0.0,0.0,0.0,0.0,0.0,0.0,0.0,0.0,0.0,0.0,0.0,0.0,0.0,0.0,0.0,0.0,0.0,0.0,0.0,0.0,0.0,0.0,0.9,UB&PB,56471
2500,1.145598396607499,0.8738045497151437,0.7782401723419863,0.9395950037802403,0.027793910975237784,0.009416447469426856,0.05515412228988901,0.7073648083730073,0.5720452832350215,0.8298579962820832,0.17628500355365995,0.8237149964463407,0.3676697178446149,0.3901524106623286,0.301576179129366,0.42871159150236465,0.15754927951501052,0.5521432288610418,0.37294694856891,0.3903131685429224,0.30992435494614673,0.43295355757206655,0.4102452797588481,0.4168966262720056,0.36042804809054224,0.4614694196503656,0.41904534022662315,0.41878963520329604,0.41505278980705856,0.4226414031430298,0.0818345341632178,0.609050735569738,9271.487613018828,2176.37522031183,50448.705488945016,0.9,UB&PB,56471
0,0.0,0.0,0.0,0.0,0.0,0.0,0.0,0.0,0.0,0.0,0.0,0.0,0.0,0.0,0.0,0.0,0.0,0.0,0.0,0.0,0.0,0.0,0.0,0.0,0.0,0.0,0.0,0.0,0.0,0.0,0.0,0.0,0.0,0.0,0.0,0.95,UB&PB,56471
2500,1.1587439583028207,0.8839194971952048,0.7900979134912864,0.9468166580094703,0.028099535113658876,0.009716322936817583,0.05530342814808579,0.8001167661534614,0.6625461144552066,0.9052015429840078,0.16531343283582087,0.8346865671641789,0.37669794067430495,0.394343042655746,0.3257929636927279,0.42706828498946375,0.18232326606750696,0.545579210432335,0.3808179668468191,0.39315439316051,0.3322142058311711,0.4310629343992639,0.4058380144985695,0.4112430031699464,0.3568092909097871,0.4552607391165638,0.41331555413551,0.41300713744198014,0.4092331996893152,0.41689669233072135,0.19791762266333554,0.9733704860115079,9331.254082316545,2191.8349307830845,50994.40079980536,0.95,UB&PB,56471
0,0.0,0.0,0.0,0.0,0.0,0.0,0.0,0.0,0.0,0.0,0.0,0.0,0.0,0.0,0.0,0.0,0.0,0.0,0.0,0.0,0.0,0.0,0.0,0.0,0.0,0.0,0.0,0.0,0.0,0.0,0.0,0.0,0.0,0.0,0.0,0.05,UB&PB,25428
2500,0.915010525249082,0.374589904922662,0.2623219779390777,0.5285744665966504,0.8010182882494136,0.6813749198365213,0.8907715346603209,0.8977892819474215,0.8245579671918685,0.9532213087090151,0.9590824449182673,0.040917555081734155,0.0820673458306506,0.023957377086750973,0.004866608397157703,0.10816418584977494,0.0004835346131296551,0.353523658164367,0.09443074811234325,0.035456350280391055,0.00788861731654604,0.1334977974521015,0.13728535985101523,0.0933722010126027,0.044509519084673925,0.19323801278339112,0.41939399701140495,0.4189341319688866,0.4081905005568933,0.4300633864675914,0.04030368131804208,0.5927251336463775,4397.756725652288,2805.894857751662,7077.919573482341,0.05,UB&PB,25428
0,0.0,0.0,0.0,0.0,0.0,0.0,0.0,0.0,0.0,0.0,0.0,0.0,0.0,0.0,0.0,0.0,0.0,0.0,0.0,0.0,0.0,0.0,0.0,0.0,0.0,0.0,0.0,0.0,0.0,0.0,0.0,0.0,0.0,0.0,0.0,0.1,UB&PB,25428
2500,0.9306770489978379,0.6271952424591514,0.3730973899817793,0.8125094770822141,0.7137645274294768,0.5858301287938025,0.8241461652171886,0.8391754000323669,0.7412519952623663,0.9167761026937588,0.955140014214641,0.04485998578535896,0.08629742515405106,0.026958547555086153,0.004305605918028631,0.1143763936648604,0.00046410382772507446,0.3754356409519475,0.09257743860827083,0.03314627769778012,0.00570991342374329,0.1273043083303805,0.147765587364501,0.10462487538485828,0.044876334339097476,0.21335198537662914,0.4225599644709136,0.42214413434810766,0.41580157176403376,0.4287923196201472,0.030071131964519146,0.30341863947580455,12194.317537863511,7416.256228799477,20533.812791107117,0.1,UB&PB,25428
0,0.0,0.0,0.0,0.0,0.0,0.0,0.0,0.0,0.0,0.0,0.0,0.0,0.0,0.0,0.0,0.0,0.0,0.0,0.0,0.0,0.0,0.0,0.0,0.0,0.0,0.0,0.0,0.0,0.0,0.0,0.0,0.0,0.0,0.0,0.0,0.15,UB&PB,25428
2500,0.9460511443282085,0.3756093283365963,0.18571792126696252,0.6052083135073227,0.5721836282188626,0.4545159217104443,0.7134554158596138,0.8721976171866295,0.78179315682773,0.9400764508902317,0.9580156361051871,0.04198436389481167,0.10148170173881582,0.05394670871637766,0.018258648671724043,0.1464177668942644,0.0037108984420864037,0.3484000848268494,0.1229659211852978,0.07964303180454518,0.030383443966968144,0.18236630683835187,0.15407805831096394,0.12560690689552964,0.07745984432444991,0.2014275365043989,0.4201030375780703,0.4192755546889346,0.4054677384401722,0.43368411998959283,0.05689000582235472,1.0817106741108977,3535.6905699722042,2428.7730972815125,5336.080900109865,0.15,UB&PB,25428
0,0.0,0.0,0.0,0.0,0.0,0.0,0.0,0.0,0.0,0.0,0.0,0.0,0.0,0.0,0.0,0.0,0.0,0.0,0.0,0.0,0.0,0.0,0.0,0.0,0.0,0.0,0.0,0.0,0.0,0.0,0.0,0.0,0.0,0.0,0.0,0.2,UB&PB,25428
2500,0.951642612241318,0.6520240012378486,0.48844225786997386,0.8193102953158502,0.7521381211836883,0.6257647279537607,0.8586356468489821,0.8094701849885202,0.6937462231256136,0.9128683299208796,0.9628216062544422,0.03717839374555794,0.08373412464155183,0.033485649174769566,0.00647685646647249,0.11685421298264406,0.0002950748263523204,0.33441742960516596,0.08912472224855846,0.03933929944913055,0.00826084409396755,0.12711187037214597,0.13703878542159395,0.10846772495347598,0.05226946529774356,0.19077845455242154,0.4134313969069094,0.4130855754066485,0.40758053713431985,0.41879890136891396,0.07340985172315416,0.31964470623844343,22021.09395570891,13834.214697881316,35838.753855805146,0.2,UB&PB,25428
0,0.0,0.0,0.0,0.0,0.0,0.0,0.0,0.0,0.0,0.0,0.0,0.0,0.0,0.0,0.0,0.0,0.0,0.0,0.0,0.0,0.0,0.0,0.0,0.0,0.0,0.0,0.0,0.0,0.0,0.0,0.0,0.0,0.0,0.0,0.0,0.25,UB&PB,25428
2500,0.9619587076035394,0.5572600346847534,0.4203322892141327,0.6972996004671769,0.1608489041258545,0.09670605693427135,0.2500908078100543,0.8396130586052226,0.7371688150952304,0.9198948322260033,0.9392025586353928,0.0607974413646055,0.17415690881124432,0.12939473043687744,0.05188379539041558,0.26945916378669804,0.013836035093972828,0.4557520201030019,0.19685456366697235,0.16155855899150998,0.07405476675900519,0.29828831719258375,0.27151078528205264,0.2605806193583203,0.1587203161736358,0.38324175202475186,0.4218946651736794,0.4215201728050304,0.4127040311421887,0.4306249060315086,0.144098456047724,0.340105720720036,8842.906749660904,3629.5793214669015,23383.209858291088,0.25,UB&PB,25428
0,0.0,0.0,0.0,0.0,0.0,0.0,0.0,0.0,0.0,0.0,0.0,0.0,0.0,0.0,0.0,0.0,0.0,0.0,0.0,0.0,0.0,0.0,0.0,0.0,0.0,0.0,0.0,0.0,0.0,0.0,0.0,0.0,0.0,0.0,0.0,0.3,UB&PB,25428
2500,0.9608223902260958,0.7740456081848837,0.6214463380689996,0.8801970789057908,0.09069194569071405,0.04442050097902617,0.15411788616677083,0.8206566807249551,0.731255316274767,0.8952373759383081,0.927517412935324,0.07248258706467658,0.1678917078825066,0.12062152482372547,0.037877452452644095,0.2676040720721502,0.007277763591639422,0.45355150243107883,0.1774953667639913,0.13569729660768634,0.04600147903141114,0.2821025931240636,0.2785463241142975,0.2806084730960979,0.1468884706738447,0.40999808160272466,0.4049122480397442,0.40452415547681414,0.39973610145779426,0.4094906921976738,0.02107170854552782,0.4021845052316441,13930.07214008908,4914.652328559531,45711.279007116726,0.3,UB&PB,25428
0,0.0,0.0,0.0,0.0,0.0,0.0,0.0,0.0,0.0,0.0,0.0,0.0,0.0,0.0,0.0,0.0,0.0,0.0,0.0,0.0,0.0,0.0,0.0,0.0,0.0,0.0,0.0,0.0,0.0,0.0,0.0,0.0,0.0,0.0,0.0,0.35,UB&PB,25428
2500,0.9884515735874322,0.5115402651153123,0.3822610605832908,0.6328220630115361,0.09561703591682899,0.049978321069738464,0.15476057370386395,0.8466438724932218,0.7467933180116689,0.9225656373398412,0.9289267945984357,0.07107320540156384,0.2106629779993578,0.1869001714905174,0.08474748439780201,0.32314173562768955,0.02126024776735627,0.4642915202536996,0.2374388995123276,0.2230777012023076,0.11480835817542782,0.3537074572609116,0.31005546740236956,0.32041081227614965,0.20686659534852533,0.4139482009635934,0.41909335187081254,0.4187227201596468,0.4114276679530555,0.4263014418395937,0.13602952379788716,0.581099492902152,2505.670536687277,1309.7646541094846,5881.66489291055,0.35,UB&PB,25428
0,0.0,0.0,0.0,0.0,0.0,0.0,0.0,0.0,0.0,0.0,0.0,0.0,0.0,0.0,0.0,0.0,0.0,0.0,0.0,0.0,0.0,0.0,0.0,0.0,0.0,0.0,0.0,0.0,0.0,0.0,0.0,0.0,0.0,0.0,0.0,0.4,UB&PB,25428
2500,0.98216910528178,0.8232432730053512,0.7175272788679299,0.9019168125247197,0.05544345659763084,0.024333113591733298,0.10396484840410068,0.8083387423560094,0.6960022663908538,0.8984391732789053,0.9035437100213212,0.09645628997867794,0.1921613918466807,0.1559586397074298,0.053100093383868396,0.3109875188772112,0.01149105778330332,0.46879152857860285,0.2001310407302154,0.16818923554728868,0.061084892135071345,0.3225836598884581,0.306300185265775,0.32435525487728717,0.1778586949044829,0.43160325707175456,0.4092877415399069,0.4089050907380864,0.40487725897147936,0.4131236220527499,0.007303513895856314,0.6525087212187252,15118.910004669753,4879.5519636257995,55522.85919853997,0.4,UB&PB,25428
0,0.0,0.0,0.0,0.0,0.0,0.0,0.0,0.0,0.0,0.0,0.0,0.0,0.0,0.0,0.0,0.0,0.0,0.0,0.0,0.0,0.0,0.0,0.0,0.0,0.0,0.0,0.0,0.0,0.0,0.0,0.0,0.0,0.0,0.0,0.0,0.45,UB&PB,25428
2500,0.989836947543686,0.844749230201078,0.74276819864013,0.9200348597249278,0.04945708029204902,0.020614517306901517,0.09164078203013329,0.7904008429878939,0.6627381922015357,0.8842755257823832,0.8952487562189064,0.10475124378109457,0.20178151382946063,0.17109245472466833,0.0570815147306469,0.33220638185099943,0.010949232301118364,0.4769205078906668,0.2091179811555093,0.1815333977860906,0.06497208587017454,0.34153106270141326,0.31467233468455147,0.33679420867107107,0.1868101598595117,0.43836153757531277,0.40923615615696807,0.4089411548215973,0.4050369050349727,0.4129988354261473,0.05850553535001849,0.4254332524409661,14616.648206436052,4708.770033730199,56918.23374784121,0.45,UB&PB,25428
0,0.0,0.0,0.0,0.0,0.0,0.0,0.0,0.0,0.0,0.0,0.0,0.0,0.0,0.0,0.0,0.0,0.0,0.0,0.0,0.0,0.0,0.0,0.0,0.0,0.0,0.0,0.0,0.0,0.0,0.0,0.0,0.0,0.0,0.0,0.0,0.5,UB&PB,25428
2500,1.0157843733604797,0.7667879051899447,0.6447926985199651,0.8613794392532694,0.040553072229180434,0.01609375806014011,0.07569823457281466,0.6916940371914911,0.5712026557647046,0.8041342207799734,0.8536901208244491,0.1463098791755508,0.2399823039652555,0.2260847143630198,0.10894895231139375,0.37079090859706393,0.029656053093197486,0.48346850486171333,0.2528769920125331,0.24144971415082814,0.12660003315359758,0.3814933838408024,0.3449763907204946,0.37268924575463597,0.24575911818434443,0.44444234318007775,0.4155269194336013,0.4152252569739059,0.41075857062893173,0.4198538093381749,0.029092563969568625,0.4655012571634003,8661.06359454416,2836.908632262156,35384.17299857262,0.5,UB&PB,25428
0,0.0,0.0,0.0,0.0,0.0,0.0,0.0,0.0,0.0,0.0,0.0,0.0,0.0,0.0,0.0,0.0,0.0,0.0,0.0,0.0,0.0,0.0,0.0,0.0,0.0,0.0,0.0,0.0,0.0,0.0,0.0,0.0,0.0,0.0,0.0,0.55,UB&PB,25428
2500,1.0257977697161216,0.8523186482022156,0.7549580933340186,0.9269750966468674,0.036809804976166316,0.01379535091580128,0.070898972361058,0.611406875034508,0.50482564591014,0.7215218989747383,0.8373525230987912,0.16264747690120843,0.25239891485401267,0.24306029043675845,0.11423285808680551,0.3911459404687204,0.028904779843035085,0.49844491300007665,0.2607312905668199,0.2526947022036333,0.12661164561957391,0.3973976317995323,0.3574963634217246,0.3861086531792635,0.2542521822317375,0.46033488350948437,0.4234859246053847,0.42317919358599093,0.4193819580797647,0.4271251444609909,0.37277751741693455,0.7928079077360422,12007.2136789835,3738.784636223818,52003.57445661953,0.55,UB&PB,25428
0,0.0,0.0,0.0,0.0,0.0,0.0,0.0,0.0,0.0,0.0,0.0,0.0,0.0,0.0,0.0,0.0,0.0,0.0,0.0,0.0,0.0,0.0,0.0,0.0,0.0,0.0,0.0,0.0,0.0,0.0,0.0,0.0,0.0,0.0,0.0,0.6,UB&PB,25428
2500,1.031533038204158,0.8540523124913588,0.7634952365126046,0.9258504343804688,0.0333165086149108,0.012198541786016396,0.06512585739008235,0.7254289167778682,0.6014081661002705,0.8429972996476551,0.7765536602700778,0.2234463397299224,0.24933726387326646,0.2354401956776252,0.11300393265180125,0.3908862502856356,0.025906022180914846,0.4985987339383685,0.2573744872384648,0.24491457175245457,0.1252048339734145,0.39497921021731847,0.3515291019453683,0.37958423228630156,0.2479488729125058,0.4521817195841166,0.4124682579891807,0.412216131558473,0.4083610599800327,0.4161885001788243,0.5266380699102555,0.8242172111185214,11975.311406968853,3527.832742067553,54698.88324959993,0.6,UB&PB,25428
0,0.0,0.0,0.0,0.0,0.0,0.0,0.0,0.0,0.0,0.0,0.0,0.0,0.0,0.0,0.0,0.0,0.0,0.0,0.0,0.0,0.0,0.0,0.0,0.0,0.0,0.0,0.0,0.0,0.0,0.0,0.0,0.0,0.0,0.0,0.0,0.65,UB&PB,25428
2500,1.0508716546786636,0.8626910039137462,0.7838402756385602,0.9283821587279893,0.030460320638688965,0.010894903136372596,0.0586203873758247,0.6191930751724601,0.5079470545876393,0.7402685861242156,0.6775046197583522,0.32249538024164937,0.2748613018002138,0.27098802667497995,0.1523040666165425,0.4023383843632927,0.04421535871440186,0.5063344697043555,0.2823563646976878,0.2794968924059573,0.16412703164595285,0.4049479526852641,0.3665759890344037,0.3912991722342019,0.27755494259459146,0.45534964875855116,0.41083993338488134,0.4105150456227393,0.40674656859991304,0.4144453573401159,0.3132922896036987,0.6784760184851487,11793.006110371789,3314.5521107504765,57554.565372401565,0.65,UB&PB,25428
0,0.0,0.0,0.0,0.0,0.0,0.0,0.0,0.0,0.0,0.0,0.0,0.0,0.0,0.0,0.0,0.0,0.0,0.0,0.0,0.0,0.0,0.0,0.0,0.0,0.0,0.0,0.0,0.0,0.0,0.0,0.0,0.0,0.0,0.0,0.0,0.7,UB&PB,25428
2500,1.0748843947902673,0.8238933553080147,0.7158360204061247,0.9094385395873074,0.030548389262952162,0.010934506141797333,0.05964571083148352,0.6911380734620517,0.5534414412528675,0.7993981349421384,0.5852274342572846,0.41477256574271526,0.2998174515805061,0.30344215077179254,0.18873097015148546,0.41600814993903173,0.06671313259594017,0.5166520573564285,0.30869715384771407,0.3153696587080829,0.20108163292345396,0.41919734515909135,0.3829336523833785,0.40335534116202393,0.30804291217131596,0.45995501405531236,0.4184563801975992,0.418164554516958,0.41418633712098807,0.4223115303809541,0.20780088467924965,0.4959835723438873,9063.852201516074,2658.299484003616,43240.419715177995,0.7,UB&PB,25428
0,0.0,0.0,0.0,0.0,0.0,0.0,0.0,0.0,0.0,0.0,0.0,0.0,0.0,0.0,0.0,0.0,0.0,0.0,0.0,0.0,0.0,0.0,0.0,0.0,0.0,0.0,0.0,0.0,0.0,0.0,0.0,0.0,0.0,0.0,0.0,0.75,UB&PB,25428
2500,1.0982330926366417,0.8539296958718424,0.7533913888042345,0.931811986543173,0.027136841940880514,0.009332162149002376,0.05302789146670028,0.6779405443973345,0.5273276803344414,0.8001629343460439,0.2915636105188349,0.7084363894811673,0.32666117208959927,0.34394247801419786,0.22867811730799262,0.4232501605274625,0.09075361365651077,0.5367614342488599,0.33442152339695014,0.35291753027546624,0.23867639294482138,0.426287468614947,0.4028851082611399,0.4161830113769619,0.3491960852781413,0.46092185023175164,0.4208059791659797,0.4205407697656231,0.41677251512240154,0.4244141393118902,0.22603392413760162,0.5376799965064364,8894.11534987733,2249.9207597305767,46515.05078218982,0.75,UB&PB,25428
0,0.0,0.0,0.0,0.0,0.0,0.0,0.0,0.0,0.0,0.0,0.0,0.0,0.0,0.0,0.0,0.0,0.0,0.0,0.0,0.0,0.0,0.0,0.0,0.0,0.0,0.0,0.0,0.0,0.0,0.0,0.0,0.0,0.0,0.0,0.0,0.8,UB&PB,25428
2500,1.1104310400028994,0.8620380617905655,0.7597234238554244,0.930115013485312,0.0283433824199896,0.009805750599379269,0.054933570515667454,0.7810247977199607,0.6210102680851946,0.8821011657301149,0.29703127221037706,0.7029687277896236,0.32927564432565676,0.35225604321776244,0.23101682285118127,0.4189367415609883,0.10184179485145531,0.5341563931475662,0.33606573233702536,0.3577260719808626,0.24096290064385958,0.4224254121829973,0.3969026143004081,0.4090584687153846,0.33854422539234375,0.45733078330197063,0.4145614532949664,0.4142762545113129,0.4104608923406602,0.4182068458214442,0.10664915626029696,0.41929119982063,9815.443805251476,2447.521062283847,51697.359456345686,0.8,UB&PB,25428
0,0.0,0.0,0.0,0.0,0.0,0.0,0.0,0.0,0.0,0.0,0.0,0.0,0.0,0.0,0.0,0.0,0.0,0.0,0.0,0.0,0.0,0.0,0.0,0.0,0.0,0.0,0.0,0.0,0.0,0.0,0.0,0.0,0.0,0.0,0.0,0.85,UB&PB,25428
2500,1.1273275679400867,0.8683150319262076,0.7691402051928996,0.9398733730666178,0.027944984768782186,0.009559335112385865,0.05520614736293907,0.6885830553336431,0.5836951009156344,0.7845395459001989,0.19692181947405785,0.8030781805259404,0.3492861064294035,0.3750359819898877,0.2658405971223191,0.42304071522090475,0.13119555181727313,0.54170206412717,0.35512980210928435,0.37732735750041013,0.27486397513138877,0.4268181623761844,0.40496688256004165,0.4132610496538694,0.3543281768306848,0.45770420288596575,0.41596903032506777,0.41572478973106347,0.4119256753295981,0.4196805491795018,0.3779598772833893,0.9061545635120047,9259.852105618236,2212.0140519248203,49717.84579880495,0.85,UB&PB,25428
0,0.0,0.0,0.0,0.0,0.0,0.0,0.0,0.0,0.0,0.0,0.0,0.0,0.0,0.0,0.0,0.0,0.0,0.0,0.0,0.0,0.0,0.0,0.0,0.0,0.0,0.0,0.0,0.0,0.0,0.0,0.0,0.0,0.0,0.0,0.0,0.9,UB&PB,25428
2500,1.1417049882500236,0.8899632836683838,0.800892066681991,0.9509010435026958,0.027479419322667866,0.00934145642691791,0.05403070073437659,0.6738726869192291,0.555261675324531,0.7977685306608846,0.16879246624022734,0.8312075337597731,0.3630176538617699,0.38586020103720137,0.2957057785470776,0.42463122164041694,0.15271711748185626,0.5477464987149318,0.36778233594431,0.3856407184700824,0.303304438707852,0.42842962729127204,0.40544373914723414,0.4119582319616364,0.3537201700731395,0.45829357737226417,0.4141249851750269,0.4137874635753869,0.41011540065169105,0.4176501732672614,0.10629359852342467,0.4353773764589819,10498.418779437134,2367.536034214309,59146.8927714623,0.9,UB&PB,25428
0,0.0,0.0,0.0,0.0,0.0,0.0,0.0,0.0,0.0,0.0,0.0,0.0,0.0,0.0,0.0,0.0,0.0,0.0,0.0,0.0,0.0,0.0,0.0,0.0,0.0,0.0,0.0,0.0,0.0,0.0,0.0,0.0,0.0,0.0,0.0,0.95,UB&PB,25428
2500,1.1659693906768782,0.8821546343108795,0.7937521714625392,0.9454526078642485,0.028213897015288644,0.009721494871932045,0.05593262953580791,0.7926346296403136,0.659776533425402,0.9132232070367401,0.1307029140014216,0.8692970859985791,0.3883391024286672,0.4052696708716348,0.3370786940052428,0.43870072400910276,0.19130853420928984,0.561754285248437,0.3925540373099158,0.40386923443247547,0.3436603082484632,0.44311755951811477,0.41820893741725923,0.42293742175685745,0.36840754732378167,0.46828316877915366,0.4244659319300015,0.4241844840497545,0.42051659338239583,0.4280070723690711,0.20544435539414824,0.9707912669736093,9850.497472657275,2219.024838294295,54760.01146421923,0.95,UB&PB,25428
0,0.0,0.0,0.0,0.0,0.0,0.0,0.0,0.0,0.0,0.0,0.0,0.0,0.0,0.0,0.0,0.0,0.0,0.0,0.0,0.0,0.0,0.0,0.0,0.0,0.0,0.0,0.0,0.0,0.0,0.0,0.0,0.0,0.0,0.0,0.0,0.05,UB&PB,3679
2500,0.9138204060350419,0.5397879331022974,0.37630468307677944,0.7013830751199271,0.8021859101844645,0.7071883108652119,0.8918376662980421,0.9182197234628111,0.8527284266531581,0.9642018118072864,0.9568216062544399,0.04317839374555788,0.07937891758632802,0.019177494087315568,0.003357520276317998,0.10120767330574931,0.0002484052868004271,0.36289457422655264,0.08793893748271697,0.026355692002814825,0.00534158100013514,0.119232738279476,0.13903347932126106,0.09132415584674228,0.036489870163598476,0.20613215162784557,0.4160972327712361,0.4156035527953195,0.4074429940702726,0.424119429744864,0.058877224519396414,0.3358852294106978,10504.768163187668,6067.267295588345,18618.24736579128,0.05,UB&PB,3679
0,0.0,0.0,0.0,0.0,0.0,0.0,0.0,0.0,0.0,0.0,0.0,0.0,0.0,0.0,0.0,0.0,0.0,0.0,0.0,0.0,0.0,0.0,0.0,0.0,0.0,0.0,0.0,0.0,0.0,0.0,0.0,0.0,0.0,0.0,0.0,0.1,UB&PB,3679
2500,0.9325890903659494,0.46070815715621044,0.2836092280216098,0.6261899229016138,0.8073121455434658,0.6450546147980023,0.9045271042747555,0.8834024212695133,0.7972127297918503,0.9477107222145084,0.9603198294243049,0.03968017057569288,0.08253652204692077,0.027639902606528363,0.005712823080285267,0.10896009129928848,0.0006604314311201434,0.3491959325557586,0.09410483340614777,0.03904958998979329,0.008971172384068993,0.1321370844703951,0.13413485661393265,0.09662371287631293,0.046774369458657955,0.18189267727968028,0.4244056083651413,0.4238869108815597,0.41485327408158446,0.4333506994698079,0.19587783559198757,0.6842376522510019,5413.303933773348,3590.685149973328,8372.354833056546,0.1,UB&PB,3679
0,0.0,0.0,0.0,0.0,0.0,0.0,0.0,0.0,0.0,0.0,0.0,0.0,0.0,0.0,0.0,0.0,0.0,0.0,0.0,0.0,0.0,0.0,0.0,0.0,0.0,0.0,0.0,0.0,0.0,0.0,0.0,0.0,0.0,0.0,0.0,0.15,UB&PB,3679
2500,0.9465731783355683,0.31286928653828744,0.20943106527732808,0.46035414210045544,0.2500511342671873,0.16579957549426502,0.377756919888107,0.8744852670135301,0.7927205213892984,0.9369442543130495,0.9493894811656006,0.05061051883439938,0.1607191924417759,0.12069455479456169,0.05147714561037011,0.24132956812673703,0.011392866532344226,0.42716300748309516,0.19774588243881983,0.17114182077043147,0.08271206237282062,0.2930632469491383,0.2376439228678917,0.21785505211792175,0.14623036990621208,0.31580179497950295,0.42046065110351805,0.41991370543690065,0.4056442658648972,0.43460492187894656,0.0649410758045415,0.2559216886322223,1540.8273896947426,1044.061091371471,2422.1742608048407,0.15,UB&PB,3679
0,0.0,0.0,0.0,0.0,0.0,0.0,0.0,0.0,0.0,0.0,0.0,0.0,0.0,0.0,0.0,0.0,0.0,0.0,0.0,0.0,0.0,0.0,0.0,0.0,0.0,0.0,0.0,0.0,0.0,0.0,0.0,0.0,0.0,0.0,0.0,0.2,UB&PB,3679
2500,0.9555786432092227,0.5374874766599832,0.28899771149107534,0.7077778178356228,0.33721752631217716,0.23572863727732504,0.4473813540136176,0.8822415853204127,0.8085407661947698,0.9399223416411598,0.9524044065387361,0.04759559346126514,0.1340503391130337,0.08562123283330546,0.03275339471927308,0.20049773015541777,0.007397495974812979,0.40650410890149397,0.1535193020859445,0.11246442293192126,0.0471124903134178,0.230361171431655,0.21112115858014713,0.18476059825127936,0.11087516262812115,0.2970166805674783,0.4130740188917331,0.41244441404979426,0.4036229067390412,0.42170301644945996,0.21695213333271346,0.8019871573380313,5354.975059104723,3019.010132605521,10091.13685014751,0.2,UB&PB,3679
0,0.0,0.0,0.0,0.0,0.0,0.0,0.0,0.0,0.0,0.0,0.0,0.0,0.0,0.0,0.0,0.0,0.0,0.0,0.0,0.0,0.0,0.0,0.0,0.0,0.0,0.0,0.0,0.0,0.0,0.0,0.0,0.0,0.0,0.0,0.0,0.25,UB&PB,3679
2500,0.9662571476195925,0.3482433287651781,0.22585734377305874,0.5436443110655443,0.18926992818432115,0.12953797866821695,0.25905045770492063,0.8922639621760731,0.8079428621152948,0.9501713534711296,0.9467441364605549,0.053255863539445635,0.17989218800995702,0.1477193795383025,0.06458124554626785,0.2725032016412535,0.015495016300916934,0.43657025554142914,0.21660752064674146,0.1985126695350713,0.09960963276647994,0.3196213628215817,0.26170169641174323,0.25269738495464117,0.1709006982698811,0.3463071926286677,0.41631648334841,0.41572755106255843,0.4012937722858457,0.43068377574173267,0.05352617097350326,0.2918643092876121,1766.5127115278242,1090.904410005666,3358.005982826691,0.25,UB&PB,3679
0,0.0,0.0,0.0,0.0,0.0,0.0,0.0,0.0,0.0,0.0,0.0,0.0,0.0,0.0,0.0,0.0,0.0,0.0,0.0,0.0,0.0,0.0,0.0,0.0,0.0,0.0,0.0,0.0,0.0,0.0,0.0,0.0,0.0,0.0,0.0,0.3,UB&PB,3679
2500,0.9689564045671916,0.7722695662642567,0.6308241674642646,0.875280372641089,0.1609326397286171,0.10007840541120863,0.23937803966835383,0.8304749746954035,0.7431627554627769,0.9003948810456647,0.9359992892679456,0.06400071073205402,0.1620981381629189,0.10963271965990178,0.03586581111340391,0.25904646263863695,0.007270362457197582,0.45412896278681075,0.17047093219867768,0.12263622685715017,0.042518888797846266,0.2719197301885165,0.26779429205378624,0.26025899594384955,0.14316637842189725,0.39214199294372976,0.41933676326966607,0.41904465495700893,0.4143204580167073,0.423939044555161,0.07294269405559796,0.44049026391632584,17611.522828176956,6688.408171517519,53429.907238551146,0.3,UB&PB,3679
0,0.0,0.0,0.0,0.0,0.0,0.0,0.0,0.0,0.0,0.0,0.0,0.0,0.0,0.0,0.0,0.0,0.0,0.0,0.0,0.0,0.0,0.0,0.0,0.0,0.0,0.0,0.0,0.0,0.0,0.0,0.0,0.0,0.0,0.0,0.0,0.35,UB&PB,3679
2500,0.9852592735455339,0.6607640405120077,0.5186720632007453,0.784393251575452,0.06595309034783567,0.030449927332842498,0.11686297866718517,0.8065601340876872,0.6948276610804524,0.8902843285336065,0.9183944562899786,0.08160554371002131,0.2045969940860495,0.1773231300659029,0.07091457508032603,0.32081227001787876,0.015094013605588244,0.46980492499850385,0.22044831176068808,0.19954007919782937,0.08775940251801467,0.34241327755741263,0.31805575948508696,0.33924274838869706,0.20216345808694855,0.43308181787751143,0.4218225887094521,0.42147738820423253,0.41645079753083897,0.4267197126298161,0.4953608717005882,0.793679681710979,5148.02851074155,2123.933907265074,15417.032553966274,0.35,UB&PB,3679
0,0.0,0.0,0.0,0.0,0.0,0.0,0.0,0.0,0.0,0.0,0.0,0.0,0.0,0.0,0.0,0.0,0.0,0.0,0.0,0.0,0.0,0.0,0.0,0.0,0.0,0.0,0.0,0.0,0.0,0.0,0.0,0.0,0.0,0.0,0.0,0.4,UB&PB,3679
2500,0.9882068290933504,0.7682127567188597,0.6225775448870099,0.8899811415480007,0.05565709292406727,0.023571154166204405,0.10316974621256367,0.7609130550783023,0.6557774221170617,0.8547573238712646,0.908958066808814,0.09104193319118688,0.2055140432747709,0.1774873812152028,0.06633161902987952,0.3277354094909458,0.014981383398458316,0.47464163702312856,0.21681835968341165,0.19396202693106263,0.07873930456483991,0.34183884872642295,0.3194751521501106,0.3410997739080159,0.19913700090702113,0.4378419396122258,0.4169394906439303,0.4166526003828501,0.41220398011898157,0.4212819996509479,0.042652159163862405,0.5514405564179559,9957.381474088575,3487.1650330128646,35147.478975548176,0.4,UB&PB,3679
0,0.0,0.0,0.0,0.0,0.0,0.0,0.0,0.0,0.0,0.0,0.0,0.0,0.0,0.0,0.0,0.0,0.0,0.0,0.0,0.0,0.0,0.0,0.0,0.0,0.0,0.0,0.0,0.0,0.0,0.0,0.0,0.0,0.0,0.0,0.0,0.45,UB&PB,3679
2500,0.9834619984577228,0.8606907108891947,0.730665936931504,0.9345785533488155,0.04989292454482497,0.020621670351664567,0.0931500384038637,0.7103162076188347,0.5897371161146826,0.8252145361976209,0.9117739872068242,0.088226012793177,0.19787632705211416,0.16854689794448643,0.05772892552926044,0.3242570250413403,0.010700592529022028,0.4642830879397114,0.20579314297123374,0.18007529260326477,0.06638033527726903,0.3340769132052394,0.30812968587670975,0.3292747989935589,0.1855993485817214,0.42718596390862806,0.4014981222264046,0.40115767981926725,0.39699088369877533,0.4055309237847352,0.48799881405003154,1.024640555520172,14751.006840571754,4786.240090068956,56669.79732562134,0.45,UB&PB,3679
0,0.0,0.0,0.0,0.0,0.0,0.0,0.0,0.0,0.0,0.0,0.0,0.0,0.0,0.0,0.0,0.0,0.0,0.0,0.0,0.0,0.0,0.0,0.0,0.0,0.0,0.0,0.0,0.0,0.0,0.0,0.0,0.0,0.0,0.0,0.0,0.5,UB&PB,3679
2500,1.0084566055655861,0.8817738317683698,0.785359572196637,0.941773784199109,0.03826078712267355,0.01464110669412933,0.07322220837288512,0.8099034424530951,0.710402857713715,0.91131880006066,0.8718564321250896,0.1281435678749115,0.21780768594461772,0.19195902413749702,0.07032073759074875,0.36029443793483096,0.015005112667002595,0.48887762006976604,0.2249091732729129,0.2009681749047863,0.07852315413892212,0.3677224099235481,0.330823414211194,0.3586842720186221,0.20583626399667904,0.449831534795779,0.4151219005570166,0.4148359413702975,0.4110267780935085,0.4187393229954872,0.05892914440247889,0.3998311080243691,15642.754366116313,4730.038211538055,66608.24286054444,0.5,UB&PB,3679
0,0.0,0.0,0.0,0.0,0.0,0.0,0.0,0.0,0.0,0.0,0.0,0.0,0.0,0.0,0.0,0.0,0.0,0.0,0.0,0.0,0.0,0.0,0.0,0.0,0.0,0.0,0.0,0.0,0.0,0.0,0.0,0.0,0.0,0.0,0.0,0.55,UB&PB,3679
2500,1.0217176112199233,0.8650042596404325,0.7513747255998375,0.9378233614314245,0.03961587211965576,0.015264171325264092,0.07471030732639851,0.7769371702714063,0.6650740949934096,0.8767080868183333,0.8221293532338307,0.17787064676616887,0.23331051037696823,0.2127025459702107,0.08928792422842333,0.37846337146639186,0.021475291596301394,0.4943957267710362,0.2408565827021862,0.22144239497810017,0.09958640542661389,0.3840784583801747,0.3415113889700398,0.3689049205814792,0.22853476783914803,0.45144970460896283,0.4156732277319656,0.4153777045516528,0.41155732620767294,0.4193720424938422,0.11145104747830552,0.41360630568626505,14358.379180795622,4390.588889521726,60807.932178240095,0.55,UB&PB,3679
0,0.0,0.0,0.0,0.0,0.0,0.0,0.0,0.0,0.0,0.0,0.0,0.0,0.0,0.0,0.0,0.0,0.0,0.0,0.0,0.0,0.0,0.0,0.0,0.0,0.0,0.0,0.0,0.0,0.0,0.0,0.0,0.0,0.0,0.0,0.0,0.6,UB&PB,3679
2500,1.0389189322481898,0.849882845980492,0.7661890681979967,0.9176493536680609,0.029680233978490005,0.01045223818063966,0.058637884751800304,0.622629761242502,0.5157698814725642,0.7478445340610815,0.7703795309168434,0.2296204690831561,0.26440820481535243,0.2572637662256447,0.1334983745195409,0.40111588742129173,0.03481183042677058,0.5040669167261017,0.2728307588551835,0.26636611273192107,0.1467313002699686,0.40512852579514974,0.363809390344277,0.3931941651592538,0.2682098263606617,0.4584736776930942,0.4178213637212703,0.4175182256367295,0.413736817790507,0.4214050011551503,0.7690407624860817,1.0002345224943707,10797.692164379168,3204.596793482594,50853.161893588986,0.6,UB&PB,3679
0,0.0,0.0,0.0,0.0,0.0,0.0,0.0,0.0,0.0,0.0,0.0,0.0,0.0,0.0,0.0,0.0,0.0,0.0,0.0,0.0,0.0,0.0,0.0,0.0,0.0,0.0,0.0,0.0,0.0,0.0,0.0,0.0,0.0,0.0,0.0,0.65,UB&PB,3679
2500,1.0566283762884985,0.848547524117709,0.7375527262648619,0.9312446837950829,0.03047940191750883,0.010800580389733513,0.06005276683381068,0.6035044179370797,0.4804930886922079,0.709431281458646,0.6278130774697939,0.37218692253020597,0.28799266228977516,0.2869101553584967,0.171403305530534,0.4121196413232804,0.05319289107622697,0.513883581327166,0.2968374976254033,0.2977863477743504,0.18499892935330986,0.41523917609006505,0.37887493118231,0.40198980137703677,0.29934366797019074,0.46057220937860816,0.41912036260789476,0.4188035432396362,0.4149067651031799,0.42288429381225556,0.15117198564038442,0.6044883364374234,9698.078223954155,2808.6521053651827,46012.768952864884,0.65,UB&PB,3679
0,0.0,0.0,0.0,0.0,0.0,0.0,0.0,0.0,0.0,0.0,0.0,0.0,0.0,0.0,0.0,0.0,0.0,0.0,0.0,0.0,0.0,0.0,0.0,0.0,0.0,0.0,0.0,0.0,0.0,0.0,0.0,0.0,0.0,0.0,0.0,0.7,UB&PB,3679
2500,1.0792234599748995,0.8157505266998437,0.7260880581572253,0.8980715111210246,0.028273378382241334,0.009816225512286664,0.05492204838854136,0.5646562578708328,0.4397338678771625,0.7036817079875471,0.5216886993603416,0.4783113006396594,0.3113614663517285,0.31844210903687864,0.20965510385586972,0.41828964059110324,0.07734734322027155,0.5216680050695034,0.3207808846147017,0.329875870141479,0.22309310190042175,0.42168180096402397,0.39039741544903467,0.4092150492715585,0.32622420997798035,0.4593231466263011,0.4183789255308954,0.4181359580190108,0.4141880485287961,0.42220756359650713,0.005893320208070811,0.7781351383726977,8411.879608893296,2327.3653091685933,41957.91739123615,0.7,UB&PB,3679
0,0.0,0.0,0.0,0.0,0.0,0.0,0.0,0.0,0.0,0.0,0.0,0.0,0.0,0.0,0.0,0.0,0.0,0.0,0.0,0.0,0.0,0.0,0.0,0.0,0.0,0.0,0.0,0.0,0.0,0.0,0.0,0.0,0.0,0.0,0.0,0.75,UB&PB,3679
2500,1.0972360911355172,0.8608465381322382,0.7713876906864184,0.9305386838175449,0.02779926924001651,0.009606626160622434,0.05442494357743365,0.675852681665425,0.5302497515291879,0.7915829813043361,0.3106346837242361,0.6893653162757634,0.32777831800917956,0.342388838588001,0.23006017477287363,0.4246979403066236,0.09379857404580119,0.539645067654628,0.3353419460510422,0.35144222664957586,0.2398961110141998,0.42750255645940366,0.4037522770387938,0.4170009005880317,0.34577739982436045,0.46542293327680956,0.42210002542532005,0.4218121344450865,0.4180658587515245,0.4257024355476657,0.04488316262300817,0.4218070236158072,10046.945554635637,2442.521366592101,53746.00720148833,0.75,UB&PB,3679
0,0.0,0.0,0.0,0.0,0.0,0.0,0.0,0.0,0.0,0.0,0.0,0.0,0.0,0.0,0.0,0.0,0.0,0.0,0.0,0.0,0.0,0.0,0.0,0.0,0.0,0.0,0.0,0.0,0.0,0.0,0.0,0.0,0.0,0.0,0.0,0.8,UB&PB,3679
2500,1.11727128977479,0.844291345661267,0.7586533856608139,0.9172966117900344,0.028967696478428603,0.010084839034363307,0.05688587898374064,0.6730836477745598,0.5467865162079265,0.7814863084417045,0.2485813788201846,0.7514186211798147,0.3430656150724858,0.36677212380581703,0.2521416503076642,0.427566366048259,0.11402813540885319,0.5442117421672623,0.35032753840141284,0.3725295048081448,0.2622729855335604,0.4313481486343524,0.4079070833539802,0.41862783582701046,0.35342081750814563,0.4648881757685282,0.4225280925720662,0.4222854424040865,0.41849006776448944,0.4261795894721423,0.08988560959168217,0.5526172026926305,9012.693056033799,2226.153726271745,47155.95185226902,0.8,UB&PB,3679
0,0.0,0.0,0.0,0.0,0.0,0.0,0.0,0.0,0.0,0.0,0.0,0.0,0.0,0.0,0.0,0.0,0.0,0.0,0.0,0.0,0.0,0.0,0.0,0.0,0.0,0.0,0.0,0.0,0.0,0.0,0.0,0.0,0.0,0.0,0.0,0.85,UB&PB,3679
2500,1.123274409530892,0.8821754045845215,0.795369603164714,0.9469909926151491,0.026975750637982205,0.009135515589510092,0.05341435299379497,0.7109327885276188,0.5878644728960626,0.8319969777360343,0.2405046197583508,0.7594953802416492,0.34328111153833185,0.3705368334242393,0.2572854615495177,0.41870695751318565,0.12363743690241713,0.538419867269202,0.3488838121698309,0.3730210469854052,0.26612939282925085,0.42193091833902363,0.3991981838161075,0.40861001252192775,0.34415665517272204,0.4554942615907714,0.4120866267050214,0.4117813461414956,0.40800644359079635,0.4156434660709277,0.28280167448585775,0.9346273106967063,10057.725742173232,2386.518265511648,54941.616966990114,0.85,UB&PB,3679
0,0.0,0.0,0.0,0.0,0.0,0.0,0.0,0.0,0.0,0.0,0.0,0.0,0.0,0.0,0.0,0.0,0.0,0.0,0.0,0.0,0.0,0.0,0.0,0.0,0.0,0.0,0.0,0.0,0.0,0.0,0.0,0.0,0.0,0.0,0.0,0.9,UB&PB,3679
2500,1.1451189975567009,0.856352341188595,0.7633810536680128,0.9304340007706172,0.02819009765134727,0.009702955039652142,0.05571020720716323,0.6602779155523759,0.5422965938519803,0.7674375734860506,0.16191897654584217,0.8380810234541581,0.3686835454839688,0.39128988123956526,0.3053341270495674,0.4268466159551413,0.1641856330157747,0.5457445237479854,0.3741269556207491,0.3919096467673767,0.31423901208059696,0.4313664892292521,0.4083057244700953,0.41426680146348455,0.3603477954042915,0.45762290376623627,0.4162154536099486,0.4158996452397397,0.41209565061951964,0.4198168505307645,0.3388871943594034,0.8441007073598067,8742.33293950437,2077.3165523994207,47267.88349566906,0.9,UB&PB,3679
0,0.0,0.0,0.0,0.0,0.0,0.0,0.0,0.0,0.0,0.0,0.0,0.0,0.0,0.0,0.0,0.0,0.0,0.0,0.0,0.0,0.0,0.0,0.0,0.0,0.0,0.0,0.0,0.0,0.0,0.0,0.0,0.0,0.0,0.0,0.0,0.95,UB&PB,3679
2500,1.1705522638743757,0.8575825387336571,0.7515184925378221,0.93069482630684,0.02851813058905303,0.009926217810218985,0.05550802696760281,0.7764942407084686,0.649750357807642,0.8786380177397181,0.16745060412224597,0.832549395877754,0.3910415065574804,0.4068316582429777,0.34299692576857105,0.4398404459714709,0.1978805503534148,0.5575264293366636,0.3959201952698698,0.40627283339163206,0.3497034122199303,0.4448961978620449,0.4182244044791062,0.42318453744581,0.3710161751121888,0.46647931921788927,0.42499191194514147,0.42479145392057593,0.4209880892026788,0.42871825112644824,0.7448531635333646,1.034865912027534,8321.224654682801,2014.9047592446047,44850.26671730149,0.95,UB&PB,3679
0,0.0,0.0,0.0,0.0,0.0,0.0,0.0,0.0,0.0,0.0,0.0,0.0,0.0,0.0,0.0,0.0,0.0,0.0,0.0,0.0,0.0,0.0,0.0,0.0,0.0,0.0,0.0,0.0,0.0,0.0,0.0,0.0,0.0,0.0,0.0,0.05,UB&PB,75019
2500,0.9152706355943782,0.6266894131492987,0.44009203328395896,0.7852916911033162,0.8307953429095927,0.7348289502225197,0.9101855644755903,0.9164211648769922,0.8556711857577018,0.9624964609262463,0.958291400142146,0.041708599857853496,0.08211195429543142,0.01901373971824717,0.0027673133941111643,0.10683338532698242,7.741583076984021e-5,0.37531609031874374,0.08776980277384039,0.023226338455318983,0.0035917492318853343,0.11921140434827515,0.14637781026325555,0.0973159660320928,0.03461665999048103,0.22555643040976994,0.41549798778375924,0.4149728670016185,0.4087347796732845,0.42151831700824416,0.026937987691660864,0.35673736521777466,18503.674349912944,9952.012554913355,34623.865511432225,0.05,UB&PB,75019
0,0.0,0.0,0.0,0.0,0.0,0.0,0.0,0.0,0.0,0.0,0.0,0.0,0.0,0.0,0.0,0.0,0.0,0.0,0.0,0.0,0.0,0.0,0.0,0.0,0.0,0.0,0.0,0.0,0.0,0.0,0.0,0.0,0.0,0.0,0.0,0.1,UB&PB,75019
2500,0.9313644907785603,0.46644484782533985,0.2958500373237198,0.6347417567638388,0.7885960766321225,0.6933262034253709,0.8706437912725903,0.8303994344776476,0.7251652662587292,0.9140425438893982,0.9614832977967304,0.038516702203269346,0.0766739285309861,0.024679316830952137,0.005046967522596463,0.10165079029511938,0.00025904949780139463,0.32829948839198964,0.08695612110144262,0.034938964706695295,0.008077937931025863,0.12174512134444912,0.1247760622677832,0.08976464115898497,0.04171862695716178,0.1720389306682017,0.418352833612888,0.41777398531002696,0.4085289001179602,0.4275029509055907,0.18301102737117517,1.0992404590867175,6044.780683038431,4100.865182836218,9215.274571637554,0.1,UB&PB,75019
0,0.0,0.0,0.0,0.0,0.0,0.0,0.0,0.0,0.0,0.0,0.0,0.0,0.0,0.0,0.0,0.0,0.0,0.0,0.0,0.0,0.0,0.0,0.0,0.0,0.0,0.0,0.0,0.0,0.0,0.0,0.0,0.0,0.0,0.0,0.0,0.15,UB&PB,75019
2500,0.942698194224015,0.22858510855143174,0.11849418307416569,0.36407014486539047,0.36867972386633646,0.26529406475950834,0.4779138302629416,0.9105281171322743,0.8507663944551507,0.9562131973559198,0.95883368869936,0.04116631130063962,0.13397401848206836,0.09355359597017975,0.038088251142796486,0.1978600609163669,0.008910725808177873,0.38276561197502496,0.1733840191316437,0.14414740541116858,0.06715085371101172,0.25539469585205476,0.1891637523198925,0.1678664204255656,0.12157720019716918,0.23340809624055878,0.40776341879009625,0.40663771673249915,0.37992360865993985,0.4343271671710926,0.12182023622853408,0.37516665828648055,1448.5560391866284,1034.6992472591455,2082.612936887215,0.15,UB&PB,75019
0,0.0,0.0,0.0,0.0,0.0,0.0,0.0,0.0,0.0,0.0,0.0,0.0,0.0,0.0,0.0,0.0,0.0,0.0,0.0,0.0,0.0,0.0,0.0,0.0,0.0,0.0,0.0,0.0,0.0,0.0,0.0,0.0,0.0,0.0,0.0,0.2,UB&PB,75019
2500,0.957014166637893,0.41719001349917956,0.2699393094660912,0.5634075208683578,0.26334948026425165,0.18740709579450124,0.3544754044092156,0.8812123390608576,0.7871861838270938,0.9441641897577544,0.9543518123667383,0.045648187633262324,0.15591077717929602,0.11620882243638375,0.04827934720657001,0.2352570850436483,0.011298059188989119,0.4180033694872565,0.18635690774055788,0.15861523793342294,0.07504583581946421,0.27622972210662927,0.23414415019374268,0.21528993221754036,0.14137508121293638,0.316236304017433,0.41509265625388786,0.41461843775452445,0.4038315967360189,0.4257574231321856,0.21795759246977475,0.5506358546518075,3760.2851878819247,2255.5662360915308,6662.60719611944,0.2,UB&PB,75019
0,0.0,0.0,0.0,0.0,0.0,0.0,0.0,0.0,0.0,0.0,0.0,0.0,0.0,0.0,0.0,0.0,0.0,0.0,0.0,0.0,0.0,0.0,0.0,0.0,0.0,0.0,0.0,0.0,0.0,0.0,0.0,0.0,0.0,0.0,0.0,0.25,UB&PB,75019
2500,0.9666167873976191,0.48454153316588805,0.309769132288841,0.6455597560181178,0.2040602190775932,0.13520340377505538,0.2917933336008553,0.8564891246205701,0.7583580493856188,0.930955373243891,0.9516503198294249,0.04834968017057577,0.16977990880131993,0.12827779204238854,0.05531685829607278,0.2584735518946554,0.015602588316752312,0.4388749266206035,0.19762778268298783,0.16714257617231065,0.08097327681891743,0.29502829733533464,0.2559790554587717,0.2407813837406898,0.15437587091557936,0.35203098686506223,0.4196158152087754,0.41923436032512623,0.409362951997505,0.4294280966974903,0.15617404023879827,0.40340700498232895,3529.7266418338695,1853.2359592670387,7724.829468708881,0.25,UB&PB,75019
0,0.0,0.0,0.0,0.0,0.0,0.0,0.0,0.0,0.0,0.0,0.0,0.0,0.0,0.0,0.0,0.0,0.0,0.0,0.0,0.0,0.0,0.0,0.0,0.0,0.0,0.0,0.0,0.0,0.0,0.0,0.0,0.0,0.0,0.0,0.0,0.3,UB&PB,75019
2500,0.9672194039898234,0.6603467162700741,0.5124218831646216,0.7693107084740087,0.12964368014074376,0.0727853519470963,0.21460476901514633,0.8312445055072214,0.7313808122681393,0.9160357572222172,0.9335408670931058,0.06645913290689412,0.17146364290007046,0.12780170714505348,0.04046876241567326,0.2753329785696151,0.0059094113939615524,0.4558745231095978,0.18629357089942541,0.15126170317884965,0.053292135409056966,0.29742817590478743,0.27824474993943044,0.27580200249060705,0.15473787292828067,0.4023044358493459,0.4192775542514078,0.4188871117633615,0.41333364018021734,0.42468964587451086,0.016638967896980807,0.6062573107620665,6273.111785813703,2735.484823170247,16632.794819036317,0.3,UB&PB,75019
0,0.0,0.0,0.0,0.0,0.0,0.0,0.0,0.0,0.0,0.0,0.0,0.0,0.0,0.0,0.0,0.0,0.0,0.0,0.0,0.0,0.0,0.0,0.0,0.0,0.0,0.0,0.0,0.0,0.0,0.0,0.0,0.0,0.0,0.0,0.0,0.35,UB&PB,75019
2500,0.971654471457148,0.7925491936245597,0.6445287267187867,0.9131333839623174,0.09275596792839709,0.04863635834883979,0.15563328031233645,0.8139806167870705,0.7095653725841313,0.8993432384099587,0.9270348258706458,0.07296517412935323,0.1765929966563211,0.1280858296694575,0.04039310004034588,0.2885209629019709,0.00805587779931698,0.4688057346475077,0.18461560048078623,0.14122059506321488,0.04693124715688091,0.30075323769947504,0.2901156804761385,0.2925719321297687,0.1592422179616564,0.42128879996772484,0.41703763416992395,0.41677968038550556,0.41242444531003813,0.42126388358918904,0.08728428463136954,0.32955443763239073,16509.12709504277,6128.523894895733,50096.81391642585,0.35,UB&PB,75019
0,0.0,0.0,0.0,0.0,0.0,0.0,0.0,0.0,0.0,0.0,0.0,0.0,0.0,0.0,0.0,0.0,0.0,0.0,0.0,0.0,0.0,0.0,0.0,0.0,0.0,0.0,0.0,0.0,0.0,0.0,0.0,0.0,0.0,0.0,0.0,0.4,UB&PB,75019
2500,0.9927661600642609,0.7615568866422437,0.6400262794686946,0.8787890433937448,0.05412949996509937,0.02318636595038242,0.09813567693998178,0.7674569852184377,0.6640110992048368,0.8595450389972205,0.9023859275053308,0.09761407249466943,0.21050497359674042,0.1831120040580338,0.07037842182205067,0.33414540116276237,0.017046000651500002,0.48076261208796767,0.2221268834228848,0.19914915148725834,0.08386682973654223,0.3491833855241525,0.32596153357874463,0.34925169577384035,0.2064331831218897,0.4442569769243831,0.4236701960266975,0.4233389643250786,0.4189533535669415,0.42789848965546545,0.0579991154347633,0.31542715883770456,11092.664247142066,3767.5170218929447,40118.31971267279,0.4,UB&PB,75019
0,0.0,0.0,0.0,0.0,0.0,0.0,0.0,0.0,0.0,0.0,0.0,0.0,0.0,0.0,0.0,0.0,0.0,0.0,0.0,0.0,0.0,0.0,0.0,0.0,0.0,0.0,0.0,0.0,0.0,0.0,0.0,0.0,0.0,0.0,0.0,0.45,UB&PB,75019
2500,0.9993159933447567,0.7228398505310243,0.5929991111066814,0.8328733402029137,0.053186271929867024,0.022769936334579455,0.09579820784138542,0.6815233461056963,0.5689580234017022,0.7801369115030117,0.9118088130774699,0.08819118692253028,0.22239259942337988,0.20388673007786615,0.08992231961678843,0.34802299998383984,0.021492758110681305,0.4723141146147957,0.23632293321973571,0.22223209375145883,0.10734292500140377,0.36213117763215014,0.32739827056544735,0.3511117438367117,0.21935293416604068,0.43492145997154485,0.4125680834318097,0.4122033179069935,0.4074561366624532,0.4171355698437232,0.2177880529183326,0.698850021340956,6756.070113228675,2532.6735129498825,23218.676485655236,0.45,UB&PB,75019
0,0.0,0.0,0.0,0.0,0.0,0.0,0.0,0.0,0.0,0.0,0.0,0.0,0.0,0.0,0.0,0.0,0.0,0.0,0.0,0.0,0.0,0.0,0.0,0.0,0.0,0.0,0.0,0.0,0.0,0.0,0.0,0.0,0.0,0.0,0.0,0.5,UB&PB,75019
2500,1.01274479799559,0.7689151257914177,0.6701139310049187,0.8568932282504771,0.04240517933840971,0.01699387769827225,0.07834264928285052,0.7860565412755579,0.6675386910443737,0.8823437347618236,0.8592096659559341,0.14079033404406513,0.22939894523079546,0.2096384509141952,0.08741116295661576,0.3697193460622228,0.021360778157070402,0.48727640669534533,0.24028351472052834,0.22282844572442498,0.1010733147714225,0.3795068283619418,0.34044151410693047,0.37032929889041283,0.23085239242977515,0.4482110442111705,0.42021846338060265,0.4199706590928918,0.4158331644271909,0.4242679000905837,0.048772053159978825,0.38475512819044866,8345.076036953962,2861.102066445428,32129.368567169633,0.5,UB&PB,75019
0,0.0,0.0,0.0,0.0,0.0,0.0,0.0,0.0,0.0,0.0,0.0,0.0,0.0,0.0,0.0,0.0,0.0,0.0,0.0,0.0,0.0,0.0,0.0,0.0,0.0,0.0,0.0,0.0,0.0,0.0,0.0,0.0,0.0,0.0,0.0,0.55,UB&PB,75019
2500,1.0296006671901685,0.8279787321885879,0.7387939561469368,0.8996364917963856,0.03536839845990637,0.013283632593971646,0.0670868241670955,0.7037850559565876,0.5825290418186921,0.817816491707526,0.8050497512437815,0.19495024875621925,0.25170525989040615,0.24023704281887692,0.11446475008829124,0.3928943402876396,0.028526685247915448,0.4998336145585962,0.2608366737651883,0.2506715012256527,0.1275656285548728,0.39899150465962163,0.3587341614000942,0.3885083653622577,0.2574853991719995,0.4581454055651152,0.42370294753605753,0.4234107161804203,0.4195395676475789,0.42738949226924366,0.2753623852231897,0.5588891877552666,10951.900574835709,3373.1849218605867,47928.68987279363,0.55,UB&PB,75019
0,0.0,0.0,0.0,0.0,0.0,0.0,0.0,0.0,0.0,0.0,0.0,0.0,0.0,0.0,0.0,0.0,0.0,0.0,0.0,0.0,0.0,0.0,0.0,0.0,0.0,0.0,0.0,0.0,0.0,0.0,0.0,0.0,0.0,0.0,0.0,0.6,UB&PB,75019
2500,1.041146923662373,0.8805304346133704,0.7837555863126558,0.9473860117109266,0.031666903889575,0.011589955731323301,0.061298140292030456,0.6822929839289922,0.5573784309708327,0.8189423359526562,0.8183283582089569,0.1816716417910447,0.2580028369006216,0.2474829432115746,0.12209935763688995,0.39782517732602085,0.03242876693321615,0.5046623778822676,0.2651808588881323,0.2559784458069768,0.13289242164813508,0.40137197464581775,0.3575643185601056,0.38491760041622214,0.25195888824500123,0.46026700900304146,0.41818873677910207,0.41791021401477013,0.41419175866111885,0.42171202141440056,0.07696442544665955,0.3847314220011691,14057.715653179788,4115.1481056663515,65582.04623307085,0.6,UB&PB,75019
0,0.0,0.0,0.0,0.0,0.0,0.0,0.0,0.0,0.0,0.0,0.0,0.0,0.0,0.0,0.0,0.0,0.0,0.0,0.0,0.0,0.0,0.0,0.0,0.0,0.0,0.0,0.0,0.0,0.0,0.0,0.0,0.0,0.0,0.0,0.0,0.65,UB&PB,75019
2500,1.0629155649941529,0.8649270601063593,0.7769699240557468,0.9334210501508793,0.02885313338285962,0.009998978859861762,0.05722338161108718,0.6888524018256325,0.5416373060984934,0.8252185060228922,0.5588400852878478,0.44115991471215404,0.28930021868061717,0.2855345222925316,0.16555281930068386,0.4202620714531959,0.04783095785481442,0.529766193639748,0.2974706509800234,0.2957453853530138,0.17800060905608753,0.4229540582208559,0.38702843353885336,0.411328376133214,0.30437368748512844,0.4708168033457896,0.4271007864814362,0.4268872424113393,0.4231557311145057,0.4306975021588943,0.37552472758729855,0.7804004019668337,11370.377782685398,3061.202759416868,56686.45789999543,0.65,UB&PB,75019
0,0.0,0.0,0.0,0.0,0.0,0.0,0.0,0.0,0.0,0.0,0.0,0.0,0.0,0.0,0.0,0.0,0.0,0.0,0.0,0.0,0.0,0.0,0.0,0.0,0.0,0.0,0.0,0.0,0.0,0.0,0.0,0.0,0.0,0.0,0.0,0.7,UB&PB,75019
2500,1.0766662718131785,0.8871804280463544,0.7808024493017492,0.9474487191513125,0.029335600142197944,0.010205664235833477,0.05766424082565931,0.7575754744024784,0.6149703845505698,0.8831492146548283,0.5313176972281445,0.4686823027718546,0.2962396136123868,0.29781052100179667,0.17755522530656037,0.4194951201953392,0.05473259468683507,0.5271929297074305,0.3034765475461153,0.307917859726108,0.18778150273998828,0.42159403933083867,0.38654139574379776,0.40820803426622576,0.30761669541073133,0.46746485498497375,0.42222652069022254,0.4219329671632465,0.4181822253885759,0.4258106886317586,0.2764097882500947,0.6501202553088808,12073.648962538455,3198.2571179387687,60235.07113326796,0.7,UB&PB,75019
0,0.0,0.0,0.0,0.0,0.0,0.0,0.0,0.0,0.0,0.0,0.0,0.0,0.0,0.0,0.0,0.0,0.0,0.0,0.0,0.0,0.0,0.0,0.0,0.0,0.0,0.0,0.0,0.0,0.0,0.0,0.0,0.0,0.0,0.0,0.0,0.75,UB&PB,75019
2500,1.084404662058923,0.857334679726766,0.7516654395276419,0.9322698231387608,0.028714470036810515,0.009978857610526064,0.05642783842151488,0.6131256299380672,0.48221719721383755,0.7297910629211347,0.37217128642501723,0.6278287135749815,0.3127337723894592,0.325112161491148,0.2140928341486539,0.40995870584344457,0.08297716833632864,0.5224101712085161,0.3200700379167581,0.33418899404962893,0.22416815411207922,0.412505942124044,0.38709886670307025,0.4016515587452894,0.3257844065823026,0.452080715651439,0.40800457570888327,0.4077085653288409,0.4038747833811281,0.41167222771854806,0.6343886023134503,0.9247777087568455,9473.403651157128,2440.9618603046542,48864.000228761084,0.75,UB&PB,75019
0,0.0,0.0,0.0,0.0,0.0,0.0,0.0,0.0,0.0,0.0,0.0,0.0,0.0,0.0,0.0,0.0,0.0,0.0,0.0,0.0,0.0,0.0,0.0,0.0,0.0,0.0,0.0,0.0,0.0,0.0,0.0,0.0,0.0,0.0,0.0,0.8,UB&PB,75019
2500,1.1107382478370023,0.8445476012145922,0.755308178149019,0.9222147888580068,0.027620175127393544,0.009537567189058665,0.05431073064372859,0.6760270687804306,0.5051151544108754,0.8336688717082638,0.19716631130063986,0.802833688699359,0.33652843730399423,0.36032747229399265,0.24776633557380232,0.41757745789574807,0.11069839580362466,0.5373738868068345,0.34350928085432514,0.36576851317249437,0.2572127910398855,0.42115533740647204,0.4000909547625833,0.4095457832816003,0.34971659756270557,0.4532559479844642,0.4128523643839169,0.41254188009035564,0.4087765321944576,0.4164085551106764,0.37637988661398036,0.8597912096710326,8824.874591617849,2139.6065333832803,46719.88479101432,0.8,UB&PB,75019
0,0.0,0.0,0.0,0.0,0.0,0.0,0.0,0.0,0.0,0.0,0.0,0.0,0.0,0.0,0.0,0.0,0.0,0.0,0.0,0.0,0.0,0.0,0.0,0.0,0.0,0.0,0.0,0.0,0.0,0.0,0.0,0.0,0.0,0.0,0.0,0.85,UB&PB,75019
2500,1.1314330076707244,0.8817695393007484,0.7895144934881853,0.9444171776990121,0.0276999174747943,0.009441835939867343,0.05467607581880952,0.740457042685123,0.6350499496488915,0.8339781786085658,0.18397441364605516,0.8160255863539448,0.3510541482843008,0.37656765969516764,0.2661565057678784,0.4253025402466842,0.13156772863908744,0.5479895422391126,0.3567569196953955,0.3788306192072319,0.27513190601703136,0.42903282877933846,0.4071999975954662,0.4156322925936595,0.3534350017599892,0.46212880725800176,0.4186093982503057,0.41836688130354577,0.4146932020830983,0.422152550233281,0.6537355035804433,1.0204673870425989,10395.573628583887,2378.225842287499,57902.14596904486,0.85,UB&PB,75019
0,0.0,0.0,0.0,0.0,0.0,0.0,0.0,0.0,0.0,0.0,0.0,0.0,0.0,0.0,0.0,0.0,0.0,0.0,0.0,0.0,0.0,0.0,0.0,0.0,0.0,0.0,0.0,0.0,0.0,0.0,0.0,0.0,0.0,0.0,0.0,0.9,UB&PB,75019
2500,1.1348868625895259,0.8797282438885601,0.7852141526319715,0.9440844569899395,0.028149559747386765,0.009742953697565946,0.05505077813213409,0.7805290885503722,0.6428016961992173,0.8937326349146667,0.16546695095948832,0.8345330490405112,0.3541077186073939,0.37907177944392506,0.2858693983584576,0.41634109230372834,0.144155919093051,0.5361833305901489,0.3588588095981615,0.3790002179835054,0.2941105172907118,0.42021194704259607,0.39810310754025235,0.4045277477226422,0.3482695817769607,0.44922007446748,0.4067938024305127,0.4064802607735724,0.40273354318361926,0.41040551022648286,0.13470724248459942,0.5610446954247906,9635.854509134377,2249.994496162781,52544.04889392108,0.9,UB&PB,75019
0,0.0,0.0,0.0,0.0,0.0,0.0,0.0,0.0,0.0,0.0,0.0,0.0,0.0,0.0,0.0,0.0,0.0,0.0,0.0,0.0,0.0,0.0,0.0,0.0,0.0,0.0,0.0,0.0,0.0,0.0,0.0,0.0,0.0,0.0,0.0,0.95,UB&PB,75019
2500,1.1666135578997818,0.8708290221387904,0.7635092449918116,0.9420406506406641,0.028034512642395933,0.009658819072571653,0.05515869546194654,0.7566485659351693,0.5784747831561244,0.8971665926429403,0.1524036958066809,0.8475963041933191,0.3863020248514229,0.40127534710909807,0.3378945414292357,0.4337237192181333,0.1962784338378677,0.5560801103159391,0.39100305559314463,0.4000993058751326,0.3445818531753687,0.4385304901303004,0.41279844036233115,0.41798455935409345,0.3646204098260203,0.46129089188583355,0.41985667475804483,0.4195675102980515,0.41576610801201663,0.42350671080161517,0.04697201060171151,0.4903131378991398,8596.293671917476,2036.8947413390972,46478.013482351475,0.95,UB&PB,75019
0,0.0,0.0,0.0,0.0,0.0,0.0,0.0,0.0,0.0,0.0,0.0,0.0,0.0,0.0,0.0,0.0,0.0,0.0,0.0,0.0,0.0,0.0,0.0,0.0,0.0,0.0,0.0,0.0,0.0,0.0,0.0,0.0,0.0,0.0,0.0,0.05,UB&PB,5176
2500,0.916245678674554,0.6100224520650366,0.4410268268221776,0.7569906972560274,0.8846462250490534,0.80281006143568,0.9431319876312313,0.8889224374809711,0.8106685011941989,0.9472400001460528,0.9564342572850032,0.043565742714996435,0.08005177739326978,0.017730348723641716,0.0029995194030505907,0.10075517651018648,0.00013652570739431017,0.37446949624137943,0.08587783445193768,0.02204255843381711,0.003914488776606819,0.11334699767772635,0.14074332641654805,0.0899951612745041,0.03392600284089592,0.211669169196648,0.42025991812983376,0.4199018719897486,0.4137931411315576,0.4262552043521235,0.03278373797536062,0.7901223982923911,15026.917946755811,8398.60922726754,27163.927868800045,0.05,UB&PB,5176
0,0.0,0.0,0.0,0.0,0.0,0.0,0.0,0.0,0.0,0.0,0.0,0.0,0.0,0.0,0.0,0.0,0.0,0.0,0.0,0.0,0.0,0.0,0.0,0.0,0.0,0.0,0.0,0.0,0.0,0.0,0.0,0.0,0.0,0.0,0.0,0.1,UB&PB,5176
2500,0.9292490217126216,0.35876934003981853,0.24453024927114236,0.493652347528307,0.7072979010077469,0.57148835220575,0.8053433774041214,0.8743348564308362,0.7846407529730693,0.936217988249772,0.959075337597726,0.040924662402274395,0.09039174055643269,0.039965454502247554,0.009809554172035244,0.12417966976903318,0.001206816034829539,0.34894135195211595,0.10886786256762754,0.06088122070556212,0.018251501795260295,0.15735092623842625,0.14208476900689118,0.10813578452861948,0.06089597751073303,0.18694429151391573,0.4163088667092066,0.4157219844407682,0.4032436730886819,0.42869977282429245,0.0265804050844704,0.7439178291627189,3644.13585948687,2474.598889505682,5495.895361307319,0.1,UB&PB,5176
0,0.0,0.0,0.0,0.0,0.0,0.0,0.0,0.0,0.0,0.0,0.0,0.0,0.0,0.0,0.0,0.0,0.0,0.0,0.0,0.0,0.0,0.0,0.0,0.0,0.0,0.0,0.0,0.0,0.0,0.0,0.0,0.0,0.0,0.0,0.0,0.15,UB&PB,5176
2500,0.9472412142116468,0.3178054297138579,0.17863541840343325,0.509128095089186,0.501553820540687,0.3730604986308219,0.6284758521743974,0.8637215171976016,0.7662550903582142,0.9363065756414802,0.9631073205401569,0.036892679459843716,0.11458188279634851,0.06880690136662677,0.025605209148784076,0.1675621359236725,0.005641437135520691,0.366059757026474,0.14167489883347195,0.10203977690323134,0.0428824555356899,0.21001998042104186,0.16973673039726933,0.14271726291751075,0.09419440774133278,0.22011405909936557,0.4195496678854417,0.4187649459120606,0.4011320545064637,0.4369175280222236,0.26136857423140947,0.7380606748525538,3083.355971776155,1981.1208639383656,4961.541758445036,0.15,UB&PB,5176
0,0.0,0.0,0.0,0.0,0.0,0.0,0.0,0.0,0.0,0.0,0.0,0.0,0.0,0.0,0.0,0.0,0.0,0.0,0.0,0.0,0.0,0.0,0.0,0.0,0.0,0.0,0.0,0.0,0.0,0.0,0.0,0.0,0.0,0.0,0.0,0.2,UB&PB,5176
2500,0.9524997719720215,0.5878253056287222,0.46450798626529427,0.7008743122410527,0.18704730204077785,0.11585177760421941,0.2894523716856987,0.8775494395472018,0.7876476187376125,0.9423638890620126,0.9375465529495386,0.06245344705046211,0.15539853706160628,0.10330871553873872,0.03553421066428711,0.24262039554816317,0.007201591200562031,0.44642189398118454,0.17287543101973743,0.12882576094179615,0.04954923230923979,0.26912106436146915,0.25744740522861637,0.24292057475579376,0.1364219948877538,0.37636726818842137,0.4253715511468967,0.42504410970073436,0.4184861403907065,0.4318636203916603,0.33702982102381607,1.4526733272806442,7505.982470476726,3382.4350469912247,17908.735575051764,0.2,UB&PB,5176
0,0.0,0.0,0.0,0.0,0.0,0.0,0.0,0.0,0.0,0.0,0.0,0.0,0.0,0.0,0.0,0.0,0.0,0.0,0.0,0.0,0.0,0.0,0.0,0.0,0.0,0.0,0.0,0.0,0.0,0.0,0.0,0.0,0.0,0.0,0.0,0.25,UB&PB,5176
2500,0.9611536326752506,0.5857659561265152,0.42350262211908274,0.7389948377615626,0.2880776580672497,0.196553710669985,0.39396453594969266,0.8883566660836341,0.8110078148670808,0.9477228698657708,0.9542167732764747,0.04578322672352527,0.13650148464556014,0.08505167605986087,0.02724105217637838,0.21104326108826926,0.005245381076635241,0.417326043063107,0.15195047439541642,0.1071498068929714,0.038183513680694,0.2350677347586557,0.22105705525060962,0.19805389787331945,0.11649420760174266,0.315116659356501,0.41460011124099566,0.41410221103292455,0.40729994105024586,0.4212327792434411,0.16827798899214017,0.6878351381832954,8745.150586403934,4349.946452389036,19141.758286436565,0.25,UB&PB,5176
0,0.0,0.0,0.0,0.0,0.0,0.0,0.0,0.0,0.0,0.0,0.0,0.0,0.0,0.0,0.0,0.0,0.0,0.0,0.0,0.0,0.0,0.0,0.0,0.0,0.0,0.0,0.0,0.0,0.0,0.0,0.0,0.0,0.0,0.0,0.0,0.3,UB&PB,5176
2500,0.9647286021711127,0.6902539444963764,0.5556961293092534,0.8395658109890015,0.12277105293212084,0.06563154132110062,0.20463192625439988,0.8395517161193122,0.7435906552911357,0.9192467453234938,0.9360021321961611,0.0639978678038381,0.16890211703250063,0.11965900276323964,0.041189174855626356,0.2696266384930385,0.00825596938706099,0.4563414956966604,0.18202881319286507,0.13935928312338489,0.05283292676907314,0.28790687600666354,0.2749751466134158,0.2690373944449025,0.1505964757460952,0.4002510496112644,0.4152155326859041,0.414821808206142,0.4090737374796706,0.4208387919822931,0.03008157694328299,0.2765244809245655,10924.985905876034,4368.608529375075,30296.820844833477,0.3,UB&PB,5176
0,0.0,0.0,0.0,0.0,0.0,0.0,0.0,0.0,0.0,0.0,0.0,0.0,0.0,0.0,0.0,0.0,0.0,0.0,0.0,0.0,0.0,0.0,0.0,0.0,0.0,0.0,0.0,0.0,0.0,0.0,0.0,0.0,0.0,0.0,0.0,0.35,UB&PB,5176
2500,0.9668013363127625,0.7674669950651786,0.6360316260250768,0.8986609249339759,0.09137928083475996,0.042322555216117906,0.1593685772009597,0.843470087303116,0.7416061901483582,0.9180141644298644,0.9251215351812363,0.07487846481876348,0.1719681621299259,0.12551241587731857,0.03702600706689605,0.28069739646108005,0.0063657133310495335,0.46106832650995505,0.18148533201484504,0.13999022391026425,0.045479240399767605,0.2948879243524354,0.28271507576422245,0.28479341085996507,0.1521680630035853,0.4141369828799628,0.40839652432598433,0.40801473495710927,0.4032590015002672,0.41295623050692176,0.22739435332427718,0.7103705818319634,15528.799561753365,5643.095233745049,47921.146871657664,0.35,UB&PB,5176
0,0.0,0.0,0.0,0.0,0.0,0.0,0.0,0.0,0.0,0.0,0.0,0.0,0.0,0.0,0.0,0.0,0.0,0.0,0.0,0.0,0.0,0.0,0.0,0.0,0.0,0.0,0.0,0.0,0.0,0.0,0.0,0.0,0.0,0.0,0.0,0.4,UB&PB,5176
2500,0.9856284327678978,0.8192916352139719,0.6969521555237082,0.913163233214845,0.0645113034263167,0.028388286936241847,0.11669852386141251,0.8954084193154181,0.8161327946507504,0.9501681495287958,0.9162466240227437,0.08375337597725654,0.18939159165854086,0.14653142670478314,0.04523860431174571,0.3151996102403622,0.008961591621175118,0.4798912317834123,0.19708469584007096,0.15906732765394815,0.05160991925404757,0.3278865904010897,0.30680792727730594,0.3209656636296867,0.17084278016945353,0.43959326265939186,0.4223622560035523,0.4220612693870312,0.4179848687751788,0.4262804520366832,0.07581947832662335,0.3595301747297301,14379.540665890507,4872.588595749177,50939.2787291228,0.4,UB&PB,5176
0,0.0,0.0,0.0,0.0,0.0,0.0,0.0,0.0,0.0,0.0,0.0,0.0,0.0,0.0,0.0,0.0,0.0,0.0,0.0,0.0,0.0,0.0,0.0,0.0,0.0,0.0,0.0,0.0,0.0,0.0,0.0,0.0,0.0,0.0,0.0,0.45,UB&PB,5176
2500,0.9902655455422943,0.8536034344022803,0.7258082402522712,0.9316170125824867,0.05239469166185003,0.0225216266522732,0.09495322744884677,0.7887981326841644,0.6461010453403522,0.8896306154114654,0.9043582089552241,0.09564179104477606,0.2006554455804037,0.16798613697105325,0.055083966582539175,0.33293786293313643,0.010350896943399567,0.4764194441336858,0.2078244824217752,0.17874250624233043,0.062300017254224065,0.3423200140599342,0.3149212125270122,0.3352037124871512,0.18808741736573253,0.4389993593247819,0.4127184645113036,0.4123969249427847,0.40848802485612806,0.4164497557582334,0.326894199463203,0.7606949054924343,15120.94039752973,4960.86531143956,56911.26869572781,0.45,UB&PB,5176
0,0.0,0.0,0.0,0.0,0.0,0.0,0.0,0.0,0.0,0.0,0.0,0.0,0.0,0.0,0.0,0.0,0.0,0.0,0.0,0.0,0.0,0.0,0.0,0.0,0.0,0.0,0.0,0.0,0.0,0.0,0.0,0.0,0.0,0.0,0.0,0.5,UB&PB,5176
2500,1.0064145068746757,0.8264375551911345,0.6973002753834903,0.9113288547219565,0.042545449563708114,0.017216853005399737,0.07995169843044926,0.8044535721290312,0.6844038869989304,0.8923976877787289,0.8489694385216764,0.15103056147832256,0.21770891233894316,0.1947842537540031,0.07431005483632935,0.3571711866193278,0.015533458250782634,0.48054586383521614,0.2265649223183286,0.20556008119132144,0.08530232989252338,0.36552906584366296,0.32955926531531704,0.35728308122705194,0.21414326986860646,0.44093231868916377,0.41118892240308014,0.4109063124024975,0.40686981095699637,0.41508897094669356,0.02858050670407557,0.5084806447365433,11352.604038634652,3660.069346834975,45254.97890569242,0.5,UB&PB,5176
0,0.0,0.0,0.0,0.0,0.0,0.0,0.0,0.0,0.0,0.0,0.0,0.0,0.0,0.0,0.0,0.0,0.0,0.0,0.0,0.0,0.0,0.0,0.0,0.0,0.0,0.0,0.0,0.0,0.0,0.0,0.0,0.0,0.0,0.0,0.0,0.55,UB&PB,5176
2500,1.0249170836803458,0.8735582501711613,0.7918004797239356,0.9426193559550585,0.039432081022077264,0.015231434407093184,0.07484951645072718,0.8406797935702752,0.7077625334496181,0.922613633539726,0.8588599857853576,0.14114001421464079,0.2337846900680101,0.21136591336367425,0.08517677470256195,0.38285871996309956,0.019149097537348295,0.4996208096137308,0.2404684786688294,0.21958494165086595,0.09410955938623836,0.38777321233907425,0.34351506392550984,0.3690234936841597,0.22506714595794197,0.45860357272319907,0.4228801400235294,0.422601774303739,0.4189093021234807,0.4264213346783231,0.06055390472592578,0.3866627862050437,16732.29681358265,5068.300458943132,71676.19609538307,0.55,UB&PB,5176
0,0.0,0.0,0.0,0.0,0.0,0.0,0.0,0.0,0.0,0.0,0.0,0.0,0.0,0.0,0.0,0.0,0.0,0.0,0.0,0.0,0.0,0.0,0.0,0.0,0.0,0.0,0.0,0.0,0.0,0.0,0.0,0.0,0.0,0.0,0.0,0.6,UB&PB,5176
2500,1.0389358819037036,0.864528374074738,0.7640141239358059,0.935425159607591,0.03147314964026416,0.011410918548088348,0.06101518835406296,0.8443031498089177,0.7245015732770741,0.9242889851619023,0.7560945273631832,0.2439054726368164,0.25207386885762406,0.23347899205134262,0.11061415015868685,0.40147470400442675,0.02607069926660148,0.5093801066672433,0.25992857610696046,0.24294151781653314,0.1224965324553075,0.4049364049508108,0.3598772779780455,0.39034505913606404,0.2563780471965274,0.4619539448331808,0.4218949861357997,0.4216362428203934,0.4178853235687522,0.4255642474201154,0.17232376535720248,0.4219361025786159,12429.115939103789,3598.584270857023,57239.0516255113,0.6,UB&PB,5176
0,0.0,0.0,0.0,0.0,0.0,0.0,0.0,0.0,0.0,0.0,0.0,0.0,0.0,0.0,0.0,0.0,0.0,0.0,0.0,0.0,0.0,0.0,0.0,0.0,0.0,0.0,0.0,0.0,0.0,0.0,0.0,0.0,0.0,0.0,0.0,0.65,UB&PB,5176
2500,1.0549049430452648,0.8579948579315689,0.7462503665092176,0.9319708104869593,0.028672810212369185,0.009982151380514882,0.05630899801689124,0.5648509339160068,0.4657189146409938,0.6610997067906649,0.6805579246624022,0.31944207533759705,0.28440911807677677,0.28289972501955374,0.17075023229711053,0.4047217409843081,0.05317447561877924,0.5064452246333881,0.2927867849307015,0.292222495726712,0.1841894398124641,0.40772308988530337,0.37126139581069917,0.39517428434353974,0.2881776146139493,0.4548596548160384,0.4117161597321226,0.41146119544070764,0.40757892784733424,0.4154198452357031,0.029727529329108566,0.4470032015421294,9515.49799125333,2784.783567936303,45524.7366934028,0.65,UB&PB,5176
0,0.0,0.0,0.0,0.0,0.0,0.0,0.0,0.0,0.0,0.0,0.0,0.0,0.0,0.0,0.0,0.0,0.0,0.0,0.0,0.0,0.0,0.0,0.0,0.0,0.0,0.0,0.0,0.0,0.0,0.0,0.0,0.0,0.0,0.0,0.0,0.7,UB&PB,5176
2500,1.0756152508377212,0.8648373565817677,0.7711537126655692,0.9345493949883081,0.02822961088852808,0.009736047748952007,0.055258749543825966,0.5657567754295795,0.42802367580929795,0.7314158539683989,0.3567931769722814,0.6432068230277175,0.31233135819194974,0.32066163407276466,0.21231913826183893,0.4153928787111717,0.07764378799637127,0.5275249280667133,0.3202471488696685,0.33027721672097815,0.22323011012596278,0.41794461082175044,0.3929745362359019,0.40837356973926947,0.33107213311634426,0.45791090276814606,0.4152595474483396,0.41493954562454316,0.4111891249548218,0.4188207421452149,0.2791959601305862,0.7918234710654155,9860.255158896962,2490.6513655141816,51259.547992246466,0.7,UB&PB,5176
0,0.0,0.0,0.0,0.0,0.0,0.0,0.0,0.0,0.0,0.0,0.0,0.0,0.0,0.0,0.0,0.0,0.0,0.0,0.0,0.0,0.0,0.0,0.0,0.0,0.0,0.0,0.0,0.0,0.0,0.0,0.0,0.0,0.0,0.0,0.0,0.75,UB&PB,5176
2500,1.088187480878408,0.881709947758257,0.8063267849111344,0.9413292905901239,0.02705290723407405,0.009272063587691335,0.05306526923471172,0.6030923170202421,0.48433657536298275,0.7307915875821154,0.29080028429282156,0.709199715707179,0.3165131682518263,0.3279401697832817,0.22011218760767784,0.41178488530368046,0.08776527090817537,0.5288230304740404,0.323049795737164,0.33565489559715667,0.22881966361367365,0.4142433180693627,0.3918406375461635,0.4047964216855933,0.33365537962562314,0.4535049762504279,0.4095173760308568,0.40921443044243366,0.40556894376511887,0.41298771269115836,0.47657730879274757,0.9015109162892688,11182.532322382622,2640.8998515851986,61206.38507283374,0.75,UB&PB,5176
0,0.0,0.0,0.0,0.0,0.0,0.0,0.0,0.0,0.0,0.0,0.0,0.0,0.0,0.0,0.0,0.0,0.0,0.0,0.0,0.0,0.0,0.0,0.0,0.0,0.0,0.0,0.0,0.0,0.0,0.0,0.0,0.0,0.0,0.0,0.0,0.8,UB&PB,5176
2500,1.1051803411239751,0.8936138568991693,0.8166291019763781,0.9505959432444454,0.027095633134224112,0.009160219152942286,0.05396681473721142,0.6687086259090526,0.5625845911039408,0.7821397901176497,0.2299090262970862,0.7700909737029139,0.3284109387371686,0.3500382126746445,0.2351496666295362,0.41411652936993604,0.10018062318537264,0.5355480263550612,0.3341653305780731,0.35499426008110085,0.2431461282331189,0.4166651834621692,0.39600170510132743,0.4065037846403427,0.3397234215560418,0.4545189031256945,0.4100158824145591,0.4096781520192471,0.40600904409888144,0.41344782403715646,0.43735541971423164,0.7571862948250249,11794.812131776718,2643.154631496052,65800.82455995644,0.8,UB&PB,5176
0,0.0,0.0,0.0,0.0,0.0,0.0,0.0,0.0,0.0,0.0,0.0,0.0,0.0,0.0,0.0,0.0,0.0,0.0,0.0,0.0,0.0,0.0,0.0,0.0,0.0,0.0,0.0,0.0,0.0,0.0,0.0,0.0,0.0,0.0,0.0,0.85,UB&PB,5176
2500,1.1388060770099828,0.8249924402614994,0.7200197512233626,0.911886852084407,0.028685974752725184,0.009967120546805012,0.05652482623551658,0.7350706555137294,0.5888969872266945,0.8537055239661996,0.19787420042643897,0.8021257995735602,0.36246427043142004,0.39037993805445603,0.28164837495873046,0.4344113452099545,0.14187036866243732,0.5513901504796113,0.3695155885864494,0.3929049889499898,0.29307210486705454,0.439310118683052,0.41502649748303544,0.42276824690000225,0.36573056725717434,0.46642025700373807,0.4258243916963398,0.4254939960782089,0.4216795777554054,0.4294879047954656,0.4735159719415098,0.9881818024598181,7740.4950233852305,1953.7099537815718,39725.21121797677,0.85,UB&PB,5176
0,0.0,0.0,0.0,0.0,0.0,0.0,0.0,0.0,0.0,0.0,0.0,0.0,0.0,0.0,0.0,0.0,0.0,0.0,0.0,0.0,0.0,0.0,0.0,0.0,0.0,0.0,0.0,0.0,0.0,0.0,0.0,0.0,0.0,0.0,0.0,0.9,UB&PB,5176
2500,1.1417116962459892,0.8632714697825548,0.7821719802910314,0.9250398428171303,0.028595961614758976,0.009925274272554425,0.05587964527222317,0.8015185884837767,0.6410865573391417,0.9056296716551449,0.20245131485430004,0.7975486851457002,0.3615911414324726,0.3859445753129328,0.2931225508074376,0.4254807354061534,0.14869864302014824,0.5454849998656569,0.36681009993226765,0.38646175364074253,0.30180638161148055,0.4298057145142885,0.4053533140080632,0.41208435164320717,0.3525489356098258,0.45944793557046143,0.41473979855535825,0.4144401267138336,0.41062560284139465,0.41837506763430976,0.033430865553634,0.5623049041570746,9396.689173649667,2229.985002556934,51101.99765322047,0.9,UB&PB,5176
0,0.0,0.0,0.0,0.0,0.0,0.0,0.0,0.0,0.0,0.0,0.0,0.0,0.0,0.0,0.0,0.0,0.0,0.0,0.0,0.0,0.0,0.0,0.0,0.0,0.0,0.0,0.0,0.0,0.0,0.0,0.0,0.0,0.0,0.0,0.0,0.95,UB&PB,5176
2500,1.1684301335653058,0.8323179004302728,0.7274670875271367,0.9062477546298726,0.028234146218640694,0.009825453155415024,0.05500855905126809,0.6784882083921452,0.5249975821701857,0.7976721125973305,0.16500497512437817,0.8349950248756223,0.39265889030131296,0.40763738004874384,0.34890030852601533,0.4383387849010154,0.20457536350551847,0.5528813933223569,0.3981640394672093,0.40723804977236455,0.35609576707167906,0.44404002234610424,0.4163491514503947,0.42058804652274473,0.37220190946692927,0.46197393055421365,0.4220030355739437,0.4218044990298426,0.41786528397408573,0.4258343645983448,0.5005130217530135,1.031230024154522,7545.923142996282,1858.086672294447,40471.7759923972,0.95,UB&PB,5176
0,0.0,0.0,0.0,0.0,0.0,0.0,0.0,0.0,0.0,0.0,0.0,0.0,0.0,0.0,0.0,0.0,0.0,0.0,0.0,0.0,0.0,0.0,0.0,0.0,0.0,0.0,0.0,0.0,0.0,0.0,0.0,0.0,0.0,0.0,0.0,0.05,UB&PB,42777
2500,0.9159587232442412,0.5101390141628402,0.36181785443001147,0.6720970647074959,0.8817369434647275,0.7972938447252804,0.9451127117495869,0.8977776891597796,0.8138380208550309,0.9534535047016842,0.9587185501066091,0.04128144989339019,0.07950897930783249,0.021173607095383944,0.0035736223539027476,0.10168676492200993,0.00042415681655743004,0.35494763672759955,0.08731350208600339,0.02803807811781539,0.004935555233295071,0.11764446701099363,0.13609326730172502,0.09068618338038703,0.03406365191800936,0.19993496591080734,0.4139555044472359,0.4135085220919673,0.4061697007727457,0.42116846325571794,0.09027443635402403,0.3264069990845731,8261.64075305765,5013.285332641421,14043.957152352552,0.05,UB&PB,42777
0,0.0,0.0,0.0,0.0,0.0,0.0,0.0,0.0,0.0,0.0,0.0,0.0,0.0,0.0,0.0,0.0,0.0,0.0,0.0,0.0,0.0,0.0,0.0,0.0,0.0,0.0,0.0,0.0,0.0,0.0,0.0,0.0,0.0,0.0,0.0,0.1,UB&PB,42777
2500,0.9310087878089723,0.5641398581950304,0.41168548146091616,0.7025445862074529,0.7038747930345121,0.5613543781323121,0.8356745335796812,0.868053076875602,0.7862079610397119,0.9297748437036384,0.9579310589907613,0.042068941009239594,0.08809640807413872,0.029515889281347282,0.00637344881049536,0.11851345590267881,0.0004406695298389777,0.3709181387094229,0.09555728998165597,0.03660270153949343,0.008475088642863064,0.13358158864177436,0.1502760966955411,0.10876942585738868,0.04854657075132786,0.2189076611746351,0.41520797392561704,0.41477350978239835,0.40811006024666935,0.42176476648445593,0.2030914664344194,0.9285658769246562,9008.416556314656,5349.6103978144165,15589.441532878709,0.1,UB&PB,42777
0,0.0,0.0,0.0,0.0,0.0,0.0,0.0,0.0,0.0,0.0,0.0,0.0,0.0,0.0,0.0,0.0,0.0,0.0,0.0,0.0,0.0,0.0,0.0,0.0,0.0,0.0,0.0,0.0,0.0,0.0,0.0,0.0,0.0,0.0,0.0,0.15,UB&PB,42777
2500,0.9473877985706303,0.4482077568755482,0.28780014626294703,0.5979872318597652,0.8369534975444561,0.6890097171082126,0.9235727560058011,0.8671292957484026,0.7682885968678405,0.9375847977240511,0.9613916133617638,0.03860838663823749,0.07856994425705661,0.03201421422521646,0.008219997233552436,0.10728826979501671,0.001033312951250748,0.30999408312178317,0.09062134503382838,0.04504663296550899,0.012645898515062409,0.12931057838821505,0.12105273845131802,0.09184235562234626,0.04911058315219561,0.1596657514884343,0.41703140937649097,0.41650248638131826,0.4070922915640586,0.42631928054273777,0.07349088016929557,0.6865803733327521,5752.6538594693075,4029.710082079347,8484.06331371899,0.15,UB&PB,42777
0,0.0,0.0,0.0,0.0,0.0,0.0,0.0,0.0,0.0,0.0,0.0,0.0,0.0,0.0,0.0,0.0,0.0,0.0,0.0,0.0,0.0,0.0,0.0,0.0,0.0,0.0,0.0,0.0,0.0,0.0,0.0,0.0,0.0,0.0,0.0,0.2,UB&PB,42777
2500,0.9560123684099742,0.3934277342525468,0.22880569941160786,0.5395895881043696,0.31629269355790957,0.22813768429042017,0.41115931553520935,0.8501103550660659,0.7744411071590753,0.9222854858219358,0.9563503909026295,0.04364960909737029,0.14693635356298396,0.10598597728402355,0.04360176340910411,0.22203275059614305,0.010377813925363221,0.4029415266706881,0.17906831296438008,0.149941730273595,0.07044575259243496,0.2669274882279446,0.21793846742171466,0.19612781291139456,0.13248317337459906,0.288871737679843,0.41678765157435793,0.41609227906302393,0.40321757232748845,0.42951662662447904,0.05146945209488923,0.6728785302511108,2130.8653954516217,1433.9630001705532,3389.130173493211,0.2,UB&PB,42777
0,0.0,0.0,0.0,0.0,0.0,0.0,0.0,0.0,0.0,0.0,0.0,0.0,0.0,0.0,0.0,0.0,0.0,0.0,0.0,0.0,0.0,0.0,0.0,0.0,0.0,0.0,0.0,0.0,0.0,0.0,0.0,0.0,0.0,0.0,0.0,0.25,UB&PB,42777
2500,0.9624299935818375,0.6059634926992215,0.4542413673695799,0.7762426143600808,0.35388037609099343,0.24075849869316876,0.48199503941887073,0.7824982783255289,0.6832932792617762,0.8731245982862031,0.9507583511016362,0.04924164889836534,0.13616313650884904,0.08565615834502788,0.029319207592559886,0.20732625767284238,0.005877522063561096,0.41746255302473384,0.14781123902436127,0.10264448214611621,0.037828569463292584,0.22588131916266924,0.22151140734875918,0.20197001516616636,0.11654626930505081,0.31282860896801507,0.42272205918621075,0.42241108417429624,0.4168046087720894,0.42827585329689144,0.07769274161870632,0.2968739220400326,8506.10576497284,4952.993079201592,15395.58351473673,0.25,UB&PB,42777
0,0.0,0.0,0.0,0.0,0.0,0.0,0.0,0.0,0.0,0.0,0.0,0.0,0.0,0.0,0.0,0.0,0.0,0.0,0.0,0.0,0.0,0.0,0.0,0.0,0.0,0.0,0.0,0.0,0.0,0.0,0.0,0.0,0.0,0.0,0.0,0.3,UB&PB,42777
2500,0.9697131349037561,0.6588283683541879,0.501870997243915,0.798308501122033,0.1446619843096916,0.08198775429974184,0.23459237574840394,0.8632220412507821,0.7680685302181328,0.9372467337340504,0.9380923951670206,0.06190760483297806,0.16575864765178983,0.11762274133262698,0.03879724120315403,0.2643803862350796,0.007860356767187422,0.4514200673386682,0.17917372848457783,0.13889856018284122,0.0493705986395113,0.28465162344965267,0.26896137466914866,0.261373614660288,0.14683222441002453,0.3909340555092818,0.41692451262476415,0.41654112913116326,0.41105361318879907,0.4222797434599208,0.2199355799630507,0.44887076178488666,7438.8096783348265,3193.6876878718213,19966.49211397065,0.3,UB&PB,42777
0,0.0,0.0,0.0,0.0,0.0,0.0,0.0,0.0,0.0,0.0,0.0,0.0,0.0,0.0,0.0,0.0,0.0,0.0,0.0,0.0,0.0,0.0,0.0,0.0,0.0,0.0,0.0,0.0,0.0,0.0,0.0,0.0,0.0,0.0,0.0,0.35,UB&PB,42777
2500,0.9837922741594942,0.7520526072635665,0.5820971754982689,0.8867221598702716,0.08043210434036296,0.039699973954124515,0.1306037718685714,0.7652397348212773,0.6466049920887128,0.8625972481266128,0.9122487562189064,0.08775124378109456,0.1975356791042299,0.16202931012514546,0.06095058831949822,0.3118240397756392,0.01506645814399365,0.4769578588457661,0.20856354899515703,0.17894786115451894,0.07231263693297234,0.32644411717824684,0.3104127127290883,0.32327060824849585,0.1854854275774478,0.43372823623634604,0.421409875363084,0.421110001037338,0.4166234513262549,0.4257534997030176,0.03717801050104581,0.43042874348192206,9282.876380991906,3527.1392130694494,30050.1383911496,0.35,UB&PB,42777
0,0.0,0.0,0.0,0.0,0.0,0.0,0.0,0.0,0.0,0.0,0.0,0.0,0.0,0.0,0.0,0.0,0.0,0.0,0.0,0.0,0.0,0.0,0.0,0.0,0.0,0.0,0.0,0.0,0.0,0.0,0.0,0.0,0.0,0.0,0.0,0.4,UB&PB,42777
2500,0.9875445859058232,0.852591250095893,0.7455886873344918,0.9184201890567422,0.04691616779203951,0.018852851254852032,0.08915711473029303,0.6594719091717411,0.5686655092075688,0.761203974908031,0.8870120824449169,0.11298791755508177,0.21296036158827708,0.1872098696557271,0.06780055435933169,0.3386804595999851,0.013307351900864356,0.48714875536657803,0.22120954150545488,0.19965656063368678,0.0771527150833984,0.3496839606324777,0.3305519411699247,0.35679077981060364,0.20329590467264685,0.4524121532438538,0.4211284274378066,0.4208466258824395,0.4169881393174484,0.4248331148690803,0.44063975143855705,0.7596131001868868,14607.556636467898,4574.616836303376,59090.0675081368,0.4,UB&PB,42777
0,0.0,0.0,0.0,0.0,0.0,0.0,0.0,0.0,0.0,0.0,0.0,0.0,0.0,0.0,0.0,0.0,0.0,0.0,0.0,0.0,0.0,0.0,0.0,0.0,0.0,0.0,0.0,0.0,0.0,0.0,0.0,0.0,0.0,0.0,0.0,0.45,UB&PB,42777
2500,0.9985446608312818,0.8613130136582632,0.7701974359780931,0.9309067256393834,0.04726188439092535,0.01889318382583291,0.09018497172428802,0.7465110005237406,0.6388907040164344,0.8514372033983482,0.8804513148542992,0.11954868514570026,0.2134590523003877,0.1862635127475292,0.06747959702179543,0.34762368602694854,0.013665032723303328,0.4879380709385142,0.2205716104568306,0.19633849121961455,0.07561538906670583,0.3565313257932275,0.32960194597309717,0.35403088529958454,0.20557634906424055,0.45039724239585494,0.4212790496750655,0.42099310506275156,0.4172817092107823,0.42483619108079435,0.4440107615534948,0.7550558439416458,16615.606669276593,5277.734533463283,64549.78504423832,0.45,UB&PB,42777
0,0.0,0.0,0.0,0.0,0.0,0.0,0.0,0.0,0.0,0.0,0.0,0.0,0.0,0.0,0.0,0.0,0.0,0.0,0.0,0.0,0.0,0.0,0.0,0.0,0.0,0.0,0.0,0.0,0.0,0.0,0.0,0.0,0.0,0.0,0.0,0.5,UB&PB,42777
2500,1.0039107331703865,0.8619273356609644,0.753339555416914,0.9328467148046613,0.04763565093963194,0.019665079725275036,0.08605679696743593,0.7213655882121875,0.6105930057285303,0.833929181378388,0.8949665955934603,0.10503340440653873,0.21526419014443668,0.18985585888604586,0.07215911750741076,0.3522110863713184,0.015768810802059666,0.47845492036600196,0.22235792750742797,0.19936299740667837,0.08092145666245562,0.35986032014576774,0.32400938838996335,0.34710474351627135,0.20350924840182388,0.44222609777571037,0.4100057590519655,0.40975455097992625,0.40586369977497794,0.4137626990025798,0.05606572219336213,0.3941858441170315,14352.5652017061,4651.512633726315,56914.201643802335,0.5,UB&PB,42777
0,0.0,0.0,0.0,0.0,0.0,0.0,0.0,0.0,0.0,0.0,0.0,0.0,0.0,0.0,0.0,0.0,0.0,0.0,0.0,0.0,0.0,0.0,0.0,0.0,0.0,0.0,0.0,0.0,0.0,0.0,0.0,0.0,0.0,0.0,0.0,0.55,UB&PB,42777
2500,1.0236597766502793,0.8219026284539991,0.7209017891643277,0.911117316989898,0.04000309167659985,0.015564729391161596,0.07662137518415163,0.755920500250255,0.6476684221836371,0.8486326103033203,0.8603909026297083,0.1396090973702914,0.23624242272649285,0.21924668676381445,0.09577723731612567,0.37902335727422065,0.022338073328494076,0.4882960972262629,0.24489968827328915,0.22896951187311043,0.10870777587152797,0.385001619189532,0.34153151390672176,0.3683075990981972,0.2319142227660248,0.44880252342126725,0.41573114637442565,0.41545531294515187,0.411514782185238,0.4195585122350742,0.5248950138457679,0.8300529043191415,11776.957587792975,3753.8749177599807,48793.8874108091,0.55,UB&PB,42777
0,0.0,0.0,0.0,0.0,0.0,0.0,0.0,0.0,0.0,0.0,0.0,0.0,0.0,0.0,0.0,0.0,0.0,0.0,0.0,0.0,0.0,0.0,0.0,0.0,0.0,0.0,0.0,0.0,0.0,0.0,0.0,0.0,0.0,0.0,0.0,0.6,UB&PB,42777
2500,1.0313847563058312,0.8955339593566821,0.8234134808610704,0.9506016519584056,0.030788905706395843,0.011134002197687206,0.059889822699885124,0.5818165404090896,0.4877034277280603,0.6813388795799508,0.7985671641791048,0.20143283582089547,0.25626698867520503,0.2496115182808911,0.12292317727960735,0.3899176077302766,0.034412738424313624,0.496212300409139,0.2629808455588777,0.2565457529521572,0.13388143676307943,0.3934021206285077,0.3525676562232883,0.3794138004088973,0.2475094341555098,0.45327249612768167,0.40801281697401587,0.4076787209701695,0.40398708325693394,0.41151642524093274,0.20963978677801356,0.4479634221856247,14325.635145006518,4126.279302364138,68385.86233966207,0.6,UB&PB,42777
0,0.0,0.0,0.0,0.0,0.0,0.0,0.0,0.0,0.0,0.0,0.0,0.0,0.0,0.0,0.0,0.0,0.0,0.0,0.0,0.0,0.0,0.0,0.0,0.0,0.0,0.0,0.0,0.0,0.0,0.0,0.0,0.0,0.0,0.0,0.0,0.65,UB&PB,42777
2500,1.0543727825493476,0.8310880407489941,0.7363161111888815,0.9058874946539014,0.029132501854450633,0.01025102480922697,0.057120612412041624,0.6888726094879638,0.5516680018403659,0.8111821620064594,0.6458322672352528,0.3541677327647477,0.2780083149084001,0.2723323538833728,0.15871637225505822,0.40668136936352794,0.04682078986180484,0.5081861597195806,0.28690523119734457,0.2837858875088475,0.17173522441574635,0.40961845636085126,0.3718863171369779,0.3964042501760415,0.29077736002290855,0.45416766150339133,0.4151857792092811,0.4148924472213065,0.41101440811885687,0.41890461005972984,0.05450403273686384,0.434541943638383,9653.16182802433,2836.3954055587697,45430.69664770162,0.65,UB&PB,42777
0,0.0,0.0,0.0,0.0,0.0,0.0,0.0,0.0,0.0,0.0,0.0,0.0,0.0,0.0,0.0,0.0,0.0,0.0,0.0,0.0,0.0,0.0,0.0,0.0,0.0,0.0,0.0,0.0,0.0,0.0,0.0,0.0,0.0,0.0,0.0,0.7,UB&PB,42777
2500,1.078300191775686,0.8497535443722886,0.742781279543725,0.9227971830229693,0.02702065592740172,0.009199685515367133,0.05311860843963987,0.6797746899228841,0.5684021835248476,0.7876650704635497,0.5771862117981525,0.42281378820184695,0.3031287650748228,0.3063026811056712,0.1895449239044357,0.42108299416710593,0.06369510570723748,0.5273375860020327,0.3117234443165555,0.31765296753462674,0.20202581818481227,0.42374375837082545,0.3885873101794339,0.4101126081591202,0.3125867522312552,0.4660725458107049,0.4229417611513368,0.4226463845838902,0.4188466565788334,0.4266083688594595,0.31824237884358497,0.7038558267776373,9603.628276877304,2690.7945127072876,47924.95710043788,0.7,UB&PB,42777
0,0.0,0.0,0.0,0.0,0.0,0.0,0.0,0.0,0.0,0.0,0.0,0.0,0.0,0.0,0.0,0.0,0.0,0.0,0.0,0.0,0.0,0.0,0.0,0.0,0.0,0.0,0.0,0.0,0.0,0.0,0.0,0.0,0.0,0.0,0.0,0.75,UB&PB,42777
2500,1.0812199228510693,0.890553069077088,0.8084168529666742,0.9497892541676658,0.0280181496995111,0.009621021922935636,0.05552457295022868,0.6917273343626825,0.5826857654976738,0.8115935028714162,0.48426439232409474,0.5157356076759062,0.29919147970880894,0.3078851569590237,0.18802621914442794,0.40615328183228155,0.07117135701733168,0.517255933073461,0.3053376328106449,0.31590781515171373,0.19731845898132735,0.40811233280039233,0.37674675553962567,0.3945874666002143,0.3009327554314926,0.45205390524721595,0.405793659646169,0.40544905406038656,0.40174112746337587,0.40931785249186975,0.31974127335436586,0.7161860436353192,12261.44766649633,3105.0630272210346,64193.40932855211,0.75,UB&PB,42777
0,0.0,0.0,0.0,0.0,0.0,0.0,0.0,0.0,0.0,0.0,0.0,0.0,0.0,0.0,0.0,0.0,0.0,0.0,0.0,0.0,0.0,0.0,0.0,0.0,0.0,0.0,0.0,0.0,0.0,0.0,0.0,0.0,0.0,0.0,0.0,0.8,UB&PB,42777
2500,1.1086114394517186,0.8262507333320073,0.7257054626269159,0.9062789593883651,0.028094808483220577,0.009637254865077483,0.055290553031573694,0.7709719331825132,0.6069643763765539,0.8835813163544706,0.29728358208955297,0.70271641791045,0.33088094394582823,0.3534052037394734,0.23357341075662935,0.42055437892584013,0.10121628201768408,0.5355819461578629,0.33858714250338323,0.36060929593025776,0.2443718163535395,0.42421287828698184,0.39912838873061474,0.4113431666177846,0.34341904222093544,0.4581430409212079,0.4162293588064235,0.41594044906756344,0.4120248521269243,0.42002138711600795,0.4364600073891953,0.9435853121259373,8273.533940510182,2150.257664444035,42314.874226569984,0.8,UB&PB,42777
0,0.0,0.0,0.0,0.0,0.0,0.0,0.0,0.0,0.0,0.0,0.0,0.0,0.0,0.0,0.0,0.0,0.0,0.0,0.0,0.0,0.0,0.0,0.0,0.0,0.0,0.0,0.0,0.0,0.0,0.0,0.0,0.0,0.0,0.0,0.0,0.85,UB&PB,42777
2500,1.1268102942020386,0.8979338221919938,0.8003808932365497,0.953271753760772,0.02812496098630702,0.009656764923031172,0.05547011787512755,0.7070861087530739,0.574234702617493,0.8556918169889669,0.14828926794598393,0.8517107320540146,0.35212837292014293,0.37914632400614634,0.26931164910216676,0.42483931169755806,0.12994399619650684,0.5497850981180573,0.3578465297440234,0.3813951567900932,0.27798054145054124,0.42851670570447786,0.4086560722852731,0.4158531734542344,0.35728456696362276,0.4616456406870279,0.4181342671522764,0.41778654864071607,0.41411106285154775,0.4216193190025555,0.19641551092136827,0.5168657258838985,10941.20768429743,2394.5999195126824,62054.376293980284,0.85,UB&PB,42777
0,0.0,0.0,0.0,0.0,0.0,0.0,0.0,0.0,0.0,0.0,0.0,0.0,0.0,0.0,0.0,0.0,0.0,0.0,0.0,0.0,0.0,0.0,0.0,0.0,0.0,0.0,0.0,0.0,0.0,0.0,0.0,0.0,0.0,0.0,0.0,0.9,UB&PB,42777
2500,1.1447221179954818,0.8768194020264991,0.7971696542448121,0.9397762624669201,0.02739849002602602,0.009364558432970516,0.05401457375082459,0.8063306820150278,0.6425985246194891,0.9198666048995308,0.17203837953091686,0.8279616204690844,0.364518584284137,0.388283246873882,0.29780592897373415,0.4270603992221808,0.15044566956967595,0.5500568110156612,0.3694963900171667,0.3877307298034331,0.306277983091718,0.43109826870402074,0.40829444363483924,0.41517327983771457,0.3570438795605178,0.4606381986651937,0.4175078770833969,0.4172395782676401,0.4135163838361071,0.42108117615072105,0.793107228338221,1.0168394971206265,10101.265648916435,2312.0920883200934,56045.25025061532,0.9,UB&PB,42777
0,0.0,0.0,0.0,0.0,0.0,0.0,0.0,0.0,0.0,0.0,0.0,0.0,0.0,0.0,0.0,0.0,0.0,0.0,0.0,0.0,0.0,0.0,0.0,0.0,0.0,0.0,0.0,0.0,0.0,0.0,0.0,0.0,0.0,0.0,0.0,0.95,UB&PB,42777
2500,1.1693367678653914,0.8459872320250678,0.7339315944883209,0.9286351124222083,0.028357184129523982,0.009837626145432718,0.05555069712048482,0.6563683107403856,0.4643180270377691,0.8278648734737736,0.12534044065387334,0.8746595593461267,0.3919880851531748,0.4058324903026659,0.34902463468445516,0.43686185470246885,0.20612978960227304,0.5539163444048307,0.3970591226378006,0.40522229037649554,0.35513995747956695,0.4423100849833891,0.41562924358214326,0.41975030644911887,0.3720396734060845,0.4601167753637838,0.4211146049221534,0.42087931047152843,0.4170029150609384,0.4248733086049893,0.1970654913705929,1.0266126943729583,7484.103235600247,1844.64261918621,39665.628187316135,0.95,UB&PB,42777
0,0.0,0.0,0.0,0.0,0.0,0.0,0.0,0.0,0.0,0.0,0.0,0.0,0.0,0.0,0.0,0.0,0.0,0.0,0.0,0.0,0.0,0.0,0.0,0.0,0.0,0.0,0.0,0.0,0.0,0.0,0.0,0.0,0.0,0.0,0.0,0.05,UB&PB,19762
2500,0.9162528124696319,0.5896879287478597,0.38315569680030986,0.7436330373987382,0.8152832749346859,0.702840210995902,0.8966812810619191,0.8827378120899261,0.7867037934251254,0.9472514978151907,0.9590248756218905,0.04097512437810948,0.08284438158418034,0.021777014199717858,0.0035465703764528166,0.10749396784124518,0.0003352193346317356,0.3701701914880498,0.09034076070541085,0.027966468252801233,0.005150040606261474,0.12360418210954016,0.14450333787010494,0.09595692453021576,0.038333168281252314,0.21541714905712628,0.4200937714232891,0.4195756627195994,0.4123961481877863,0.427090626906894,0.11973347889107248,0.885488489337422,13849.825471305207,7677.720349495216,25202.449935506982,0.05,UB&PB,19762
0,0.0,0.0,0.0,0.0,0.0,0.0,0.0,0.0,0.0,0.0,0.0,0.0,0.0,0.0,0.0,0.0,0.0,0.0,0.0,0.0,0.0,0.0,0.0,0.0,0.0,0.0,0.0,0.0,0.0,0.0,0.0,0.0,0.0,0.0,0.0,0.1,UB&PB,19762
2500,0.9290392515240818,0.5592646481507406,0.3773018722324208,0.7048613150162762,0.7094392740506825,0.5556629705535284,0.8456751227689521,0.8896458116224475,0.8067190904593862,0.9516519423647153,0.9581982942430708,0.04180170575692961,0.08638087807403873,0.02922695544605411,0.00671242702417486,0.11691294660907478,0.000560561792422925,0.3599430026411221,0.09680816149050747,0.0399699492711719,0.010154753750954202,0.13746431868474163,0.1449870718185325,0.1042070392316429,0.049578429453443464,0.20841507137624823,0.41244470640251535,0.4119282585185716,0.40371375021988753,0.4205158700927216,0.1377446622260632,0.5216939803943993,24079.666463685626,12480.062116207404,46244.36036186769,0.1,UB&PB,19762
0,0.0,0.0,0.0,0.0,0.0,0.0,0.0,0.0,0.0,0.0,0.0,0.0,0.0,0.0,0.0,0.0,0.0,0.0,0.0,0.0,0.0,0.0,0.0,0.0,0.0,0.0,0.0,0.0,0.0,0.0,0.0,0.0,0.0,0.0,0.0,0.15,UB&PB,19762
2500,0.9391095123826507,0.5522890571448076,0.35604826067150536,0.7460800922455956,0.7222568648665412,0.5831584571530111,0.8522860389090673,0.8529608916771062,0.7630158272993103,0.9280850486013288,0.9629339019189764,0.037066098081023444,0.08039534544654561,0.02761637119853427,0.005650824105555946,0.10685669799073431,0.0007026847681934842,0.3396408608597645,0.08883354850642654,0.03604353999148928,0.008398531573741057,0.12283019594061902,0.13231888356399377,0.09881378743850311,0.04599054208632525,0.18277118947135315,0.4088990626479344,0.40820848728452164,0.39924434256599706,0.4176930043641565,0.038957221905137895,0.35087467550014106,13531.437505464984,7827.315847679848,23869.145756289592,0.15,UB&PB,19762
0,0.0,0.0,0.0,0.0,0.0,0.0,0.0,0.0,0.0,0.0,0.0,0.0,0.0,0.0,0.0,0.0,0.0,0.0,0.0,0.0,0.0,0.0,0.0,0.0,0.0,0.0,0.0,0.0,0.0,0.0,0.0,0.0,0.0,0.0,0.0,0.2,UB&PB,19762
2500,0.9664168968659248,0.33746801746477906,0.22785982934645255,0.4667600366617585,0.48720504499090833,0.401535605058576,0.5731887006610403,0.8315700643438023,0.7342063867463803,0.9240146945526552,0.9608770433546555,0.03912295664534464,0.13097417837249348,0.09577451836919033,0.042236511603744545,0.19295853244906108,0.010346838272859928,0.35517866145161126,0.16214119716464342,0.1351786785483659,0.06700942758877135,0.23612803762873355,0.18608446511804452,0.16854295768125355,0.12028122930372971,0.23414837151095538,0.424217425935746,0.4236858918630661,0.4105817599391918,0.4372483160218095,0.19532780700425487,0.7740763024216779,2311.4544122681223,1728.1587175230195,3185.489375515724,0.2,UB&PB,19762
0,0.0,0.0,0.0,0.0,0.0,0.0,0.0,0.0,0.0,0.0,0.0,0.0,0.0,0.0,0.0,0.0,0.0,0.0,0.0,0.0,0.0,0.0,0.0,0.0,0.0,0.0,0.0,0.0,0.0,0.0,0.0,0.0,0.0,0.0,0.0,0.25,UB&PB,19762
2500,0.9592412680391117,0.6216503836651704,0.47781199765087684,0.7497327264116521,0.36076766676794686,0.25120232418483973,0.4756141669325033,0.8206679367099193,0.724238499164576,0.8968526321128566,0.9523006396588483,0.047699360341151444,0.13458434542881478,0.08380771770451498,0.031199728349459988,0.20292293827690136,0.007988800913827044,0.4131756147765657,0.15064966747297562,0.10584878437619281,0.04531518372569733,0.22450876539698902,0.2123064769069661,0.18599803085654928,0.11327958208857779,0.29664299685098827,0.41416719299416954,0.4137705435221058,0.40582978005723197,0.4220279765003181,0.07502745843521098,0.8948338616432433,24552.88328727168,14084.938926979075,43922.18346459079,0.25,UB&PB,19762
0,0.0,0.0,0.0,0.0,0.0,0.0,0.0,0.0,0.0,0.0,0.0,0.0,0.0,0.0,0.0,0.0,0.0,0.0,0.0,0.0,0.0,0.0,0.0,0.0,0.0,0.0,0.0,0.0,0.0,0.0,0.0,0.0,0.0,0.0,0.0,0.3,UB&PB,19762
2500,0.9726829153509648,0.6603904217843316,0.5494868470126689,0.7691867142119536,0.15029412766106343,0.07775950660863501,0.23771001917787532,0.8604761622679079,0.7837384200873961,0.9230220669493178,0.9368535891968727,0.06314641080312738,0.171295457480751,0.1217187547286193,0.04256957123075357,0.2727909303932554,0.009681517564568556,0.4629774828955828,0.1836306613227967,0.14084514021403188,0.05291177844864643,0.2913531112328995,0.27826520056046566,0.27141959365073154,0.1538646115139399,0.4029934830869226,0.425628831855022,0.4253433094006057,0.42047970614968316,0.43038519987510626,0.37473262737086643,0.7248506775086407,9372.538991237276,4009.3228016826547,24075.866182429087,0.3,UB&PB,19762
0,0.0,0.0,0.0,0.0,0.0,0.0,0.0,0.0,0.0,0.0,0.0,0.0,0.0,0.0,0.0,0.0,0.0,0.0,0.0,0.0,0.0,0.0,0.0,0.0,0.0,0.0,0.0,0.0,0.0,0.0,0.0,0.0,0.0,0.0,0.0,0.35,UB&PB,19762
2500,0.9751666546093991,0.6680911572201704,0.565782158594852,0.769932255128113,0.07524031510900309,0.03771971147519259,0.12628581389304044,0.6941486470417545,0.6010782742116472,0.7947682185800867,0.9193383084577119,0.08066169154228862,0.19932968259299277,0.16966929610022666,0.06687004913543222,0.3112057476372008,0.015820234661992033,0.4661968431256731,0.21488465896521186,0.19253836428283752,0.08391671851093173,0.33122930748878726,0.30999854763595036,0.3268455450552812,0.19274965441789635,0.4268213311077468,0.4139887286613362,0.41362057739578684,0.4085205682863139,0.4189219237826226,0.1835460769884227,0.40618008630742386,6408.421482962713,2586.3716916455683,19782.85409892494,0.35,UB&PB,19762
0,0.0,0.0,0.0,0.0,0.0,0.0,0.0,0.0,0.0,0.0,0.0,0.0,0.0,0.0,0.0,0.0,0.0,0.0,0.0,0.0,0.0,0.0,0.0,0.0,0.0,0.0,0.0,0.0,0.0,0.0,0.0,0.0,0.0,0.0,0.0,0.4,UB&PB,19762
2500,0.9990763685947811,0.6987543510511499,0.5648983063864165,0.8347898138851287,0.05177294167186245,0.02323845200410544,0.09220961201033155,0.7621380923014819,0.6494341625102074,0.8688523356786505,0.9059900497512439,0.0940099502487562,0.22222150362578763,0.20232015253188856,0.08704404508696297,0.347580733502649,0.02001915889796225,0.4794734095433188,0.23812048642603934,0.22286195304210113,0.10565312989148049,0.36638717781707236,0.3335090118908292,0.36131586476076816,0.2219654386525884,0.4424515019620982,0.4234421759878751,0.42312450374729954,0.41808296933849476,0.4283524744644177,0.08331091478912114,0.36287668135509016,6572.278231831824,2323.876515352416,24815.674929660843,0.4,UB&PB,19762
0,0.0,0.0,0.0,0.0,0.0,0.0,0.0,0.0,0.0,0.0,0.0,0.0,0.0,0.0,0.0,0.0,0.0,0.0,0.0,0.0,0.0,0.0,0.0,0.0,0.0,0.0,0.0,0.0,0.0,0.0,0.0,0.0,0.0,0.0,0.0,0.45,UB&PB,19762
2500,0.9989146465131766,0.805093911571024,0.6735816520599314,0.891311618149872,0.049489858935707114,0.02035638104093292,0.09211420587150194,0.7792735937427661,0.6805875276127928,0.8642787235233655,0.8758834399431423,0.12411656005685844,0.21167937599902917,0.1874066249695798,0.06885689769106244,0.34416971221956816,0.01492589418576968,0.47846118724297737,0.22132918086613512,0.2007510200520515,0.07970219013834036,0.3556381350454404,0.32538982550597684,0.35045838700316007,0.20649450584535384,0.44129376712191914,0.41608930018660356,0.4158261371294824,0.4116419215169059,0.42011060356014607,0.3985579119779753,0.9278974635344838,9779.04070825798,3329.9067631100324,36188.421996892066,0.45,UB&PB,19762
0,0.0,0.0,0.0,0.0,0.0,0.0,0.0,0.0,0.0,0.0,0.0,0.0,0.0,0.0,0.0,0.0,0.0,0.0,0.0,0.0,0.0,0.0,0.0,0.0,0.0,0.0,0.0,0.0,0.0,0.0,0.0,0.0,0.0,0.0,0.0,0.5,UB&PB,19762
2500,1.0046105199643147,0.8482393458271908,0.7379253020077517,0.92920448675038,0.04076842938495569,0.015953637237375296,0.07729872122089684,0.7992334754907016,0.6659852133965615,0.8944681336041069,0.8701499644633964,0.12985003553660285,0.21766825617435095,0.19398214095053493,0.06964797638224947,0.3598824139591272,0.012852702989336743,0.48623256643943796,0.22548352692803766,0.20397684943150143,0.07916060085270317,0.36749861907197834,0.330688998060753,0.35884069438670557,0.2100712279390318,0.447087268329104,0.4146118739866475,0.41428447289512976,0.41044282337404586,0.4182958174537681,0.39031357090282776,0.6609035815167837,13287.329294176334,4138.851805236872,55629.46377801446,0.5,UB&PB,19762
0,0.0,0.0,0.0,0.0,0.0,0.0,0.0,0.0,0.0,0.0,0.0,0.0,0.0,0.0,0.0,0.0,0.0,0.0,0.0,0.0,0.0,0.0,0.0,0.0,0.0,0.0,0.0,0.0,0.0,0.0,0.0,0.0,0.0,0.0,0.0,0.55,UB&PB,19762
2500,1.0168410786527586,0.9055413505905681,0.8103529140737444,0.9602482639610129,0.03715315652720031,0.014011579485964324,0.07192986350739314,0.7370658139004246,0.6309425270324448,0.835120228984227,0.838014925373133,0.16198507462686548,0.2308460035290951,0.20993468677971086,0.08480416560923307,0.37655497017431583,0.01919256538445827,0.49410837215877235,0.23729111504618136,0.21773511714020552,0.09381266451842897,0.38187032106002655,0.34026467500703567,0.3671889447581081,0.22341780173799927,0.45388771952004203,0.4150192693577783,0.41472114095979623,0.4110128678009697,0.41859575871990273,0.04110171875262069,0.4765166908979681,16916.956681721047,4992.330596369157,74378.1654425482,0.55,UB&PB,19762
0,0.0,0.0,0.0,0.0,0.0,0.0,0.0,0.0,0.0,0.0,0.0,0.0,0.0,0.0,0.0,0.0,0.0,0.0,0.0,0.0,0.0,0.0,0.0,0.0,0.0,0.0,0.0,0.0,0.0,0.0,0.0,0.0,0.0,0.0,0.0,0.6,UB&PB,19762
2500,1.0251114697185233,0.9028069509015021,0.807484581714822,0.9579092292248088,0.035032010847617055,0.013023743929604557,0.06795403211859857,0.7262491897265194,0.6142585338394034,0.8237095799132661,0.838766879886283,0.1612331201137171,0.23581425307514708,0.21771724437722012,0.09777680617019713,0.3774529241799544,0.023284220783742062,0.4854434031586475,0.241929982373273,0.22501931112276913,0.10669392966823263,0.3808587074100772,0.33639441582949603,0.3615202483695637,0.22553465422245733,0.44338900451618574,0.40342945371546124,0.40314794907027035,0.39935609318103593,0.40709330234946844,0.009850664027026293,0.9730210822792569,15757.46140382282,4634.621644763902,71907.76682753919,0.6,UB&PB,19762
0,0.0,0.0,0.0,0.0,0.0,0.0,0.0,0.0,0.0,0.0,0.0,0.0,0.0,0.0,0.0,0.0,0.0,0.0,0.0,0.0,0.0,0.0,0.0,0.0,0.0,0.0,0.0,0.0,0.0,0.0,0.0,0.0,0.0,0.0,0.0,0.65,UB&PB,19762
2500,1.0546492691559555,0.8741358802695629,0.788771098533052,0.9342045105730379,0.029122416359631392,0.010176568848736063,0.05743485773097527,0.6451944809840428,0.5316026143404358,0.7424737805860735,0.665027718550105,0.3349722814498936,0.2789192531539707,0.2739851846397721,0.15726514613287784,0.4062662580279998,0.0498225098182972,0.5099108902926676,0.2867528657664444,0.2833200351732273,0.16942710555371823,0.408891295834264,0.3705581037956843,0.3951750054672735,0.2839383282608929,0.4573662766275406,0.414451365808342,0.4141795317073116,0.41036364091229377,0.41814677706899733,0.027560600942858105,0.45810758732202583,11538.787562826818,3230.4169722031347,56396.302961332636,0.65,UB&PB,19762
0,0.0,0.0,0.0,0.0,0.0,0.0,0.0,0.0,0.0,0.0,0.0,0.0,0.0,0.0,0.0,0.0,0.0,0.0,0.0,0.0,0.0,0.0,0.0,0.0,0.0,0.0,0.0,0.0,0.0,0.0,0.0,0.0,0.0,0.0,0.0,0.7,UB&PB,19762
2500,1.0700940874864933,0.8355170215712207,0.750561515465243,0.9175217942335372,0.027968932056387796,0.00963109720791043,0.05521861443868576,0.7907913033313034,0.6373977973897738,0.902617420297893,0.5645963041933186,0.43540369580668126,0.287144452758648,0.28601745461037636,0.168281883162744,0.4105762946400709,0.05094988855971761,0.5187017896970552,0.2953530611690415,0.2976929532383664,0.17984872008797773,0.412922409532851,0.37681931671781527,0.40003875033520425,0.2986531740663719,0.4572673998698901,0.4140736908311287,0.413787447379,0.40995793352463433,0.41777746244776137,0.2443845153901183,0.7435364156473794,10345.84954983722,2802.7419021764795,51302.7475797587,0.7,UB&PB,19762
0,0.0,0.0,0.0,0.0,0.0,0.0,0.0,0.0,0.0,0.0,0.0,0.0,0.0,0.0,0.0,0.0,0.0,0.0,0.0,0.0,0.0,0.0,0.0,0.0,0.0,0.0,0.0,0.0,0.0,0.0,0.0,0.0,0.0,0.0,0.0,0.75,UB&PB,19762
2500,1.0915343247120497,0.8622148470374507,0.7737069284156973,0.9308824691257085,0.026227220299026244,0.008764637748995384,0.05265922293766571,0.600626828988552,0.4537254437448018,0.7626766092749745,0.35864463397299245,0.6413553660270075,0.32217942808480954,0.3372574866706418,0.22537193812362516,0.4175383941913037,0.08922567579560792,0.5296437425581028,0.3294855391535792,0.34551267598352287,0.23582830700941756,0.4202724638456806,0.3954220159258582,0.4094568922470017,0.33679251837783175,0.45747990203850813,0.4149099496313876,0.41460878146206936,0.4108659482097573,0.41848488067886147,0.5174419776008794,0.9610282482394454,9702.176907695808,2454.5242056628595,50898.304337387104,0.75,UB&PB,19762
0,0.0,0.0,0.0,0.0,0.0,0.0,0.0,0.0,0.0,0.0,0.0,0.0,0.0,0.0,0.0,0.0,0.0,0.0,0.0,0.0,0.0,0.0,0.0,0.0,0.0,0.0,0.0,0.0,0.0,0.0,0.0,0.0,0.0,0.0,0.0,0.8,UB&PB,19762
2500,1.112336810906695,0.8754739772435072,0.7830918026030422,0.9406930173389366,0.02817801948647571,0.009725976281878785,0.05534045054122261,0.7440397980056819,0.5995257255474358,0.8588397588759851,0.2299211087420046,0.7700788912579951,0.33718601633646067,0.36233582958302285,0.24150434927739559,0.42453372911733134,0.1057758170584687,0.543256673792837,0.34382469109752256,0.3680812024067698,0.25085013542802476,0.4277501319105113,0.4056927015898199,0.41623614381806556,0.350244931185727,0.46321074991324546,0.42013602124164523,0.4198090799538164,0.41615937955874455,0.4236469024824367,0.058202446349101655,0.5019527606633013,10579.823158999137,2463.194182515465,57226.46297136733,0.8,UB&PB,19762
0,0.0,0.0,0.0,0.0,0.0,0.0,0.0,0.0,0.0,0.0,0.0,0.0,0.0,0.0,0.0,0.0,0.0,0.0,0.0,0.0,0.0,0.0,0.0,0.0,0.0,0.0,0.0,0.0,0.0,0.0,0.0,0.0,0.0,0.0,0.0,0.85,UB&PB,19762
2500,1.119736128794152,0.8911391239065959,0.8027750494987742,0.9501456370401927,0.02736811583692231,0.009272699760026962,0.05407019006465833,0.7751277440053921,0.6525601917836077,0.8656927689677419,0.17085927505330514,0.8291407249466963,0.3395936580725007,0.3662179178615179,0.2519532526298853,0.41520627072997957,0.11799678468136235,0.5406654576743201,0.3448903332264915,0.36794831819227547,0.26091286977282124,0.4184574865420326,0.3977342834499006,0.4061101855519115,0.34395857521938233,0.45263383155465037,0.40912001207511606,0.4087841034940542,0.4050754845721295,0.41258405558923456,0.05999170097236841,0.4510072926684121,11346.95019946906,2499.3678752614946,63952.662181609456,0.85,UB&PB,19762
0,0.0,0.0,0.0,0.0,0.0,0.0,0.0,0.0,0.0,0.0,0.0,0.0,0.0,0.0,0.0,0.0,0.0,0.0,0.0,0.0,0.0,0.0,0.0,0.0,0.0,0.0,0.0,0.0,0.0,0.0,0.0,0.0,0.0,0.0,0.0,0.9,UB&PB,19762
2500,1.1484450332238627,0.8897975102379695,0.8017448959541652,0.9510550115966145,0.026702057291431464,0.008906706163125992,0.053243859928953426,0.6919678497803224,0.5427051975038806,0.8445068007306604,0.16683653162757653,0.8331634683724237,0.3721904750525439,0.3945862663459763,0.3080656828643351,0.43186568850333984,0.16075075523684862,0.5567358018432145,0.3772656295342703,0.3946291478561733,0.31664487315530987,0.435908599917818,0.4130228038961176,0.4194671246087697,0.3618013534412102,0.46453200975251985,0.4217381532451781,0.42147792787633326,0.41781113179115936,0.4252351498967162,0.162787874655717,0.8042388772027114,10540.56107921641,2354.6735995860054,59662.714623267006,0.9,UB&PB,19762
0,0.0,0.0,0.0,0.0,0.0,0.0,0.0,0.0,0.0,0.0,0.0,0.0,0.0,0.0,0.0,0.0,0.0,0.0,0.0,0.0,0.0,0.0,0.0,0.0,0.0,0.0,0.0,0.0,0.0,0.0,0.0,0.0,0.0,0.0,0.0,0.95,UB&PB,19762
2500,1.1645989766037514,0.8606235197836651,0.779249079322305,0.9262090498130067,0.028438033143912463,0.009937775905403607,0.055554851669430104,0.6676888248200652,0.47342893878555176,0.8206080314955274,0.1389211087420045,0.8610788912579952,0.3892896926078481,0.4052701848835817,0.34457773947092685,0.4345228266113686,0.20081539188762781,0.5526186433646756,0.39405186532984293,0.4052272835552357,0.35090647157905963,0.43908271576595487,0.413596523666626,0.417429415707571,0.3684680854188194,0.4596460370285897,0.4188490798414899,0.4184911372110009,0.41479312618590475,0.42237629519181963,0.38779007677129407,0.8161934998499673,8677.188010308248,2037.3473936889013,47634.29108027303,0.95,UB&PB,19762
0,0.0,0.0,0.0,0.0,0.0,0.0,0.0,0.0,0.0,0.0,0.0,0.0,0.0,0.0,0.0,0.0,0.0,0.0,0.0,0.0,0.0,0.0,0.0,0.0,0.0,0.0,0.0,0.0,0.0,0.0,0.0,0.0,0.0,0.0,0.0,0.05,UB&PB,31325
2500,0.9146276006354925,0.551601625353267,0.3729054476714634,0.7308250059378828,0.8616638704153825,0.7481157861045628,0.9338404532767894,0.8938718551632162,0.8152197485236982,0.9498786802100299,0.9590191897654583,0.04098081023454156,0.08251605654951427,0.019988427849893374,0.0031924286594559237,0.10567828496316095,0.00017715859957317072,0.37492647880166785,0.0897468970264634,0.026075595720445995,0.004596210688383169,0.12122256941047305,0.14387295994191615,0.09430703271139462,0.03611966450680246,0.21497282081959193,0.4152417188526392,0.41477241627071837,0.4075192168464901,0.422319651462333,0.16071286637359164,0.5427833955995234,10690.185736127487,5993.565072533712,19240.154813317433,0.05,UB&PB,31325
0,0.0,0.0,0.0,0.0,0.0,0.0,0.0,0.0,0.0,0.0,0.0,0.0,0.0,0.0,0.0,0.0,0.0,0.0,0.0,0.0,0.0,0.0,0.0,0.0,0.0,0.0,0.0,0.0,0.0,0.0,0.0,0.0,0.0,0.0,0.0,0.1,UB&PB,31325
2500,0.9274896466602167,0.7874273860477966,0.6148995209663772,0.9196855608599209,0.8867818063532031,0.7965133128645466,0.9512118443254229,0.8308128762001586,0.7524754924068005,0.9007038075498329,0.9548329779673067,0.04516702203269357,0.07949202542026453,0.02055562013247725,0.0024128521365778073,0.09947520015944049,5.190406952016752e-5,0.37110268545844627,0.08261699060015941,0.022925300767560608,0.002801023255693632,0.10579536910575743,0.13755692116104398,0.0923663859810279,0.032258260386954216,0.20430005530462692,0.41308684686770136,0.4127611624620933,0.40795910046761175,0.4177141389115776,0.08130503815238035,0.9178646864515781,73347.06264043902,39999.980998023515,133631.68972012258,0.1,UB&PB,31325
0,0.0,0.0,0.0,0.0,0.0,0.0,0.0,0.0,0.0,0.0,0.0,0.0,0.0,0.0,0.0,0.0,0.0,0.0,0.0,0.0,0.0,0.0,0.0,0.0,0.0,0.0,0.0,0.0,0.0,0.0,0.0,0.0,0.0,0.0,0.0,0.15,UB&PB,31325
2500,0.9467088736660381,0.3921394870238022,0.24891988872917314,0.5765991702102342,0.33230615791738555,0.23822172018393603,0.4453430628485918,0.8875628990744637,0.8079669366836841,0.948949491226535,0.9552423596304196,0.04475764036958076,0.1385335547890239,0.09067936063323233,0.034011172765636054,0.20868079005438703,0.008068439015452358,0.4110458230575885,0.16717976084777772,0.1291465894567295,0.05512138164612179,0.2516787774546062,0.2125808054778704,0.18587334192049573,0.11800863041578058,0.2916419281342253,0.4238584660815513,0.42313196805049486,0.40969703002476787,0.4371907915028569,0.015797071953745988,0.5044391001707784,3017.187067545402,1834.7957020120411,5316.0348590310305,0.15,UB&PB,31325
0,0.0,0.0,0.0,0.0,0.0,0.0,0.0,0.0,0.0,0.0,0.0,0.0,0.0,0.0,0.0,0.0,0.0,0.0,0.0,0.0,0.0,0.0,0.0,0.0,0.0,0.0,0.0,0.0,0.0,0.0,0.0,0.0,0.0,0.0,0.0,0.2,UB&PB,31325
2500,0.9554754770755469,0.36610798335582134,0.1985385836700605,0.5428079660174217,0.29953974488984236,0.2067412024308787,0.4134350931682566,0.8691768099817769,0.7736917000726234,0.9369810701680725,0.9600995024875633,0.03990049751243785,0.14855607004732857,0.1066892491701833,0.04303609501146932,0.22533773867722526,0.010069263788233985,0.4084882900527502,0.18206158035189524,0.15269910395574324,0.06956543219238419,0.2737513346573628,0.2182601684281031,0.19518806686586093,0.13178117855028124,0.2908989183180235,0.41390553011589204,0.41309368003213537,0.3996800397243957,0.42707998345906184,0.1613639126756178,0.8999611004690392,1818.4069379646735,1220.5482586067267,2883.5751327769312,0.2,UB&PB,31325
0,0.0,0.0,0.0,0.0,0.0,0.0,0.0,0.0,0.0,0.0,0.0,0.0,0.0,0.0,0.0,0.0,0.0,0.0,0.0,0.0,0.0,0.0,0.0,0.0,0.0,0.0,0.0,0.0,0.0,0.0,0.0,0.0,0.0,0.0,0.0,0.25,UB&PB,31325
2500,0.9545065150203593,0.6869659779628211,0.5106659249553039,0.8281902633624167,0.1430219754769719,0.07308908176009374,0.23842846300230125,0.8821841803857662,0.7858429420427602,0.9475628991209217,0.9354520255863544,0.06454797441364593,0.15808282662769602,0.10385592205035542,0.03042564157872795,0.25188690878671055,0.005022518164107687,0.4577776692127248,0.16959875947963093,0.1220891347091377,0.038904445377572566,0.2709121714996097,0.2673157395053796,0.2592714758119593,0.13436002950870346,0.39928011348959924,0.4187143140278614,0.41834969285498985,0.4131550315433269,0.4238073245397283,0.030752779733466497,0.49232135151101025,7815.338004714294,3358.2739260004573,20125.768691985642,0.25,UB&PB,31325
0,0.0,0.0,0.0,0.0,0.0,0.0,0.0,0.0,0.0,0.0,0.0,0.0,0.0,0.0,0.0,0.0,0.0,0.0,0.0,0.0,0.0,0.0,0.0,0.0,0.0,0.0,0.0,0.0,0.0,0.0,0.0,0.0,0.0,0.0,0.0,0.3,UB&PB,31325
2500,0.9707993174520456,0.7193446195779329,0.5789275321212898,0.8326955756465244,0.0889911938028293,0.04377934176440206,0.1489881598398835,0.8752640279491125,0.7918592061082481,0.9394110629580128,0.9207171286425017,0.07928287135749834,0.1809651868275706,0.13725640698413766,0.0441183406783532,0.2893104374322761,0.008026410632919345,0.46972078101779224,0.19310123972903173,0.15642211021694993,0.05475098776972494,0.30910362991114426,0.29838329317572704,0.3093776331201654,0.1677078378952838,0.42767931386700886,0.4245430615159792,0.4242083793083179,0.41941298858824344,0.4291565231762943,0.016505245770938707,0.42104687204759933,8283.636942971514,3152.5855424093807,25999.919792975383,0.3,UB&PB,31325
0,0.0,0.0,0.0,0.0,0.0,0.0,0.0,0.0,0.0,0.0,0.0,0.0,0.0,0.0,0.0,0.0,0.0,0.0,0.0,0.0,0.0,0.0,0.0,0.0,0.0,0.0,0.0,0.0,0.0,0.0,0.0,0.0,0.0,0.0,0.0,0.35,UB&PB,31325
2500,0.979677929976339,0.7972333629891101,0.667433340217877,0.899246464600148,0.06978550656048621,0.032430647925693314,0.12141895922763613,0.8403663869300665,0.7401900876333691,0.9203824005728051,0.9157114427860689,0.08428855721393042,0.18738280351281408,0.1449966484094503,0.046185947338464324,0.3048681541040775,0.008952459386053454,0.47492740074371553,0.19584146972180155,0.1587779523612728,0.05368071790519785,0.3186080614306841,0.30689183728389885,0.32159897057127607,0.17391205939666038,0.4379423844909767,0.4239036705393863,0.4236163291841635,0.4194640882585422,0.4279297616367273,0.41808020458528966,0.936768300643253,12656.873166652314,4483.7007001681095,42369.421317477434,0.35,UB&PB,31325
0,0.0,0.0,0.0,0.0,0.0,0.0,0.0,0.0,0.0,0.0,0.0,0.0,0.0,0.0,0.0,0.0,0.0,0.0,0.0,0.0,0.0,0.0,0.0,0.0,0.0,0.0,0.0,0.0,0.0,0.0,0.0,0.0,0.0,0.0,0.0,0.4,UB&PB,31325
2500,0.9866710076757494,0.7274762313706247,0.6138077410007353,0.8374528351510758,0.06620525102753598,0.030741177387477066,0.1140886941180003,0.8113129384912348,0.7037734460620655,0.9037173082963189,0.9149310589907598,0.08506894100923956,0.19869428162480585,0.167346598265168,0.05855553190569894,0.32149830954265535,0.010533609896840662,0.473041635847869,0.21007270420837842,0.18413246283514628,0.07082599576163755,0.3368596333202649,0.3121099525882154,0.3300642225473999,0.1892226271674875,0.43408309850256066,0.4171586437768782,0.4167982208528989,0.4123955467911046,0.42138195580066246,0.158191792090676,0.5365356830214224,7999.970079323539,3019.7593338604593,26126.91804440385,0.4,UB&PB,31325
0,0.0,0.0,0.0,0.0,0.0,0.0,0.0,0.0,0.0,0.0,0.0,0.0,0.0,0.0,0.0,0.0,0.0,0.0,0.0,0.0,0.0,0.0,0.0,0.0,0.0,0.0,0.0,0.0,0.0,0.0,0.0,0.0,0.0,0.0,0.0,0.45,UB&PB,31325
2500,0.996276500426563,0.8116588761181401,0.6808365894368316,0.9023391124766635,0.04633854842466255,0.01903980582648516,0.08523516771167561,0.780436380494167,0.6628640246559563,0.8665173410129334,0.8890611229566432,0.11093887704335464,0.2122070778861951,0.18822212972983213,0.06666166968057373,0.3470098604961143,0.0116179513140788,0.4811091869773104,0.22178254115419652,0.20088971794385244,0.07796331487054095,0.3578610782396152,0.32660107630813356,0.35365850706232504,0.20473258890607468,0.44472570239891596,0.4157603267864256,0.41544507525810703,0.41131304539643326,0.4197572867701759,0.07473444592796442,0.45280677057231217,11438.055222273744,3786.376687105806,43884.16396210753,0.45,UB&PB,31325
0,0.0,0.0,0.0,0.0,0.0,0.0,0.0,0.0,0.0,0.0,0.0,0.0,0.0,0.0,0.0,0.0,0.0,0.0,0.0,0.0,0.0,0.0,0.0,0.0,0.0,0.0,0.0,0.0,0.0,0.0,0.0,0.0,0.0,0.0,0.0,0.5,UB&PB,31325
2500,1.0090562387692763,0.8610388153470372,0.781329831438387,0.9242483703450086,0.03924310908455604,0.015182271459939927,0.07579356034234536,0.6923594718406088,0.5662897758368047,0.8064357347233275,0.8707256574271508,0.12927434257285028,0.22953453116472786,0.2110460815059644,0.08625148080613719,0.3664050997677376,0.02106459208460253,0.48968861409684294,0.2369385003521522,0.22079049452800475,0.09550210344866095,0.3740553238488512,0.33990153741166357,0.36828152460538927,0.22277278760742053,0.4526584776480606,0.4182438777823117,0.4179374233687735,0.41416242194414293,0.4218120411311339,0.36421068042635363,0.8198526726494043,14117.500233353921,4367.967121763094,60084.99196713263,0.5,UB&PB,31325
0,0.0,0.0,0.0,0.0,0.0,0.0,0.0,0.0,0.0,0.0,0.0,0.0,0.0,0.0,0.0,0.0,0.0,0.0,0.0,0.0,0.0,0.0,0.0,0.0,0.0,0.0,0.0,0.0,0.0,0.0,0.0,0.0,0.0,0.0,0.0,0.55,UB&PB,31325
2500,1.0210468169381226,0.8598092472170735,0.7648434110865381,0.9299728382556216,0.03769694471697265,0.01446739167013872,0.07186533915919094,0.7405848090711965,0.6353532625904333,0.8304030683900991,0.8718123667377397,0.1281876332622601,0.23446673058667478,0.21596341782309514,0.08964309619470653,0.3792899028484375,0.02241095238425833,0.4922345473954553,0.24211705848867235,0.22508626817032276,0.10038210969626171,0.38491308929964224,0.3418591033321823,0.36950207281028863,0.22763891891918958,0.452436855019353,0.4171619271304641,0.41686531809715827,0.41304744314759423,0.42081376633378564,0.452636180109136,1.0452770901474475,13306.506982809675,4156.924583386169,56605.83524109901,0.55,UB&PB,31325
0,0.0,0.0,0.0,0.0,0.0,0.0,0.0,0.0,0.0,0.0,0.0,0.0,0.0,0.0,0.0,0.0,0.0,0.0,0.0,0.0,0.0,0.0,0.0,0.0,0.0,0.0,0.0,0.0,0.0,0.0,0.0,0.0,0.0,0.0,0.0,0.6,UB&PB,31325
2500,1.0471642647568609,0.8645766002076455,0.7701535188698536,0.9357566345490744,0.030774143403840607,0.011077674195558168,0.05979431487233418,0.6071823715820348,0.49524763892268486,0.7194270542083216,0.7249047619047625,0.2750952380952377,0.27498236427516004,0.27031795611092746,0.14619316508900773,0.40793492265217296,0.042905194500521035,0.5152083757379189,0.2832925472925483,0.27918451999795146,0.1593761934185561,0.4118884335288828,0.3726802040975725,0.3999796620525436,0.27733111078303063,0.4663540194287726,0.42267952294969174,0.42240697740379496,0.41872374470653145,0.4262372036889672,0.09417295521182294,0.33205319892662694,11676.104476492927,3374.498443234949,55321.83964226133,0.6,UB&PB,31325
0,0.0,0.0,0.0,0.0,0.0,0.0,0.0,0.0,0.0,0.0,0.0,0.0,0.0,0.0,0.0,0.0,0.0,0.0,0.0,0.0,0.0,0.0,0.0,0.0,0.0,0.0,0.0,0.0,0.0,0.0,0.0,0.0,0.0,0.0,0.0,0.65,UB&PB,31325
2500,1.053571350930319,0.876993769363184,0.7850701379436605,0.9422010922782419,0.0309261031787374,0.011108350937029577,0.0599369081779582,0.6959578503375049,0.5513271956810819,0.8159421222745354,0.6244719260838665,0.3755280739161332,0.279346249923031,0.2730536097801747,0.15384770278211923,0.41150934860311433,0.041307821086456455,0.5221160489913169,0.2869568765818366,0.2824743611193627,0.16522728449556046,0.41417224344646025,0.37571133765606834,0.3995227615204067,0.28473652336329347,0.4665214061784498,0.4206373273015771,0.4203760597370955,0.4166191520346655,0.42428586036734595,0.36884602116494636,0.9224916320307931,12293.921291340226,3394.9010784123325,59681.598438826615,0.65,UB&PB,31325
0,0.0,0.0,0.0,0.0,0.0,0.0,0.0,0.0,0.0,0.0,0.0,0.0,0.0,0.0,0.0,0.0,0.0,0.0,0.0,0.0,0.0,0.0,0.0,0.0,0.0,0.0,0.0,0.0,0.0,0.0,0.0,0.0,0.0,0.0,0.0,0.7,UB&PB,31325
2500,1.0754268703673155,0.8299432280792568,0.7402885827222175,0.9060565124515123,0.028201292101586065,0.00980874671892679,0.05498312089765426,0.7590536794981685,0.6334234388387073,0.8586902430106857,0.5041307746979387,0.4958692253020609,0.297901405503278,0.3004159658084524,0.18598422608052478,0.4161256813889581,0.06075901023507622,0.5217166756188341,0.3068329239957277,0.31327772067033355,0.19795477780364712,0.4188304465175598,0.38583947576445793,0.40630816915065554,0.31693987652187827,0.4577887209561063,0.4185183024826116,0.4181729030128955,0.4143094233286753,0.4221945424468587,0.020140624047743926,0.5332466888409767,9922.861995738249,2646.388952531696,50258.25034468818,0.7,UB&PB,31325
0,0.0,0.0,0.0,0.0,0.0,0.0,0.0,0.0,0.0,0.0,0.0,0.0,0.0,0.0,0.0,0.0,0.0,0.0,0.0,0.0,0.0,0.0,0.0,0.0,0.0,0.0,0.0,0.0,0.0,0.0,0.0,0.0,0.0,0.0,0.0,0.75,UB&PB,31325
2500,1.0891675901261222,0.8645458323373965,0.7750505966867495,0.9304459821580101,0.02847260605819854,0.009889779985035938,0.05571299523441327,0.6818343749191045,0.5616956892985114,0.8122471524026412,0.41147263681592033,0.5885273631840796,0.31173561184376164,0.3224383006520819,0.20564512025022705,0.4166552416365594,0.07906942124405754,0.5291821175873866,0.3188601588610693,0.33164263327084964,0.21545666428503102,0.4191626488803233,0.39013902385420324,0.4068912083416061,0.32343412407851,0.4592593159875765,0.41523149762226313,0.4149796198042718,0.4112381226289518,0.41884971652199104,0.1688582012032944,0.5178797115462347,10450.567101838555,2676.9997490556757,54610.02616417157,0.75,UB&PB,31325
0,0.0,0.0,0.0,0.0,0.0,0.0,0.0,0.0,0.0,0.0,0.0,0.0,0.0,0.0,0.0,0.0,0.0,0.0,0.0,0.0,0.0,0.0,0.0,0.0,0.0,0.0,0.0,0.0,0.0,0.0,0.0,0.0,0.0,0.0,0.0,0.8,UB&PB,31325
2500,1.1134030393796759,0.8542903152059191,0.7533332243714843,0.9278707895564404,0.02730122755015509,0.009364329421510812,0.05386317909154326,0.7869143000098868,0.6857636408761386,0.8771274468093301,0.3535650319829424,0.6464349680170576,0.3323590541824906,0.3552111240717374,0.23316171759247065,0.42489519269599885,0.10215887942148652,0.5388760875794897,0.3394784561811435,0.36159274392196306,0.2431734078181874,0.42807128338149747,0.4013239307776981,0.41500671094962055,0.3419284394449315,0.4629922305510902,0.42109068001261624,0.42086357895152926,0.4170302263777631,0.4248083520010428,0.6611794986783353,0.9715662750425021,9482.736769806175,2377.7157967735207,49946.689524769674,0.8,UB&PB,31325
0,0.0,0.0,0.0,0.0,0.0,0.0,0.0,0.0,0.0,0.0,0.0,0.0,0.0,0.0,0.0,0.0,0.0,0.0,0.0,0.0,0.0,0.0,0.0,0.0,0.0,0.0,0.0,0.0,0.0,0.0,0.0,0.0,0.0,0.0,0.0,0.85,UB&PB,31325
2500,1.1173218372601765,0.8781393766102826,0.7858056497966769,0.9419017942676337,0.02890003645092096,0.010045292135433604,0.0568782835631903,0.8036776434098309,0.6791407301066081,0.9027825023251993,0.1919239516702203,0.8080760483297806,0.3350668818220436,0.3622914665052902,0.24550021344158476,0.4129266659811529,0.11522957565217384,0.5327151691031574,0.3404342227178479,0.36446568768050797,0.2537205196074724,0.41634953613344244,0.3944877537096448,0.4033906503982546,0.3398559305831253,0.45091950629344474,0.40666612340296554,0.40638023883112234,0.4026007220786626,0.4102877551595638,0.5970152880511592,0.9528306630091428,10401.902337451822,2423.4013064890746,56181.51173764167,0.85,UB&PB,31325
0,0.0,0.0,0.0,0.0,0.0,0.0,0.0,0.0,0.0,0.0,0.0,0.0,0.0,0.0,0.0,0.0,0.0,0.0,0.0,0.0,0.0,0.0,0.0,0.0,0.0,0.0,0.0,0.0,0.0,0.0,0.0,0.0,0.0,0.0,0.0,0.9,UB&PB,31325
2500,1.1546132368826094,0.8832458533889654,0.7885785376873423,0.9454898445051502,0.02762204573767768,0.0094675434922914,0.0547835386079196,0.5575094440797241,0.4148652136420976,0.6816623116057398,0.15319545131485454,0.8468045486851453,0.3810463096953822,0.40123830151937395,0.32157918443668926,0.4360276712328556,0.17976381974026331,0.5576557450211995,0.38621671852958456,0.4015238831193037,0.3293646964866422,0.44029596747761335,0.4176702241112834,0.4232023415700305,0.3703154283987144,0.46642589195207107,0.4247438894611498,0.42446459528473746,0.42083355761674757,0.42824358766362425,0.12918633797256432,0.8838825654698838,9561.727050334233,2185.1732199848307,53415.464415631344,0.9,UB&PB,31325
0,0.0,0.0,0.0,0.0,0.0,0.0,0.0,0.0,0.0,0.0,0.0,0.0,0.0,0.0,0.0,0.0,0.0,0.0,0.0,0.0,0.0,0.0,0.0,0.0,0.0,0.0,0.0,0.0,0.0,0.0,0.0,0.0,0.0,0.0,0.0,0.95,UB&PB,31325
2500,1.1656150490382933,0.8702022231860397,0.7812510499931854,0.9351300267408347,0.028724184749419346,0.009992539207736097,0.05650436735435403,0.8206173995779026,0.7185495619655871,0.8985772740184059,0.13426297085998568,0.8657370291400137,0.38386295072270415,0.4003256208835246,0.3329822145696612,0.43412196078309373,0.18769817243647,0.5547817961743032,0.38825109714768835,0.3992536852534468,0.33949831171969075,0.43872638695620625,0.4131030641521786,0.41813795584149244,0.36322821954092266,0.4627168037988846,0.4201215452545283,0.41982774518225624,0.4161057537661897,0.42369913616798577,0.6624340420802325,1.0435795173454774,9252.7768185568,2136.9463467281075,50842.29323449241,0.95,UB&PB,31325
0,0.0,0.0,0.0,0.0,0.0,0.0,0.0,0.0,0.0,0.0,0.0,0.0,0.0,0.0,0.0,0.0,0.0,0.0,0.0,0.0,0.0,0.0,0.0,0.0,0.0,0.0,0.0,0.0,0.0,0.0,0.0,0.0,0.0,0.0,0.0,0.05,UB&PB,69847
2500,0.9173031415969762,0.4164536874568303,0.2542211558122388,0.6006532944721414,0.7338322775554217,0.5956195790917866,0.8581673720185575,0.8782629804368066,0.8035624961435518,0.9383588586253573,0.959579957356078,0.04042004264392324,0.08636615976087425,0.026750765502980035,0.006431858391551494,0.11807414587072602,0.0010224640856043889,0.3623517793099397,0.09886801908261265,0.038894001594263955,0.009857770711295667,0.1437163899789007,0.14436921965005678,0.09976393978381712,0.04673893972476202,0.20941743992028097,0.42229740000699323,0.4218555892618178,0.41190844332783527,0.43220415446294663,0.031201397714253745,0.7209668797180635,5194.821319051457,3205.133944466356,8647.185172410493,0.05,UB&PB,69847
0,0.0,0.0,0.0,0.0,0.0,0.0,0.0,0.0,0.0,0.0,0.0,0.0,0.0,0.0,0.0,0.0,0.0,0.0,0.0,0.0,0.0,0.0,0.0,0.0,0.0,0.0,0.0,0.0,0.0,0.0,0.0,0.0,0.0,0.0,0.0,0.1,UB&PB,69847
2500,0.9332468289248428,0.28291590450535514,0.13864957996058538,0.4562242697145487,0.5690613325191485,0.4571029536301728,0.6932124532742998,0.8929621125995919,0.817459575384865,0.9491292085818211,0.9604875621890543,0.039512437810945204,0.09938832690490716,0.05055951026382936,0.016505647206167387,0.14058545791145105,0.0027123383921458383,0.35292844651788785,0.12417112734599216,0.07887280976434939,0.029066608274783228,0.18363804482631352,0.1505794502729267,0.11917891848752807,0.07443318501361132,0.19470777567557454,0.4225161040231899,0.4217416333074967,0.4021179365797055,0.44206529039719633,0.44115645764947586,1.0036056887923015,2445.721551979212,1687.3937179510044,3639.661010015447,0.1,UB&PB,69847
0,0.0,0.0,0.0,0.0,0.0,0.0,0.0,0.0,0.0,0.0,0.0,0.0,0.0,0.0,0.0,0.0,0.0,0.0,0.0,0.0,0.0,0.0,0.0,0.0,0.0,0.0,0.0,0.0,0.0,0.0,0.0,0.0,0.0,0.0,0.0,0.15,UB&PB,69847
2500,0.9418946818288216,0.621870927092117,0.38746403159282217,0.7920338701309646,0.6597699309583747,0.5589533293861414,0.7631330749396066,0.8354068783223058,0.7549403382948877,0.9030664840029694,0.9617981520966595,0.03820184790334046,0.09266530394148481,0.040229163946768585,0.011473027264831783,0.12806426711466135,0.00207673256106341,0.3595382523510342,0.10427265465137582,0.05427832165731545,0.018210253994742995,0.14722168574042435,0.14957603327828273,0.1158254298585244,0.06115427089222487,0.20643986404674908,0.4124557997976272,0.4117492187395928,0.402360323298697,0.42156598661103983,0.15900637284426478,0.7298449668941478,21706.488150669487,13246.023347225842,36310.94221807095,0.15,UB&PB,69847
0,0.0,0.0,0.0,0.0,0.0,0.0,0.0,0.0,0.0,0.0,0.0,0.0,0.0,0.0,0.0,0.0,0.0,0.0,0.0,0.0,0.0,0.0,0.0,0.0,0.0,0.0,0.0,0.0,0.0,0.0,0.0,0.0,0.0,0.0,0.0,0.2,UB&PB,69847
2500,0.9553402069074066,0.7881728760725603,0.6586046462578397,0.8856337442459581,0.8189938396455595,0.7180922059885326,0.8964889752860231,0.7943469481162936,0.6744420452486547,0.897797796515143,0.9580717839374552,0.04192821606254438,0.08048304291247041,0.029226007774570687,0.005243630323710526,0.10984776623664251,0.00010845066702792728,0.3332433853733858,0.08282617591440665,0.03126082348483832,0.005770983283378118,0.1144618203706882,0.13227491268856384,0.10130892794491834,0.04547622600935846,0.18509210532034068,0.42289063276879113,0.42255995942525504,0.4181948801694475,0.4270706014568324,0.011321351711850223,0.700787556207981,49116.04345869441,31504.875421456003,78163.79641542537,0.2,UB&PB,69847
0,0.0,0.0,0.0,0.0,0.0,0.0,0.0,0.0,0.0,0.0,0.0,0.0,0.0,0.0,0.0,0.0,0.0,0.0,0.0,0.0,0.0,0.0,0.0,0.0,0.0,0.0,0.0,0.0,0.0,0.0,0.0,0.0,0.0,0.0,0.0,0.25,UB&PB,69847
2500,0.9674734946658057,0.38264340953300496,0.2644391547216814,0.5840105082565911,0.20221376485051498,0.12495732297881419,0.28852294031315934,0.8497753097115494,0.7632634497810649,0.9250685831666082,0.9510163468372421,0.048983653162757705,0.17859210415630472,0.14215582207049232,0.062316093355626344,0.2719931317313125,0.015992185224814832,0.44338238974725425,0.21165291092152846,0.18809015589366998,0.09347778136824511,0.31468372089122293,0.2621095163822076,0.24892084352926114,0.16403246038144426,0.3547222784844147,0.41848417001506416,0.41782225559257313,0.40636952406915505,0.4297366243436743,0.1331448049971728,0.8958647643734683,2094.3406299448575,1274.335270927132,3848.109400392284,0.25,UB&PB,69847
0,0.0,0.0,0.0,0.0,0.0,0.0,0.0,0.0,0.0,0.0,0.0,0.0,0.0,0.0,0.0,0.0,0.0,0.0,0.0,0.0,0.0,0.0,0.0,0.0,0.0,0.0,0.0,0.0,0.0,0.0,0.0,0.0,0.0,0.0,0.0,0.3,UB&PB,69847
2500,0.9727854217927101,0.6856049642811778,0.53926546927903,0.8090213235667748,0.11051259001857174,0.06368266087268531,0.17370566978871876,0.837736598615005,0.7243537917099327,0.9231302171432516,0.9194207533759787,0.08057924662402272,0.18306527790084517,0.14242141917004328,0.049180957752867724,0.29122381691678284,0.011302497626562442,0.46473006933243877,0.19815519911915958,0.16515387844096122,0.06319370124405342,0.3124211133652185,0.2932556862708357,0.2998463974904289,0.1686860630534641,0.41581756081503074,0.42255301105535464,0.4221883711957235,0.4163337284805251,0.42827341498358057,0.08630739952352133,0.4442438207673567,8220.512668932144,3122.299250669103,25865.194059266516,0.3,UB&PB,69847
0,0.0,0.0,0.0,0.0,0.0,0.0,0.0,0.0,0.0,0.0,0.0,0.0,0.0,0.0,0.0,0.0,0.0,0.0,0.0,0.0,0.0,0.0,0.0,0.0,0.0,0.0,0.0,0.0,0.0,0.0,0.0,0.0,0.0,0.0,0.0,0.35,UB&PB,69847
2500,0.9732178188767728,0.7721655734091403,0.6191300772778588,0.8892724481253941,0.06839880420234454,0.03126442492854571,0.12006386880374478,0.7384962230009339,0.6184253813878434,0.8472279595988838,0.9076510305614797,0.09234896943852183,0.19430534118715662,0.16056178485090428,0.05489935185201092,0.3103190463273562,0.010994207803721562,0.47124543232550387,0.2049397960619749,0.17712713986081413,0.06573466650870526,0.32565497262787496,0.31026149892023475,0.32728955083763644,0.18477502535704649,0.43360078073319525,0.41928022377378366,0.4189865768704457,0.41451985099974314,0.42359541458944683,0.14831842700343809,0.4107743545296613,9586.17877914227,3467.290099479661,32632.285852952777,0.35,UB&PB,69847
0,0.0,0.0,0.0,0.0,0.0,0.0,0.0,0.0,0.0,0.0,0.0,0.0,0.0,0.0,0.0,0.0,0.0,0.0,0.0,0.0,0.0,0.0,0.0,0.0,0.0,0.0,0.0,0.0,0.0,0.0,0.0,0.0,0.0,0.0,0.0,0.4,UB&PB,69847
2500,0.983314187193314,0.867625318359833,0.7774407331721648,0.9364245816497874,0.06514070087664922,0.028537149775554032,0.11745391696251153,0.7936993448902673,0.684386543537528,0.8891738223551404,0.9094932480454873,0.09050675195451324,0.19129457278836703,0.14706667062208595,0.04780014271407342,0.31457085733886125,0.010554410038635866,0.4823897757918975,0.1968235867300612,0.1561287617728616,0.05235670101561215,0.3233372883285547,0.30992447797490363,0.32256433429333126,0.1752135330046246,0.44429930570359,0.4224863105832102,0.42225235069934347,0.41853945120005537,0.42607952049704967,0.03335291867342684,0.41063339139407123,21907.94885903001,7216.934034553573,78699.04572573656,0.4,UB&PB,69847
0,0.0,0.0,0.0,0.0,0.0,0.0,0.0,0.0,0.0,0.0,0.0,0.0,0.0,0.0,0.0,0.0,0.0,0.0,0.0,0.0,0.0,0.0,0.0,0.0,0.0,0.0,0.0,0.0,0.0,0.0,0.0,0.0,0.0,0.0,0.0,0.45,UB&PB,69847
2500,0.9973082629011618,0.8227528963788804,0.7153605091043486,0.8999120912763471,0.040720047389802144,0.016166550616695037,0.07763841421248432,0.6414516906107922,0.5337498927471745,0.7554352671559565,0.8851712864250184,0.11482871357498216,0.22593156436471531,0.20857753954497854,0.08445439828706551,0.35611267258375845,0.01893259342719338,0.485437330009031,0.2353590480797421,0.22120744233309847,0.0964562221812185,0.3667813165237355,0.33929198820848866,0.36883751986643803,0.22473892308831875,0.45048502919641065,0.4205656114600564,0.4202898145307166,0.4163628068859108,0.42437336753272326,0.44747527526566555,0.7369893299894438,10617.756034436703,3466.7479769454403,42420.64094520997,0.45,UB&PB,69847
0,0.0,0.0,0.0,0.0,0.0,0.0,0.0,0.0,0.0,0.0,0.0,0.0,0.0,0.0,0.0,0.0,0.0,0.0,0.0,0.0,0.0,0.0,0.0,0.0,0.0,0.0,0.0,0.0,0.0,0.0,0.0,0.0,0.0,0.0,0.0,0.5,UB&PB,69847
2500,1.0063588699395623,0.8739464262225439,0.7795638064951519,0.9414133478276963,0.04330356161334968,0.017294742850503662,0.08136784746608762,0.8170757990364849,0.7015753248429484,0.9097390678387574,0.8708877043354649,0.12911229566453453,0.21661899118193823,0.18989739419899718,0.06834416279372264,0.360115861061713,0.013073121515377494,0.4887560787209428,0.22378776614108847,0.1993141737951489,0.0763967768203413,0.3676335441037019,0.33105663003896996,0.356793363938334,0.20870156044421712,0.4502905487450212,0.4184195866046199,0.4181545205235442,0.4142848041594669,0.42214899324165045,0.1380359213055836,0.7821661806623827,15625.83749146839,4809.671549919476,64723.080434735275,0.5,UB&PB,69847
0,0.0,0.0,0.0,0.0,0.0,0.0,0.0,0.0,0.0,0.0,0.0,0.0,0.0,0.0,0.0,0.0,0.0,0.0,0.0,0.0,0.0,0.0,0.0,0.0,0.0,0.0,0.0,0.0,0.0,0.0,0.0,0.0,0.0,0.0,0.0,0.55,UB&PB,69847
2500,1.0193681478254286,0.8505382810244118,0.7328913310503264,0.9225413894141602,0.037458818347731786,0.014347343464754546,0.07137038797494204,0.6645453025144517,0.5457431251282091,0.7781266467599234,0.8281577825159913,0.17184221748400863,0.24062417310728845,0.2268240394873545,0.10470910056224118,0.3773224584845732,0.027769514809230414,0.4871308403022534,0.24935010854702927,0.23689586195915033,0.11749012268088214,0.3837722478544313,0.3437160799476257,0.37104316858814074,0.23791862453810894,0.44746611313535933,0.41082532838467,0.41053099004967375,0.40651567941134337,0.4147001440252118,0.32439730869109484,0.703016178098691,12031.332107216685,3705.764013267729,51973.154382858505,0.55,UB&PB,69847
0,0.0,0.0,0.0,0.0,0.0,0.0,0.0,0.0,0.0,0.0,0.0,0.0,0.0,0.0,0.0,0.0,0.0,0.0,0.0,0.0,0.0,0.0,0.0,0.0,0.0,0.0,0.0,0.0,0.0,0.0,0.0,0.0,0.0,0.0,0.0,0.6,UB&PB,69847
2500,1.0488969413574152,0.8027744799688803,0.6900590719798634,0.9014869333932478,0.030114463471782257,0.01074532103189597,0.05843271509846835,0.6245993040882042,0.49134459971736727,0.7271515044018421,0.716358208955224,0.2836417910447763,0.2801018192808015,0.27750403309046134,0.15753715250794384,0.4099357551268893,0.04492843130598716,0.5125312154633549,0.29078135511305586,0.2898676768316021,0.17442319054383199,0.4144604622303406,0.37625588741721855,0.4030803714897944,0.29160837400888334,0.4622866023796372,0.4238908858856096,0.42361728742974775,0.4196729263348749,0.4277280808834901,0.03373520708292008,0.41927179055889585,8222.869050248226,2519.832747166036,37805.12377490193,0.6,UB&PB,69847
0,0.0,0.0,0.0,0.0,0.0,0.0,0.0,0.0,0.0,0.0,0.0,0.0,0.0,0.0,0.0,0.0,0.0,0.0,0.0,0.0,0.0,0.0,0.0,0.0,0.0,0.0,0.0,0.0,0.0,0.0,0.0,0.0,0.0,0.0,0.0,0.65,UB&PB,69847
2500,1.0601665634298643,0.8476478933155622,0.7644360497290867,0.9149909190970142,0.028359164246151907,0.009947085992433168,0.05606019490925805,0.5668314036947198,0.47019000357559554,0.6658147439552854,0.5292245913290691,0.4707754086709308,0.29445928921179126,0.2941580969631065,0.18354056487632536,0.412034044349217,0.061371686615131094,0.5199653468754398,0.30301030349990554,0.3040547649361925,0.19636993870621253,0.41486073448601923,0.38378400571713994,0.40445563598140155,0.3104903622305677,0.4593424191935095,0.4175780275656853,0.41725728611367374,0.4135158377683094,0.4211392893508243,0.25160318409602594,0.4965135737335363,10017.26879967592,2747.9016993106743,49640.081226408016,0.65,UB&PB,69847
0,0.0,0.0,0.0,0.0,0.0,0.0,0.0,0.0,0.0,0.0,0.0,0.0,0.0,0.0,0.0,0.0,0.0,0.0,0.0,0.0,0.0,0.0,0.0,0.0,0.0,0.0,0.0,0.0,0.0,0.0,0.0,0.0,0.0,0.0,0.0,0.7,UB&PB,69847
2500,1.0800377178944958,0.8846996312168208,0.7997580337644362,0.9436096348670067,0.028346302488101587,0.009764002238703313,0.056022659512268175,0.7137192548837202,0.5199030088888121,0.8745472462981606,0.4138223169864971,0.5861776830135043,0.30603613545512787,0.3120537880668533,0.19346627158242,0.42119643248658784,0.06369683888228574,0.5350335561590082,0.3133874349719642,0.3218740526293078,0.2036144596032748,0.42349632602924586,0.3944179626541447,0.4131301415059451,0.32449174700329264,0.46688586462793863,0.4226017687536148,0.4222816941957213,0.41865321819699064,0.4260592170906285,0.23570834273586586,0.7746730424295131,11748.166885302462,2920.319441621028,61594.912737895196,0.7,UB&PB,69847
0,0.0,0.0,0.0,0.0,0.0,0.0,0.0,0.0,0.0,0.0,0.0,0.0,0.0,0.0,0.0,0.0,0.0,0.0,0.0,0.0,0.0,0.0,0.0,0.0,0.0,0.0,0.0,0.0,0.0,0.0,0.0,0.0,0.0,0.0,0.0,0.75,UB&PB,69847
2500,1.097171522834318,0.8561120171644325,0.7514925996695502,0.9288599030345472,0.028606041888112162,0.009975333719910672,0.05583181063502148,0.6865011997733228,0.5346859836732267,0.8250869673890564,0.3018479033404404,0.6981520966595601,0.32533470846477525,0.33998640408197506,0.22569895105830304,0.42506678663169445,0.08623136495265758,0.5397771003487871,0.3332976067749682,0.3496886793962603,0.23620079107561168,0.4281207630123793,0.4036837362148247,0.41739331760263865,0.34619968371550014,0.4655433622958325,0.4225989800579516,0.422298343972708,0.41853104477270076,0.4262238048462654,0.5968014229154693,0.986876658838947,9317.608410188897,2339.8736249217122,48113.71957022588,0.75,UB&PB,69847
0,0.0,0.0,0.0,0.0,0.0,0.0,0.0,0.0,0.0,0.0,0.0,0.0,0.0,0.0,0.0,0.0,0.0,0.0,0.0,0.0,0.0,0.0,0.0,0.0,0.0,0.0,0.0,0.0,0.0,0.0,0.0,0.0,0.0,0.0,0.0,0.8,UB&PB,69847
2500,1.1111962595796983,0.8528180582943945,0.7438634321454658,0.9260808520856986,0.02874924263201612,0.009906976271635698,0.05749200292910269,0.6340276069523005,0.48232564644088316,0.7728641081401053,0.297056858564321,0.7029431414356785,0.3388005788877268,0.362007950016447,0.24824359839172846,0.4232120856377749,0.11244958178440322,0.535767872296309,0.34591394513720347,0.3676897355463604,0.2581008123873621,0.42678840936501655,0.40244125899406924,0.4135237669739175,0.3477458203315498,0.4599931186318982,0.4177561460357501,0.41744055450406153,0.41361292797502813,0.421448916051677,0.039736119360717276,0.4541684516863873,8502.183662587793,2195.462084183551,43571.24078093574,0.8,UB&PB,69847
0,0.0,0.0,0.0,0.0,0.0,0.0,0.0,0.0,0.0,0.0,0.0,0.0,0.0,0.0,0.0,0.0,0.0,0.0,0.0,0.0,0.0,0.0,0.0,0.0,0.0,0.0,0.0,0.0,0.0,0.0,0.0,0.0,0.0,0.0,0.0,0.85,UB&PB,69847
2500,1.1244801510958466,0.8889861763230438,0.8042965659474396,0.9471893240428318,0.02778864744305126,0.009483460888326205,0.05461609754145555,0.7305880622487095,0.6112619341238005,0.8335184116410513,0.21344349680170577,0.7865565031982944,0.34646354972121285,0.373187994643654,0.26154019928033034,0.4212304597744943,0.12592842089716744,0.5440476146922569,0.352107934323834,0.3753272633291301,0.27059107290891604,0.4245054757739468,0.4023690065374609,0.41124215027208044,0.34632255304332704,0.4596729343435299,0.41460914136408517,0.41424840342805874,0.4105717133516418,0.4180501671923242,0.6904323486785788,1.0586579412514407,11031.750138581689,2511.747437624707,60890.114621933404,0.85,UB&PB,69847
0,0.0,0.0,0.0,0.0,0.0,0.0,0.0,0.0,0.0,0.0,0.0,0.0,0.0,0.0,0.0,0.0,0.0,0.0,0.0,0.0,0.0,0.0,0.0,0.0,0.0,0.0,0.0,0.0,0.0,0.0,0.0,0.0,0.0,0.0,0.0,0.9,UB&PB,69847
2500,1.1375342617105537,0.8888313852490257,0.8049386735824717,0.950388275472924,0.027065254540511997,0.009186086570349248,0.053576632455085815,0.6502247370541387,0.5325116395352045,0.7590573312370489,0.14346624022743398,0.8565337597725656,0.3599251151689453,0.38164256967944776,0.29663419192150614,0.41800850292746355,0.15332337903246027,0.5427347070485145,0.3647115521264378,0.38119208653252623,0.3046481117481745,0.42184442661979726,0.4006383163018754,0.40655544446015274,0.3515767427503629,0.4509195684676162,0.408480110483155,0.40811161615168856,0.4044349262220158,0.41193483589224955,0.3992420803522185,0.9136354369796,10293.070376136036,2292.247758082432,58271.842520678416,0.9,UB&PB,69847
0,0.0,0.0,0.0,0.0,0.0,0.0,0.0,0.0,0.0,0.0,0.0,0.0,0.0,0.0,0.0,0.0,0.0,0.0,0.0,0.0,0.0,0.0,0.0,0.0,0.0,0.0,0.0,0.0,0.0,0.0,0.0,0.0,0.0,0.0,0.0,0.95,UB&PB,69847
2500,1.1631307406639262,0.8488176907699374,0.7458424738689567,0.9297038887193689,0.028038342666565,0.009607068257718001,0.05566220796010721,0.7069601671635046,0.5188400491654306,0.8460765192577843,0.15990191897654552,0.8400980810234544,0.38753106870111825,0.4028289675490878,0.34063606648080086,0.4345276039726197,0.19687454897107043,0.5537007233861461,0.39234255039656546,0.40204826025621526,0.3472990460693874,0.439269293619826,0.4130807620567728,0.41769585850376856,0.36580166348893756,0.46127826972112573,0.41915407621246487,0.4188313916302674,0.4150379123828458,0.4228039603366737,0.6618209215327715,1.051623570084476,7988.878051449971,1963.0767003639617,42300.94563528494,0.95,UB&PB,69847
0,0.0,0.0,0.0,0.0,0.0,0.0,0.0,0.0,0.0,0.0,0.0,0.0,0.0,0.0,0.0,0.0,0.0,0.0,0.0,0.0,0.0,0.0,0.0,0.0,0.0,0.0,0.0,0.0,0.0,0.0,0.0,0.0,0.0,0.0,0.0,0.05,UB&PB,26106
2500,0.9160512323537939,0.5406244136949371,0.38789304254121476,0.7007390860040718,0.7622870280515842,0.6500776972025901,0.8747604772932424,0.8900980347949906,0.8072329990848667,0.9513717953656353,0.9513930348258717,0.04860696517412932,0.08218277081253655,0.01966119489714275,0.002919914716048213,0.10540911957664396,0.00022364462899473754,0.37337119450557327,0.08957897886473976,0.026157294929333948,0.004225008341868608,0.12140846038280942,0.1458603580212258,0.09689498784189453,0.039190946109080874,0.21677176938226042,0.42360982434583133,0.4232342635277598,0.4164643762654769,0.43036682527899117,0.20441024530363613,0.7610375484031793,9267.232180218884,5376.154184257952,16253.100113282642,0.05,UB&PB,26106
0,0.0,0.0,0.0,0.0,0.0,0.0,0.0,0.0,0.0,0.0,0.0,0.0,0.0,0.0,0.0,0.0,0.0,0.0,0.0,0.0,0.0,0.0,0.0,0.0,0.0,0.0,0.0,0.0,0.0,0.0,0.0,0.0,0.0,0.0,0.0,0.1,UB&PB,26106
2500,0.9296536972707503,0.2804706435927207,0.1757548018667764,0.42778848980412526,0.6056764441738409,0.4880388528962748,0.7362544678705254,0.8639146596229209,0.7782538468178539,0.9320818343347994,0.9633205401563607,0.03667945984363886,0.0912151388461442,0.043199413635860266,0.013073911230786647,0.12675181373958672,0.0015006097039808514,0.33491591224070133,0.1137108943277647,0.06814116013570871,0.02376676677448741,0.16646490708964515,0.1395500913131259,0.10897484643748559,0.06851107911121912,0.17741825275001272,0.41183222688841076,0.4111614367136377,0.3946422946411054,0.4282110066024464,0.058547184531441816,0.5369850452878282,2518.2268870819908,1756.8446940981094,3700.8900238287524,0.1,UB&PB,26106
0,0.0,0.0,0.0,0.0,0.0,0.0,0.0,0.0,0.0,0.0,0.0,0.0,0.0,0.0,0.0,0.0,0.0,0.0,0.0,0.0,0.0,0.0,0.0,0.0,0.0,0.0,0.0,0.0,0.0,0.0,0.0,0.0,0.0,0.0,0.0,0.15,UB&PB,26106
2500,0.9440566982386629,0.42332590198092396,0.2990771132523713,0.5506984041254714,0.37292491093731134,0.285209085533464,0.47653780116645555,0.8852218865247741,0.8083476458489994,0.9449204776156536,0.9548635394456283,0.04513646055437101,0.13177039088007217,0.08684629056453261,0.03478262105565147,0.19417998381929708,0.008079561888987613,0.3925980570761543,0.15757046595655622,0.12097559325775291,0.05522947022734099,0.23209780868663754,0.20275673452935847,0.17843857512858577,0.11204022094602217,0.27535250575816805,0.4152844419916586,0.41482501504084024,0.4031920201838876,0.4267849346982156,0.08292290048251982,0.8696240547579548,3177.3812844507197,2082.8366688425417,5122.963299214071,0.15,UB&PB,26106
0,0.0,0.0,0.0,0.0,0.0,0.0,0.0,0.0,0.0,0.0,0.0,0.0,0.0,0.0,0.0,0.0,0.0,0.0,0.0,0.0,0.0,0.0,0.0,0.0,0.0,0.0,0.0,0.0,0.0,0.0,0.0,0.0,0.0,0.0,0.0,0.2,UB&PB,26106
2500,0.9627872514987273,0.30868616917716507,0.19258788253670384,0.5031962601643913,0.2588027868044436,0.1818090619782034,0.34816332268398364,0.8862860095211993,0.8181470587561878,0.9463431669552557,0.9497874911158508,0.050212508884150686,0.1699838318982545,0.13457008975183712,0.06135421138131374,0.25398095532056636,0.015468201949418123,0.4269700328042244,0.20773259013194506,0.18550929108126174,0.09547761217513731,0.3037458102235839,0.24526012439727543,0.23051736482409219,0.1589060482955555,0.32066722029111866,0.4224232554358644,0.42175311455432135,0.40720983517409637,0.4369164516860565,0.004907492701798483,0.6714095075853694,1632.35123277175,1120.038877855614,2566.5835866448533,0.2,UB&PB,26106
0,0.0,0.0,0.0,0.0,0.0,0.0,0.0,0.0,0.0,0.0,0.0,0.0,0.0,0.0,0.0,0.0,0.0,0.0,0.0,0.0,0.0,0.0,0.0,0.0,0.0,0.0,0.0,0.0,0.0,0.0,0.0,0.0,0.0,0.0,0.0,0.25,UB&PB,26106
2500,0.9657933874186491,0.4204556390092794,0.3240257042652169,0.5334838136579114,0.1914285228255569,0.12230148193322292,0.26883673432632677,0.8195355828522689,0.7230463733930538,0.9101689907468983,0.95081236673774,0.04918763326226018,0.17774145343709233,0.14559538404040953,0.06549158112175976,0.26729828389059546,0.018303688665823555,0.4304987388155894,0.20843188363870874,0.18860466849655516,0.09524394367585935,0.30704898328732644,0.26447583985222656,0.2538023843734333,0.1701559875942848,0.35606398883184537,0.41222822959709654,0.41183443825604976,0.4030370124788448,0.4209578179760463,0.05875377846560458,0.29830880807756893,1913.1330758332392,1235.0744981293522,3242.006643651904,0.25,UB&PB,26106
0,0.0,0.0,0.0,0.0,0.0,0.0,0.0,0.0,0.0,0.0,0.0,0.0,0.0,0.0,0.0,0.0,0.0,0.0,0.0,0.0,0.0,0.0,0.0,0.0,0.0,0.0,0.0,0.0,0.0,0.0,0.0,0.0,0.0,0.0,0.0,0.3,UB&PB,26106
2500,0.962193304633481,0.6203319349851611,0.48553015991551085,0.7679142898353406,0.1640134679479546,0.09705965445361839,0.25574168069024994,0.7389847434335283,0.6426362820753841,0.8252623615228465,0.9418038379530925,0.05819616204690838,0.16691377042888983,0.1225073065624532,0.04317753405840123,0.2635839054993463,0.00952023456751596,0.44760966191921153,0.1824124203486223,0.14659999202791452,0.058337310624004025,0.28378145529854165,0.2653590020348943,0.25598737567467245,0.14801530082972625,0.38169111750456236,0.4109115935412358,0.4105721277666401,0.40479554571520043,0.4165775417939213,0.16282096090651435,0.6365201262860655,10439.917706972621,4917.94880280331,23465.16627938997,0.3,UB&PB,26106
0,0.0,0.0,0.0,0.0,0.0,0.0,0.0,0.0,0.0,0.0,0.0,0.0,0.0,0.0,0.0,0.0,0.0,0.0,0.0,0.0,0.0,0.0,0.0,0.0,0.0,0.0,0.0,0.0,0.0,0.0,0.0,0.0,0.0,0.0,0.0,0.35,UB&PB,26106
2500,0.9711007577568465,0.7986867049999047,0.6638099440652672,0.8927459283225321,0.06883805878508034,0.030805956945403327,0.12569349156208137,0.8030602293023147,0.7096541315184507,0.8873084440136461,0.920769012082446,0.0792309879175552,0.1830547091568049,0.14006792392738596,0.04251349512914685,0.2972496043186034,0.00750724854436076,0.47128946824033824,0.19200268841807142,0.1546677338484184,0.05022269869717237,0.311747300721044,0.30044951061562875,0.3133110511866281,0.1657337654544555,0.43293056640156863,0.41753465207279156,0.4172084040597214,0.4129100019648264,0.42168017551474857,0.059976551554338633,0.2844663113552114,11885.68353489531,4152.840528985376,40285.68769975356,0.35,UB&PB,26106
0,0.0,0.0,0.0,0.0,0.0,0.0,0.0,0.0,0.0,0.0,0.0,0.0,0.0,0.0,0.0,0.0,0.0,0.0,0.0,0.0,0.0,0.0,0.0,0.0,0.0,0.0,0.0,0.0,0.0,0.0,0.0,0.0,0.0,0.0,0.0,0.4,UB&PB,26106
2500,0.9835750290670067,0.8308523550640522,0.6888594690668731,0.9192527613861606,0.06093512190478293,0.026518889111851764,0.11207117988974112,0.8089808971701051,0.6763125285629893,0.9060929878801827,0.8959388770433547,0.10406112295664523,0.19538863336109086,0.15912136075095815,0.05092336581478137,0.3205324877621333,0.008653279182918746,0.4783207577910953,0.20315929770053318,0.17125550224439168,0.058563032357568795,0.33165409514649824,0.3133231786466367,0.33089823342304453,0.1835231125252076,0.4415727424199259,0.4195872198669708,0.4193422590740202,0.4153123368268417,0.4234813763332367,0.4779517263630625,0.7876947160425857,13409.688410235685,4532.293770340051,47862.77447974821,0.4,UB&PB,26106
0,0.0,0.0,0.0,0.0,0.0,0.0,0.0,0.0,0.0,0.0,0.0,0.0,0.0,0.0,0.0,0.0,0.0,0.0,0.0,0.0,0.0,0.0,0.0,0.0,0.0,0.0,0.0,0.0,0.0,0.0,0.0,0.0,0.0,0.0,0.0,0.45,UB&PB,26106
2500,0.9923730412033207,0.8566542487122769,0.7637208521794449,0.9252663091305376,0.05416175694089173,0.021996606827778344,0.10157902761523332,0.8220978533889366,0.7149085850093609,0.9049963474961693,0.9046929637526638,0.09530703624733476,0.1994900355977856,0.1637829055213302,0.05325120505233088,0.33122272615779946,0.012161403546353375,0.48063341225570577,0.2059534249062319,0.1737986923611638,0.05938865721562704,0.34026402802039374,0.3144624027767038,0.33200897071321733,0.183127832163843,0.442791045739232,0.41551942228282013,0.41525220312927597,0.4114107179129878,0.41918275226584417,0.25046782316077976,0.7014967218630942,17963.430433829024,5695.925020000785,68313.81838128966,0.45,UB&PB,26106
0,0.0,0.0,0.0,0.0,0.0,0.0,0.0,0.0,0.0,0.0,0.0,0.0,0.0,0.0,0.0,0.0,0.0,0.0,0.0,0.0,0.0,0.0,0.0,0.0,0.0,0.0,0.0,0.0,0.0,0.0,0.0,0.0,0.0,0.0,0.0,0.5,UB&PB,26106
2500,1.0056718349724116,0.8671853352742473,0.7600342128620243,0.9358267441646018,0.04444485475613391,0.017748344535614243,0.08401348604863955,0.7899211274127044,0.6494438341881066,0.8937706684900153,0.8826076759061836,0.11739232409381659,0.21624937894454466,0.18929779820676912,0.07034424999616129,0.35597896016942704,0.015727168445728624,0.4862247907709892,0.22352738875320657,0.19915473111614604,0.0787614831596678,0.3636545604185348,0.327446814872533,0.3524861966965331,0.2036406525161087,0.4476549334476246,0.41400262084740075,0.4137062078483589,0.4098696224319319,0.41770062134490826,0.3781758071871653,0.6137529540092196,14914.71869059719,4656.532140472986,60669.15729249883,0.5,UB&PB,26106
0,0.0,0.0,0.0,0.0,0.0,0.0,0.0,0.0,0.0,0.0,0.0,0.0,0.0,0.0,0.0,0.0,0.0,0.0,0.0,0.0,0.0,0.0,0.0,0.0,0.0,0.0,0.0,0.0,0.0,0.0,0.0,0.0,0.0,0.0,0.0,0.55,UB&PB,26106
2500,1.023641301720685,0.8807598854244046,0.7947518641596281,0.9468203313172169,0.03919770923723158,0.014830844846396499,0.07625197782628691,0.8324356728994827,0.7169069457727348,0.9112585870093878,0.8436218905472633,0.15637810945273634,0.2339534649220367,0.21173590564340034,0.08387618282311038,0.383985969646721,0.01938695058962377,0.5013370801383324,0.24060845212927046,0.21991587150158545,0.0924250002262003,0.38916400332531287,0.34535029467274203,0.3713162065855902,0.22816384371135648,0.46054298481009875,0.424359308206343,0.42411876682512484,0.4203596426024415,0.4279804691295223,0.05943792409316127,0.37573406160060197,16382.23388502211,4875.895882273642,70212.11138425731,0.55,UB&PB,26106
0,0.0,0.0,0.0,0.0,0.0,0.0,0.0,0.0,0.0,0.0,0.0,0.0,0.0,0.0,0.0,0.0,0.0,0.0,0.0,0.0,0.0,0.0,0.0,0.0,0.0,0.0,0.0,0.0,0.0,0.0,0.0,0.0,0.0,0.0,0.0,0.6,UB&PB,26106
2500,1.0338313237894183,0.8687792636960064,0.7821280428791669,0.9316922420665701,0.03160034535661336,0.011464883880444329,0.06103459143268085,0.6402217101740783,0.5053622937960465,0.766243529965322,0.7961911869225295,0.20380881307746984,0.2568380472096977,0.24785108642886552,0.1259835783154222,0.39210817084295446,0.032077205196744694,0.49644132904716226,0.2645184294227627,0.25643185032065013,0.1381146418451323,0.39599885471289104,0.35414353300128276,0.3819101766915003,0.2545162740954923,0.4522368414146792,0.4110166206309528,0.4107280071441835,0.40692522949345195,0.41466538793677493,0.02076146608184552,0.5581450037356911,12513.865331796846,3708.111383390424,57792.10112312447,0.6,UB&PB,26106
0,0.0,0.0,0.0,0.0,0.0,0.0,0.0,0.0,0.0,0.0,0.0,0.0,0.0,0.0,0.0,0.0,0.0,0.0,0.0,0.0,0.0,0.0,0.0,0.0,0.0,0.0,0.0,0.0,0.0,0.0,0.0,0.0,0.0,0.0,0.0,0.65,UB&PB,26106
2500,1.0591398473460016,0.8731413586793259,0.783857817220772,0.9392828798824101,0.02985612699756434,0.010462610446248695,0.05915616431641878,0.6473898011969602,0.5112566336635087,0.7667282206122643,0.6475508173418631,0.3524491826581381,0.2888023527845456,0.2869360720751202,0.16535521172269502,0.4192143928443704,0.04847065398104468,0.5224169194827758,0.2966669345946342,0.2967799236448482,0.17742594237294765,0.4219096262168559,0.3838431874620679,0.4088964626731171,0.2991934302013007,0.470195321815057,0.4267086949731174,0.42645559712355524,0.42278381084184563,0.4302757664200647,0.18130392840097356,0.5105183899691643,11782.4179187028,3281.4937579061734,57448.75430048512,0.65,UB&PB,26106
0,0.0,0.0,0.0,0.0,0.0,0.0,0.0,0.0,0.0,0.0,0.0,0.0,0.0,0.0,0.0,0.0,0.0,0.0,0.0,0.0,0.0,0.0,0.0,0.0,0.0,0.0,0.0,0.0,0.0,0.0,0.0,0.0,0.0,0.0,0.0,0.7,UB&PB,26106
2500,1.0712204167875787,0.8773333726785506,0.7862354355423545,0.9435016346090328,0.02902772118945888,0.010132592815304577,0.05648557943649637,0.6667743391762146,0.5431159730774614,0.7705218489395568,0.3961584932480457,0.6038415067519554,0.3016300506696324,0.304180846282536,0.19231261854539414,0.4147381322186003,0.06407108964492786,0.5282785230898238,0.30904414359692917,0.31436079429087854,0.20280066431058105,0.4168617363948731,0.3897896653771538,0.407712890845477,0.32150290280179156,0.46190287319757445,0.4156934311364956,0.41535885884035767,0.4116367182581024,0.4192379878508302,0.37079644099551357,0.8895604741267226,11813.907542746643,2880.646857685173,62018.09529011826,0.7,UB&PB,26106
0,0.0,0.0,0.0,0.0,0.0,0.0,0.0,0.0,0.0,0.0,0.0,0.0,0.0,0.0,0.0,0.0,0.0,0.0,0.0,0.0,0.0,0.0,0.0,0.0,0.0,0.0,0.0,0.0,0.0,0.0,0.0,0.0,0.0,0.0,0.0,0.75,UB&PB,26106
2500,1.0901410061561183,0.880048638147736,0.808937882187535,0.9396571102056643,0.02742095740075804,0.00932071661129666,0.05477521719034187,0.6969399623385535,0.5634912906621932,0.8100479053928726,0.3182110874200429,0.6817889125799576,0.3144690571382542,0.32787576182319533,0.21187736109896993,0.41409338463865747,0.08136211085175758,0.5308680490117265,0.3211710659338434,0.336429215258897,0.22118297660092276,0.4163267748182223,0.3920973297871223,0.4064569628429654,0.3300936808312563,0.45672840438507567,0.4122079851794814,0.4118155294572513,0.40815409995070534,0.4156514388958227,0.650815753843182,1.012904441794824,11387.333542681454,2720.1235123954284,61517.90934843816,0.75,UB&PB,26106
0,0.0,0.0,0.0,0.0,0.0,0.0,0.0,0.0,0.0,0.0,0.0,0.0,0.0,0.0,0.0,0.0,0.0,0.0,0.0,0.0,0.0,0.0,0.0,0.0,0.0,0.0,0.0,0.0,0.0,0.0,0.0,0.0,0.0,0.0,0.0,0.8,UB&PB,26106
2500,1.1035022506637429,0.8876909417148279,0.7970159701761514,0.9512531698547141,0.027485937880713282,0.009398934152064357,0.05440714982034777,0.5360027433367983,0.4108830191164795,0.6633411470085798,0.2407420042643925,0.7592579957356087,0.33794162087940594,0.3587490504048142,0.2537501505121746,0.4155782918179081,0.11967560859882737,0.5310056525137913,0.34407589527866705,0.3636254424164518,0.261965113616236,0.41874458013880594,0.39729538788788576,0.40653559164786834,0.34535808680217195,0.451992934123652,0.40977422962660953,0.4094453670268222,0.4057112674879784,0.41335524959846903,0.3506341926323795,0.8173462709497383,10043.293114820031,2393.6518055129536,54603.112885246795,0.8,UB&PB,26106
0,0.0,0.0,0.0,0.0,0.0,0.0,0.0,0.0,0.0,0.0,0.0,0.0,0.0,0.0,0.0,0.0,0.0,0.0,0.0,0.0,0.0,0.0,0.0,0.0,0.0,0.0,0.0,0.0,0.0,0.0,0.0,0.0,0.0,0.0,0.0,0.85,UB&PB,26106
2500,1.1315670838946887,0.8671978216388078,0.7674880951565224,0.9349771187947299,0.027985836291424714,0.009714283670872677,0.05486265648466765,0.7565724845379773,0.5973597953543048,0.8836742291393349,0.21938166311300625,0.7806183368869938,0.3519230766242198,0.37942412655318863,0.2673372332926032,0.4263941375891208,0.12975107134874977,0.5479926862591734,0.35819704465963287,0.38214367264505944,0.2772070664016384,0.4302837748402727,0.40686394857324415,0.4158175761809286,0.35326124493312905,0.46228603834375614,0.4192558253705325,0.41893300574466874,0.41517888834394884,0.4228383740754522,0.5186705534947244,0.830592368347788,9308.962900179376,2233.590386703785,50141.342846205924,0.85,UB&PB,26106
0,0.0,0.0,0.0,0.0,0.0,0.0,0.0,0.0,0.0,0.0,0.0,0.0,0.0,0.0,0.0,0.0,0.0,0.0,0.0,0.0,0.0,0.0,0.0,0.0,0.0,0.0,0.0,0.0,0.0,0.0,0.0,0.0,0.0,0.0,0.0,0.9,UB&PB,26106
2500,1.1525647333995905,0.8412274820809327,0.7269451962618059,0.9355780970579747,0.028825017708867317,0.010136554478663103,0.05618221706426831,0.8069892251370725,0.6988112799257825,0.8901707597864436,0.17160056858564296,0.8283994314143562,0.37335086274862256,0.3982190726355053,0.306976472862579,0.4365394590767622,0.15832977156090652,0.554326446689108,0.37943174177469374,0.39880694284262047,0.3168362228268417,0.4418728545228757,0.41674585973829986,0.42326249358118423,0.3678198004071513,0.4670045574638386,0.4256981867850269,0.42542891110039005,0.42153541844619885,0.4294737264299653,0.11133063083077212,0.42483014882652703,8281.700214034987,2021.5916609198148,43728.46039426936,0.9,UB&PB,26106
0,0.0,0.0,0.0,0.0,0.0,0.0,0.0,0.0,0.0,0.0,0.0,0.0,0.0,0.0,0.0,0.0,0.0,0.0,0.0,0.0,0.0,0.0,0.0,0.0,0.0,0.0,0.0,0.0,0.0,0.0,0.0,0.0,0.0,0.0,0.0,0.95,UB&PB,26106
2500,1.1554160495571582,0.8613764104851037,0.7499804624137586,0.9426182187112622,0.029642584940585703,0.01033468820319095,0.05796198029202478,0.7230635499962964,0.5952738431154515,0.8804898907206379,0.15980099502487546,0.8401990049751243,0.37422698072990174,0.3904775710898872,0.32474703827058987,0.4227197848558603,0.18233417159192947,0.5406406808807162,0.3785745452869999,0.3893523077455304,0.33123063184342083,0.4270947400013961,0.40119668853521145,0.4060067601658721,0.3524242450951079,0.45095396536148674,0.40778661742415595,0.40742981494535785,0.4035332341043999,0.41147097505012076,0.5730019202615063,1.057309908500807,8638.337382724812,2071.149323548204,46544.19998292918,0.95,UB&PB,26106
0,0.0,0.0,0.0,0.0,0.0,0.0,0.0,0.0,0.0,0.0,0.0,0.0,0.0,0.0,0.0,0.0,0.0,0.0,0.0,0.0,0.0,0.0,0.0,0.0,0.0,0.0,0.0,0.0,0.0,0.0,0.0,0.0,0.0,0.0,0.0,0.05,UB&PB,76180
2500,0.9163011803846752,0.49441135139606307,0.3565549954251475,0.6593076561075886,0.7698341221536378,0.6424071634933628,0.8720888114049784,0.8977333469323426,0.8201971610441988,0.9515391772971977,0.9560668088130782,0.04393319118692254,0.08301877507424259,0.02304299598228674,0.004137615082627545,0.10760979427089891,0.0007300637645452462,0.3676812767133295,0.09236515363087752,0.03177406792301957,0.006286564765304086,0.1263816873340782,0.14336000848888375,0.09639776762721278,0.0411053394358252,0.2095974131913715,0.4200533386595677,0.41964634548619545,0.41180553244877066,0.4277331715063087,0.033187739714090066,0.5634731600542706,7365.141999793704,4414.691774696819,12609.436429644486,0.05,UB&PB,76180
0,0.0,0.0,0.0,0.0,0.0,0.0,0.0,0.0,0.0,0.0,0.0,0.0,0.0,0.0,0.0,0.0,0.0,0.0,0.0,0.0,0.0,0.0,0.0,0.0,0.0,0.0,0.0,0.0,0.0,0.0,0.0,0.0,0.0,0.0,0.0,0.1,UB&PB,76180
2500,0.932257300004107,0.5377865328245798,0.36058482612738424,0.6845689380138311,0.7781849028908527,0.6331212520963542,0.8807445354850927,0.8532515154634241,0.751692534771194,0.9207187550363551,0.960063965884861,0.03993603411513855,0.08254204568689222,0.02704475937683705,0.005478671776526031,0.10657745670738729,0.0008548516145661344,0.3577031672381115,0.0917385936716337,0.03617230038105443,0.008387685464403062,0.12409287572777465,0.13654865824228152,0.09641123098065657,0.04491799308764344,0.18841337438548314,0.42305942934682217,0.4225927246050993,0.4143051881465513,0.43122636721565205,0.005995898880980909,0.5796990183878814,9742.670938353282,6140.270568877089,15735.366700600485,0.1,UB&PB,76180
0,0.0,0.0,0.0,0.0,0.0,0.0,0.0,0.0,0.0,0.0,0.0,0.0,0.0,0.0,0.0,0.0,0.0,0.0,0.0,0.0,0.0,0.0,0.0,0.0,0.0,0.0,0.0,0.0,0.0,0.0,0.0,0.0,0.0,0.0,0.0,0.15,UB&PB,76180
2500,0.9420149188176843,0.23829882788560813,0.12256785829535922,0.3762487110467749,0.3585941590516184,0.27063002015233206,0.4551885042662629,0.9055441675250814,0.831249321863898,0.9552253851810207,0.963009950248756,0.036990049751243724,0.1309083148747504,0.08997434797697927,0.03718489612293619,0.19345251450278642,0.008123273928468774,0.37519363944806927,0.17002558756426786,0.13997715256758378,0.06561528429039164,0.25133282400958806,0.18704185468360726,0.16533101351997886,0.11987759121061538,0.2317564626870638,0.4074141598087418,0.4063801681373226,0.3841798318967369,0.42927594204643116,0.07732272382244249,0.49990325375247574,1431.077148095769,1037.359038702803,2052.9514956457597,0.15,UB&PB,76180
0,0.0,0.0,0.0,0.0,0.0,0.0,0.0,0.0,0.0,0.0,0.0,0.0,0.0,0.0,0.0,0.0,0.0,0.0,0.0,0.0,0.0,0.0,0.0,0.0,0.0,0.0,0.0,0.0,0.0,0.0,0.0,0.0,0.0,0.0,0.0,0.2,UB&PB,76180
2500,0.9466846826290795,0.5422413333766414,0.42503039677001675,0.6737076623022572,0.36236664685501896,0.23204604899811815,0.5458306558885724,0.858468374442248,0.7747193485776994,0.9286440807201268,0.9575685856432125,0.04243141435678744,0.11804650483805956,0.06130381064461281,0.01788191029932416,0.17787563463945008,0.003042832303631491,0.40269100701787963,0.13159511092283732,0.08020640552490232,0.02530890496764983,0.2015376613481656,0.1961036771208867,0.16420848112483444,0.09139596246320801,0.28446415533378117,0.4111238141033158,0.4107103504001295,0.4039666998457812,0.4177124218091925,0.3854164631051446,2.1329525310326196,6045.227418991861,3468.8717170380028,10884.079807711561,0.2,UB&PB,76180
0,0.0,0.0,0.0,0.0,0.0,0.0,0.0,0.0,0.0,0.0,0.0,0.0,0.0,0.0,0.0,0.0,0.0,0.0,0.0,0.0,0.0,0.0,0.0,0.0,0.0,0.0,0.0,0.0,0.0,0.0,0.0,0.0,0.0,0.0,0.0,0.25,UB&PB,76180
2500,0.9531218367169884,0.7370947585998118,0.6135194181533965,0.8464536456923732,0.24869307626228157,0.15566354099267543,0.3770142472744702,0.8147991389452551,0.7285261669348808,0.891619528590869,0.9386069651741287,0.06139303482587057,0.1392447676137505,0.0831826223612345,0.02636667667029864,0.21474331909333153,0.00496027044954762,0.43526106125954894,0.14723537462477476,0.09510875800506546,0.03292749274200982,0.22685870391241178,0.2361841165654075,0.21727339367831447,0.11775214813209123,0.347040298446951,0.4164775958822287,0.41616030007082855,0.41154563772832314,0.42093689700586107,0.04216259834867841,0.38367455145580426,30531.865797817754,15144.780799638795,63250.283406795934,0.25,UB&PB,76180
0,0.0,0.0,0.0,0.0,0.0,0.0,0.0,0.0,0.0,0.0,0.0,0.0,0.0,0.0,0.0,0.0,0.0,0.0,0.0,0.0,0.0,0.0,0.0,0.0,0.0,0.0,0.0,0.0,0.0,0.0,0.0,0.0,0.0,0.0,0.0,0.3,UB&PB,76180
2500,0.961867583539048,0.6789774276044338,0.5307748937519359,0.8186607638114769,0.1613165550432178,0.09422986277550505,0.25754888935138237,0.8558055544906346,0.7650927460813762,0.9319692095856472,0.948493958777541,0.051506041222459165,0.1546880944422442,0.10274077103137201,0.029690573981778337,0.24980397998200687,0.005206307334970884,0.4429000969571058,0.16659174142468433,0.12144668931807909,0.0391745467425197,0.26796272026445445,0.25713936068947835,0.24649268202631988,0.13528962800272762,0.37765210528948184,0.41125337581073457,0.41087392140832124,0.4054381944587184,0.4165694423623561,0.0022340641149673412,0.7252216681825748,9885.35060716763,4188.915283265135,25944.26351698013,0.3,UB&PB,76180
0,0.0,0.0,0.0,0.0,0.0,0.0,0.0,0.0,0.0,0.0,0.0,0.0,0.0,0.0,0.0,0.0,0.0,0.0,0.0,0.0,0.0,0.0,0.0,0.0,0.0,0.0,0.0,0.0,0.0,0.0,0.0,0.0,0.0,0.0,0.0,0.35,UB&PB,76180
2500,0.9784041087722879,0.8232480090092802,0.690298252442469,0.9137346684803526,0.06681179995818946,0.031223853296190273,0.11677555381204197,0.8328042297553828,0.7294971019336534,0.9127194720107111,0.9153852167732769,0.08461478322672361,0.18960137924918596,0.14789331524310353,0.04796457896210196,0.30695467504826535,0.01007711800384879,0.4788264165625028,0.19797679101001758,0.16151104731225222,0.05540551896798776,0.3199926054965544,0.30841351487141855,0.3233072725622666,0.17291558105117397,0.44107449053764763,0.42369842833795734,0.42342217441858804,0.4192576098278261,0.4277356690336497,0.12474575955904871,0.5836455776360816,13793.69708022205,4760.145914156969,47731.29404787948,0.35,UB&PB,76180
0,0.0,0.0,0.0,0.0,0.0,0.0,0.0,0.0,0.0,0.0,0.0,0.0,0.0,0.0,0.0,0.0,0.0,0.0,0.0,0.0,0.0,0.0,0.0,0.0,0.0,0.0,0.0,0.0,0.0,0.0,0.0,0.0,0.0,0.0,0.0,0.4,UB&PB,76180
2500,0.9823509289276778,0.8650622746202413,0.747607512159917,0.9352819998119928,0.06553385508951144,0.02790558120506872,0.11731327957481294,0.8486551992552138,0.7380000514519941,0.9238465771099003,0.8922892679459857,0.10771073205401557,0.1881996868747544,0.14659943125609268,0.04625893087928218,0.30989109394293435,0.010945228201770572,0.4746337780723901,0.1945130882885011,0.156736122875071,0.051584503892890654,0.3202978756570908,0.3052255157838189,0.3226874949979048,0.17047752402567817,0.4341319832109136,0.41328724281816953,0.4130307367175468,0.409146600878866,0.4170277474383861,0.09051800906180581,0.3871197274696754,17825.8703986023,5869.684939769642,65103.220470336746,0.4,UB&PB,76180
0,0.0,0.0,0.0,0.0,0.0,0.0,0.0,0.0,0.0,0.0,0.0,0.0,0.0,0.0,0.0,0.0,0.0,0.0,0.0,0.0,0.0,0.0,0.0,0.0,0.0,0.0,0.0,0.0,0.0,0.0,0.0,0.0,0.0,0.0,0.0,0.45,UB&PB,76180
2500,0.9988202092672217,0.7718401624163349,0.5992189324284878,0.8945656527139437,0.053030028807328974,0.022403443177348954,0.09950632244353626,0.8399594980160299,0.7273390602368461,0.9227614167515453,0.899720682302772,0.10027931769722817,0.207857352458096,0.17975729421146394,0.06952759019118837,0.33811878138616724,0.014050396234037255,0.4724489190049093,0.21912307062888559,0.19484448231395216,0.08251443981373105,0.35117629763294994,0.31763782258186557,0.33915991462250206,0.19929659670036126,0.4342108968235115,0.41290972842772106,0.41255995893073305,0.40807756481294744,0.4172279336021136,0.4284866094650951,0.9509186834941058,10572.224134719241,3588.4779992575495,38260.30249016446,0.45,UB&PB,76180
0,0.0,0.0,0.0,0.0,0.0,0.0,0.0,0.0,0.0,0.0,0.0,0.0,0.0,0.0,0.0,0.0,0.0,0.0,0.0,0.0,0.0,0.0,0.0,0.0,0.0,0.0,0.0,0.0,0.0,0.0,0.0,0.0,0.0,0.0,0.0,0.5,UB&PB,76180
2500,1.003921324089966,0.8472500178137781,0.716998792633411,0.9340876237988651,0.04181623627552554,0.016692623350683087,0.07837129725758767,0.7893959119172144,0.6723789089169283,0.8962599961532717,0.8894641080312723,0.11053589196872769,0.21556487282663017,0.19135878402784762,0.07050397570588036,0.35660706282505583,0.01226774714508507,0.4795693521639405,0.2236697825365248,0.20187759503876998,0.0803685919319018,0.3646147266733498,0.3273293287698148,0.35362821460323196,0.20972683075553558,0.44205988749977937,0.4127269869146129,0.4124389150558272,0.40847806420180915,0.4165591759596838,0.0775629168670969,0.3263134007482349,13783.333824790428,4362.409090277237,55620.34591075092,0.5,UB&PB,76180
0,0.0,0.0,0.0,0.0,0.0,0.0,0.0,0.0,0.0,0.0,0.0,0.0,0.0,0.0,0.0,0.0,0.0,0.0,0.0,0.0,0.0,0.0,0.0,0.0,0.0,0.0,0.0,0.0,0.0,0.0,0.0,0.0,0.0,0.0,0.0,0.55,UB&PB,76180
2500,1.0243104151398588,0.8467104110829322,0.7489839198513467,0.9214229491266754,0.03522192207684463,0.01311161655094093,0.06742587079053355,0.6721547827696277,0.5545581784409466,0.7801523651698394,0.8245536602700783,0.17544633972992166,0.2483275482961092,0.2364858980576142,0.1103059276386967,0.3882987402729804,0.026469335909052694,0.49869066002924733,0.2570149509912454,0.24633574724237503,0.12332523582968721,0.3944633867456024,0.354600779132542,0.3844013158932602,0.2484419873959529,0.4582718731430512,0.4202995902408323,0.42001565671829183,0.4161246695755771,0.42401553185059787,0.4309173752679478,0.955643698352613,12000.383858413094,3656.927041782537,53340.172357101175,0.55,UB&PB,76180
0,0.0,0.0,0.0,0.0,0.0,0.0,0.0,0.0,0.0,0.0,0.0,0.0,0.0,0.0,0.0,0.0,0.0,0.0,0.0,0.0,0.0,0.0,0.0,0.0,0.0,0.0,0.0,0.0,0.0,0.0,0.0,0.0,0.0,0.0,0.0,0.6,UB&PB,76180
2500,1.0265744087828783,0.8481335700156216,0.7545384555038402,0.9214485798740806,0.03731211766066399,0.014188705478052033,0.07133710266891875,0.779953798246917,0.6604221602817335,0.8777490214158173,0.8675174129353244,0.13248258706467683,0.23225077550025663,0.21273543368032954,0.09599833226583013,0.3730893057271009,0.022338987400462716,0.4789284673990559,0.23947255146232146,0.2213290184920315,0.10709871321343131,0.37702578860581987,0.3303192765895853,0.35569226285178285,0.21963809095752235,0.43732569316490355,0.3991884771189546,0.3988277930195229,0.39496088927541234,0.4028566960482493,0.06545377912305922,0.6435090318840965,12407.808565757967,3870.7744548794335,53718.97734305702,0.6,UB&PB,76180
0,0.0,0.0,0.0,0.0,0.0,0.0,0.0,0.0,0.0,0.0,0.0,0.0,0.0,0.0,0.0,0.0,0.0,0.0,0.0,0.0,0.0,0.0,0.0,0.0,0.0,0.0,0.0,0.0,0.0,0.0,0.0,0.0,0.0,0.0,0.0,0.65,UB&PB,76180
2500,1.0497967201932614,0.8543759098597212,0.7467304746628777,0.9282735115133428,0.029545851091189186,0.010295786483025829,0.05856069419150595,0.6795794450636116,0.5361184951597319,0.8150743147483519,0.7539957356076765,0.24600426439232398,0.27107306477748017,0.26606315643228307,0.1457513591139308,0.40107016091264547,0.039630073521349556,0.5060087633373844,0.2792071394037326,0.2762198742185179,0.15865178485034864,0.4038567735114615,0.3615828610413084,0.3873054194336912,0.26645678734070516,0.4551041246220306,0.4104121809159516,0.41013103333721507,0.4062681919039712,0.41408867930001003,0.20446079000860828,0.6968263622502843,10615.231565089201,3105.1872060478327,50127.37208324061,0.65,UB&PB,76180
0,0.0,0.0,0.0,0.0,0.0,0.0,0.0,0.0,0.0,0.0,0.0,0.0,0.0,0.0,0.0,0.0,0.0,0.0,0.0,0.0,0.0,0.0,0.0,0.0,0.0,0.0,0.0,0.0,0.0,0.0,0.0,0.0,0.0,0.0,0.0,0.7,UB&PB,76180
2500,1.076587666368775,0.888479984104074,0.8085997466926218,0.9464539699317246,0.02816404117936259,0.009704289998924953,0.055411294998601875,0.6344004681687949,0.5165609964048452,0.7539822193472097,0.3931599147121536,0.6068400852878459,0.3060842246369323,0.30854832918793385,0.1984386110898795,0.41796810976559867,0.06795744402810368,0.5339836090368287,0.3131923584797177,0.31782858413291926,0.20829077089747433,0.4202272443177073,0.392596155382819,0.4100917987082786,0.32375359233742435,0.46442358598699013,0.4195187452758495,0.419229909889878,0.4155915701688856,0.42299170609081205,0.1299393336488934,0.3696956270930068,11998.484956278371,2988.7578375898597,62998.75634713048,0.7,UB&PB,76180
0,0.0,0.0,0.0,0.0,0.0,0.0,0.0,0.0,0.0,0.0,0.0,0.0,0.0,0.0,0.0,0.0,0.0,0.0,0.0,0.0,0.0,0.0,0.0,0.0,0.0,0.0,0.0,0.0,0.0,0.0,0.0,0.0,0.0,0.0,0.0,0.75,UB&PB,76180
2500,1.0892223569440638,0.8807653355345619,0.8008424988907628,0.94258127063138,0.02747403761504162,0.009312939667230855,0.05505540437755398,0.5277230327937749,0.4136132778558823,0.653193336442378,0.3005984363894814,0.6994015636105179,0.32545105257642154,0.33844826555995594,0.23121407130186433,0.41748793765904246,0.09606157338828047,0.5340132728910967,0.3323477840335117,0.3463950776341778,0.2404459436649964,0.4201356074887447,0.3973322766096512,0.40980214673141585,0.3390478347283661,0.4595384612200397,0.4142008051853295,0.4139437209051392,0.41021190577750494,0.4178180732648104,0.0824696940537373,0.4626508175168915,10674.74710695707,2552.0198892455296,57681.84202615762,0.75,UB&PB,76180
0,0.0,0.0,0.0,0.0,0.0,0.0,0.0,0.0,0.0,0.0,0.0,0.0,0.0,0.0,0.0,0.0,0.0,0.0,0.0,0.0,0.0,0.0,0.0,0.0,0.0,0.0,0.0,0.0,0.0,0.0,0.0,0.0,0.0,0.0,0.0,0.8,UB&PB,76180
2500,1.1176704788266154,0.8539803763203677,0.7542975901290643,0.9299290565179105,0.028510143797071313,0.009872350100883144,0.05590301170180143,0.5994722036954677,0.4824770594824013,0.7300647873715438,0.27423809523809495,0.7257619047619045,0.34568769020569523,0.3671764359949439,0.26000984418195733,0.4259755190028151,0.12362526793389378,0.5410328617843224,0.35272653087756184,0.3729554866916175,0.2696889384192503,0.42963055339269723,0.4064363790067713,0.4165820539040739,0.35313641581877764,0.4628891101254468,0.42043104731369874,0.4200946266814478,0.4162934449515015,0.42404315359841555,0.6201479050057838,1.0413237039874181,8604.893826262347,2173.0453448573176,44420.78016138698,0.8,UB&PB,76180
0,0.0,0.0,0.0,0.0,0.0,0.0,0.0,0.0,0.0,0.0,0.0,0.0,0.0,0.0,0.0,0.0,0.0,0.0,0.0,0.0,0.0,0.0,0.0,0.0,0.0,0.0,0.0,0.0,0.0,0.0,0.0,0.0,0.0,0.0,0.0,0.85,UB&PB,76180
2500,1.1300351981890733,0.8711299051496196,0.7774769977745368,0.9396584396993642,0.0268038216503433,0.009037324583088018,0.05293912490375849,0.6834002055200503,0.5384629242795811,0.814872791346473,0.18473134328358215,0.8152686567164178,0.35384586289103287,0.3795157703810329,0.2743023271698889,0.42595547081996715,0.13428892860786784,0.5447568233921342,0.35981227370893437,0.3812871704668025,0.28349760287552495,0.43006918278759715,0.4083414064441616,0.41628985693266035,0.35968469132919223,0.45929424026974275,0.4188046335841816,0.41855418401676153,0.41480987442151185,0.42248087983522614,0.780424813057117,1.0295175147408457,9364.308833115652,2199.109678724711,51201.344915723865,0.85,UB&PB,76180
0,0.0,0.0,0.0,0.0,0.0,0.0,0.0,0.0,0.0,0.0,0.0,0.0,0.0,0.0,0.0,0.0,0.0,0.0,0.0,0.0,0.0,0.0,0.0,0.0,0.0,0.0,0.0,0.0,0.0,0.0,0.0,0.0,0.0,0.0,0.0,0.9,UB&PB,76180
2500,1.151288066690489,0.8771966280891494,0.7954376161846989,0.9390130715100864,0.028082430498271055,0.009561890213588237,0.05581307654726613,0.8071068159405772,0.6863119161750371,0.9027220393261274,0.1496282871357496,0.8503717128642494,0.3709200149747452,0.39468565200393896,0.3016923023463562,0.4337803016536968,0.15714632718486765,0.5601578794654433,0.3760573675889785,0.3949082504838519,0.3105037120583286,0.437840488178046,0.4153515042075505,0.42188185928812566,0.36294231915093156,0.4683368787807918,0.42415220741101217,0.42383988079529716,0.42021657366002335,0.4276005807988607,0.10154169592627235,0.4744023976894818,10216.60189932046,2306.4886861712926,56784.993022549446,0.9,UB&PB,76180
0,0.0,0.0,0.0,0.0,0.0,0.0,0.0,0.0,0.0,0.0,0.0,0.0,0.0,0.0,0.0,0.0,0.0,0.0,0.0,0.0,0.0,0.0,0.0,0.0,0.0,0.0,0.0,0.0,0.0,0.0,0.0,0.0,0.0,0.0,0.0,0.95,UB&PB,76180
2500,1.160987720370539,0.8273670033882111,0.7180963603813539,0.9218423305255796,0.028818833312216362,0.010135655061985568,0.05640452327891625,0.8333155246647146,0.7094442167840985,0.9208408296027216,0.16362331201137179,0.8363766879886275,0.3827450015126808,0.3981920038765086,0.33475838850672857,0.43242576834325125,0.1876718090843329,0.550134627108989,0.3878115580757032,0.39735637550910424,0.3424341080511315,0.4376677616596895,0.4108045946619586,0.4160809789748714,0.3630115844597732,0.45987530366628754,0.4179629431176675,0.4176983676975899,0.4137823601382686,0.42173715952935537,0.40025130380001916,0.7878148279899139,7420.474197594108,1904.1725254693108,38296.83145444227,0.95,UB&PB,76180
0,0.0,0.0,0.0,0.0,0.0,0.0,0.0,0.0,0.0,0.0,0.0,0.0,0.0,0.0,0.0,0.0,0.0,0.0,0.0,0.0,0.0,0.0,0.0,0.0,0.0,0.0,0.0,0.0,0.0,0.0,0.0,0.0,0.0,0.0,0.0,0.05,UB&PB,47330
2500,0.9152656617818606,0.593426326476571,0.4198982330598043,0.7381072486721295,0.8466090375527758,0.7339756573021556,0.9295707411880899,0.8809361884087824,0.7922675888024453,0.9436354162813095,0.9606162046908319,0.03938379530916843,0.0821314501501177,0.019126410936113464,0.003331602844130156,0.10839943756778364,0.0003382792787023106,0.37030623219053377,0.08896989956242396,0.024886661619363374,0.004392716272881395,0.1231545288547952,0.14294092890642995,0.09220029435592572,0.035479369404227926,0.21895508452789966,0.4150250754382849,0.41455965629129715,0.40774754638450617,0.4216869652471232,0.05239714746178784,0.40140103376714353,16060.037877332454,8745.46023140156,29634.07090908878,0.05,UB&PB,47330
0,0.0,0.0,0.0,0.0,0.0,0.0,0.0,0.0,0.0,0.0,0.0,0.0,0.0,0.0,0.0,0.0,0.0,0.0,0.0,0.0,0.0,0.0,0.0,0.0,0.0,0.0,0.0,0.0,0.0,0.0,0.0,0.0,0.0,0.0,0.0,0.1,UB&PB,47330
2500,0.9292551675852878,0.6936086106690285,0.5388663465524126,0.8391353164438665,0.7764519284157868,0.6510558552714725,0.8818391329360319,0.8677668416315811,0.7793188791249962,0.9328595338202886,0.958119402985073,0.04188059701492527,0.0823925771986339,0.022639870430485164,0.003205327065007642,0.10656389165498652,0.00029906387090723133,0.3693686977593158,0.08715772154372818,0.026753684720154457,0.004185345619043207,0.11624053193943264,0.14284621040621975,0.10054183353063732,0.038241253309998564,0.20917255586174344,0.4144775295445003,0.41405589303932167,0.40829036571492267,0.4201379738404221,0.05852496532328098,0.7684732276592338,28977.286044415152,16199.025098790626,52078.066851778305,0.1,UB&PB,47330
0,0.0,0.0,0.0,0.0,0.0,0.0,0.0,0.0,0.0,0.0,0.0,0.0,0.0,0.0,0.0,0.0,0.0,0.0,0.0,0.0,0.0,0.0,0.0,0.0,0.0,0.0,0.0,0.0,0.0,0.0,0.0,0.0,0.0,0.0,0.0,0.15,UB&PB,47330
2500,0.9454224494285896,0.484374398455872,0.3665978086719494,0.6376683184523151,0.6022265981930585,0.49215073161416867,0.7454821470959527,0.8625127933560253,0.7710389292853772,0.9352778708877805,0.9607114427860686,0.03928855721393036,0.10174120187428023,0.05044248304344356,0.01404852963520232,0.14625149713067306,0.002434493722270158,0.36675840393877146,0.11800856617526664,0.07123254598526275,0.022777759870176453,0.1737377467569546,0.1608262049937264,0.1308166495138673,0.07185884958107104,0.2201119482708069,0.4266340321556858,0.4262600218235582,0.41795681445253746,0.43483443221040385,0.13721634648229505,1.685312124202451,8836.193863169818,5822.311728978291,13826.550239330349,0.15,UB&PB,47330
0,0.0,0.0,0.0,0.0,0.0,0.0,0.0,0.0,0.0,0.0,0.0,0.0,0.0,0.0,0.0,0.0,0.0,0.0,0.0,0.0,0.0,0.0,0.0,0.0,0.0,0.0,0.0,0.0,0.0,0.0,0.0,0.0,0.0,0.0,0.0,0.2,UB&PB,47330
2500,0.9571850600975224,0.34373700221639847,0.16542256314470466,0.5440833830024144,0.3262762894950172,0.23571400125828026,0.43454930282147036,0.8878307647290083,0.8007709212728695,0.9473285951236681,0.9584598436389474,0.04154015636105188,0.14914064571961963,0.10744580335790836,0.045792666279899856,0.22361582938140354,0.011242350660337566,0.408328888220516,0.18404833241076932,0.15418062592469806,0.07452597445054289,0.27189176893855865,0.21517491327375804,0.19244161332074483,0.13334055825746033,0.2811463908267607,0.4207185268446638,0.4199884132089779,0.4018971567286604,0.43878445836620356,0.0720557828203516,0.40499348470932683,2214.8021872784525,1451.302830559664,3623.4122735071446,0.2,UB&PB,47330
0,0.0,0.0,0.0,0.0,0.0,0.0,0.0,0.0,0.0,0.0,0.0,0.0,0.0,0.0,0.0,0.0,0.0,0.0,0.0,0.0,0.0,0.0,0.0,0.0,0.0,0.0,0.0,0.0,0.0,0.0,0.0,0.0,0.0,0.0,0.0,0.25,UB&PB,47330
2500,0.9565929997385269,0.6400765985622252,0.44547695797434805,0.8068048563507739,0.3320726821702625,0.23593051741145693,0.4405190401830539,0.8636870843031336,0.7619838355228149,0.9357852671843157,0.9548727789623312,0.045127221037668905,0.12442920189356221,0.06669189852445538,0.020387601976552868,0.19275343188742705,0.0033362179045226515,0.41272642976871304,0.13580094956550798,0.08191806269688177,0.027614344026479633,0.21149948826468087,0.20605338840648083,0.1754519255743899,0.10028411017289228,0.29842504728972374,0.4101497360829667,0.4097542232532003,0.4033764418338023,0.41637574159247925,0.145654812577836,0.39298557645546256,12739.620233701393,6606.3729680211945,25926.720361105337,0.25,UB&PB,47330
0,0.0,0.0,0.0,0.0,0.0,0.0,0.0,0.0,0.0,0.0,0.0,0.0,0.0,0.0,0.0,0.0,0.0,0.0,0.0,0.0,0.0,0.0,0.0,0.0,0.0,0.0,0.0,0.0,0.0,0.0,0.0,0.0,0.0,0.0,0.0,0.3,UB&PB,47330
2500,0.9582347308697677,0.8324847891882009,0.7359238023678037,0.914871131582723,0.1375865039527465,0.0760983199315827,0.22421651669798645,0.7775446986889166,0.6856203283880162,0.8628603595116436,0.9365643212508873,0.06343567874911157,0.1574688821420228,0.09844502731053198,0.026350105864774515,0.2580474322358078,0.003267069443860468,0.4621166759874797,0.16259087372080078,0.10719660709379752,0.029666814927824695,0.26572728641731447,0.26929665087317123,0.25842691063323414,0.1368882530351442,0.40441337239413117,0.41871751989144385,0.4184170389434744,0.414375532799738,0.4225897087498054,0.024944225679071747,0.5690475383045348,25664.618769066503,9578.104806133573,76018.7001412087,0.3,UB&PB,47330
0,0.0,0.0,0.0,0.0,0.0,0.0,0.0,0.0,0.0,0.0,0.0,0.0,0.0,0.0,0.0,0.0,0.0,0.0,0.0,0.0,0.0,0.0,0.0,0.0,0.0,0.0,0.0,0.0,0.0,0.0,0.0,0.0,0.0,0.0,0.0,0.35,UB&PB,47330
2500,0.9747821587668613,0.8473156878215495,0.7276698662882995,0.9196321747284465,0.06344164290031956,0.02775778674789584,0.11545970910360127,0.8322325161265963,0.7429883709388088,0.9141318365460952,0.9091030561478322,0.0908969438521678,0.1847245929286953,0.1396574402429251,0.04405786189792733,0.29880325262641544,0.008589870592859242,0.47716866770911115,0.1916744973917535,0.15109256804734583,0.04979623684474725,0.3105842650923876,0.3036790491714542,0.3173513685047362,0.16494828590861385,0.4395388479948967,0.4187556087017507,0.4184796030455945,0.4145135741037919,0.422556596366577,0.14520494628799935,0.334065078387375,16965.457404952682,5537.600742894212,61291.09111619782,0.35,UB&PB,47330
0,0.0,0.0,0.0,0.0,0.0,0.0,0.0,0.0,0.0,0.0,0.0,0.0,0.0,0.0,0.0,0.0,0.0,0.0,0.0,0.0,0.0,0.0,0.0,0.0,0.0,0.0,0.0,0.0,0.0,0.0,0.0,0.0,0.0,0.0,0.0,0.4,UB&PB,47330
2500,0.9860716084427077,0.7067852679994906,0.6096890667049988,0.8025481227256277,0.06552275795450521,0.02961973033183331,0.1164458929514001,0.8037739804359608,0.696498416890694,0.8895915303194483,0.9035380241648888,0.09646197583511022,0.1982955802188293,0.16802503367095054,0.06230771714656026,0.31828654891115293,0.013544200172475485,0.46628979158196365,0.21083086670054776,0.18621520082554502,0.07562977417179519,0.33548254206228284,0.3096212558717864,0.32959371538583865,0.18934012340207695,0.42718619037540934,0.4123804330007761,0.4120707929910329,0.4074441848185171,0.41687611766895666,0.17795612930358212,0.6024273671628105,7838.72344402497,2872.6390866776505,26581.746082849542,0.4,UB&PB,47330
0,0.0,0.0,0.0,0.0,0.0,0.0,0.0,0.0,0.0,0.0,0.0,0.0,0.0,0.0,0.0,0.0,0.0,0.0,0.0,0.0,0.0,0.0,0.0,0.0,0.0,0.0,0.0,0.0,0.0,0.0,0.0,0.0,0.0,0.0,0.0,0.45,UB&PB,47330
2500,0.9983597847279048,0.8432438621525813,0.7332043305083771,0.9226934379954964,0.04575772080853321,0.018501316706879083,0.08693447633857494,0.8126950077974636,0.7055916150478545,0.8922878104232627,0.8972046908315574,0.1027953091684434,0.20875096456261724,0.17889921334063572,0.06373431388869846,0.34198789894032766,0.016041647700541315,0.48301122197524377,0.21672259564742646,0.1899897126564869,0.0723913553320413,0.3525303561467065,0.3242003346335193,0.348953855909837,0.19718937971881773,0.4472392358263992,0.4184951330897111,0.41820867164865,0.41426192349040786,0.4223506642659806,0.07779065439285004,0.3250184200508402,14340.166023862572,4554.48769409501,56778.544991798364,0.45,UB&PB,47330
0,0.0,0.0,0.0,0.0,0.0,0.0,0.0,0.0,0.0,0.0,0.0,0.0,0.0,0.0,0.0,0.0,0.0,0.0,0.0,0.0,0.0,0.0,0.0,0.0,0.0,0.0,0.0,0.0,0.0,0.0,0.0,0.0,0.0,0.0,0.0,0.5,UB&PB,47330
2500,1.0110497589523098,0.8543512146593072,0.760637779384645,0.926451639836904,0.04253655222441689,0.016803887894769106,0.08087198380159896,0.7395656308010858,0.6404187966820053,0.8281499321132038,0.8660369580668096,0.13396304193319122,0.22432090368360527,0.2026611042000349,0.08061129287395022,0.362732211098993,0.020485465339515358,0.4869149607581072,0.232134986161238,0.2129769154893582,0.08952301155886755,0.3704971268840884,0.335555735059689,0.3622050249273877,0.21830251302954642,0.4490514665158735,0.4173101180665659,0.41702004612276516,0.41312658399106644,0.4210087948061084,0.04760393780906059,0.34802066486615185,13753.56872185016,4333.448570920694,56466.89328075116,0.5,UB&PB,47330
0,0.0,0.0,0.0,0.0,0.0,0.0,0.0,0.0,0.0,0.0,0.0,0.0,0.0,0.0,0.0,0.0,0.0,0.0,0.0,0.0,0.0,0.0,0.0,0.0,0.0,0.0,0.0,0.0,0.0,0.0,0.0,0.0,0.0,0.0,0.0,0.55,UB&PB,47330
2500,1.0273351735106109,0.8147762348725408,0.7176104508146276,0.8983281733153293,0.03377102308513495,0.012550019108880796,0.06550147381138752,0.6394718160353134,0.5243769281379638,0.7557588538716593,0.8221030561478327,0.17789694385216767,0.25322954718832025,0.24530209147925838,0.11830377700743708,0.39038417447762713,0.027868599037989238,0.49807694324526103,0.26302563792662165,0.256492121999128,0.13310970938276995,0.3969597323221872,0.3569267536673106,0.38717768746626907,0.2566334903439474,0.45568750935306035,0.41962886217997886,0.41934022735926213,0.41545747608933764,0.4233724408238979,0.3191422147580621,0.6743197536997514,9283.28884257002,2928.7245065384495,40531.840045925645,0.55,UB&PB,47330
0,0.0,0.0,0.0,0.0,0.0,0.0,0.0,0.0,0.0,0.0,0.0,0.0,0.0,0.0,0.0,0.0,0.0,0.0,0.0,0.0,0.0,0.0,0.0,0.0,0.0,0.0,0.0,0.0,0.0,0.0,0.0,0.0,0.0,0.0,0.0,0.6,UB&PB,47330
2500,1.0353484928856171,0.8550191185259054,0.7530987261590467,0.9269431571136637,0.032872264112951674,0.012038705670634621,0.06428135159952976,0.6342421769964602,0.514208554865324,0.7632437584835062,0.819572139303483,0.1804278606965175,0.257627008350458,0.24872209298610107,0.12902849936886315,0.3930657546913204,0.031858873808408246,0.49262271053923457,0.265760331580279,0.25813763157222164,0.14144064831061465,0.3971845778001733,0.3552094414249838,0.383273037512927,0.2574537419245305,0.45145735526887376,0.41310667360517767,0.4127766649127806,0.4089453001416435,0.4167491864365937,0.28170126953114183,0.6489512268095506,11123.537869413916,3405.736772591146,49854.757036791874,0.6,UB&PB,47330
0,0.0,0.0,0.0,0.0,0.0,0.0,0.0,0.0,0.0,0.0,0.0,0.0,0.0,0.0,0.0,0.0,0.0,0.0,0.0,0.0,0.0,0.0,0.0,0.0,0.0,0.0,0.0,0.0,0.0,0.0,0.0,0.0,0.0,0.0,0.0,0.65,UB&PB,47330
2500,1.0526024258424114,0.8954821498120061,0.8101774991596372,0.953936634608763,0.028831280949905745,0.010006205388034846,0.05685999897054113,0.6378462554664659,0.5110771069048611,0.7580930564946515,0.5709402985074621,0.42905970149253697,0.28195371364166966,0.2788536217739912,0.1586539331506232,0.41016056645836285,0.041771642234853246,0.5210902204731707,0.2890296078821373,0.2875090967492392,0.16966010173366822,0.4124893364395005,0.3777203305278716,0.40152298467455816,0.29107122710212474,0.4649465868548176,0.4170883347206634,0.41679740289835493,0.413138352133178,0.42057832984469773,0.5445604678071942,0.8825762558041826,13676.247150583618,3552.4723681832747,69779.7408647088,0.65,UB&PB,47330
0,0.0,0.0,0.0,0.0,0.0,0.0,0.0,0.0,0.0,0.0,0.0,0.0,0.0,0.0,0.0,0.0,0.0,0.0,0.0,0.0,0.0,0.0,0.0,0.0,0.0,0.0,0.0,0.0,0.0,0.0,0.0,0.0,0.0,0.0,0.0,0.7,UB&PB,47330
2500,1.0815617541324094,0.8678107087650639,0.7659114967807209,0.935441418033668,0.027017882060365143,0.009190270765802202,0.053445764806504606,0.6189522071114926,0.4833217143931249,0.7443431352781009,0.4517768301350382,0.5482231698649612,0.31221917562364115,0.318601168245926,0.20529852732056406,0.42378828710581795,0.0720586714205848,0.533435215685497,0.3202751697370463,0.3289972777655472,0.21659615765575474,0.42640237167413775,0.3971976782756676,0.4160711511099049,0.33158136070208777,0.4666107334231073,0.4242125156977257,0.4239388057553843,0.4202209636819582,0.4278230107964356,0.28390831308037373,0.6096106781415795,10233.316976024582,2670.812866217042,53168.38615494954,0.7,UB&PB,47330
0,0.0,0.0,0.0,0.0,0.0,0.0,0.0,0.0,0.0,0.0,0.0,0.0,0.0,0.0,0.0,0.0,0.0,0.0,0.0,0.0,0.0,0.0,0.0,0.0,0.0,0.0,0.0,0.0,0.0,0.0,0.0,0.0,0.0,0.0,0.0,0.75,UB&PB,47330
2500,1.1020846006610119,0.8810120379964185,0.7649276710757086,0.9462152690270773,0.027307402008546516,0.009324577252523735,0.05379655506570553,0.7595187606153596,0.6588406946843841,0.8610984102919723,0.34609665955934626,0.6539033404406531,0.32177084272243084,0.33323349868253616,0.21698367267082064,0.4269149710454988,0.08256309582888774,0.5457181773838592,0.32929098618801833,0.34296980872078686,0.2268374063103684,0.42965946865115334,0.40263323079628144,0.41858543556711486,0.3386283353309863,0.46954669444726377,0.4254155760024841,0.42511639551519137,0.4213827227690176,0.4289981105415429,0.4653350115802194,0.9255973384522448,10362.631452133452,2578.586726636488,54645.752400401674,0.75,UB&PB,47330
0,0.0,0.0,0.0,0.0,0.0,0.0,0.0,0.0,0.0,0.0,0.0,0.0,0.0,0.0,0.0,0.0,0.0,0.0,0.0,0.0,0.0,0.0,0.0,0.0,0.0,0.0,0.0,0.0,0.0,0.0,0.0,0.0,0.0,0.0,0.0,0.8,UB&PB,47330
2500,1.1142836624517827,0.8912134687979714,0.8107198327528289,0.9481639753929711,0.027593402505028383,0.009516501277655822,0.05447651580466477,0.6079439872916615,0.47453725245098677,0.7617289899917591,0.18743710021321955,0.812562899786779,0.34640197282297114,0.36907912026954487,0.25767250951492376,0.42804322855725707,0.11857010430598783,0.5496001544421109,0.3527904843425847,0.37411839239288325,0.26611615443908043,0.43120663369131285,0.41179207612665375,0.4204967010694566,0.35952160460724136,0.46685983609848575,0.42322007796275446,0.42293775551643725,0.41930619904952726,0.4267062370480377,0.22441394958948974,0.9068928938719403,10897.664005468112,2436.446380680365,60868.92097562952,0.8,UB&PB,47330
0,0.0,0.0,0.0,0.0,0.0,0.0,0.0,0.0,0.0,0.0,0.0,0.0,0.0,0.0,0.0,0.0,0.0,0.0,0.0,0.0,0.0,0.0,0.0,0.0,0.0,0.0,0.0,0.0,0.0,0.0,0.0,0.0,0.0,0.0,0.0,0.85,UB&PB,47330
2500,1.125423985696022,0.835810648731544,0.7514652000094997,0.9145927155193152,0.028360264586745714,0.009761219247189474,0.0556321688421416,0.5972402427238116,0.47167096864382374,0.7221927798731275,0.19165742714996456,0.8083425728500354,0.35139054888289206,0.375626516099995,0.27537236705579116,0.41951832307806264,0.14010982054839066,0.5355462335629239,0.35773067197818276,0.378378984972565,0.28468246673035214,0.42402915356468296,0.40203765929267093,0.4091540114355706,0.3550670253440417,0.4518541326205586,0.41132330117631877,0.41108809183043005,0.4072163005820314,0.4150738515389588,0.24315303394181706,0.6204668686544939,8509.501610175786,2062.360245341527,45350.79221796291,0.85,UB&PB,47330
0,0.0,0.0,0.0,0.0,0.0,0.0,0.0,0.0,0.0,0.0,0.0,0.0,0.0,0.0,0.0,0.0,0.0,0.0,0.0,0.0,0.0,0.0,0.0,0.0,0.0,0.0,0.0,0.0,0.0,0.0,0.0,0.0,0.0,0.0,0.0,0.9,UB&PB,47330
2500,1.1394736055214005,0.8693812708041649,0.7819148109240588,0.9363652013121222,0.02799044832040256,0.009665672459556655,0.055204224536523676,0.8088073496395572,0.6238600413086776,0.9082665758164641,0.17292181947405785,0.8270781805259414,0.3600687897095173,0.3849621400366054,0.2917139879406793,0.42225391823363867,0.14878623959012927,0.5418240250639603,0.36508792893917513,0.38476255388880487,0.3005148858511357,0.4262611848776201,0.4034234441880061,0.40985311558536003,0.3531229145020182,0.4548462305040136,0.41211252532072634,0.4117683491213007,0.4080402273134088,0.4156341369688133,0.04431494639531731,0.6137229655142814,9527.140136104805,2222.3734162796127,51706.227292952004,0.9,UB&PB,47330
0,0.0,0.0,0.0,0.0,0.0,0.0,0.0,0.0,0.0,0.0,0.0,0.0,0.0,0.0,0.0,0.0,0.0,0.0,0.0,0.0,0.0,0.0,0.0,0.0,0.0,0.0,0.0,0.0,0.0,0.0,0.0,0.0,0.0,0.0,0.0,0.95,UB&PB,47330
2500,1.1624082881658218,0.8490496719344839,0.7412933346668542,0.9292418354437805,0.029163374429065615,0.010199423856675272,0.05707563682528562,0.7598559327101088,0.5791017067728005,0.9001035750700864,0.14563681592039784,0.8543631840796015,0.38401494629468985,0.4008149698341755,0.33659083177773697,0.43194569167231744,0.18985451269118386,0.550606108711451,0.3889648337173837,0.4005031757665728,0.3443504433416272,0.43682066074703385,0.4105729762291816,0.41519601127914024,0.3631233563565181,0.4585864790010691,0.4169449291832976,0.4166129434626406,0.412809701744696,0.42060487724944995,0.28232588576003625,0.9488384781015722,7784.919433206556,1927.518116792201,40856.744312186886,0.95,UB&PB,47330
0,0.0,0.0,0.0,0.0,0.0,0.0,0.0,0.0,0.0,0.0,0.0,0.0,0.0,0.0,0.0,0.0,0.0,0.0,0.0,0.0,0.0,0.0,0.0,0.0,0.0,0.0,0.0,0.0,0.0,0.0,0.0,0.0,0.0,0.0,0.0,0.05,UB&PB,63416
2500,0.9119777882511075,0.39870071281082403,0.2619156787539774,0.5877671713000189,0.8192422985661745,0.724423064678226,0.9119695180507947,0.8995728009074587,0.8304546996472476,0.9513753253314724,0.9614605543710022,0.03853944562899782,0.0793993713608531,0.021690750834132404,0.003143145029569129,0.10152305882014212,9.165684505476806e-5,0.35312987140214136,0.09022348413460116,0.03149743461430884,0.005469824290060125,0.12412697255185157,0.13523614624811242,0.09369924715641662,0.03844033665929002,0.1923293452853635,0.4129245406845194,0.412399355831752,0.40214247291427974,0.4231500365252752,0.04134930871808354,0.5817283790371987,5056.166381301459,3183.1754070374072,8267.994630800678,0.05,UB&PB,63416
0,0.0,0.0,0.0,0.0,0.0,0.0,0.0,0.0,0.0,0.0,0.0,0.0,0.0,0.0,0.0,0.0,0.0,0.0,0.0,0.0,0.0,0.0,0.0,0.0,0.0,0.0,0.0,0.0,0.0,0.0,0.0,0.0,0.0,0.0,0.0,0.1,UB&PB,63416
2500,0.9302695800083042,0.5524270896071454,0.42769225666838784,0.6825990687670684,0.8318616893110317,0.7356598713948569,0.9125433634452499,0.8754485488834047,0.7924040074500848,0.936874347620401,0.9585195451314854,0.04148045486851458,0.0768307998973788,0.02194962545163222,0.004360888089589574,0.09720913623487931,0.0003767342043011664,0.34468363378176875,0.08403726867498328,0.028130601184780873,0.006136505213236265,0.11187781024131228,0.12890425172066486,0.08945070668361282,0.038352240471563034,0.18011299865205427,0.41359755573891066,0.41319144305535127,0.40685507655726827,0.41981473208482,0.023001755404623805,0.3684680299853018,10789.712604771386,6760.706129326168,17698.898235658984,0.1,UB&PB,63416
0,0.0,0.0,0.0,0.0,0.0,0.0,0.0,0.0,0.0,0.0,0.0,0.0,0.0,0.0,0.0,0.0,0.0,0.0,0.0,0.0,0.0,0.0,0.0,0.0,0.0,0.0,0.0,0.0,0.0,0.0,0.0,0.0,0.0,0.0,0.0,0.15,UB&PB,63416
2500,0.9414676776561649,0.5087826413183926,0.3822229185861991,0.6275559284122463,0.35928244449301305,0.26349941607145255,0.4576605280401737,0.8892494993212275,0.8118334075605326,0.9486298463732469,0.9482302771855006,0.05176972281449888,0.12127619235239255,0.06590451221116693,0.020487777729897832,0.18519934375548303,0.00386441488780618,0.3992756122904603,0.13944498565479957,0.0895339750108412,0.031165234831909513,0.21497714192980846,0.20115342926907792,0.17420728653158274,0.09774069511868116,0.28930644925436794,0.4174938481174095,0.4171580888686455,0.40863627258701724,0.42593670003037426,0.24251766519593093,1.032815734794041,6116.940390142631,3223.3293531915233,12570.505070708416,0.15,UB&PB,63416
0,0.0,0.0,0.0,0.0,0.0,0.0,0.0,0.0,0.0,0.0,0.0,0.0,0.0,0.0,0.0,0.0,0.0,0.0,0.0,0.0,0.0,0.0,0.0,0.0,0.0,0.0,0.0,0.0,0.0,0.0,0.0,0.0,0.0,0.0,0.0,0.2,UB&PB,63416
2500,0.9609416320809567,0.4262310683392869,0.24723939463405822,0.5799984557593311,0.2590370242359496,0.17413364365818465,0.3630509351379277,0.8625626336713744,0.7703201521237238,0.9350304400849142,0.9488166311300648,0.05118336886993602,0.16257563653693605,0.12198716034160252,0.05094551651563805,0.24640057682236094,0.012160894333022173,0.4288837942423183,0.19386327399339548,0.16438059502514782,0.0777847384820002,0.28965597726044534,0.24305839318624192,0.2285114380405238,0.14726799854613054,0.32878412171229704,0.42546982961136354,0.42469727800360774,0.41187915346126625,0.43812448507502016,0.012035680507300766,0.4274571385623387,2969.5984144504514,1631.1113209171008,6102.864177482444,0.2,UB&PB,63416
0,0.0,0.0,0.0,0.0,0.0,0.0,0.0,0.0,0.0,0.0,0.0,0.0,0.0,0.0,0.0,0.0,0.0,0.0,0.0,0.0,0.0,0.0,0.0,0.0,0.0,0.0,0.0,0.0,0.0,0.0,0.0,0.0,0.0,0.0,0.0,0.25,UB&PB,63416
2500,0.9659633602957723,0.5153375612094372,0.3797891344696401,0.6468710987897113,0.1494643750848714,0.09119959623012341,0.21490114982233027,0.8527386616798375,0.76101997919616,0.920392479037878,0.9389516702203278,0.06104832977967315,0.18191890191510104,0.14395378119528318,0.061343489309108275,0.276873079003816,0.01583647802283952,0.4546628925927449,0.20810750960190047,0.1807503294356076,0.08763403161511091,0.3106124162642932,0.2780310896972467,0.2703752100676828,0.16501694861150298,0.38944734878175796,0.4188491845865726,0.418372033145573,0.4102515175904621,0.4268457847741549,0.045027849694297586,0.31416286190654286,3849.2849024602688,1933.1039293015265,8885.334320110096,0.25,UB&PB,63416
0,0.0,0.0,0.0,0.0,0.0,0.0,0.0,0.0,0.0,0.0,0.0,0.0,0.0,0.0,0.0,0.0,0.0,0.0,0.0,0.0,0.0,0.0,0.0,0.0,0.0,0.0,0.0,0.0,0.0,0.0,0.0,0.0,0.0,0.0,0.0,0.3,UB&PB,63416
2500,0.9627723783614897,0.728706308856559,0.5305396604241087,0.8528523685123363,0.15470526275743668,0.08415118375912871,0.25874037474098205,0.8544936281732395,0.7632552255166551,0.9250726285974368,0.9440888415067527,0.055911158493248,0.15716612073898772,0.10331760572621308,0.030921424321275766,0.2534078730162537,0.006249922503725583,0.4516376766198458,0.1679337749601067,0.1201123975599413,0.03899549942707565,0.2702659040028083,0.260291901703801,0.24554163645105098,0.13612243797811252,0.3859336212117833,0.4154291072651404,0.4150541922112033,0.40964254399145567,0.42071332939740674,0.19869017214960127,0.5825763810395697,12274.728612244127,5093.681470245239,32766.34817566218,0.3,UB&PB,63416
0,0.0,0.0,0.0,0.0,0.0,0.0,0.0,0.0,0.0,0.0,0.0,0.0,0.0,0.0,0.0,0.0,0.0,0.0,0.0,0.0,0.0,0.0,0.0,0.0,0.0,0.0,0.0,0.0,0.0,0.0,0.0,0.0,0.0,0.0,0.0,0.35,UB&PB,63416
2500,0.9745182712034401,0.6932158750938516,0.5611807846481204,0.8167275110137955,0.07212418345737548,0.03457843603959948,0.12366717790852938,0.8246366554748793,0.7044155508514311,0.9043039798595492,0.9217043354655307,0.07829566453447036,0.19005157667546138,0.1553568893818859,0.0537005316851766,0.305680360143498,0.00978991228437249,0.46471886447360256,0.20356226399110172,0.17556372373046888,0.0669611317845937,0.32461916643586913,0.3037601700056445,0.31984930214642,0.18042422474325287,0.4251413141096186,0.41516574719317856,0.4148675938494132,0.4098527413150266,0.42002881591531654,0.10474836468267307,0.3269214473376695,7963.38526077032,2989.2258175152633,25890.57118353252,0.35,UB&PB,63416
0,0.0,0.0,0.0,0.0,0.0,0.0,0.0,0.0,0.0,0.0,0.0,0.0,0.0,0.0,0.0,0.0,0.0,0.0,0.0,0.0,0.0,0.0,0.0,0.0,0.0,0.0,0.0,0.0,0.0,0.0,0.0,0.0,0.0,0.0,0.0,0.4,UB&PB,63416
2500,0.9842563330793695,0.7997960854317289,0.6627127511290442,0.8892226292897435,0.05627815370139578,0.024681781546193177,0.10055404235599784,0.7179107202994032,0.5972291798415514,0.8222152396653182,0.9025771144278605,0.09742288557213931,0.20201395801332875,0.17260822720278468,0.06081606318619903,0.3248385951146505,0.013907159908373436,0.4727571517431622,0.21140838058073963,0.18692892227291702,0.07084844283617257,0.33779362237898514,0.3167667101478209,0.33965664128229006,0.1909504384338229,0.4374896838997425,0.415111766570402,0.41481590333488383,0.4106069073667035,0.4191299362550196,0.2158989727088619,0.4572107359040885,10279.512993435099,3549.6311057081784,37438.21582659277,0.4,UB&PB,63416
0,0.0,0.0,0.0,0.0,0.0,0.0,0.0,0.0,0.0,0.0,0.0,0.0,0.0,0.0,0.0,0.0,0.0,0.0,0.0,0.0,0.0,0.0,0.0,0.0,0.0,0.0,0.0,0.0,0.0,0.0,0.0,0.0,0.0,0.0,0.0,0.45,UB&PB,63416
2500,0.995203302310086,0.8721363939593528,0.7739263219567691,0.9401091663564028,0.04420012854935895,0.01747158795360381,0.08468095117063466,0.734441411919639,0.6411823098083164,0.8337103809619746,0.8869381663113015,0.11306183368869945,0.20859210698814162,0.1807848644502816,0.06314053528775655,0.3397579431900323,0.012897664744204953,0.48364553844420094,0.21535909271254422,0.19065279264148002,0.07064841393304085,0.3485253054325196,0.3229562405037607,0.3469818267195853,0.19457677113156926,0.4458655900101872,0.41369768412495683,0.41337828724839915,0.40962845466607145,0.4172452061155905,0.4788696549618558,0.9410763385642682,16643.43915585502,5153.217669251806,67184.81394653741,0.45,UB&PB,63416
0,0.0,0.0,0.0,0.0,0.0,0.0,0.0,0.0,0.0,0.0,0.0,0.0,0.0,0.0,0.0,0.0,0.0,0.0,0.0,0.0,0.0,0.0,0.0,0.0,0.0,0.0,0.0,0.0,0.0,0.0,0.0,0.0,0.0,0.0,0.0,0.5,UB&PB,63416
2500,1.0150772703295496,0.8695434883152847,0.7697571604819069,0.937192220909821,0.03883090904822321,0.014970456906193396,0.07454737197149645,0.7479303234934204,0.6000066924243519,0.858197986084495,0.8610000000000011,0.13900000000000004,0.23175183917128986,0.21244717535092816,0.0860724759777425,0.3729635727169956,0.020345375984686737,0.49426557323792863,0.23930495667881657,0.22206671016676358,0.0957249753399165,0.3806970617144087,0.34474856361681144,0.37378830121984713,0.22827311191970115,0.45691781917533836,0.4242514953167388,0.4239491260721339,0.4201824936465644,0.4278553373994575,0.041169822395131166,0.5620040685848775,14266.392574977455,4375.432184278837,60498.26856686363,0.5,UB&PB,63416
0,0.0,0.0,0.0,0.0,0.0,0.0,0.0,0.0,0.0,0.0,0.0,0.0,0.0,0.0,0.0,0.0,0.0,0.0,0.0,0.0,0.0,0.0,0.0,0.0,0.0,0.0,0.0,0.0,0.0,0.0,0.0,0.0,0.0,0.0,0.0,0.55,UB&PB,63416
2500,1.0200181410460205,0.8636623639600025,0.7524433239574924,0.9422360967183415,0.035612387284920596,0.013390112119149124,0.0684657701956476,0.6461408491151505,0.5498742175874858,0.7418321199716406,0.8442615493958777,0.15573845060412225,0.24528754603562752,0.23359230415008364,0.10560028106240289,0.385124983843486,0.02440288464300392,0.49665296770390377,0.2532203898953619,0.24246349094484146,0.11741777506569309,0.3908367153582942,0.3505493688708534,0.3789898457584817,0.24095372154409353,0.4564811792932907,0.4180925426238079,0.4178273468735691,0.4140324122770682,0.4217234516197697,0.316890130206762,0.6500648637436037,12691.376367486193,3894.299510186943,55746.45874578703,0.55,UB&PB,63416
0,0.0,0.0,0.0,0.0,0.0,0.0,0.0,0.0,0.0,0.0,0.0,0.0,0.0,0.0,0.0,0.0,0.0,0.0,0.0,0.0,0.0,0.0,0.0,0.0,0.0,0.0,0.0,0.0,0.0,0.0,0.0,0.0,0.0,0.0,0.0,0.6,UB&PB,63416
2500,1.0391395016857592,0.8470554605615156,0.7340663588592882,0.9264162587786802,0.03487776879809579,0.013137861770596455,0.06661271584378316,0.7739507733633814,0.6489732534705658,0.8753322822994241,0.8239253731343272,0.17607462686567155,0.2520960475459013,0.23780355164604458,0.11504088537431076,0.3969867746528032,0.027555447673372972,0.49779567814019227,0.2604719106745634,0.24796474193210769,0.12817006675091244,0.4010932664602238,0.3545720908277826,0.3835335550587834,0.2518703485025047,0.45572012120702016,0.41930277274472244,0.4190419362954754,0.41518400720731014,0.4230272005115963,0.08945250492065197,0.36452622599886664,11153.760634754472,3448.1407837144143,49007.28318562453,0.6,UB&PB,63416
0,0.0,0.0,0.0,0.0,0.0,0.0,0.0,0.0,0.0,0.0,0.0,0.0,0.0,0.0,0.0,0.0,0.0,0.0,0.0,0.0,0.0,0.0,0.0,0.0,0.0,0.0,0.0,0.0,0.0,0.0,0.0,0.0,0.0,0.0,0.0,0.65,UB&PB,63416
2500,1.0589471217504378,0.8512843496245667,0.7643701832615026,0.9251853455958721,0.028961828653994826,0.010107397602669054,0.056932088691478894,0.5973742959615372,0.4748146441556665,0.7109819069304939,0.6064939587775412,0.3935060412224588,0.292208062301047,0.29236833387332056,0.1756508008379326,0.41616920152737635,0.05390647507126274,0.5192347608965991,0.3005673875502649,0.30248588118136066,0.1884154904779942,0.418983579257001,0.3837331864838335,0.4073193464796573,0.3055267440644605,0.46419179782533526,0.42167728366079155,0.4214412044528508,0.4176911804946778,0.4252982514437665,0.050623241077469086,0.6422664080120803,10614.8955151183,2911.5102314528544,52652.703970288334,0.65,UB&PB,63416
0,0.0,0.0,0.0,0.0,0.0,0.0,0.0,0.0,0.0,0.0,0.0,0.0,0.0,0.0,0.0,0.0,0.0,0.0,0.0,0.0,0.0,0.0,0.0,0.0,0.0,0.0,0.0,0.0,0.0,0.0,0.0,0.0,0.0,0.0,0.0,0.7,UB&PB,63416
2500,1.0775192933186735,0.8469297231132212,0.7304937282043387,0.9205705727496714,0.029136007032815534,0.010219041592435491,0.0571974427760762,0.6675591279067846,0.5608715763344673,0.7705164363776192,0.5389374555792471,0.4610625444207535,0.3010158066997812,0.30329230968303755,0.18980047705043118,0.4168253885623381,0.06695088183942,0.5234685336610099,0.3095446966123599,0.31502170566843557,0.20191438597133693,0.41934711620407766,0.38547700542440105,0.4061112318324764,0.31215244920099694,0.4621466587126873,0.4185967392808004,0.418261091741613,0.41442049029796263,0.42227922840650367,0.044012254958585684,0.3832265587232885,9699.850518608077,2687.3576620711788,47215.33585064294,0.7,UB&PB,63416
0,0.0,0.0,0.0,0.0,0.0,0.0,0.0,0.0,0.0,0.0,0.0,0.0,0.0,0.0,0.0,0.0,0.0,0.0,0.0,0.0,0.0,0.0,0.0,0.0,0.0,0.0,0.0,0.0,0.0,0.0,0.0,0.0,0.0,0.0,0.0,0.75,UB&PB,63416
2500,1.0957548267081338,0.8725635061506033,0.7851294645234644,0.9388017592855802,0.027830255408365277,0.009487487034356852,0.05514091823296117,0.5770870784079087,0.47133017638628566,0.7022193894882379,0.32349182658137865,0.6765081734186209,0.32876930118471503,0.3421403810317874,0.2337028150549056,0.4240283884431694,0.09825881270445648,0.5351758144086634,0.3359432451111106,0.35119739112796383,0.2434312740529645,0.4267618334924661,0.4026471491028877,0.4158997014223014,0.34545946081777834,0.4633647518036137,0.421198426123436,0.42092210379654776,0.4172367373425651,0.42473798111371236,0.3446277393469697,0.7749472204278431,10320.023794223838,2539.3003886504594,54731.36105833501,0.75,UB&PB,63416
0,0.0,0.0,0.0,0.0,0.0,0.0,0.0,0.0,0.0,0.0,0.0,0.0,0.0,0.0,0.0,0.0,0.0,0.0,0.0,0.0,0.0,0.0,0.0,0.0,0.0,0.0,0.0,0.0,0.0,0.0,0.0,0.0,0.0,0.0,0.0,0.8,UB&PB,63416
2500,1.1122711616082712,0.8563565238871069,0.7524016646085709,0.9334292368912611,0.0275323302993369,0.009444274411384864,0.05404524314760266,0.5632746700718542,0.4546950854406073,0.6649763604456442,0.22778251599147106,0.7722174840085293,0.3469460996837026,0.3684550350877979,0.2638658169802921,0.4248228453564915,0.12598643033930684,0.5410043976780302,0.3541293798537255,0.3742225177666633,0.2730159765849308,0.4286383956055067,0.40757180949735217,0.4164941600798535,0.35825189152338854,0.46069734952387437,0.41908756174747697,0.41881529602590484,0.4149915402860767,0.42278024135232184,0.07294781981110379,0.44781587281122326,8776.685920298092,2134.531805002206,47096.00595361873,0.8,UB&PB,63416
0,0.0,0.0,0.0,0.0,0.0,0.0,0.0,0.0,0.0,0.0,0.0,0.0,0.0,0.0,0.0,0.0,0.0,0.0,0.0,0.0,0.0,0.0,0.0,0.0,0.0,0.0,0.0,0.0,0.0,0.0,0.0,0.0,0.0,0.0,0.0,0.85,UB&PB,63416
2500,1.1208430756270964,0.9037568530946298,0.8343815707504365,0.9563117634531367,0.02812254242914335,0.009710927610405207,0.055599879914955325,0.7395722574719129,0.6226768803817129,0.8406689085548726,0.19707249466950946,0.8029275053304912,0.34536483150157277,0.37148215216584946,0.256911437967746,0.42247567434673716,0.12113665281706591,0.5463153441305716,0.3503750240339021,0.3735166291073906,0.2654651607301696,0.4253175526104136,0.40407831555151197,0.4124089245937525,0.34696472807920337,0.4631771578175062,0.41520189813238895,0.41490164068189694,0.4113051943706542,0.41865019312773033,0.10245975277631636,0.5365210499765404,12443.34029594462,2724.4586447266292,70347.83728451528,0.85,UB&PB,63416
0,0.0,0.0,0.0,0.0,0.0,0.0,0.0,0.0,0.0,0.0,0.0,0.0,0.0,0.0,0.0,0.0,0.0,0.0,0.0,0.0,0.0,0.0,0.0,0.0,0.0,0.0,0.0,0.0,0.0,0.0,0.0,0.0,0.0,0.0,0.0,0.9,UB&PB,63416
2500,1.1477365534385724,0.8476142595576212,0.7426640851862872,0.9279515647968706,0.027802680962704475,0.009572476268991133,0.05445875367845968,0.8094370711962271,0.6922990673760138,0.8962038505645358,0.17115209665955955,0.8288479033404418,0.36349264955568744,0.38618728995421586,0.2961912497529733,0.425976756293858,0.152530773344664,0.5474181615611361,0.36915291747554835,0.38614596840951226,0.30550058511492056,0.4307349647879541,0.4063938460699399,0.4134405163235514,0.35660737984180696,0.4573199942040886,0.41583596084270497,0.41554915263744774,0.4116947015021699,0.4195438508675257,0.17952918810298224,0.8685378850259553,8321.179094417383,2019.3255954840852,44204.636468548684,0.9,UB&PB,63416
0,0.0,0.0,0.0,0.0,0.0,0.0,0.0,0.0,0.0,0.0,0.0,0.0,0.0,0.0,0.0,0.0,0.0,0.0,0.0,0.0,0.0,0.0,0.0,0.0,0.0,0.0,0.0,0.0,0.0,0.0,0.0,0.0,0.0,0.0,0.0,0.95,UB&PB,63416
2500,1.1686421035188832,0.8451978512098961,0.7319151054640659,0.9234699717870088,0.0294112118552878,0.010259562133847678,0.05760504367818373,0.6368451755049945,0.5199616482166461,0.747759975904176,0.136496090973703,0.8635039090262988,0.39239934295810125,0.40654734883528737,0.3468852251745983,0.437979340781721,0.20777057474195526,0.5553528737845964,0.3974455947246797,0.4056762632938368,0.35379622414619527,0.4432197974396464,0.4171381711778805,0.4212609619498294,0.37199592071130055,0.4630688629029905,0.42269322352371147,0.42242238872613014,0.41860582665061996,0.42642073111764256,0.33789990200231923,0.9777662772696195,7567.329687108091,1874.455979825146,39528.36130803314,0.95,UB&PB,63416
0,0.0,0.0,0.0,0.0,0.0,0.0,0.0,0.0,0.0,0.0,0.0,0.0,0.0,0.0,0.0,0.0,0.0,0.0,0.0,0.0,0.0,0.0,0.0,0.0,0.0,0.0,0.0,0.0,0.0,0.0,0.0,0.0,0.0,0.0,0.0,0.05,UB&PB,66564
2500,0.914812759513952,0.7506366976949581,0.5950017730748538,0.8511954664246011,0.7730430341657354,0.6531034429745155,0.8618599422997543,0.9000309653704666,0.8198227033672937,0.9542924572957303,0.952272921108742,0.04772707889125807,0.08490984268776806,0.0201306539787903,0.0027584619512017895,0.11140197447368,0.00022844662477803046,0.3866034959254379,0.08875696859164907,0.022442583222362943,0.0032969852918933724,0.11974354368411737,0.15542680640505524,0.10638016477233878,0.036516671573428014,0.2439238620978426,0.4132438720107051,0.4128536526756595,0.4078590864965399,0.4180226649464838,0.07974909090232446,0.3682111770653519,45253.926890658855,22403.403672880024,90637.6586942487,0.05,UB&PB,66564
0,0.0,0.0,0.0,0.0,0.0,0.0,0.0,0.0,0.0,0.0,0.0,0.0,0.0,0.0,0.0,0.0,0.0,0.0,0.0,0.0,0.0,0.0,0.0,0.0,0.0,0.0,0.0,0.0,0.0,0.0,0.0,0.0,0.0,0.0,0.0,0.1,UB&PB,66564
2500,0.9353628084611662,0.37856751554858403,0.1980730756056191,0.5538287707464802,0.6752689312347769,0.5442564060969748,0.7968279530086334,0.9002599869225474,0.8159645257281437,0.9569675125158446,0.9615486851457002,0.0384513148542999,0.09208334763015748,0.04266563230529901,0.010882081561356761,0.12784891785924696,0.0011030564766709716,0.34810125323628016,0.11045699310118871,0.06298882719135658,0.019410111480238162,0.16074699999964792,0.14409054553517345,0.11271514857517527,0.06303377170668942,0.18885589347415388,0.42643520921603845,0.4256373137617975,0.41246641546483825,0.43948542091623743,0.45682798944017494,0.9978112485076044,3719.772717048673,2533.614273279818,5657.811828598132,0.1,UB&PB,66564
0,0.0,0.0,0.0,0.0,0.0,0.0,0.0,0.0,0.0,0.0,0.0,0.0,0.0,0.0,0.0,0.0,0.0,0.0,0.0,0.0,0.0,0.0,0.0,0.0,0.0,0.0,0.0,0.0,0.0,0.0,0.0,0.0,0.0,0.0,0.0,0.15,UB&PB,66564
2500,0.9444181624760012,0.4300764396792449,0.2938258697694922,0.5535038831563163,0.7123002781725708,0.5899525798627007,0.8199057241099487,0.7986743403618551,0.6931106116363269,0.8830493626494216,0.9650262970859997,0.03497370291400135,0.08380448876607902,0.03931216888511298,0.010842754965241572,0.1153599599734428,0.001624624851086905,0.3164632136835838,0.09857150048847424,0.05567199428330158,0.017121833609923275,0.14177828754671382,0.12895561660387733,0.10328168118483312,0.05840566741363945,0.16677600187068456,0.4127264680699713,0.41218802909309543,0.4024255414218205,0.422332568274156,0.04312069358880952,0.5026077380492354,4102.029430291814,2954.76724728328,5827.672965619258,0.15,UB&PB,66564
0,0.0,0.0,0.0,0.0,0.0,0.0,0.0,0.0,0.0,0.0,0.0,0.0,0.0,0.0,0.0,0.0,0.0,0.0,0.0,0.0,0.0,0.0,0.0,0.0,0.0,0.0,0.0,0.0,0.0,0.0,0.0,0.0,0.0,0.0,0.0,0.2,UB&PB,66564
2500,0.9505381739765426,0.5726225633000744,0.38857819872807314,0.7533381806383347,0.44634862667823044,0.2993363355376956,0.6189816134660076,0.8481710365993733,0.7654943667765162,0.9251635478242789,0.9562615493958783,0.0437384506041222,0.11524977027115002,0.06032395204945678,0.01782197337615643,0.1725391535274374,0.003067523122724106,0.3944838270405834,0.12877947622721517,0.07793283647727392,0.025914504118574065,0.19418075936766122,0.18789662543094068,0.15846401339492303,0.08630665098593635,0.27090664606007103,0.41796575554743914,0.41735769583140375,0.4084522157966636,0.4267479274665009,0.14995738701379782,0.885231426101264,14360.48305745486,7537.8785859627515,28018.48343513344,0.2,UB&PB,66564
0,0.0,0.0,0.0,0.0,0.0,0.0,0.0,0.0,0.0,0.0,0.0,0.0,0.0,0.0,0.0,0.0,0.0,0.0,0.0,0.0,0.0,0.0,0.0,0.0,0.0,0.0,0.0,0.0,0.0,0.0,0.0,0.0,0.0,0.0,0.0,0.25,UB&PB,66564
2500,0.9634455932223138,0.4706944964565132,0.34921885605848507,0.6132420751557122,0.29501523796476864,0.18378203971582352,0.42800516267081157,0.8274495552920913,0.7307704163281682,0.9039343789407126,0.9559388770433562,0.044061122956645354,0.14868954768906678,0.1049236120359515,0.039480057163351234,0.22916216032103376,0.009913389478587224,0.41379604451972013,0.17123304081526272,0.1365393021357285,0.05664203943076163,0.262821212168686,0.2281078223966054,0.20991162128092888,0.13118988353614955,0.31494292200284424,0.41565380129477325,0.41530005953900434,0.4071279774435468,0.4237752356501498,0.12604724503556144,0.9061613782462781,3302.920542747856,1919.0153308882511,6318.3455307054755,0.25,UB&PB,66564
0,0.0,0.0,0.0,0.0,0.0,0.0,0.0,0.0,0.0,0.0,0.0,0.0,0.0,0.0,0.0,0.0,0.0,0.0,0.0,0.0,0.0,0.0,0.0,0.0,0.0,0.0,0.0,0.0,0.0,0.0,0.0,0.0,0.0,0.0,0.0,0.3,UB&PB,66564
2500,0.9682496108256214,0.6288362110083153,0.45340768416884025,0.7970616975942925,0.11636203856697593,0.061657673264847154,0.1841288442202985,0.8516319958595456,0.7621438833501799,0.9258728152086463,0.9397313432835809,0.06026865671641794,0.17689782573618837,0.1346044181637774,0.04869364149327053,0.27933224669339435,0.010607836813572073,0.4571291778247768,0.19281130155439363,0.15853863216337624,0.06253397075376683,0.30263764242258884,0.284494145271505,0.2857759120281547,0.1631699024112428,0.4062189893590194,0.4186024676537677,0.41826836175978105,0.4124120006748409,0.42435842547308017,0.03405508636523474,0.4855109427086374,5661.24649475911,2496.4748011685483,14821.982811229751,0.3,UB&PB,66564
0,0.0,0.0,0.0,0.0,0.0,0.0,0.0,0.0,0.0,0.0,0.0,0.0,0.0,0.0,0.0,0.0,0.0,0.0,0.0,0.0,0.0,0.0,0.0,0.0,0.0,0.0,0.0,0.0,0.0,0.0,0.0,0.0,0.0,0.0,0.0,0.35,UB&PB,66564
2500,0.9792062608564768,0.59832856112983,0.45959396489630694,0.7484272684337636,0.10511186550280707,0.057735825727091225,0.16679468057586708,0.8547711277666188,0.744609553602066,0.9281096884280059,0.9339118692253034,0.06608813077469801,0.18789531909083199,0.15236060051702996,0.057600249714966544,0.29901094947969725,0.011581599384373635,0.4587615332019749,0.20609490384333862,0.1782088742675063,0.07632981365954773,0.3226413660473165,0.292696439128648,0.29614134647017687,0.1775485666879004,0.40925501514390955,0.4174506211893214,0.41713853714467053,0.4111051720997472,0.4233831233695333,0.0433281041656796,0.509500802591969,5067.663079493065,2294.0176704314913,13283.751964160516,0.35,UB&PB,66564
0,0.0,0.0,0.0,0.0,0.0,0.0,0.0,0.0,0.0,0.0,0.0,0.0,0.0,0.0,0.0,0.0,0.0,0.0,0.0,0.0,0.0,0.0,0.0,0.0,0.0,0.0,0.0,0.0,0.0,0.0,0.0,0.0,0.0,0.0,0.0,0.4,UB&PB,66564
2500,0.9860757414087747,0.7880910106163873,0.669500488198434,0.8708838906771268,0.061913139789942256,0.027689235662040262,0.10868140675318637,0.7037868841888631,0.6046615816585831,0.8206093403879022,0.9001158493248045,0.09988415067519546,0.20572491579897775,0.1763556572677489,0.06598488367221766,0.3285160909535087,0.015079949074500523,0.47710609762746226,0.2161562984693128,0.1916742002500298,0.07731457903660059,0.34197346800713996,0.3208398275513496,0.34156869021637054,0.20061427415445546,0.439335530867229,0.4193135867604891,0.4190071071312288,0.41474925904511195,0.42342601522539625,0.40395340564326365,0.9336683844662554,11083.393956562597,3889.6807225865177,39434.35358776035,0.4,UB&PB,66564
0,0.0,0.0,0.0,0.0,0.0,0.0,0.0,0.0,0.0,0.0,0.0,0.0,0.0,0.0,0.0,0.0,0.0,0.0,0.0,0.0,0.0,0.0,0.0,0.0,0.0,0.0,0.0,0.0,0.0,0.0,0.0,0.0,0.0,0.0,0.0,0.45,UB&PB,66564
2500,0.9966914658602221,0.8393758241833031,0.7088033644830669,0.923848636372584,0.050345679684842964,0.020415488280767502,0.09603258110411547,0.8185629293829236,0.6822031946337601,0.9161027876961824,0.8953319118692251,0.10466808813077477,0.2072487772365736,0.17667297130149864,0.061371974813302206,0.33973960706636963,0.012475647360686064,0.4855906274934451,0.2153097733649016,0.18834798807994066,0.07021802328681515,0.35044366822911177,0.3228937685546333,0.3461174711523392,0.19464941514793407,0.4468038322686099,0.4187539764755646,0.4184261627275567,0.41448154903696516,0.42253547932291097,0.03532587653070354,0.5516719352931273,13134.925917760222,4299.047435605818,50637.42769806712,0.45,UB&PB,66564
0,0.0,0.0,0.0,0.0,0.0,0.0,0.0,0.0,0.0,0.0,0.0,0.0,0.0,0.0,0.0,0.0,0.0,0.0,0.0,0.0,0.0,0.0,0.0,0.0,0.0,0.0,0.0,0.0,0.0,0.0,0.0,0.0,0.0,0.0,0.0,0.5,UB&PB,66564
2500,1.012146088833318,0.8078801912084084,0.7221801536266729,0.8904967191585856,0.04048902535233114,0.015958230883177212,0.07739877915986287,0.6610274319020721,0.5397551334287863,0.7967558123680366,0.8553816631130059,0.14461833688699402,0.23462902906746771,0.21829451249923668,0.0966490606816228,0.36861974237175554,0.024361775989756276,0.4881987990464292,0.24398412138531744,0.23004003199239503,0.10923406845205766,0.37726426907431604,0.3421953831841176,0.3701058288710219,0.2315992298978082,0.4498544542488115,0.4169410915374208,0.41664127782347515,0.41272113415483447,0.42068583952928074,0.17968607388457722,0.7182712181869307,10493.089968215278,3405.434102687968,42225.0851712383,0.5,UB&PB,66564
0,0.0,0.0,0.0,0.0,0.0,0.0,0.0,0.0,0.0,0.0,0.0,0.0,0.0,0.0,0.0,0.0,0.0,0.0,0.0,0.0,0.0,0.0,0.0,0.0,0.0,0.0,0.0,0.0,0.0,0.0,0.0,0.0,0.0,0.0,0.0,0.55,UB&PB,66564
2500,1.0207767356628747,0.8632413821404488,0.7814225744177661,0.9268574578115165,0.03663011680772959,0.013851188307226911,0.07098492477738874,0.8126509595554486,0.7114324581883037,0.894889707536062,0.8451542288557211,0.15484577114427825,0.2299423978935681,0.2084912528564266,0.08363828472755527,0.3753346312961253,0.01839040631634719,0.49479116069048623,0.23728562254895713,0.21706139035040325,0.09384070129284271,0.3802471015710699,0.3374205366488011,0.36385089385121994,0.21891086767723197,0.4513637971139182,0.41363457777529683,0.4133829555877932,0.40960253197782526,0.41724864244390053,0.5504778396133186,1.0569802912280795,16254.84642185919,4805.66880909512,70682.92058160137,0.55,UB&PB,66564
0,0.0,0.0,0.0,0.0,0.0,0.0,0.0,0.0,0.0,0.0,0.0,0.0,0.0,0.0,0.0,0.0,0.0,0.0,0.0,0.0,0.0,0.0,0.0,0.0,0.0,0.0,0.0,0.0,0.0,0.0,0.0,0.0,0.0,0.0,0.0,0.6,UB&PB,66564
2500,1.0418230406310707,0.8825422156618903,0.7944104023674562,0.9426132031106574,0.03111749524066874,0.011125180170654492,0.06095320944885911,0.6668812874492314,0.5437371131830637,0.800389119467178,0.760788201847904,0.2392117981520964,0.2641076215559849,0.2540344656583988,0.13021862799298178,0.4042790681492627,0.03462955480994506,0.5091984085614842,0.2716768308024854,0.26263335538181426,0.14176731451928565,0.4079621519601685,0.3648805710966511,0.39260804208879596,0.2650011648180904,0.46275098939108683,0.421804313806019,0.4215756488625765,0.41784670906518384,0.4254120262454096,0.20026210118668367,0.7535883915743921,12836.777165737865,3717.810698673123,60295.92942761282,0.6,UB&PB,66564
0,0.0,0.0,0.0,0.0,0.0,0.0,0.0,0.0,0.0,0.0,0.0,0.0,0.0,0.0,0.0,0.0,0.0,0.0,0.0,0.0,0.0,0.0,0.0,0.0,0.0,0.0,0.0,0.0,0.0,0.0,0.0,0.0,0.0,0.0,0.0,0.65,UB&PB,66564
2500,1.0504451782652646,0.8900327816266275,0.8028849719377846,0.95025489501437,0.03089943328124718,0.011013587428346702,0.06020620583497206,0.6772096917347714,0.5667404741545591,0.7845404330029752,0.7483447050461968,0.2516552949538023,0.2703092548099031,0.26219439904547365,0.13921402718947748,0.40568962818769694,0.039276256359941225,0.5098562487846671,0.2771762266685204,0.270250914683947,0.14975152378565662,0.4082116795681651,0.36511896187064713,0.3912004258949285,0.26635621806452503,0.46242477530452764,0.4160167770582021,0.41571093270739307,0.4119957827342069,0.419511691524718,0.13854004334068562,0.3871841976095709,13730.291049318557,3890.6256218979292,66066.59806392835,0.65,UB&PB,66564
0,0.0,0.0,0.0,0.0,0.0,0.0,0.0,0.0,0.0,0.0,0.0,0.0,0.0,0.0,0.0,0.0,0.0,0.0,0.0,0.0,0.0,0.0,0.0,0.0,0.0,0.0,0.0,0.0,0.0,0.0,0.0,0.0,0.0,0.0,0.0,0.7,UB&PB,66564
2500,1.0658858789308214,0.8691898254376175,0.7633849442920648,0.9443792758920448,0.029000505709953973,0.010151471571066526,0.05648437527797036,0.6953148756425641,0.534925048455718,0.831771058858489,0.5204299928926807,0.47957000710732084,0.2913516842294779,0.29383140220529813,0.17689133728208847,0.4098637291732777,0.05327683106854662,0.5175187900091299,0.2990131161087187,0.30453704222717054,0.18771689329477972,0.4120999566489384,0.37891593452491856,0.39990244753573373,0.30378131052562235,0.4566975225861207,0.41247170038307024,0.41215419733121605,0.40833512159718466,0.41614804099682395,0.6356228011037215,1.0557292265478921,10532.72857135604,2840.9631643576854,52598.15329564034,0.7,UB&PB,66564
0,0.0,0.0,0.0,0.0,0.0,0.0,0.0,0.0,0.0,0.0,0.0,0.0,0.0,0.0,0.0,0.0,0.0,0.0,0.0,0.0,0.0,0.0,0.0,0.0,0.0,0.0,0.0,0.0,0.0,0.0,0.0,0.0,0.0,0.0,0.0,0.75,UB&PB,66564
2500,1.0892413146901463,0.8888899036735673,0.7996215925220399,0.9507440393691087,0.0281260351871384,0.009676941557967533,0.05562946116021601,0.7571768618670117,0.627121553948636,0.8615641370724768,0.42020326936744884,0.5797967306325503,0.30953362280461005,0.32120007293958863,0.19871842843136614,0.4169264148466331,0.07067059395249607,0.5330736042926406,0.3162307051042052,0.33003520683226883,0.20805420684262066,0.419021574641628,0.39014817760432224,0.4066023582474615,0.31750481689554905,0.4641572005170857,0.41630532613275045,0.41599249639736485,0.41233733396714006,0.4197921148020362,0.07779844292952698,0.38488618360702437,12077.42332226315,2994.9569524330955,63609.40921355958,0.75,UB&PB,66564
0,0.0,0.0,0.0,0.0,0.0,0.0,0.0,0.0,0.0,0.0,0.0,0.0,0.0,0.0,0.0,0.0,0.0,0.0,0.0,0.0,0.0,0.0,0.0,0.0,0.0,0.0,0.0,0.0,0.0,0.0,0.0,0.0,0.0,0.0,0.0,0.8,UB&PB,66564
2500,1.1032934420387175,0.9034482272157177,0.8246554556944427,0.9568681509216723,0.029115381508294652,0.010052593600717044,0.05778838472760492,0.7284210225891679,0.6000099729686151,0.8500046857513178,0.22325159914712145,0.7767484008528779,0.32554108698696654,0.3484138453634376,0.22580983688215592,0.41601560532501486,0.09550238135361147,0.5342387893962078,0.3312623528688318,0.35396243450406684,0.23366226583886113,0.41864397810115506,0.39730005157865794,0.40804238368501516,0.3394499715983399,0.4571178125079147,0.41196571352275596,0.41168333445790883,0.4080159828893173,0.415492755859292,0.6908329906194731,1.030483281165577,11899.167863137925,2682.4697719848555,65239.645796277684,0.8,UB&PB,66564
0,0.0,0.0,0.0,0.0,0.0,0.0,0.0,0.0,0.0,0.0,0.0,0.0,0.0,0.0,0.0,0.0,0.0,0.0,0.0,0.0,0.0,0.0,0.0,0.0,0.0,0.0,0.0,0.0,0.0,0.0,0.0,0.0,0.0,0.0,0.0,0.85,UB&PB,66564
2500,1.1265785423550352,0.8466664722078602,0.7574583624448479,0.931297014175336,0.028643725543002,0.009948761451288295,0.056163689758731435,0.7307039381881686,0.6031977030595391,0.8511104292760048,0.2349275053304902,0.7650724946695093,0.35046602629076445,0.3782381914299367,0.26533980727207324,0.4258459983238611,0.12840250455190294,0.5438902306343802,0.35680115244606175,0.3812121888484887,0.2754845685293075,0.4296949330103225,0.40636785510646656,0.41513073643621845,0.35230751137240435,0.4626088527004719,0.41850591561080064,0.4182099831087023,0.41445456461671565,0.4220723162971629,0.13409196652580524,0.43849355837543064,9262.420237750814,2276.5592543238117,48878.040942675616,0.85,UB&PB,66564
0,0.0,0.0,0.0,0.0,0.0,0.0,0.0,0.0,0.0,0.0,0.0,0.0,0.0,0.0,0.0,0.0,0.0,0.0,0.0,0.0,0.0,0.0,0.0,0.0,0.0,0.0,0.0,0.0,0.0,0.0,0.0,0.0,0.0,0.0,0.0,0.9,UB&PB,66564
2500,1.1407648470090441,0.8682535072941592,0.7851108262548878,0.9316880657973253,0.0283669517968912,0.009761729586317096,0.05586114248285137,0.6669221102773375,0.4909168219335885,0.786518273894107,0.17934470504619732,0.8206552949538021,0.3646005489984786,0.38701412549286146,0.30193094636547474,0.4226537354644419,0.15813811650994056,0.54159910162622,0.36980257214869594,0.3873940108466863,0.31049668727327007,0.4267808565705249,0.4037747233202764,0.40984062817692685,0.35377173395084677,0.4548852567359724,0.4119507594564922,0.41160026926695137,0.4078609270226671,0.41552957864817186,0.42717060250277233,0.8394042915403467,9520.218671317529,2217.9631004669714,52303.92133497251,0.9,UB&PB,66564
0,0.0,0.0,0.0,0.0,0.0,0.0,0.0,0.0,0.0,0.0,0.0,0.0,0.0,0.0,0.0,0.0,0.0,0.0,0.0,0.0,0.0,0.0,0.0,0.0,0.0,0.0,0.0,0.0,0.0,0.0,0.0,0.0,0.0,0.0,0.0,0.95,UB&PB,66564
2500,1.1632060882482838,0.8621154948522975,0.7586888935550903,0.9319099498696796,0.02816989147405113,0.00971874979864506,0.05536606032010839,0.665005425187118,0.5362387654799204,0.7822278287956982,0.15571286425017758,0.844287135749822,0.3853813432425207,0.3994392002835264,0.3381378408739809,0.4320226950704952,0.19670714332658001,0.5537928145963222,0.3901607940525938,0.3985057570053916,0.3451101176001151,0.4366816342952072,0.41144421652340496,0.4160275564531985,0.36341933424322914,0.460840423470689,0.4174780764686213,0.4171698570665675,0.41338575085642615,0.4210751368309218,0.5400154774595705,1.0373189509002516,8479.067669393826,2034.1319284360172,45536.07183610959,0.95,UB&PB,66564
0,0.0,0.0,0.0,0.0,0.0,0.0,0.0,0.0,0.0,0.0,0.0,0.0,0.0,0.0,0.0,0.0,0.0,0.0,0.0,0.0,0.0,0.0,0.0,0.0,0.0,0.0,0.0,0.0,0.0,0.0,0.0,0.0,0.0,0.0,0.0,0.05,UB&PB,41685
2500,0.9236772578126659,0.5561595648699796,0.37355770236817,0.7270664839410359,0.758015212112455,0.6198002994340984,0.8615957856367524,0.9192656046278971,0.8602612923044493,0.9634362667908027,0.9528173418621166,0.04718265813788211,0.09117199497275638,0.029731709492757594,0.0067056420486935634,0.12141740348475108,0.0008433267349058409,0.3871078232190004,0.09928306058658634,0.03691648876866661,0.00884850128454356,0.13821107274208688,0.15776158571169147,0.111485360264125,0.04671122824530124,0.234602862310103,0.43092703954249334,0.43054133790891413,0.4235039670027907,0.437892929829034,0.08507017209275787,0.9955909262003412,9755.281132187096,5550.728542407018,17515.322636511613,0.05,UB&PB,41685
0,0.0,0.0,0.0,0.0,0.0,0.0,0.0,0.0,0.0,0.0,0.0,0.0,0.0,0.0,0.0,0.0,0.0,0.0,0.0,0.0,0.0,0.0,0.0,0.0,0.0,0.0,0.0,0.0,0.0,0.0,0.0,0.0,0.0,0.0,0.0,0.1,UB&PB,41685
2500,0.9360576111966715,0.5427692243509443,0.4224792755784798,0.6895041083030237,0.9040871177096601,0.8305272331384884,0.9553144928841755,0.8676753253721916,0.7655640103198387,0.9359267852073392,0.9612416488983659,0.03875835110163468,0.07852302864069564,0.02538390897137843,0.005241529899591682,0.10162610301052506,0.0004388368548489041,0.34022765986211867,0.08611025672618386,0.03236395772263896,0.00732903094016829,0.1163989816101491,0.1270967902828839,0.08839292008681293,0.03820717531573843,0.17921690407352844,0.4234261073670751,0.4230915209468077,0.416453904717193,0.42999283740542926,0.01790244921134423,0.6162585499849439,15843.510085619357,9731.978346988331,26309.864171197038,0.1,UB&PB,41685
0,0.0,0.0,0.0,0.0,0.0,0.0,0.0,0.0,0.0,0.0,0.0,0.0,0.0,0.0,0.0,0.0,0.0,0.0,0.0,0.0,0.0,0.0,0.0,0.0,0.0,0.0,0.0,0.0,0.0,0.0,0.0,0.0,0.0,0.0,0.0,0.15,UB&PB,41685
2500,0.9386868375481582,0.7038172980446092,0.531660465634282,0.8232473689662554,0.7855437490412404,0.6313299380693999,0.8893776445074377,0.897980989415515,0.8265524964483809,0.9516293495068793,0.9574100923951679,0.04258990760483301,0.08010474087690884,0.022482188230295724,0.004038475982124212,0.10567485737064822,0.00028509403124931466,0.3554868470089766,0.08505239298509495,0.02700382884882837,0.005321158123206764,0.11538889040037144,0.1366127734870149,0.09756538156994012,0.0410652880377149,0.19778547941287286,0.4113302290970371,0.4109544594401338,0.40501989961466645,0.4171420614109693,0.029439100046493267,0.3451187056364952,37097.77182309277,20939.665022042733,65987.21309050183,0.15,UB&PB,41685
0,0.0,0.0,0.0,0.0,0.0,0.0,0.0,0.0,0.0,0.0,0.0,0.0,0.0,0.0,0.0,0.0,0.0,0.0,0.0,0.0,0.0,0.0,0.0,0.0,0.0,0.0,0.0,0.0,0.0,0.0,0.0,0.0,0.0,0.0,0.0,0.2,UB&PB,41685
2500,0.9464970250364049,0.6766411895492616,0.5255593602343552,0.7952348123351838,0.5602003120534375,0.45385566659530185,0.6843898814484707,0.8249139033319182,0.7239892549058317,0.913401718159278,0.9599310589907603,0.04006894100923958,0.09041209940056749,0.03280001448732344,0.006571563167962458,0.13280041630349687,0.0005784853605325604,0.35573675371916363,0.09606103359163205,0.03908075604141469,0.00842133701726348,0.14368615645097646,0.1543623901595094,0.12131399332148755,0.06021289301320864,0.22490944903051496,0.40893129784506876,0.40851802878403704,0.40278737913030377,0.41446384721365304,0.0300936690944545,0.6644498250651261,18596.116051203244,10218.564027144808,35059.791629321546,0.2,UB&PB,41685
0,0.0,0.0,0.0,0.0,0.0,0.0,0.0,0.0,0.0,0.0,0.0,0.0,0.0,0.0,0.0,0.0,0.0,0.0,0.0,0.0,0.0,0.0,0.0,0.0,0.0,0.0,0.0,0.0,0.0,0.0,0.0,0.0,0.0,0.0,0.0,0.25,UB&PB,41685
2500,0.9665859278783132,0.537540571324457,0.37792308946953856,0.7268612381885405,0.18649395332402524,0.1105097273627828,0.29309164883466293,0.8435151978916094,0.7525101150219529,0.9172364594225877,0.9414228855721385,0.05857711442786074,0.16946333135136712,0.12715197953887566,0.04987702970950369,0.2618001255844891,0.010905020386598878,0.4441095868851162,0.1919547787308407,0.1591218393968397,0.06953274636491379,0.29317989355136276,0.26090103471628256,0.24888619740424583,0.14998643513294468,0.36964252595953656,0.41730908457725935,0.41676203177581667,0.40824544954380776,0.42569340111326165,0.14239097503530368,0.3368913356577529,6210.764800199516,2670.4118563164,16851.26856975053,0.25,UB&PB,41685
0,0.0,0.0,0.0,0.0,0.0,0.0,0.0,0.0,0.0,0.0,0.0,0.0,0.0,0.0,0.0,0.0,0.0,0.0,0.0,0.0,0.0,0.0,0.0,0.0,0.0,0.0,0.0,0.0,0.0,0.0,0.0,0.0,0.0,0.0,0.0,0.3,UB&PB,41685
2500,0.9736750755324458,0.58177812896472,0.4530697928560068,0.6925388951627414,0.1228518911471592,0.06729070615578453,0.19631606108865898,0.8658549523488513,0.7754282077032965,0.9338722699514509,0.9356886993603389,0.06431130063965883,0.1847277729766863,0.1459960242667427,0.0566797756354069,0.28993137487730425,0.012194679334051606,0.46031497092631807,0.20556764180617515,0.1764107219203576,0.07684366283872611,0.31739952092711826,0.28779430698663266,0.28789488552665443,0.1717878618596304,0.40408773781799273,0.4213434535605028,0.42096851598369,0.4142070314603814,0.4279676471310068,0.033703601758595964,0.3980622078410816,5056.789942773967,2256.1956769610424,13368.2413732513,0.3,UB&PB,41685
0,0.0,0.0,0.0,0.0,0.0,0.0,0.0,0.0,0.0,0.0,0.0,0.0,0.0,0.0,0.0,0.0,0.0,0.0,0.0,0.0,0.0,0.0,0.0,0.0,0.0,0.0,0.0,0.0,0.0,0.0,0.0,0.0,0.0,0.0,0.0,0.35,UB&PB,41685
2500,0.9772958963726212,0.8095727599205068,0.6593733807069057,0.9090000141389579,0.06497307476960523,0.029696809514739596,0.11600393947667616,0.8241093754468573,0.7107391967583061,0.9136113915628756,0.9101002132196171,0.08989978678038385,0.19079513469885762,0.15066561172203613,0.049137948332970895,0.30779691515397195,0.009653506171287442,0.4786267950953947,0.20005079474031942,0.1650976407536902,0.0582273822805065,0.32188399142987567,0.30910307033306045,0.3248088614480552,0.1753200142143165,0.44104665598006465,0.42220649983676506,0.4218918648546478,0.4175404944897268,0.4263996917826095,0.07409599166600363,0.5036611857816867,12688.460879366288,4381.7819411905475,43714.1735504482,0.35,UB&PB,41685
0,0.0,0.0,0.0,0.0,0.0,0.0,0.0,0.0,0.0,0.0,0.0,0.0,0.0,0.0,0.0,0.0,0.0,0.0,0.0,0.0,0.0,0.0,0.0,0.0,0.0,0.0,0.0,0.0,0.0,0.0,0.0,0.0,0.0,0.0,0.0,0.4,UB&PB,41685
2500,0.9947415572261095,0.669711996145871,0.5374251264563153,0.7852523851360992,0.05701325535532192,0.02584842708375683,0.09892471283876215,0.7614724762798556,0.672758397495038,0.8491524646129325,0.9040916844349688,0.09590831556503213,0.21999196652212402,0.19758343021894006,0.08469898170176078,0.3433983783912443,0.021120311548931597,0.4801252643990024,0.23758542525548984,0.22104753760003942,0.10515245025928303,0.3632834786406631,0.332149175538125,0.3562317261153798,0.22190420058602678,0.4421957334320807,0.4248548429514173,0.4245867283711006,0.4193488030728229,0.42998030602392356,0.10330484385695272,0.346024980767355,6451.152373461403,2402.998481333133,22173.90957536913,0.4,UB&PB,41685
0,0.0,0.0,0.0,0.0,0.0,0.0,0.0,0.0,0.0,0.0,0.0,0.0,0.0,0.0,0.0,0.0,0.0,0.0,0.0,0.0,0.0,0.0,0.0,0.0,0.0,0.0,0.0,0.0,0.0,0.0,0.0,0.0,0.0,0.0,0.0,0.45,UB&PB,41685
2500,0.9929842827828721,0.8553486920942301,0.7327935808353259,0.931337415141431,0.04969316032577572,0.020511966515249166,0.09251811175125856,0.7834347568092757,0.6725007817076701,0.8848817870015872,0.8899658848614069,0.11003411513859271,0.20427947096999474,0.17405436847634367,0.0602722712091325,0.3352201771476441,0.011426508426051989,0.4789828269515621,0.2118008425572572,0.18493621788891032,0.0681106664711298,0.3453556205844228,0.31950029702684657,0.3418627292293215,0.19484104796561103,0.441194293102722,0.4148598647075095,0.41455149025108595,0.41060397472242854,0.4186115308251764,0.04020760311343452,0.40063295785307956,14882.540223851225,4772.09023990994,56666.91077300958,0.45,UB&PB,41685
0,0.0,0.0,0.0,0.0,0.0,0.0,0.0,0.0,0.0,0.0,0.0,0.0,0.0,0.0,0.0,0.0,0.0,0.0,0.0,0.0,0.0,0.0,0.0,0.0,0.0,0.0,0.0,0.0,0.0,0.0,0.0,0.0,0.0,0.0,0.0,0.5,UB&PB,41685
2500,1.0146885198750681,0.7681147841632481,0.654964842799042,0.8643871345310712,0.03947876678319325,0.015402944239140704,0.07437924374813484,0.6622356482946865,0.556629946310849,0.7715164232477025,0.8696766169154233,0.1303233830845769,0.23929953756406525,0.2269954736966429,0.10558613328017094,0.37225531180506144,0.02682249949282783,0.48349165915597786,0.250947252338664,0.24074388533863353,0.12168160600131799,0.38208216149006863,0.34565078179324915,0.37542740715662815,0.2433636893598241,0.44613575511970616,0.416838189744647,0.4165766760230846,0.41237672167222644,0.42089927824877865,0.30209088071860646,0.6233668300269828,7738.264555423249,2652.64035459008,30478.118342355014,0.5,UB&PB,41685
0,0.0,0.0,0.0,0.0,0.0,0.0,0.0,0.0,0.0,0.0,0.0,0.0,0.0,0.0,0.0,0.0,0.0,0.0,0.0,0.0,0.0,0.0,0.0,0.0,0.0,0.0,0.0,0.0,0.0,0.0,0.0,0.0,0.0,0.0,0.0,0.55,UB&PB,41685
2500,1.0220273996473126,0.8658270789127769,0.7736822802165461,0.936891708605389,0.0364057580394315,0.013601860542795094,0.0712714961046603,0.7333566231665379,0.6160191417154545,0.8410659474153689,0.8517029140014215,0.14829708599857852,0.2389321937955163,0.22170646702549368,0.09472761095700288,0.38394038982133755,0.021689679854878335,0.4975389179261767,0.24638270133905368,0.23058802944722506,0.10520026640493112,0.38947257360188836,0.34728728643358303,0.37554310270053615,0.2335099704839356,0.4577281559462551,0.42023644654896947,0.41998429277869465,0.4162473731196719,0.4238384883075151,0.5508164199278782,0.816510603039226,14209.359663907271,4284.711175661628,62364.94792763493,0.55,UB&PB,41685
0,0.0,0.0,0.0,0.0,0.0,0.0,0.0,0.0,0.0,0.0,0.0,0.0,0.0,0.0,0.0,0.0,0.0,0.0,0.0,0.0,0.0,0.0,0.0,0.0,0.0,0.0,0.0,0.0,0.0,0.0,0.0,0.0,0.0,0.0,0.0,0.6,UB&PB,41685
2500,1.0415951990248253,0.8508034425567473,0.7592662479017328,0.9231827419431767,0.032017409631460166,0.0115431701476551,0.0627044223682526,0.6382279864506791,0.5135262687562527,0.7501952697103472,0.785154939587774,0.21484506041222437,0.26565743553395516,0.259635330382117,0.13674630185608208,0.4003689768918896,0.03468671269525138,0.5013865304328061,0.2740167620019274,0.26912517901637584,0.15040267593548373,0.4043912698834977,0.36261344562330816,0.3904970851919961,0.2679402787345983,0.45679132693016816,0.4174083064329138,0.4170981607657073,0.41333245228670173,0.4209977784320087,0.43892629861466353,0.8863838934306264,10893.881617409259,3296.4633424281537,49825.69523104524,0.6,UB&PB,41685
0,0.0,0.0,0.0,0.0,0.0,0.0,0.0,0.0,0.0,0.0,0.0,0.0,0.0,0.0,0.0,0.0,0.0,0.0,0.0,0.0,0.0,0.0,0.0,0.0,0.0,0.0,0.0,0.0,0.0,0.0,0.0,0.0,0.0,0.0,0.0,0.65,UB&PB,41685
2500,1.051733887936859,0.8927614084563131,0.8186622793030724,0.9495584838783753,0.03048575207436346,0.010745018943841387,0.06022936742612004,0.6518385826142487,0.5122473177599759,0.8043482627078131,0.6591030561478322,0.34089694385216807,0.27725501719038936,0.2736311850943164,0.14916867930295072,0.40996489741499903,0.03855868394297753,0.5164395375060462,0.2840334230378706,0.2818741283032968,0.15944248002925873,0.4123032014778156,0.37241005611675543,0.3972972949400779,0.28085002813009363,0.46442001889014256,0.41818336144317153,0.41794199971844653,0.4142589060608982,0.4216904535118289,0.061557541795391794,0.5693969297813695,14251.263363474314,3860.301392054653,70063.2213228229,0.65,UB&PB,41685
0,0.0,0.0,0.0,0.0,0.0,0.0,0.0,0.0,0.0,0.0,0.0,0.0,0.0,0.0,0.0,0.0,0.0,0.0,0.0,0.0,0.0,0.0,0.0,0.0,0.0,0.0,0.0,0.0,0.0,0.0,0.0,0.0,0.0,0.0,0.0,0.7,UB&PB,41685
2500,1.0796984604164095,0.8914795634540295,0.8071773122535402,0.9515335746329245,0.027765390912676612,0.009558701355197605,0.054757836482137286,0.5003551675093106,0.4015380541007043,0.6188503166481423,0.2727853589196864,0.7272146410803115,0.32511473752495157,0.3331176148590879,0.22935206100048436,0.42405504891671614,0.08839304094313591,0.5416643897462374,0.3325397466044215,0.3422388222829066,0.23969961198928386,0.42661249837821824,0.4054212772516771,0.4183986094629194,0.3466253448542316,0.4683776526648015,0.4227093743298,0.4224382984674838,0.4188240581228866,0.4261600631211247,0.3680447482053013,0.8217002268661429,11721.779082455718,2710.331708025181,64402.780847789894,0.7,UB&PB,41685
0,0.0,0.0,0.0,0.0,0.0,0.0,0.0,0.0,0.0,0.0,0.0,0.0,0.0,0.0,0.0,0.0,0.0,0.0,0.0,0.0,0.0,0.0,0.0,0.0,0.0,0.0,0.0,0.0,0.0,0.0,0.0,0.0,0.0,0.0,0.0,0.75,UB&PB,41685
2500,1.0935387886060444,0.8885577172351725,0.7965252019386864,0.9495515622208764,0.02722096141767059,0.009281743856117792,0.05354762986444952,0.5693834261893609,0.45520967377986954,0.7258939927531787,0.3560049751243781,0.6439950248756211,0.32350325400649554,0.337168234086705,0.2262658635820294,0.4193527240767567,0.09267947937776215,0.5316302615963704,0.3303718869091976,0.34518199522522697,0.23591890385220687,0.42185811364592807,0.39752787270177947,0.4117320625219781,0.3378347176538097,0.46032087604629496,0.41698095481441677,0.41669554686812066,0.41300574229274395,0.42051350178086216,0.23643105549356438,0.7526869733107835,10762.882674786893,2631.755986094972,57913.25466996984,0.75,UB&PB,41685
0,0.0,0.0,0.0,0.0,0.0,0.0,0.0,0.0,0.0,0.0,0.0,0.0,0.0,0.0,0.0,0.0,0.0,0.0,0.0,0.0,0.0,0.0,0.0,0.0,0.0,0.0,0.0,0.0,0.0,0.0,0.0,0.0,0.0,0.0,0.0,0.8,UB&PB,41685
2500,1.102109363274179,0.9026657884760708,0.8278049980852957,0.9540056476403622,0.02876524296644233,0.009950172921803804,0.05670141025242694,0.7001916098124485,0.5372490667320875,0.8220220590099001,0.2654115138592753,0.7345884861407251,0.32762056445082316,0.34820110895934053,0.22942557057853238,0.4169287125997847,0.10071957718756416,0.5353338166613599,0.33323177422454514,0.35341896865621436,0.23745581890684841,0.4194484950726334,0.39659733806271463,0.40803743112083973,0.33545210761173005,0.46002323663181,0.41279218689412556,0.41249679891439345,0.40884765549269436,0.4163199763394524,0.7786416876488772,1.0201904021835257,12640.112306908233,2857.458901603338,70076.1695657039,0.8,UB&PB,41685
0,0.0,0.0,0.0,0.0,0.0,0.0,0.0,0.0,0.0,0.0,0.0,0.0,0.0,0.0,0.0,0.0,0.0,0.0,0.0,0.0,0.0,0.0,0.0,0.0,0.0,0.0,0.0,0.0,0.0,0.0,0.0,0.0,0.0,0.0,0.0,0.85,UB&PB,41685
2500,1.1327089795603646,0.8903393399130991,0.8116244576037364,0.9484074840093155,0.028095274503874314,0.00974498702629475,0.054874057281784405,0.6841889390862148,0.5648201195511946,0.8004220019480127,0.22260412224591347,0.7773958777540873,0.35707477471346516,0.3843327806389624,0.2730655694489733,0.4321815652716062,0.13455157369863596,0.5502285101077179,0.36259039664592957,0.3865640780618594,0.2819576058825052,0.43567979444889,0.41243786739080135,0.4212943206208561,0.3579546199847937,0.4686300449979217,0.4242808067799648,0.42405292055257027,0.4204215641582125,0.42782586549251733,0.22263379987713483,0.5910703425192392,11268.01252284544,2566.659071515818,62120.30803916773,0.85,UB&PB,41685
0,0.0,0.0,0.0,0.0,0.0,0.0,0.0,0.0,0.0,0.0,0.0,0.0,0.0,0.0,0.0,0.0,0.0,0.0,0.0,0.0,0.0,0.0,0.0,0.0,0.0,0.0,0.0,0.0,0.0,0.0,0.0,0.0,0.0,0.0,0.0,0.9,UB&PB,41685
2500,1.1493632741923958,0.8661327277672928,0.777837001067672,0.9340205537669903,0.028695420156305666,0.009998498134452962,0.056209447411913055,0.7177687728834679,0.5497739144589553,0.8638305194260681,0.18210376687988614,0.8178962331201127,0.37434652855803585,0.3980794535918424,0.3092244809605278,0.4364205010842574,0.1608438774645796,0.5547222304449723,0.379665002709755,0.3984201095893385,0.31770754449804794,0.44080337455181856,0.4167381807515532,0.4232135397017688,0.36763351687168133,0.4675300878178177,0.42533741300232114,0.42515111514152315,0.42134902796865026,0.42903247132355676,0.025076593160735607,0.6559589909117153,9027.725921645948,2162.2548031132187,48194.85108726154,0.9,UB&PB,41685
0,0.0,0.0,0.0,0.0,0.0,0.0,0.0,0.0,0.0,0.0,0.0,0.0,0.0,0.0,0.0,0.0,0.0,0.0,0.0,0.0,0.0,0.0,0.0,0.0,0.0,0.0,0.0,0.0,0.0,0.0,0.0,0.0,0.0,0.0,0.0,0.95,UB&PB,41685
2500,1.1623956931014523,0.8464165209822437,0.7545040340731151,0.9252248278512938,0.027822110357174384,0.009510261061666865,0.05511559881879193,0.8326032298203948,0.70467251368462,0.9176818108421377,0.16708244491826574,0.8329175550817346,0.3806421032801661,0.39692401301243135,0.33093141215645944,0.4300878233441555,0.183744275433579,0.5513391713877391,0.3853636230977512,0.3959601682159726,0.33772661047141517,0.4347869067370009,0.4088664524318405,0.4142042455998677,0.36001463303020403,0.4584084210833346,0.41609968029169153,0.415755818311293,0.4120053225281462,0.4196445747077609,0.32380299406759067,1.0004769046388426,8443.980728424194,2054.458526401633,45278.06396803277,0.95,UB&PB,41685
0,0.0,0.0,0.0,0.0,0.0,0.0,0.0,0.0,0.0,0.0,0.0,0.0,0.0,0.0,0.0,0.0,0.0,0.0,0.0,0.0,0.0,0.0,0.0,0.0,0.0,0.0,0.0,0.0,0.0,0.0,0.0,0.0,0.0,0.0,0.0,0.05,UB&PB,43557
2500,0.9133131310882161,0.7876472215800954,0.6053925442980356,0.884537668823849,0.8907445082140942,0.7889787190645697,0.9490360517501228,0.8684181738356666,0.7714377371436464,0.9358290801293907,0.9562892679459859,0.04371073205401559,0.08107245115564463,0.01593623674710728,0.0020119589508391833,0.1012605683216678,1.8063705566399393e-5,0.38506575140381505,0.08437867753639851,0.017951173613486044,0.0022609540447490074,0.10803447665694493,0.1461674344445552,0.09288793277295254,0.029789931224806346,0.22850546739764446,0.4155915153968592,0.4152328256845927,0.41030351814822574,0.4203987194447582,0.06403811957591789,0.4758101495266319,38042.163230794795,19227.61368154998,74119.97054477443,0.05,UB&PB,43557
0,0.0,0.0,0.0,0.0,0.0,0.0,0.0,0.0,0.0,0.0,0.0,0.0,0.0,0.0,0.0,0.0,0.0,0.0,0.0,0.0,0.0,0.0,0.0,0.0,0.0,0.0,0.0,0.0,0.0,0.0,0.0,0.0,0.0,0.0,0.0,0.1,UB&PB,43557
2500,0.9369442188420912,0.26746811086993105,0.15915298684501847,0.3988394258527546,0.5536370647482126,0.3965155154054632,0.7076404240030274,0.8962269765156153,0.8152290158612305,0.9521501157264638,0.9603695806680879,0.03963041933191192,0.11092201234080544,0.06378175180532974,0.023092094895907078,0.15882826375020942,0.0049555336347845745,0.36737114707523943,0.13871231440762544,0.0966115935538868,0.03859173714818773,0.20461548348645467,0.16461126340013638,0.13600695006507488,0.08776519938485515,0.21098014493871936,0.4287504598267442,0.42818389336384766,0.4094415271186126,0.447494600002756,0.023574212956841225,0.5960631052220366,2305.37650175094,1569.1634632082464,3474.8411874946473,0.1,UB&PB,43557
0,0.0,0.0,0.0,0.0,0.0,0.0,0.0,0.0,0.0,0.0,0.0,0.0,0.0,0.0,0.0,0.0,0.0,0.0,0.0,0.0,0.0,0.0,0.0,0.0,0.0,0.0,0.0,0.0,0.0,0.0,0.0,0.0,0.0,0.0,0.0,0.15,UB&PB,43557
2500,0.9400058493983524,0.7415673570172094,0.5147859128773372,0.8773773379022535,0.7567379221288201,0.6170927732168072,0.8552843371504383,0.8381791233148386,0.7273720831730416,0.9202839369477972,0.9601954513148536,0.039804548685145734,0.08093788308323425,0.024290047912287314,0.0040989277176378,0.10813180770749758,0.00024810274946297545,0.35323730434881323,0.08507520475196374,0.027938976806634184,0.004903649208176345,0.1163423531961953,0.13759083426455082,0.09925761014301776,0.042218182254618195,0.19887228923703126,0.41652634282767304,0.4161871938259999,0.4105230417669094,0.42201231831757735,0.021678510592641864,0.44126211371181184,37881.00528019201,22752.63176180693,64080.667392003976,0.15,UB&PB,43557
0,0.0,0.0,0.0,0.0,0.0,0.0,0.0,0.0,0.0,0.0,0.0,0.0,0.0,0.0,0.0,0.0,0.0,0.0,0.0,0.0,0.0,0.0,0.0,0.0,0.0,0.0,0.0,0.0,0.0,0.0,0.0,0.0,0.0,0.0,0.0,0.2,UB&PB,43557
2500,0.9620268967622595,0.3711209764260593,0.2390085219042518,0.5265208066603745,0.3981929164854501,0.26383451674148045,0.571206862362593,0.8500318435887602,0.7720891126288216,0.916825694044665,0.9586396588486146,0.04136034115138592,0.1375350053895606,0.09367230610581406,0.03500129335443548,0.20906322747620473,0.006705030900082648,0.39759025948205945,0.1667739432607422,0.132643158955959,0.055819396310213105,0.2532209445135044,0.20351516449387264,0.17983037029313453,0.11995909563902044,0.26933816428764396,0.42831764062047556,0.4275755987793361,0.4129684544317286,0.44286419170202534,0.12030168761126157,1.2751679666166145,2773.466958870094,1776.3568979103386,4412.286406529412,0.2,UB&PB,43557
0,0.0,0.0,0.0,0.0,0.0,0.0,0.0,0.0,0.0,0.0,0.0,0.0,0.0,0.0,0.0,0.0,0.0,0.0,0.0,0.0,0.0,0.0,0.0,0.0,0.0,0.0,0.0,0.0,0.0,0.0,0.0,0.0,0.0,0.0,0.0,0.25,UB&PB,43557
2500,0.962777608219024,0.46742784293251083,0.3263128864750222,0.5996099125578058,0.2020999821559549,0.1382254214678348,0.29578962192678726,0.8708395957627851,0.7915361341221724,0.9375188871650677,0.9471215351812375,0.05287846481876332,0.1628932186276332,0.12104468004112304,0.04745357546120814,0.25264006182108534,0.010146356034594458,0.4309054966981083,0.1903713461105302,0.16040194176622763,0.0704961427531496,0.29126364507104524,0.2486040741489916,0.23495587107828853,0.14649272679010242,0.3448282125192344,0.41274035130774644,0.4121858036674192,0.4024712449462806,0.4222916647272851,0.06051712525605569,0.2598345557979658,2830.8546328170614,1541.201633106612,6248.376462453977,0.25,UB&PB,43557
0,0.0,0.0,0.0,0.0,0.0,0.0,0.0,0.0,0.0,0.0,0.0,0.0,0.0,0.0,0.0,0.0,0.0,0.0,0.0,0.0,0.0,0.0,0.0,0.0,0.0,0.0,0.0,0.0,0.0,0.0,0.0,0.0,0.0,0.0,0.0,0.3,UB&PB,43557
2500,0.9661198488163625,0.6101671973425494,0.4152569754440677,0.7801813316336808,0.17310274050766108,0.10384157653884536,0.2575056766425012,0.8506039952183667,0.760453122821123,0.9235863863304319,0.9459246624022736,0.05407533759772551,0.15887936214169204,0.11161398839358097,0.03991236022385447,0.2505253769756161,0.010554181237383563,0.4361839632747592,0.17486962194872302,0.13548208042684626,0.05335377995531899,0.27366835376464116,0.252196353369547,0.2401442489666197,0.13670496720574632,0.3647739547617953,0.40428268858889216,0.40382778701839506,0.39736743685367937,0.4106141306649566,0.08671592547141181,0.39737452333293616,6009.808896035772,2861.967292257527,14471.015156692956,0.3,UB&PB,43557
0,0.0,0.0,0.0,0.0,0.0,0.0,0.0,0.0,0.0,0.0,0.0,0.0,0.0,0.0,0.0,0.0,0.0,0.0,0.0,0.0,0.0,0.0,0.0,0.0,0.0,0.0,0.0,0.0,0.0,0.0,0.0,0.0,0.0,0.0,0.0,0.35,UB&PB,43557
2500,0.982773660687017,0.6395067990637049,0.48277335931585474,0.7554919161865672,0.09228097139171054,0.04785110766434217,0.14890894698220344,0.7537425901827114,0.6397612775995283,0.8598805318412263,0.9299076048329783,0.07009239516702197,0.20196622296159233,0.1712532820924033,0.07268847195848757,0.3147893658180517,0.01696755493626023,0.4673293805584801,0.22061093663586456,0.19766564851074322,0.09300983904317782,0.33824650213562696,0.3096655214872848,0.3223738153530664,0.19526187841840503,0.42495496643889297,0.42299093539368815,0.4226523931636367,0.4170105133163747,0.4285324431967589,0.06547903688085431,0.28067462016366307,5488.4967960401455,2361.343125639233,15512.071470880386,0.35,UB&PB,43557
0,0.0,0.0,0.0,0.0,0.0,0.0,0.0,0.0,0.0,0.0,0.0,0.0,0.0,0.0,0.0,0.0,0.0,0.0,0.0,0.0,0.0,0.0,0.0,0.0,0.0,0.0,0.0,0.0,0.0,0.0,0.0,0.0,0.0,0.0,0.0,0.4,UB&PB,43557
2500,0.9850068002468069,0.7452363597080787,0.6173091569514343,0.8539578060517564,0.0676156466116352,0.031118429300015724,0.11829035612868236,0.7818956682740095,0.6860770873188831,0.8690380628489232,0.9087085998578536,0.09129140014214644,0.19574504847315202,0.16303526602181392,0.05857048873025927,0.3157969312518615,0.011412312398964132,0.46766244276675417,0.20642009818286994,0.178807753991295,0.0696608561350303,0.3309567239894545,0.30866411695372353,0.3275129657106275,0.1855470778028079,0.429385223059866,0.4127876684447349,0.41249665365456506,0.40807951731704234,0.417071395984267,0.29430137616570856,0.6940157434924775,8415.912374077989,3144.133313572669,27781.592463074765,0.4,UB&PB,43557
0,0.0,0.0,0.0,0.0,0.0,0.0,0.0,0.0,0.0,0.0,0.0,0.0,0.0,0.0,0.0,0.0,0.0,0.0,0.0,0.0,0.0,0.0,0.0,0.0,0.0,0.0,0.0,0.0,0.0,0.0,0.0,0.0,0.0,0.0,0.0,0.45,UB&PB,43557
2500,0.9967504550084682,0.8338728983468611,0.7299700579967584,0.9245462863914115,0.048530837297648025,0.019892917457383794,0.09104853894639868,0.744454479342251,0.597196522436153,0.8622455235768924,0.8939132906894105,0.10608670931059011,0.21213586995108716,0.18452918460437734,0.0677061310355649,0.34557194411022596,0.01418111202958914,0.48324847880288274,0.2200716372943197,0.19557043135424176,0.07684681808867866,0.35560272437312074,0.32647926831681356,0.351397590856731,0.2017626675230022,0.44776160996549613,0.4192824978095355,0.41901624326617337,0.4151261259713417,0.4230476302813791,0.5209119347642435,1.0140835057239563,13358.292570072259,4333.495323502879,52234.65551863959,0.45,UB&PB,43557
0,0.0,0.0,0.0,0.0,0.0,0.0,0.0,0.0,0.0,0.0,0.0,0.0,0.0,0.0,0.0,0.0,0.0,0.0,0.0,0.0,0.0,0.0,0.0,0.0,0.0,0.0,0.0,0.0,0.0,0.0,0.0,0.0,0.0,0.0,0.0,0.5,UB&PB,43557
2500,1.0059636236295397,0.860615060358342,0.7517084378288073,0.9345372921815828,0.04158237063584798,0.016165608595416353,0.0792860511543244,0.708322690929787,0.6015173311853541,0.8172743153007399,0.8657491115849324,0.13425088841506724,0.2250446981465982,0.2047375485278235,0.07878767460292486,0.36410725058838794,0.016556413301504324,0.49196471440350464,0.23277181847570455,0.21515570045524543,0.088278634532105,0.3717092254879511,0.3368029079316994,0.3631966276192113,0.21724111266018117,0.45211448080087197,0.41766651152380857,0.4173678236006704,0.4135181104933977,0.42131532080073203,0.028858721004529377,0.45104105654278415,13547.746941914467,4276.13904741835,55417.067083166745,0.5,UB&PB,43557
0,0.0,0.0,0.0,0.0,0.0,0.0,0.0,0.0,0.0,0.0,0.0,0.0,0.0,0.0,0.0,0.0,0.0,0.0,0.0,0.0,0.0,0.0,0.0,0.0,0.0,0.0,0.0,0.0,0.0,0.0,0.0,0.0,0.0,0.0,0.0,0.55,UB&PB,43557
2500,1.0209257564160343,0.8562410424940997,0.7370982374481143,0.936696334572346,0.03593698713618299,0.013634036884207308,0.06814375133781557,0.7415317550186211,0.6033584546195361,0.8543462525701169,0.847257995735608,0.15274200426439238,0.23555998374689152,0.21874616350175552,0.09629325041048319,0.37445003913506686,0.023284789141289314,0.4875177236302304,0.24368245550676015,0.22849481683582973,0.1076320813738625,0.38026386541322565,0.3389716386450341,0.3671116820038441,0.22884732967465318,0.4458713336929062,0.409066488516764,0.40875075322953824,0.4048307955976248,0.41277783794334616,0.4383446059933631,0.698146920338035,11893.8435925608,3689.135143273441,51658.80146043046,0.55,UB&PB,43557
0,0.0,0.0,0.0,0.0,0.0,0.0,0.0,0.0,0.0,0.0,0.0,0.0,0.0,0.0,0.0,0.0,0.0,0.0,0.0,0.0,0.0,0.0,0.0,0.0,0.0,0.0,0.0,0.0,0.0,0.0,0.0,0.0,0.0,0.0,0.0,0.6,UB&PB,43557
2500,1.034913143936223,0.8255041545652587,0.7135136263926065,0.9058500037086552,0.03387040670772794,0.012710311524417655,0.06513169244059898,0.688626356875311,0.5868853099740206,0.7854205922085435,0.7596012793176973,0.24039872068230295,0.2556198618353383,0.24536084353653426,0.12924314793465308,0.3900406929194213,0.03458142111221973,0.48948638280164253,0.26514402782949736,0.2563333017602476,0.14386471013846566,0.39466412481864727,0.3536039653605416,0.37989779215542485,0.2635112747631989,0.4441613511608778,0.40967711570226295,0.40937550972512626,0.40535119330731734,0.4135564203543494,0.6969660663904349,0.9184185461640851,9921.97690053496,3079.413199064246,43644.49791580406,0.6,UB&PB,43557
0,0.0,0.0,0.0,0.0,0.0,0.0,0.0,0.0,0.0,0.0,0.0,0.0,0.0,0.0,0.0,0.0,0.0,0.0,0.0,0.0,0.0,0.0,0.0,0.0,0.0,0.0,0.0,0.0,0.0,0.0,0.0,0.0,0.0,0.0,0.0,0.65,UB&PB,43557
2500,1.0512991218807408,0.8707040031755579,0.7799045084235661,0.937208455716788,0.028797197446250613,0.010007054801869572,0.05660052920955848,0.6289559559729992,0.5134633072415955,0.7476203641585851,0.69804406538735,0.3019559346126508,0.2760183131253212,0.2707387846616661,0.15088007182688457,0.4055887466609559,0.045121247772296876,0.5116802129482052,0.2836554608792468,0.2796321069100202,0.1629807437257863,0.40832293459003743,0.36855444800863296,0.39435963319800577,0.2764264093374841,0.4597041193436734,0.4137755042529875,0.41350172636783417,0.4097334116660564,0.4173579304347614,0.5128634714491767,0.8246950763267483,11415.111689540452,3242.6107001686255,55817.20302105443,0.65,UB&PB,43557
0,0.0,0.0,0.0,0.0,0.0,0.0,0.0,0.0,0.0,0.0,0.0,0.0,0.0,0.0,0.0,0.0,0.0,0.0,0.0,0.0,0.0,0.0,0.0,0.0,0.0,0.0,0.0,0.0,0.0,0.0,0.0,0.0,0.0,0.0,0.0,0.7,UB&PB,43557
2500,1.0756694655216892,0.8776121691594082,0.7991067888182665,0.937848542004993,0.028491634197650367,0.009869350106138866,0.05593055585941011,0.6801930446083709,0.562651047608696,0.7853514309866358,0.5673454157782514,0.43265458422174885,0.2981787174708905,0.29900932096711086,0.18252314487853435,0.41728574279550845,0.06309086880535533,0.5240705846872812,0.30531135163909134,0.30858411109155465,0.19287390056256928,0.4193528667170534,0.3845935573891664,0.4060273446772316,0.30530428476834454,0.4652317183685259,0.41989292006411305,0.4196098012913309,0.4159219842326294,0.4234065137678829,0.6655788122017321,0.909137010541749,11802.578336396413,3155.0139237119656,60053.74325259869,0.7,UB&PB,43557
0,0.0,0.0,0.0,0.0,0.0,0.0,0.0,0.0,0.0,0.0,0.0,0.0,0.0,0.0,0.0,0.0,0.0,0.0,0.0,0.0,0.0,0.0,0.0,0.0,0.0,0.0,0.0,0.0,0.0,0.0,0.0,0.0,0.0,0.0,0.0,0.75,UB&PB,43557
2500,1.0934735541912637,0.8998700334631194,0.8226890974691028,0.9536658784886599,0.028664402257651933,0.009924038610846725,0.056252028372745164,0.5402542457126868,0.4317723451710957,0.651145921571844,0.251410803127221,0.7485891968727789,0.330440738276878,0.3435746241836517,0.23924936252131906,0.42037582403063517,0.10647567879295343,0.535061527039827,0.3369820286281275,0.35102931688899314,0.24780610591622734,0.4230301200724661,0.4027750638671249,0.41368630580023485,0.3486183525206135,0.4606948892403829,0.4173186887702069,0.4170265489254248,0.41337962020939,0.4208421060901569,0.17141994895046167,0.6369702647687316,11499.52695345552,2618.9259232109757,63584.997587724094,0.75,UB&PB,43557
0,0.0,0.0,0.0,0.0,0.0,0.0,0.0,0.0,0.0,0.0,0.0,0.0,0.0,0.0,0.0,0.0,0.0,0.0,0.0,0.0,0.0,0.0,0.0,0.0,0.0,0.0,0.0,0.0,0.0,0.0,0.0,0.0,0.0,0.0,0.0,0.8,UB&PB,43557
2500,1.1023014351926708,0.8771733530562814,0.7816425587418793,0.9416373298907682,0.029286103128081598,0.010269575692304378,0.05788636597430162,0.7616280526423227,0.6356341053042904,0.8713528388654769,0.2793667377398724,0.7206332622601295,0.3249363134124476,0.3473694025484585,0.22344962797571097,0.4172302634725079,0.09300680877277555,0.5361737455243112,0.3315187035507836,0.35386037009961896,0.23288035046552394,0.4201256284514189,0.39632450583858403,0.4083338339759609,0.33433205464518245,0.46010344010154985,0.41323670257578793,0.41294841610786326,0.4091693742259423,0.41689060145240653,0.2031261079787376,0.6338244044765431,10759.714739247062,2566.208642621248,57342.547319936246,0.8,UB&PB,43557
0,0.0,0.0,0.0,0.0,0.0,0.0,0.0,0.0,0.0,0.0,0.0,0.0,0.0,0.0,0.0,0.0,0.0,0.0,0.0,0.0,0.0,0.0,0.0,0.0,0.0,0.0,0.0,0.0,0.0,0.0,0.0,0.0,0.0,0.0,0.0,0.85,UB&PB,43557
2500,1.123183810476452,0.8467841007119041,0.7507297258671384,0.9276676305667135,0.027361095685810563,0.009421418584270754,0.053874599721385405,0.6243037318327583,0.47947612103811704,0.7882547545144706,0.21799360341151405,0.7820063965884856,0.3487284366151199,0.37475488310995214,0.2720061956042587,0.4166874100013174,0.13672143068808051,0.5327034650784485,0.3548533693275164,0.37681552162737986,0.28142450402259506,0.420716183474658,0.39850182727520206,0.4062692984752793,0.3500354731346743,0.44917930504283227,0.4089467798595713,0.4086062527620403,0.4048010639793763,0.41256457777484407,0.04929096804273872,0.49643970273042337,8633.778543004159,2105.5184266199753,46310.67298801934,0.85,UB&PB,43557
0,0.0,0.0,0.0,0.0,0.0,0.0,0.0,0.0,0.0,0.0,0.0,0.0,0.0,0.0,0.0,0.0,0.0,0.0,0.0,0.0,0.0,0.0,0.0,0.0,0.0,0.0,0.0,0.0,0.0,0.0,0.0,0.0,0.0,0.0,0.0,0.9,UB&PB,43557
2500,1.1450466274529336,0.8528765035459588,0.7470309085945969,0.9222910635149925,0.028161159049436505,0.009682777956529932,0.055867719275731385,0.817376527870741,0.706945878750661,0.8983611740179291,0.17673631840795986,0.8232636815920404,0.3611442137145694,0.3834712250897596,0.29501533451387957,0.4233005318519499,0.15100673915587912,0.5446569109973558,0.3667161695267365,0.38368077792208805,0.30425753220160945,0.42806675836427194,0.4038827522577875,0.4108021586600383,0.35438046189991573,0.45480347254837494,0.41325595907897666,0.4129500332367804,0.4090726459949633,0.4169589421825752,0.1052207864077086,0.4296205936820544,8333.390544516988,2044.0834225988742,43853.815715790195,0.9,UB&PB,43557
0,0.0,0.0,0.0,0.0,0.0,0.0,0.0,0.0,0.0,0.0,0.0,0.0,0.0,0.0,0.0,0.0,0.0,0.0,0.0,0.0,0.0,0.0,0.0,0.0,0.0,0.0,0.0,0.0,0.0,0.0,0.0,0.0,0.0,0.0,0.0,0.95,UB&PB,43557
2500,1.16111413779274,0.8941813480640974,0.8021405850805234,0.9515944560524,0.02951555380741214,0.010332207685853944,0.05794169067751165,0.7683434876492944,0.6539387443782355,0.8663225876654856,0.14644776119402989,0.8535522388059719,0.3845347940235422,0.4012607794007409,0.3307910271310266,0.4360099857392978,0.18834851337515396,0.557830485525351,0.3887230029967996,0.4000036354047106,0.337519566755976,0.4400779301209914,0.41478939231040285,0.4198151008920906,0.3617132503006969,0.4672573803087611,0.4219967673756012,0.42174026146206656,0.41801426365814076,0.42563858916825736,0.024516018753291003,1.0096454835550752,9957.507825918872,2267.5090278442012,54751.66610432044,0.95,UB&PB,43557
0,0.0,0.0,0.0,0.0,0.0,0.0,0.0,0.0,0.0,0.0,0.0,0.0,0.0,0.0,0.0,0.0,0.0,0.0,0.0,0.0,0.0,0.0,0.0,0.0,0.0,0.0,0.0,0.0,0.0,0.0,0.0,0.0,0.0,0.0,0.0,0.05,UB&PB,19969
2500,0.9198005010047328,0.6004805952640536,0.44186829080784373,0.7229435640494402,0.8675855052799913,0.7670641311500846,0.9360582155001064,0.9072500617265911,0.8307825311054446,0.9570220977186451,0.9560881307746975,0.04391186922530211,0.08533532117170199,0.02286591715618834,0.0034923603191799202,0.11093846332001907,0.00021897448120168308,0.38110127060930066,0.09219425860765647,0.02847358518969719,0.00469361458940413,0.12531772259361706,0.14695574201653744,0.098121069212583,0.03791307855639133,0.21884556319940737,0.42512562105985063,0.4247281828417056,0.417958460797044,0.4318160575247446,0.024501288288750846,0.5400074025677379,21646.028193421414,11293.166447468746,41570.921555410496,0.05,UB&PB,19969
0,0.0,0.0,0.0,0.0,0.0,0.0,0.0,0.0,0.0,0.0,0.0,0.0,0.0,0.0,0.0,0.0,0.0,0.0,0.0,0.0,0.0,0.0,0.0,0.0,0.0,0.0,0.0,0.0,0.0,0.0,0.0,0.0,0.0,0.0,0.0,0.1,UB&PB,19969
2500,0.930041094683475,0.5854870650434907,0.42862801376000625,0.7232587061165872,0.7870597283869086,0.6433111598317933,0.903616412869231,0.8833575603999674,0.7938572339691602,0.9470244732945599,0.9557149964463383,0.044285003553660184,0.08159773797163208,0.023880860881844983,0.005197154253027728,0.10502070970349499,0.00041230811125918444,0.3613026626748893,0.0882694756593465,0.029998249754275765,0.006953660961516928,0.11882900751411139,0.1385409437145996,0.09479406584321291,0.0407960673928565,0.19841475159741312,0.40808558692396396,0.40759964370100854,0.40151755861305943,0.4139823132866564,0.04970328048530794,0.32293512265404845,10688.193520716142,6523.083237936778,17927.202912185156,0.1,UB&PB,19969
0,0.0,0.0,0.0,0.0,0.0,0.0,0.0,0.0,0.0,0.0,0.0,0.0,0.0,0.0,0.0,0.0,0.0,0.0,0.0,0.0,0.0,0.0,0.0,0.0,0.0,0.0,0.0,0.0,0.0,0.0,0.0,0.0,0.0,0.0,0.0,0.15,UB&PB,19969
2500,0.9463114018013226,0.558981962484005,0.4169432912030425,0.7287075492778043,0.7512547589968807,0.6195179962213081,0.8533066398274874,0.8588230564239238,0.7523215732414494,0.936688175484421,0.9605657427149962,0.03943425728500357,0.0854374301142707,0.03231193269698651,0.007257882251409183,0.11892647527490453,0.0007911687918311179,0.34366193036996073,0.09544005288183095,0.043411769420606185,0.01137222909846197,0.1366048535516572,0.13726050535884726,0.10436335895253114,0.051819936219618286,0.18939341552531394,0.4232335554099087,0.4227440950702856,0.41436050116220663,0.4314730550683601,0.05348221440652898,0.23644773603065078,16667.572611047828,10505.150571162827,27035.90620924851,0.15,UB&PB,19969
0,0.0,0.0,0.0,0.0,0.0,0.0,0.0,0.0,0.0,0.0,0.0,0.0,0.0,0.0,0.0,0.0,0.0,0.0,0.0,0.0,0.0,0.0,0.0,0.0,0.0,0.0,0.0,0.0,0.0,0.0,0.0,0.0,0.0,0.0,0.0,0.2,UB&PB,19969
2500,0.9478452528283084,0.6262275797505634,0.45435933441151555,0.7642993480934357,0.4080786426987218,0.31088594159670624,0.5212433880048978,0.8295728249533285,0.7492899020922787,0.9009632025216632,0.959537313432835,0.04046268656716429,0.11005630642341092,0.053617631686116565,0.015936567030938025,0.16410473031977638,0.001952794244975941,0.38946203523878503,0.11946157650652837,0.06623032498289716,0.020908739101287835,0.18070479438665174,0.18586581879948763,0.1541668723673381,0.08438745774415891,0.2688416809309066,0.4086579783898106,0.40818468362354204,0.4020458203882388,0.4146123527889477,0.0914933241822437,0.44311100831048456,11754.659715629195,6642.737793534867,21514.231254173144,0.2,UB&PB,19969
0,0.0,0.0,0.0,0.0,0.0,0.0,0.0,0.0,0.0,0.0,0.0,0.0,0.0,0.0,0.0,0.0,0.0,0.0,0.0,0.0,0.0,0.0,0.0,0.0,0.0,0.0,0.0,0.0,0.0,0.0,0.0,0.0,0.0,0.0,0.0,0.25,UB&PB,19969
2500,0.9644225088255233,0.6262076123511898,0.49648956931346533,0.7463164582969635,0.19090141566060118,0.1103808084339334,0.28770605235111846,0.8148927413673052,0.7068765259688042,0.9118340218055146,0.9433574982231702,0.05664250177683016,0.16286940403728936,0.11448345912403593,0.03898064890993324,0.2568268191688281,0.007368299122934644,0.44967003620569806,0.17691888994208382,0.1361725104498543,0.050060406601839524,0.27806812899463373,0.26546767215552713,0.25736081703698327,0.14544467237558956,0.3818740594173494,0.42706193234863604,0.4267345382189298,0.4211605896547544,0.43251737591088374,0.15724191284788114,0.5364759271354201,6623.073047127535,3002.1943620225284,17200.737635641748,0.25,UB&PB,19969
0,0.0,0.0,0.0,0.0,0.0,0.0,0.0,0.0,0.0,0.0,0.0,0.0,0.0,0.0,0.0,0.0,0.0,0.0,0.0,0.0,0.0,0.0,0.0,0.0,0.0,0.0,0.0,0.0,0.0,0.0,0.0,0.0,0.0,0.0,0.0,0.3,UB&PB,19969
2500,0.9667056422790006,0.5746224952498731,0.4632682348009839,0.6979658423159348,0.14313642561669837,0.08479122191715291,0.21343506653988176,0.8685423601723989,0.7768052315725952,0.9367905991318745,0.9434804548685156,0.05651954513148543,0.1687066523048083,0.12892057878916022,0.047448542450834505,0.2657764761298195,0.0091341081220066,0.4399549410675231,0.18668408530211975,0.15512463355378414,0.06365586939471539,0.2917459291357422,0.2694136346278403,0.2687489435342195,0.155019552245633,0.38212396452854724,0.4072260778952779,0.4068397620784392,0.4008885030905874,0.4130218572430273,0.326878461189152,0.8054049575832325,5935.965673905118,2995.6630422399453,13016.577737925116,0.3,UB&PB,19969
0,0.0,0.0,0.0,0.0,0.0,0.0,0.0,0.0,0.0,0.0,0.0,0.0,0.0,0.0,0.0,0.0,0.0,0.0,0.0,0.0,0.0,0.0,0.0,0.0,0.0,0.0,0.0,0.0,0.0,0.0,0.0,0.0,0.0,0.0,0.0,0.35,UB&PB,19969
2500,0.9771311230356579,0.8275151395067812,0.7289954988883376,0.9034392151957518,0.07800764206815582,0.03617571231115693,0.13495908113192787,0.8494259619733048,0.7393771263056833,0.9298451547621931,0.9158322672352507,0.0841677327647476,0.18215552286005485,0.1381845168010097,0.042980232097397715,0.29438106454573254,0.008146873488673786,0.4737295240914127,0.18919559470869907,0.14944737014050047,0.04918276499781358,0.30485952415845086,0.2972707766843694,0.30303665108397543,0.164239531964294,0.4302585408364664,0.4183805022130589,0.41811423372593265,0.4140828469148162,0.4222409892407645,0.34003071617525055,0.5562610394019065,17407.458612733775,6137.993501958544,56999.905313936666,0.35,UB&PB,19969
0,0.0,0.0,0.0,0.0,0.0,0.0,0.0,0.0,0.0,0.0,0.0,0.0,0.0,0.0,0.0,0.0,0.0,0.0,0.0,0.0,0.0,0.0,0.0,0.0,0.0,0.0,0.0,0.0,0.0,0.0,0.0,0.0,0.0,0.0,0.0,0.4,UB&PB,19969
2500,0.9895907563372367,0.8603443428628494,0.7354325052244365,0.9320502262590856,0.062012031511546335,0.02752191805238249,0.11328996634937755,0.7165558667617233,0.6096492720771383,0.8341866425166193,0.9203169864960888,0.07968301350390897,0.2006256786766202,0.16437362704302572,0.06051626666467463,0.3222955443494581,0.01627665555499555,0.47754714227618195,0.20801008044681502,0.17602679947691083,0.06788492217478254,0.33246339482792986,0.31310942793391106,0.3289974888586047,0.18314121607033526,0.4412648542124933,0.41806202251532004,0.4177366968840883,0.41371154437980084,0.42194298177665274,0.1336987405583851,0.743498313911063,16030.893804464919,5256.763290320272,59339.19798221375,0.4,UB&PB,19969
0,0.0,0.0,0.0,0.0,0.0,0.0,0.0,0.0,0.0,0.0,0.0,0.0,0.0,0.0,0.0,0.0,0.0,0.0,0.0,0.0,0.0,0.0,0.0,0.0,0.0,0.0,0.0,0.0,0.0,0.0,0.0,0.0,0.0,0.0,0.0,0.45,UB&PB,19969
2500,1.001100822398712,0.8106994142967445,0.6981446226405222,0.9051910034562337,0.046005761771473204,0.018179527614540846,0.08814949901479273,0.768819460508384,0.6659837616245374,0.8623867694582185,0.8855245202558644,0.11447547974413654,0.21483650585261205,0.19060268105044886,0.07111029861199704,0.34844610885779137,0.013950639032509392,0.4840840131807173,0.22404128855174704,0.2029615940250328,0.08212240325011243,0.35977955851569965,0.328710470942993,0.3561723947646744,0.20536087118166765,0.4473757159934577,0.4186278048736746,0.4183680201601928,0.41434843841401514,0.4225274674666879,0.44295751873243194,0.7093287142928658,11075.831734700063,3616.154648805691,43380.26036325218,0.45,UB&PB,19969
0,0.0,0.0,0.0,0.0,0.0,0.0,0.0,0.0,0.0,0.0,0.0,0.0,0.0,0.0,0.0,0.0,0.0,0.0,0.0,0.0,0.0,0.0,0.0,0.0,0.0,0.0,0.0,0.0,0.0,0.0,0.0,0.0,0.0,0.0,0.0,0.5,UB&PB,19969
2500,1.009531811430527,0.8250713716928851,0.7278488634710144,0.9023819161348126,0.043281754277798894,0.01726878324286361,0.08204173265757322,0.687382478050631,0.5647826383394583,0.7948204479829128,0.8771791044776119,0.12282089552238791,0.23056637871095656,0.21343940992545027,0.08872656184747693,0.36816731064178126,0.020853616619717994,0.4859835644043287,0.23956995668607192,0.22488862974750748,0.10064802452804594,0.37655419346332886,0.3393191263407675,0.3663213116051998,0.22597158784550475,0.44922818398386233,0.4185612251371814,0.4182878616693847,0.41431562754500734,0.4223963541039675,0.0657399413689097,0.48104605770964837,11436.46251002873,3703.632979259976,46478.82853024114,0.5,UB&PB,19969
0,0.0,0.0,0.0,0.0,0.0,0.0,0.0,0.0,0.0,0.0,0.0,0.0,0.0,0.0,0.0,0.0,0.0,0.0,0.0,0.0,0.0,0.0,0.0,0.0,0.0,0.0,0.0,0.0,0.0,0.0,0.0,0.0,0.0,0.0,0.0,0.55,UB&PB,19969
2500,1.0224885482298571,0.8347795922014133,0.7366061887171512,0.9145760854688604,0.0401962695424299,0.015872519662684,0.07618678933209312,0.7036521452299097,0.5674950108344496,0.8276701309079609,0.8291066098081029,0.1708933901918976,0.24141158816857577,0.225287617778327,0.10226807109284244,0.3832238718597874,0.02368128252257863,0.49331443421131255,0.24995331896234885,0.23599503922420456,0.11405358686959834,0.3894048126611223,0.3483334511944367,0.3754542984976113,0.24252036260525234,0.45367405146818424,0.4195092565857039,0.41927376389257476,0.41540524074082685,0.42329059270388797,0.05809891462411082,0.5039055820842261,11719.650497600685,3739.2630418751564,48500.42010630575,0.55,UB&PB,19969
0,0.0,0.0,0.0,0.0,0.0,0.0,0.0,0.0,0.0,0.0,0.0,0.0,0.0,0.0,0.0,0.0,0.0,0.0,0.0,0.0,0.0,0.0,0.0,0.0,0.0,0.0,0.0,0.0,0.0,0.0,0.0,0.0,0.0,0.0,0.0,0.6,UB&PB,19969
2500,1.0417541275755924,0.883155199498085,0.7906086052844926,0.9460063837469087,0.030643985818748182,0.010915555494761609,0.06064419157924419,0.6658650940271533,0.5480365221865373,0.7962134054156791,0.7499175550817339,0.2500824449182659,0.2651706598878077,0.2567584140402544,0.13011805977900942,0.4055559500384585,0.0313091069547956,0.5133859678147079,0.2729494889050216,0.2654495293372944,0.14228438889137562,0.40898122381106333,0.3673492465769882,0.39585969005212535,0.26596281184475146,0.46628161055690676,0.42333138754233696,0.4230232763678786,0.4193267985900965,0.4268463386470026,0.14284314443216728,0.5430295248569591,13193.535796980428,3758.7104549199266,62734.889249619075,0.6,UB&PB,19969
0,0.0,0.0,0.0,0.0,0.0,0.0,0.0,0.0,0.0,0.0,0.0,0.0,0.0,0.0,0.0,0.0,0.0,0.0,0.0,0.0,0.0,0.0,0.0,0.0,0.0,0.0,0.0,0.0,0.0,0.0,0.0,0.0,0.0,0.0,0.0,0.65,UB&PB,19969
2500,1.0456271225743408,0.8893598306758881,0.8017248968461999,0.9509647637328488,0.030591476196819574,0.010826037996452265,0.059971560401704004,0.6881716829969255,0.554577545270648,0.8227497617710202,0.654670220326936,0.34532977967306194,0.26359365681476743,0.25437292544701107,0.13726469567063526,0.39455278659239706,0.037295917975094676,0.5025842015008082,0.2703166548338546,0.2626982866684923,0.14753493525322584,0.39696854811778237,0.3578328400428351,0.3824345388319365,0.2648203289723095,0.44893227885104064,0.40398888704034247,0.4036824102481077,0.39995898487431863,0.407526391456289,0.1814096582972115,0.5122610707942612,13535.785045153145,3680.422773596411,66414.3602638386,0.65,UB&PB,19969
0,0.0,0.0,0.0,0.0,0.0,0.0,0.0,0.0,0.0,0.0,0.0,0.0,0.0,0.0,0.0,0.0,0.0,0.0,0.0,0.0,0.0,0.0,0.0,0.0,0.0,0.0,0.0,0.0,0.0,0.0,0.0,0.0,0.0,0.0,0.0,0.7,UB&PB,19969
2500,1.069530897328922,0.8751059651993858,0.7787001884257376,0.9434153019922827,0.029095132349468453,0.010039083377434121,0.05708746333994911,0.8633804308361597,0.7634560621752408,0.9347105791486467,0.7191314854299928,0.2808685145700075,0.27743113617520404,0.271687535585249,0.1479535478473987,0.4111256324691387,0.04131934542784498,0.5163162900382533,0.28425550752439926,0.2818124125681026,0.1581744115389447,0.4128946608104205,0.36813566419021543,0.39405598611120063,0.27225943337560965,0.462070172332274,0.41702133609688014,0.4167333490980851,0.4130591548909572,0.4205776018048363,0.08035713569055539,0.37496116223317205,12478.821763825783,3525.588291780611,60212.87562498293,0.7,UB&PB,19969
0,0.0,0.0,0.0,0.0,0.0,0.0,0.0,0.0,0.0,0.0,0.0,0.0,0.0,0.0,0.0,0.0,0.0,0.0,0.0,0.0,0.0,0.0,0.0,0.0,0.0,0.0,0.0,0.0,0.0,0.0,0.0,0.0,0.0,0.0,0.0,0.75,UB&PB,19969
2500,1.0806310927652025,0.8794850029789426,0.7720581802800761,0.946329515323972,0.027636168807489234,0.009350232461876119,0.05454968708752797,0.5906071677398311,0.4707674402671028,0.7270470914051692,0.31561904761904774,0.6843809523809534,0.3102237680599751,0.3217509556879256,0.21399355675931991,0.40428643998244906,0.08489327463771862,0.5189213319033109,0.31710339168105267,0.3302761042062523,0.22330056449935728,0.4069175522077274,0.38342866242377116,0.3962331281279431,0.32394582055549964,0.44568385414601674,0.40226595441326246,0.4019258840557142,0.3980755591549173,0.4058929501076157,0.05889348619520622,0.38464858365895255,10330.298530756396,2556.0714595085255,54407.75584744107,0.75,UB&PB,19969
0,0.0,0.0,0.0,0.0,0.0,0.0,0.0,0.0,0.0,0.0,0.0,0.0,0.0,0.0,0.0,0.0,0.0,0.0,0.0,0.0,0.0,0.0,0.0,0.0,0.0,0.0,0.0,0.0,0.0,0.0,0.0,0.0,0.0,0.0,0.0,0.8,UB&PB,19969
2500,1.1112349293726091,0.8770308815160798,0.7905050859840618,0.943373544474393,0.02827663468795629,0.009722272683251905,0.05574794220575697,0.6277619992656276,0.4849600949539671,0.8009809891694204,0.2773802416488979,0.7226197583511001,0.33935984878207287,0.3642836054004317,0.24660239144144708,0.42496776595468233,0.10761508691876427,0.5407190290302156,0.3459460398479315,0.37012476489979845,0.256076917982038,0.4280622405426213,0.4047182133541639,0.4156975810934236,0.3493560689791687,0.46322657837458076,0.41999774200394335,0.4196807023682996,0.4160001105289021,0.4235288179030089,0.28558258435359746,0.6695989867176578,10022.898337552555,2425.273636765997,53804.339927962435,0.8,UB&PB,19969
0,0.0,0.0,0.0,0.0,0.0,0.0,0.0,0.0,0.0,0.0,0.0,0.0,0.0,0.0,0.0,0.0,0.0,0.0,0.0,0.0,0.0,0.0,0.0,0.0,0.0,0.0,0.0,0.0,0.0,0.0,0.0,0.0,0.0,0.0,0.0,0.85,UB&PB,19969
2500,1.1280231627089923,0.8828623018702841,0.8055196728555796,0.9423018656798929,0.028397512592580457,0.009748220956863878,0.056164579361201415,0.7416037288550988,0.5891223111443534,0.8464507295376429,0.20032977967306315,0.7996702203269371,0.350508723366452,0.37701307246946236,0.2648795758135259,0.4263943553367909,0.12845793553672433,0.5466396326860932,0.3559957503523403,0.3790476850459545,0.2736656617426126,0.42986703127681825,0.4078250108949458,0.4162633383200415,0.35415707864591706,0.46367051745331866,0.41911440536941535,0.41886570447165294,0.4151568071082563,0.42267132471202673,0.26587062945666984,0.8755756085278509,10859.87364931283,2470.659861280489,60036.171278045054,0.85,UB&PB,19969
0,0.0,0.0,0.0,0.0,0.0,0.0,0.0,0.0,0.0,0.0,0.0,0.0,0.0,0.0,0.0,0.0,0.0,0.0,0.0,0.0,0.0,0.0,0.0,0.0,0.0,0.0,0.0,0.0,0.0,0.0,0.0,0.0,0.0,0.0,0.0,0.9,UB&PB,19969
2500,1.1447963774735115,0.858591337608137,0.7680321818583025,0.9309581653488267,0.027042650328157534,0.009176793961162093,0.05324989692489815,0.7173970156088834,0.5328891383224922,0.8474427721440234,0.15369225302061126,0.8463077469793884,0.3665187007550549,0.3885548594174587,0.30366770413166944,0.4256346217635087,0.1571471502211321,0.5485218106260917,0.37184236835014717,0.3886060094759456,0.3119262372214476,0.43020600204610526,0.4074079084472881,0.413401097333606,0.3603332549196072,0.45641969763226226,0.4153413064856763,0.4150624591194355,0.41131230083385156,0.41894658410156776,0.2959026772576604,0.9336238378098899,8558.149335343176,2041.0263731073107,46240.5401565021,0.9,UB&PB,19969
0,0.0,0.0,0.0,0.0,0.0,0.0,0.0,0.0,0.0,0.0,0.0,0.0,0.0,0.0,0.0,0.0,0.0,0.0,0.0,0.0,0.0,0.0,0.0,0.0,0.0,0.0,0.0,0.0,0.0,0.0,0.0,0.0,0.0,0.0,0.0,0.95,UB&PB,19969
2500,1.1613206312602127,0.890039877105783,0.7926371159978198,0.952493621279946,0.027700633790064558,0.00951336946798146,0.054502613238219595,0.6297359073549892,0.46020546399879797,0.8082923932300747,0.15297441364605588,0.847025586353945,0.38301483940565306,0.39890239458028975,0.3342103825688559,0.4297028521157226,0.19491173339124448,0.5499013151134213,0.3871890595939026,0.3979611954227624,0.34066083904532646,0.4335977092133989,0.408745207385928,0.4134409625360169,0.35959620890107785,0.45794444248217986,0.41503001525236155,0.41476600751483883,0.411016217400597,0.41861920157320504,0.1889994127320287,0.4745597617718236,9629.479028765785,2200.197158295634,53776.34157682949,0.95,UB&PB,19969
0,0.0,0.0,0.0,0.0,0.0,0.0,0.0,0.0,0.0,0.0,0.0,0.0,0.0,0.0,0.0,0.0,0.0,0.0,0.0,0.0,0.0,0.0,0.0,0.0,0.0,0.0,0.0,0.0,0.0,0.0,0.0,0.0,0.0,0.0,0.0,0.05,UB&PB,349
2500,0.9186285012072186,0.5389052416504904,0.4406424306420845,0.6430691578841914,0.7694777637501031,0.6345560529001737,0.8748243113476939,0.8973145186884721,0.8251850101038579,0.9504073870849319,0.9579381663112992,0.04206183368869928,0.08845345742965063,0.029083700092731007,0.006043671055352013,0.11640108595544504,0.0006248729798030892,0.37827189117667925,0.09774559546541826,0.0380939828257179,0.008787159717267512,0.13492496327797612,0.15207279370084595,0.10683037201750108,0.04574062074149981,0.2229001744683677,0.41568092596967054,0.41529021400618565,0.4082931572242104,0.42258353331961307,0.01247869330577448,0.5392433754527652,16479.75758849002,8696.772476298238,31387.138307067282,0.05,UB&PB,349
0,0.0,0.0,0.0,0.0,0.0,0.0,0.0,0.0,0.0,0.0,0.0,0.0,0.0,0.0,0.0,0.0,0.0,0.0,0.0,0.0,0.0,0.0,0.0,0.0,0.0,0.0,0.0,0.0,0.0,0.0,0.0,0.0,0.0,0.0,0.0,0.1,UB&PB,349
2500,0.9345721104136704,0.46049879406279287,0.36229860152886617,0.5713097798585296,0.757941544383454,0.6064949605140484,0.8572459242286601,0.8713760403190993,0.7954433447459025,0.9348744205932653,0.9548941009239532,0.04510589907604835,0.08988487796927408,0.03756462554419861,0.01035354640506859,0.12220434137118741,0.0017778331209431964,0.3545272843900682,0.10347225500304795,0.052406219501980995,0.016370462092811,0.14713762653087234,0.14426599599223444,0.10833941493656969,0.05496382670690325,0.19833743708336893,0.4186250671214316,0.41821725472301474,0.4098809013439393,0.4268521903684833,0.03778780239111505,0.41743931341410173,6206.165097624307,3981.2382120479956,9941.351463689072,0.1,UB&PB,349
0,0.0,0.0,0.0,0.0,0.0,0.0,0.0,0.0,0.0,0.0,0.0,0.0,0.0,0.0,0.0,0.0,0.0,0.0,0.0,0.0,0.0,0.0,0.0,0.0,0.0,0.0,0.0,0.0,0.0,0.0,0.0,0.0,0.0,0.0,0.0,0.15,UB&PB,349
2500,0.9483839779138225,0.4856761810409849,0.33788461433110484,0.6622658183869747,0.8004112748291646,0.6645450955795197,0.8959890261952436,0.8307344537721768,0.7380552140753349,0.9076897197118444,0.9617803837953093,0.038219616204690804,0.08480470740845356,0.036221203907881985,0.009012966280342592,0.1158923122899019,0.0008728348036366009,0.3334951427648747,0.09578988045320863,0.0474972554730789,0.013410070003198667,0.1363861938657493,0.13281179172975124,0.10188318839969536,0.05460807452658028,0.17776047804768544,0.4241844259048594,0.42367516284648354,0.4156880868623534,0.4320058277417434,0.10530343148806041,0.4211480397021091,6860.272569429337,4698.13217112112,10275.91975716198,0.15,UB&PB,349
0,0.0,0.0,0.0,0.0,0.0,0.0,0.0,0.0,0.0,0.0,0.0,0.0,0.0,0.0,0.0,0.0,0.0,0.0,0.0,0.0,0.0,0.0,0.0,0.0,0.0,0.0,0.0,0.0,0.0,0.0,0.0,0.0,0.0,0.0,0.0,0.2,UB&PB,349
2500,0.9570053650207865,0.454122911780441,0.29696524238787847,0.6064654453380339,0.19350424644104566,0.12384758357336204,0.2772997402243475,0.8947214752833318,0.8166602367632863,0.9523926168490515,0.9409751243781086,0.059024875621890426,0.16924618394253596,0.13038020895473243,0.052629562447104906,0.25707123384051433,0.012404134459324393,0.43694121997414076,0.1993796438442366,0.1718535594648159,0.07911855592136949,0.2990651101127288,0.2585356081913295,0.2513031393349703,0.15545657661992335,0.354485117684595,0.41865381760642517,0.4180252156285967,0.40624577599647455,0.43024717910710913,0.28958590619454394,0.6665633978753651,2949.467870554242,1487.6945301916141,6923.046287154683,0.2,UB&PB,349
0,0.0,0.0,0.0,0.0,0.0,0.0,0.0,0.0,0.0,0.0,0.0,0.0,0.0,0.0,0.0,0.0,0.0,0.0,0.0,0.0,0.0,0.0,0.0,0.0,0.0,0.0,0.0,0.0,0.0,0.0,0.0,0.0,0.0,0.0,0.0,0.25,UB&PB,349
2500,0.9594435920324662,0.5799898875748065,0.4234732632294674,0.7601251819961091,0.23025286534902534,0.15221499335099486,0.3239337287806695,0.8494108427497367,0.7518851722808684,0.9267422350338957,0.9518621179815221,0.04813788201847892,0.1501912887035551,0.0996970270997653,0.033058741742344785,0.23592191500523588,0.005177012846957465,0.4367281242650702,0.16720403150015076,0.12513493946830892,0.046034579089120564,0.26152356167269003,0.24243084319094052,0.2240424494970153,0.13001194206678893,0.34856233617799603,0.41990610649964594,0.4193644349669214,0.41223206274288204,0.4268489247317896,0.06644759419861136,0.487449500793833,7404.383245651636,3573.6029219504767,17261.27771930842,0.25,UB&PB,349
0,0.0,0.0,0.0,0.0,0.0,0.0,0.0,0.0,0.0,0.0,0.0,0.0,0.0,0.0,0.0,0.0,0.0,0.0,0.0,0.0,0.0,0.0,0.0,0.0,0.0,0.0,0.0,0.0,0.0,0.0,0.0,0.0,0.0,0.0,0.0,0.3,UB&PB,349
2500,0.9688960806497178,0.6321472609083579,0.4474645015783855,0.7732788681651194,0.11680761201765713,0.06577161985430854,0.1828724635317026,0.8571504296320124,0.7650031061794946,0.9286090586039732,0.9409140014214624,0.059085998578535956,0.17649263759200112,0.13436172756549974,0.048275606197959856,0.2796923938634781,0.011400216150374289,0.4555362187696961,0.19388275566267987,0.16038755160227458,0.06392903892932153,0.30464280999304794,0.2816295707469379,0.28230927691114643,0.1598534572520013,0.40350065928418893,0.41700166087491103,0.4166451515987341,0.41038373873854284,0.42312272565695663,0.16459837360275842,0.34237322330677195,6485.033956371271,2748.9912848527238,17791.065888074856,0.3,UB&PB,349
0,0.0,0.0,0.0,0.0,0.0,0.0,0.0,0.0,0.0,0.0,0.0,0.0,0.0,0.0,0.0,0.0,0.0,0.0,0.0,0.0,0.0,0.0,0.0,0.0,0.0,0.0,0.0,0.0,0.0,0.0,0.0,0.0,0.0,0.0,0.0,0.35,UB&PB,349
2500,0.9801874663046815,0.6404130604502982,0.506693029355487,0.7672262109621024,0.09331657544019217,0.04926296963042302,0.15024596926746447,0.7800616953591207,0.6844216131322767,0.8756700468551969,0.9249203980099493,0.0750796019900499,0.19236527287658609,0.16083645443357833,0.06187874897900035,0.30208782229482883,0.014299452372980949,0.46003748042786125,0.20837507376919728,0.18478963428729855,0.07823558707722157,0.32431223511191776,0.29895589573557757,0.3106367859530759,0.18246740936245,0.4143835826184846,0.4128047123252909,0.41243429247551383,0.4071040079986322,0.4179716003012755,0.7176442872731708,0.9712633241731619,4895.306707955884,2118.0020404933985,14169.749180613519,0.35,UB&PB,349
0,0.0,0.0,0.0,0.0,0.0,0.0,0.0,0.0,0.0,0.0,0.0,0.0,0.0,0.0,0.0,0.0,0.0,0.0,0.0,0.0,0.0,0.0,0.0,0.0,0.0,0.0,0.0,0.0,0.0,0.0,0.0,0.0,0.0,0.0,0.0,0.4,UB&PB,349
2500,0.9848284425007432,0.8091312692592277,0.6933080170817858,0.8909977590373653,0.06704880078739042,0.03064830581152293,0.11521847904178573,0.793690922221236,0.6864646993396696,0.8833776879934776,0.9064854299928913,0.09351457000710732,0.19513213515038053,0.158560602877367,0.051274060628448984,0.31975144178090154,0.011399006700005281,0.47765032875820523,0.2037275440074015,0.17185331273316334,0.059551813729755494,0.3317884749333516,0.31148559162310424,0.3262200498923724,0.18310799255620694,0.4386466232179819,0.4198510284368075,0.41959593918603,0.4154685747895588,0.42384243812446587,0.08473008601214291,0.3368589513525207,14937.306725768754,5009.791975679999,54422.290012698744,0.4,UB&PB,349
0,0.0,0.0,0.0,0.0,0.0,0.0,0.0,0.0,0.0,0.0,0.0,0.0,0.0,0.0,0.0,0.0,0.0,0.0,0.0,0.0,0.0,0.0,0.0,0.0,0.0,0.0,0.0,0.0,0.0,0.0,0.0,0.0,0.0,0.0,0.0,0.45,UB&PB,349
2500,0.9888590992197425,0.8577926546549388,0.7422189256643767,0.9300923295604674,0.054337699384759484,0.02357396229277831,0.09768170624758345,0.7770990799542278,0.6828986605510404,0.8751673654547093,0.9009132906894101,0.09908670931058991,0.19816470168381942,0.16547044058710905,0.05611486348396218,0.3277622845778391,0.010899786182336375,0.47198010932020273,0.2056576115307731,0.17619573379606454,0.06415022647140983,0.33768798494863167,0.31152073798305724,0.3300385168399312,0.1885424002611942,0.43320958606414994,0.40883478608138624,0.4085002161344713,0.40447319101254486,0.4126608955762762,0.1875982746379302,0.6159627750121223,16524.45123258884,5413.7967788174665,61600.05338384618,0.45,UB&PB,349
0,0.0,0.0,0.0,0.0,0.0,0.0,0.0,0.0,0.0,0.0,0.0,0.0,0.0,0.0,0.0,0.0,0.0,0.0,0.0,0.0,0.0,0.0,0.0,0.0,0.0,0.0,0.0,0.0,0.0,0.0,0.0,0.0,0.0,0.0,0.0,0.5,UB&PB,349
2500,1.0108394026269754,0.8359740490553943,0.7198182048113457,0.9201328694490413,0.03558147613340127,0.013532893984843749,0.06754398551671939,0.6524215034308253,0.5279535851616486,0.7826673484650812,0.8650810234541587,0.13491897654584234,0.23686469351313372,0.22368703322958378,0.09424450073346509,0.3729487090080679,0.022001274478380455,0.49263332072595356,0.2459487128435103,0.23491798410372156,0.10685980607561951,0.3812470632002433,0.3457996130973241,0.3766839950684982,0.23332748413408455,0.4540205670941303,0.41792620603684577,0.4176755335402082,0.4137568305836886,0.42167272802114475,0.622887224444034,0.9230461947638013,10867.56803161882,3422.2057131478086,46550.71234346109,0.5,UB&PB,349
0,0.0,0.0,0.0,0.0,0.0,0.0,0.0,0.0,0.0,0.0,0.0,0.0,0.0,0.0,0.0,0.0,0.0,0.0,0.0,0.0,0.0,0.0,0.0,0.0,0.0,0.0,0.0,0.0,0.0,0.0,0.0,0.0,0.0,0.0,0.0,0.55,UB&PB,349
2500,1.0151811262902375,0.8731187391611986,0.7713607994240709,0.9409666877021537,0.04027637509214385,0.015479284429191303,0.07706937053616962,0.7479822969917728,0.6313261395391916,0.856946922128536,0.8460689410092386,0.15393105899076015,0.22874382363216633,0.20584238527698626,0.08284964415306253,0.3743301110129785,0.018317928922083147,0.4929557712922606,0.2356500567409243,0.21430643112452444,0.09205923076463618,0.37975457845408483,0.3371946576824392,0.36288183018919085,0.21972064249200232,0.45191439583110465,0.4139482842782737,0.4137283405437269,0.4099277802587985,0.4176671843200416,0.2704079541770548,0.5619465995858178,14383.63861691629,4433.834938402005,60291.75625377268,0.55,UB&PB,349
0,0.0,0.0,0.0,0.0,0.0,0.0,0.0,0.0,0.0,0.0,0.0,0.0,0.0,0.0,0.0,0.0,0.0,0.0,0.0,0.0,0.0,0.0,0.0,0.0,0.0,0.0,0.0,0.0,0.0,0.0,0.0,0.0,0.0,0.0,0.0,0.6,UB&PB,349
2500,1.035990566716446,0.8861091114623735,0.7777918821678871,0.9487336620086337,0.03062213944718626,0.010902707057926151,0.05984067580396577,0.7165189134678727,0.5952476768268917,0.8244522510451535,0.7661499644633976,0.23385003553660288,0.2527456180523353,0.24058341906393743,0.1179136155053972,0.3918325484947075,0.029762061339440767,0.5008337085614724,0.26003645434326794,0.2486169196702021,0.12943370825940434,0.3951334417194474,0.3532233311422246,0.38080977300005187,0.25065537961334294,0.4525923785034771,0.41094576594793025,0.4106618522643115,0.40689929817911663,0.4145648081742835,0.10968534924082325,0.3323896551402213,13666.848833758626,3893.208509455059,64860.74482217603,0.6,UB&PB,349
0,0.0,0.0,0.0,0.0,0.0,0.0,0.0,0.0,0.0,0.0,0.0,0.0,0.0,0.0,0.0,0.0,0.0,0.0,0.0,0.0,0.0,0.0,0.0,0.0,0.0,0.0,0.0,0.0,0.0,0.0,0.0,0.0,0.0,0.0,0.0,0.65,UB&PB,349
2500,1.0613224865371953,0.8495408309284641,0.7568235266340094,0.9199658953098169,0.02931999553644504,0.010350766952891246,0.05739973776301904,0.5409094967535234,0.44264264690469657,0.6490864494914814,0.6565046197583488,0.34349538024164916,0.2980636178077747,0.2993129984085851,0.18355193127439665,0.417858048566344,0.06348880292949126,0.521325574500408,0.30683769278478135,0.30911077850715907,0.1972500398586814,0.42081136569991545,0.3850386993573579,0.40848923960620837,0.3036285779207084,0.4684128101378622,0.42368680764080163,0.4234017572591243,0.4195967249301144,0.4273314218956344,0.12452286661581256,0.6211046516604432,9920.087570011923,2877.7097997556184,47887.895153678364,0.65,UB&PB,349
0,0.0,0.0,0.0,0.0,0.0,0.0,0.0,0.0,0.0,0.0,0.0,0.0,0.0,0.0,0.0,0.0,0.0,0.0,0.0,0.0,0.0,0.0,0.0,0.0,0.0,0.0,0.0,0.0,0.0,0.0,0.0,0.0,0.0,0.0,0.0,0.7,UB&PB,349
2500,1.072956254680239,0.8628306779816813,0.7587868496598686,0.9346429524004071,0.02850069542006775,0.009850019851189133,0.05616879061129462,0.7028873134806758,0.5693691335668687,0.8039003499936084,0.6426801705756936,0.35731982942430757,0.2938275035783997,0.2947986561374656,0.17504941382229336,0.41600203756671833,0.05669704470776786,0.5210151419019522,0.3016225083781732,0.3054622922922242,0.1866543507046125,0.418097633268374,0.3799544276258675,0.40298323508841266,0.29692598064858544,0.4641477036657388,0.41926504556469574,0.41900837467873925,0.4151791765417409,0.4229378480492253,0.4514502042398829,0.8750150730224706,10431.852924859957,2943.6390775708223,51105.36136082202,0.7,UB&PB,349
0,0.0,0.0,0.0,0.0,0.0,0.0,0.0,0.0,0.0,0.0,0.0,0.0,0.0,0.0,0.0,0.0,0.0,0.0,0.0,0.0,0.0,0.0,0.0,0.0,0.0,0.0,0.0,0.0,0.0,0.0,0.0,0.0,0.0,0.0,0.0,0.75,UB&PB,349
2500,1.1030714067767595,0.8647983681317546,0.7714246763279676,0.9347451844892753,0.027860672993221425,0.009564072171195336,0.054847803480498565,0.5511675299399487,0.41868462981835486,0.7045492034050949,0.24189410092395178,0.7581058990760479,0.34212737136510263,0.359498837265334,0.25232731359174543,0.43090783713708536,0.10896600721170698,0.5467194775126503,0.34980974511561164,0.36774360525178557,0.26234292789630953,0.4342609103529238,0.4131149736079539,0.4238424349834674,0.36194719690744503,0.4685917186766965,0.42713614654660514,0.4268308769124781,0.42315278316707056,0.4306597701724253,0.4128051244117853,0.8408105579072266,9648.831881792254,2302.908825568397,51951.87858928358,0.75,UB&PB,349
0,0.0,0.0,0.0,0.0,0.0,0.0,0.0,0.0,0.0,0.0,0.0,0.0,0.0,0.0,0.0,0.0,0.0,0.0,0.0,0.0,0.0,0.0,0.0,0.0,0.0,0.0,0.0,0.0,0.0,0.0,0.0,0.0,0.0,0.0,0.0,0.8,UB&PB,349
2500,1.1174120878742109,0.862289078682029,0.7744065914618181,0.9332479336147447,0.027091207860318916,0.00916490870353387,0.05371908597573009,0.6575065257056293,0.5367457352855557,0.7669504294361427,0.24184648187633262,0.7581535181236686,0.34270287106016356,0.3648737771855364,0.25252892599329674,0.4259954908959149,0.11477383696508024,0.546790727887124,0.349461524999987,0.37031578934482895,0.261843504165859,0.42938685026849593,0.4071425377010846,0.4176730310822762,0.35313456668625587,0.463982947818204,0.4212947642959148,0.421017563376362,0.417366602259872,0.42481698147324076,0.7209708797895892,1.0198451088881306,9667.522879433118,2329.5882797820027,51960.835410887375,0.8,UB&PB,349
0,0.0,0.0,0.0,0.0,0.0,0.0,0.0,0.0,0.0,0.0,0.0,0.0,0.0,0.0,0.0,0.0,0.0,0.0,0.0,0.0,0.0,0.0,0.0,0.0,0.0,0.0,0.0,0.0,0.0,0.0,0.0,0.0,0.0,0.0,0.0,0.85,UB&PB,349
2500,1.1298955086553812,0.8769854531620473,0.7763322582026451,0.9435260697459054,0.02753054968627865,0.009398053699239588,0.0546082255172843,0.6713148521767672,0.5020260063424231,0.8443157070219739,0.170265813788202,0.8297341862117992,0.353535626572481,0.379332797321572,0.27318601215511096,0.4249472687564966,0.1367319928671351,0.5449323868678106,0.35947444282528135,0.38130227248872206,0.28225212910790226,0.42896964845867375,0.40804343752921646,0.41527397949708156,0.35928932558332416,0.4587661483284743,0.41775725523537893,0.41749612656136276,0.41376231987796436,0.42137385720955234,0.8345917223383309,1.0201267375255523,9539.174385887694,2214.233680400502,52142.961734319724,0.85,UB&PB,349
0,0.0,0.0,0.0,0.0,0.0,0.0,0.0,0.0,0.0,0.0,0.0,0.0,0.0,0.0,0.0,0.0,0.0,0.0,0.0,0.0,0.0,0.0,0.0,0.0,0.0,0.0,0.0,0.0,0.0,0.0,0.0,0.0,0.0,0.0,0.0,0.9,UB&PB,349
2500,1.1511852010482264,0.8889794860281056,0.812355849389186,0.948439101694552,0.028408578806672764,0.00987280245491368,0.05550935675960032,0.7039388483271658,0.5399224858558791,0.8361688320858858,0.15102985074626885,0.848970149253731,0.37368155923467566,0.3964054105145326,0.30860597213186775,0.43364585902254305,0.163423932934043,0.5574245904460894,0.3785394188455808,0.3963651909174747,0.31631801206878346,0.4376011370485631,0.41518010180813103,0.42128371600551484,0.3641809306699037,0.46702059272093016,0.42326283173592005,0.42295696634920077,0.41933725979895003,0.4267175133454138,0.8147583119865391,1.0218339244780548,10942.077003648576,2408.484165421018,62127.064236189246,0.9,UB&PB,349
0,0.0,0.0,0.0,0.0,0.0,0.0,0.0,0.0,0.0,0.0,0.0,0.0,0.0,0.0,0.0,0.0,0.0,0.0,0.0,0.0,0.0,0.0,0.0,0.0,0.0,0.0,0.0,0.0,0.0,0.0,0.0,0.0,0.0,0.0,0.0,0.95,UB&PB,349
2500,1.1629286851608407,0.8834054574329756,0.7893463728723324,0.9481834750854037,0.028058605210360302,0.009740167983291012,0.05508319564061157,0.8490173754139573,0.7555807714375753,0.9213841053411514,0.1440966595593459,0.8559033404406537,0.37942618625172697,0.3972516418292633,0.3258481541093023,0.43207306466345047,0.17855486274242552,0.5549147921909774,0.3832792666969379,0.39567445797345424,0.3322964426333509,0.4360594980810367,0.41119380383906706,0.41646586318413575,0.3594849291296513,0.46277616724645937,0.4184797403444681,0.4181746322946608,0.4145366273910781,0.4219640491737889,0.09006659787129202,0.9987655473534692,10292.755072514825,2315.6461495126573,57510.51162248244,0.95,UB&PB,349
0,0.0,0.0,0.0,0.0,0.0,0.0,0.0,0.0,0.0,0.0,0.0,0.0,0.0,0.0,0.0,0.0,0.0,0.0,0.0,0.0,0.0,0.0,0.0,0.0,0.0,0.0,0.0,0.0,0.0,0.0,0.0,0.0,0.0,0.0,0.0,0.05,UB&PB,66769
2500,0.9176102321120257,0.46743858559923157,0.3292524258688823,0.6808457616028744,0.8395921893488392,0.7496864934099162,0.9192884179474616,0.8974028757231861,0.8235867147112544,0.9509304245999697,0.9585003553660273,0.04149964463397295,0.07963007989648005,0.02070746059997844,0.0028624480801867722,0.10124227743149848,0.00015483991909225888,0.3602186544336207,0.08812998098151294,0.027949373680680824,0.004494242559899925,0.11901919239449882,0.13665486047749828,0.09162088154492366,0.0375637170566278,0.1959226460185415,0.42578584775827993,0.4254161309023001,0.4168713859710712,0.4342890224010251,0.04861418971980035,0.46694028605716664,9038.136137330643,5387.9899595890065,15531.8334845466,0.05,UB&PB,66769
0,0.0,0.0,0.0,0.0,0.0,0.0,0.0,0.0,0.0,0.0,0.0,0.0,0.0,0.0,0.0,0.0,0.0,0.0,0.0,0.0,0.0,0.0,0.0,0.0,0.0,0.0,0.0,0.0,0.0,0.0,0.0,0.0,0.0,0.0,0.0,0.1,UB&PB,66769
2500,0.9301199619630592,0.5587599453647683,0.3523961290767542,0.7132272623020266,0.7969606256334841,0.6972256979178324,0.8789146659060292,0.8739181624225725,0.7891638008545869,0.9408240822004098,0.9587128642501778,0.04128713574982229,0.08058260644199636,0.024217324476860577,0.004403682757480223,0.10565794467244771,0.00034842147977812556,0.35416638772410425,0.08897639921797956,0.03208108065658468,0.006502991684474868,0.12245825475232766,0.13391760702120675,0.09388576652989786,0.03986408094406152,0.18926368845711286,0.41721101723162335,0.41663941569394525,0.4078010173130775,0.4258898353623715,0.007451025671432643,0.5467322000871788,13826.766646407428,8409.86404237252,23114.41154373025,0.1,UB&PB,66769
0,0.0,0.0,0.0,0.0,0.0,0.0,0.0,0.0,0.0,0.0,0.0,0.0,0.0,0.0,0.0,0.0,0.0,0.0,0.0,0.0,0.0,0.0,0.0,0.0,0.0,0.0,0.0,0.0,0.0,0.0,0.0,0.0,0.0,0.0,0.0,0.15,UB&PB,66769
2500,0.9471452324963548,0.5229548500259734,0.36436812962271337,0.726926765686167,0.7776272322064396,0.6459436346376835,0.8769615587393461,0.8457246328463942,0.7587680755645861,0.916634752010667,0.9616361051883431,0.038363894811656016,0.08439735252587355,0.032750792699758065,0.007975276261562927,0.11375681138191132,0.0010667932701918033,0.34266989068222686,0.0933054298276336,0.04213894989218153,0.011133769448018787,0.13028875460623543,0.13509029321591742,0.10262840785757826,0.05008083409696594,0.18384637917970345,0.42311964779603123,0.42263472282283254,0.41524650927982265,0.43040963778953295,0.04835677979132024,0.9623126794332838,11711.52089938465,7506.298019516799,18714.519172358625,0.15,UB&PB,66769
0,0.0,0.0,0.0,0.0,0.0,0.0,0.0,0.0,0.0,0.0,0.0,0.0,0.0,0.0,0.0,0.0,0.0,0.0,0.0,0.0,0.0,0.0,0.0,0.0,0.0,0.0,0.0,0.0,0.0,0.0,0.0,0.0,0.0,0.0,0.0,0.2,UB&PB,66769
2500,0.9527536189883484,0.4692936744020572,0.3393935816281805,0.5993526803036989,0.31156660285135607,0.22061994912153057,0.42749393887937126,0.8809138859413046,0.8005970235965371,0.9452168831384982,0.9530504619758347,0.046949538024164836,0.13900181474993822,0.09291051846550462,0.0343522703910274,0.2101359039424341,0.007691994953482332,0.4080562274073238,0.16185404635485176,0.12469150523735342,0.051956211195017185,0.24448937126434156,0.2189504726380478,0.19822409098811294,0.1216387570657126,0.302978353719375,0.41511010882646965,0.41457094613685647,0.40584913129814554,0.4236758366656912,0.08915583964532837,0.3586387335110432,3801.357130393621,2256.1438707608136,6826.507544272466,0.2,UB&PB,66769
0,0.0,0.0,0.0,0.0,0.0,0.0,0.0,0.0,0.0,0.0,0.0,0.0,0.0,0.0,0.0,0.0,0.0,0.0,0.0,0.0,0.0,0.0,0.0,0.0,0.0,0.0,0.0,0.0,0.0,0.0,0.0,0.0,0.0,0.0,0.0,0.25,UB&PB,66769
2500,0.9639710302931134,0.5082926588677332,0.3338940691988521,0.7262450439568281,0.1957244484714302,0.12012397378401497,0.28497820624964687,0.8204429985657311,0.7224089023061986,0.8964122593258275,0.9408706467661689,0.05912935323383091,0.1688230009839389,0.1278873709744445,0.05315204738858857,0.2582241321004692,0.01323946391699356,0.4374196943816619,0.1922607587287348,0.16053259407380455,0.0750855944732913,0.28942046333622906,0.25924579100614203,0.24920192708005726,0.15207209378204767,0.36234751983199737,0.41329343653079476,0.4127350487217413,0.4043357120227065,0.42157977505390154,0.06361792892860857,0.2616351680676497,4711.205905827895,2257.717075085825,11224.607693266564,0.25,UB&PB,66769
0,0.0,0.0,0.0,0.0,0.0,0.0,0.0,0.0,0.0,0.0,0.0,0.0,0.0,0.0,0.0,0.0,0.0,0.0,0.0,0.0,0.0,0.0,0.0,0.0,0.0,0.0,0.0,0.0,0.0,0.0,0.0,0.0,0.0,0.0,0.0,0.3,UB&PB,66769
2500,0.9720803706212311,0.6789658034048389,0.5025146238023335,0.8049033229372983,0.1727583182781915,0.10810607234037514,0.2596131369067859,0.8116542528422909,0.7089225621633247,0.8969490400912418,0.929048329779672,0.0709516702203271,0.16925061356261772,0.1252067466763112,0.040900194491293305,0.27040535793018283,0.006558824392014225,0.45177822439184673,0.18258529093615808,0.1458720797070414,0.051409801509532616,0.2905835524898307,0.2721801157235979,0.2688528999139425,0.15294053421727258,0.3868766653035513,0.4220955355447489,0.42171562668815,0.4160356352811148,0.4276426515677308,0.220533847088716,0.5287796876402365,8362.618399733132,3464.4899133538997,23909.298181501617,0.3,UB&PB,66769
0,0.0,0.0,0.0,0.0,0.0,0.0,0.0,0.0,0.0,0.0,0.0,0.0,0.0,0.0,0.0,0.0,0.0,0.0,0.0,0.0,0.0,0.0,0.0,0.0,0.0,0.0,0.0,0.0,0.0,0.0,0.0,0.0,0.0,0.0,0.0,0.35,UB&PB,66769
2500,0.9793870850907007,0.7681210856457052,0.6311735141867156,0.8683586384382311,0.07279662021445081,0.03508123010378525,0.12542011991736512,0.8767944291835382,0.7885502821697314,0.937868654677363,0.9198507462686561,0.08014925373134338,0.1870749948189488,0.14680659132708793,0.04847568859714086,0.3034805600639054,0.009503593702358737,0.4701086581515094,0.19780805844736052,0.16286447757633934,0.058596664207553294,0.31965499599729913,0.3022723093042004,0.31404508620483695,0.17355132215147356,0.43074323318797797,0.4200681615448473,0.4197949681859597,0.41511847356249965,0.4245983909100707,0.06482244326814769,0.5772930951572782,12319.189810578211,4374.798527615246,40951.07186073386,0.35,UB&PB,66769
0,0.0,0.0,0.0,0.0,0.0,0.0,0.0,0.0,0.0,0.0,0.0,0.0,0.0,0.0,0.0,0.0,0.0,0.0,0.0,0.0,0.0,0.0,0.0,0.0,0.0,0.0,0.0,0.0,0.0,0.0,0.0,0.0,0.0,0.0,0.0,0.4,UB&PB,66769
2500,0.9850266754749041,0.8213773445107003,0.6898112663027168,0.9069552579353486,0.06035842888824566,0.025869863259626695,0.11142789622692542,0.8165770333378657,0.7022437930009349,0.9021445228510109,0.904077469793888,0.09592253020611255,0.19557899800203746,0.1595053108524339,0.051980805927836465,0.31949523599123314,0.010716507877552408,0.4770641473442474,0.2042193086239317,0.17315045931951528,0.0599439950021752,0.33195606408577505,0.3110232696531606,0.3279099847341121,0.17929299796146383,0.4393865918658581,0.4178761394945405,0.41758503599370483,0.4133137477696146,0.42196585453112767,0.010912720502610933,0.5192951095200482,13758.087862856679,4613.216443596449,49210.73696418403,0.4,UB&PB,66769
0,0.0,0.0,0.0,0.0,0.0,0.0,0.0,0.0,0.0,0.0,0.0,0.0,0.0,0.0,0.0,0.0,0.0,0.0,0.0,0.0,0.0,0.0,0.0,0.0,0.0,0.0,0.0,0.0,0.0,0.0,0.0,0.0,0.0,0.0,0.0,0.45,UB&PB,66769
2500,1.0041880300122754,0.7549792804842002,0.6379317338130363,0.8516114429339418,0.04852729585843712,0.01996827755941028,0.09038055067577604,0.7029757034480898,0.5866340943794633,0.8236807531119955,0.8809040511727079,0.11909594882729214,0.22701683100454326,0.20791982834475956,0.08839689291169908,0.35795692817766844,0.020303809515242563,0.4854522051108427,0.23892833131846777,0.2235983126424933,0.10339796865212769,0.371032849437041,0.33960567696254734,0.3667199028018743,0.2278522429515185,0.449614853810039,0.42403604928054395,0.423776074433923,0.4195232623617401,0.42817594763161543,0.13162632269002378,0.47062484072002614,8121.173731951176,2865.714345626279,29567.874007891896,0.45,UB&PB,66769
0,0.0,0.0,0.0,0.0,0.0,0.0,0.0,0.0,0.0,0.0,0.0,0.0,0.0,0.0,0.0,0.0,0.0,0.0,0.0,0.0,0.0,0.0,0.0,0.0,0.0,0.0,0.0,0.0,0.0,0.0,0.0,0.0,0.0,0.0,0.0,0.5,UB&PB,66769
2500,1.005452110476648,0.8997914587654225,0.8184534452690073,0.9547619272932576,0.03885288421655491,0.015005045496669684,0.07412674290820698,0.6618484241555315,0.5315350032786963,0.7613997836274429,0.8484562899786774,0.151543710021322,0.2298199498609175,0.21227996299818966,0.08218487349353273,0.36872159532956106,0.01796169970484074,0.4939207374785305,0.23645405467651942,0.22107215697166085,0.09032907609726909,0.3757153049830122,0.341626187098057,0.36901620321300815,0.22349755035765542,0.456301169465644,0.41868761720155767,0.4183691147527402,0.41470612559533326,0.4222040107098989,0.3640374111083968,0.6212336693710573,16970.07395263021,5077.412384194,74364.71799409803,0.5,UB&PB,66769
0,0.0,0.0,0.0,0.0,0.0,0.0,0.0,0.0,0.0,0.0,0.0,0.0,0.0,0.0,0.0,0.0,0.0,0.0,0.0,0.0,0.0,0.0,0.0,0.0,0.0,0.0,0.0,0.0,0.0,0.0,0.0,0.0,0.0,0.0,0.0,0.55,UB&PB,66769
2500,1.0167627040819207,0.8748541012893207,0.7856877324522489,0.9431041853074522,0.037789024682279716,0.014440307532837477,0.07298195583940602,0.7669546141148512,0.6325599489255734,0.867393750010378,0.8323930348258712,0.16760696517412912,0.22940325874521533,0.2080087172117456,0.08465008024260874,0.3735637903407022,0.01926602778420044,0.49074733270479254,0.23628111446075012,0.21642018375420932,0.09371226349952232,0.3787773279317132,0.33732522219297734,0.3645562680979367,0.2222978222113808,0.44914485589831005,0.4118199840410883,0.41153637482104827,0.40775517941050116,0.4154590350671417,0.306608858661374,0.8108878531836272,15171.285488281477,4535.963437041117,65883.0156346619,0.55,UB&PB,66769
0,0.0,0.0,0.0,0.0,0.0,0.0,0.0,0.0,0.0,0.0,0.0,0.0,0.0,0.0,0.0,0.0,0.0,0.0,0.0,0.0,0.0,0.0,0.0,0.0,0.0,0.0,0.0,0.0,0.0,0.0,0.0,0.0,0.0,0.0,0.0,0.6,UB&PB,66769
2500,1.0382625936720815,0.8659305314307053,0.7470972346175883,0.9381394004212474,0.03483156082262551,0.01301015702312431,0.06639209222497147,0.7815912196850872,0.6758466602263404,0.8701742685904656,0.7774662402274333,0.2225337597725657,0.25087857759746274,0.23454353960520669,0.11567334053326069,0.3917911458428595,0.029395884669678348,0.5004020075924153,0.25878963129902904,0.24391528567867865,0.12809126943460478,0.3956374309271676,0.35178901347010816,0.3785535736238026,0.24869615445372384,0.4526821614088658,0.41440887620496036,0.4140993177655753,0.41026399763278726,0.4180570852235794,0.3085740735021332,0.7420463812029441,12873.963564130045,3768.5746419909087,58866.38425697983,0.6,UB&PB,66769
0,0.0,0.0,0.0,0.0,0.0,0.0,0.0,0.0,0.0,0.0,0.0,0.0,0.0,0.0,0.0,0.0,0.0,0.0,0.0,0.0,0.0,0.0,0.0,0.0,0.0,0.0,0.0,0.0,0.0,0.0,0.0,0.0,0.0,0.0,0.0,0.65,UB&PB,66769
2500,1.0507695226284341,0.856764903606046,0.7780808256633671,0.923965286457727,0.03258955041911787,0.01188869764642568,0.06350881867224697,0.7400745106861988,0.6379323797889898,0.8482145810766437,0.7731407249466953,0.22685927505330514,0.2648271414342848,0.25232671265407003,0.13580561978977806,0.4019836086085007,0.03651337249584305,0.5047962067007857,0.27223680089643026,0.2617789142426574,0.14694409068159783,0.40458439489579023,0.35970328636784477,0.3852934362984556,0.2615734518463457,0.45794615819215934,0.4142064586895458,0.41395342580658734,0.41012862942212097,0.4178378511499762,0.04465479315674059,0.39919664606040006,12724.317316371278,3751.4183856203367,58913.49980531975,0.65,UB&PB,66769
0,0.0,0.0,0.0,0.0,0.0,0.0,0.0,0.0,0.0,0.0,0.0,0.0,0.0,0.0,0.0,0.0,0.0,0.0,0.0,0.0,0.0,0.0,0.0,0.0,0.0,0.0,0.0,0.0,0.0,0.0,0.0,0.0,0.0,0.0,0.0,0.7,UB&PB,66769
2500,1.0686492261181955,0.8968158649194279,0.806146191344847,0.9532170212552388,0.02833281642853397,0.009758067987432542,0.05593896152643647,0.8266365112579387,0.7069638805151405,0.9074805436089248,0.49660056858564283,0.5033994314143574,0.2850264621678215,0.28289872075599753,0.16265856597548023,0.4103413273768748,0.04683545078387512,0.5246452341310971,0.2918011528270347,0.29343754638241315,0.17211886565746332,0.41231431081002706,0.3776120291307916,0.3991551329753843,0.2972976690885966,0.4589046119028994,0.4135421414667169,0.4132579592652212,0.4095457593323328,0.4170756984226751,0.13913831944269575,0.3887405021810558,12723.100718999789,3268.30245609397,64730.7008205581,0.7,UB&PB,66769
0,0.0,0.0,0.0,0.0,0.0,0.0,0.0,0.0,0.0,0.0,0.0,0.0,0.0,0.0,0.0,0.0,0.0,0.0,0.0,0.0,0.0,0.0,0.0,0.0,0.0,0.0,0.0,0.0,0.0,0.0,0.0,0.0,0.0,0.0,0.0,0.75,UB&PB,66769
2500,1.085671431576625,0.8804524413355428,0.7975442826798477,0.940824776601753,0.027095449110313162,0.009199780722203383,0.05349390271007592,0.6408319533656435,0.5232046015825162,0.760406376735183,0.33762686567164285,0.6623731343283598,0.3147456445028383,0.3266850333735171,0.2127940952686922,0.41510273672363357,0.08039858509172244,0.5314353014611906,0.32163111246444076,0.33572910047420323,0.2219700010993892,0.4175060002055067,0.3929580926239936,0.4074904802142167,0.33068434665130475,0.45903301483130704,0.41324022784462916,0.4129781476124235,0.40924129583722285,0.416874365127064,0.19351193988173088,0.7293632830522705,11097.634274017648,2695.9818384717714,59625.726891212355,0.75,UB&PB,66769
0,0.0,0.0,0.0,0.0,0.0,0.0,0.0,0.0,0.0,0.0,0.0,0.0,0.0,0.0,0.0,0.0,0.0,0.0,0.0,0.0,0.0,0.0,0.0,0.0,0.0,0.0,0.0,0.0,0.0,0.0,0.0,0.0,0.0,0.0,0.0,0.8,UB&PB,66769
2500,1.1078146608377777,0.8782568710382117,0.8026746866988003,0.938829060821068,0.027190872725383924,0.009214036968163454,0.05371959677999885,0.7311219184077996,0.5648950386520996,0.8348578961404688,0.22939943141435684,0.7706005685856439,0.333518273938194,0.3579718919150425,0.2377780015030782,0.4196882673191849,0.10396405119740987,0.5386126352157371,0.33996166788224635,0.3632434730033112,0.2468891135393423,0.42278618069294005,0.40094892439775864,0.41140714319316246,0.34644005817988355,0.45750619706256634,0.4151353341625776,0.4148049237321526,0.4110825238507093,0.4186721618728042,0.18511406710210604,0.5482377972071985,10642.135910459881,2456.9856905173187,58593.76046892108,0.8,UB&PB,66769
0,0.0,0.0,0.0,0.0,0.0,0.0,0.0,0.0,0.0,0.0,0.0,0.0,0.0,0.0,0.0,0.0,0.0,0.0,0.0,0.0,0.0,0.0,0.0,0.0,0.0,0.0,0.0,0.0,0.0,0.0,0.0,0.0,0.0,0.0,0.0,0.85,UB&PB,66769
2500,1.1265891282491687,0.8358382961209329,0.7303321733016773,0.913861086421211,0.027790234131622814,0.009554178089723921,0.05416438515932123,0.7396611757623207,0.604775773005621,0.8436817049710834,0.20517199715707168,0.7948280028429281,0.3481092504548475,0.37409099755299996,0.2681774876538597,0.41934032973303537,0.13281795259069762,0.5373997047895449,0.35484123053614186,0.3762698389528103,0.27902016737436247,0.42387195527581056,0.400862115794805,0.40924445328368897,0.3524262647532504,0.45190085053252904,0.41221668303882664,0.4118868744907254,0.40797835530517773,0.4159295792640995,0.27452406898841647,0.834669894927658,8026.76779151816,1993.5024198233132,42533.85726597875,0.85,UB&PB,66769
0,0.0,0.0,0.0,0.0,0.0,0.0,0.0,0.0,0.0,0.0,0.0,0.0,0.0,0.0,0.0,0.0,0.0,0.0,0.0,0.0,0.0,0.0,0.0,0.0,0.0,0.0,0.0,0.0,0.0,0.0,0.0,0.0,0.0,0.0,0.0,0.9,UB&PB,66769
2500,1.1428267351240418,0.8653153395628304,0.7760122066424747,0.9361966550938849,0.02736243115659759,0.009217151546947865,0.05449120696097116,0.815236601775266,0.6943626955251512,0.9106284152421034,0.16852594171997162,0.8314740582800281,0.36221640220955625,0.38521466082387185,0.2955609952665256,0.4245491007697912,0.15272651610469307,0.5448444200079027,0.36732584286563263,0.38511333867428477,0.3040017547433764,0.42905647469794805,0.4054677654943013,0.4121853129128664,0.35504810273616205,0.4568794473899357,0.414539627772791,0.41425943773249735,0.4104777395502971,0.4181890206361675,0.08912562805948795,0.6561223803162495,9997.20874150642,2285.1115037934314,55216.68524773773,0.9,UB&PB,66769
0,0.0,0.0,0.0,0.0,0.0,0.0,0.0,0.0,0.0,0.0,0.0,0.0,0.0,0.0,0.0,0.0,0.0,0.0,0.0,0.0,0.0,0.0,0.0,0.0,0.0,0.0,0.0,0.0,0.0,0.0,0.0,0.0,0.0,0.0,0.0,0.95,UB&PB,66769
2500,1.1703119998820306,0.7800838150900894,0.6725269786730996,0.8883924894664047,0.028362659862798706,0.009952971550359997,0.055061504143244955,0.7742250525043615,0.6334995445235442,0.8843123037217446,0.1624150675195451,0.8375849324804553,0.390448627620469,0.4060586960733594,0.34616864486753046,0.436988153821844,0.20272985596495283,0.5505321907855231,0.39652220920005216,0.4061767376360235,0.3536225939370172,0.4438009171647552,0.41392935601962066,0.41875651282553344,0.3704960262587346,0.45889076007304985,0.42046895095952297,0.42015619486913536,0.41606463672640503,0.42441833423604924,0.4828311754416107,0.897557014487585,6101.260130166281,1651.8529632524928,30461.154519818487,0.95,UB&PB,66769
