time,Vbar,soc_h_median,soc_h_lerror,soc_h_herror,soc_v_median,soc_v_lerror,soc_v_herror,sens_median,sens_lerror,sens_herror,freq_ub,freq_pb,s_mean,s_median,s_lerror,s_herror,s_ltail,s_htail,s_end_mean,s_end_median,s_end_lerror,s_end_herror,s_young_mean,s_young_median,s_young_lerror,s_young_herror,s_child_mean,s_child_median,s_child_lerror,s_child_herror,sbar,mean_increment,concentration,concentration_lerror,concentration_herror,aleph,strategies,seed
0,0.0,0.0,0.0,0.0,0.0,0.0,0.0,0.0,0.0,0.0,0.0,0.0,0.0,0.0,0.0,0.0,0.0,0.0,0.0,0.0,0.0,0.0,0.0,0.0,0.0,0.0,0.0,0.0,0.0,0.0,0.0,0.0,0.0,0.0,0.0,0.05,UB&PB,45069
2500,0.9179059823037349,0.5202678964132577,0.35680411670337764,0.6763748650295758,0.7467246100609536,0.6386102932381515,0.8414502099182262,0.8780302730846526,0.7984569428016661,0.9394065342853877,0.9544342572850048,0.04556574271499649,0.0893562360314134,0.03052476648199631,0.006722128107866446,0.11879339028100812,0.0006593589259048281,0.3773243060054358,0.10032275704346663,0.04168453811488156,0.0100726723647674,0.1401291113617185,0.15193664929493095,0.10743588133993043,0.049031470393298325,0.21955899814901048,0.4230408575706102,0.42238159620009885,0.4130016401078781,0.43229464083057356,0.050480447959377985,0.349302695422495,14166.223137025529,7733.028605513757,26031.982290935874,0.05,UB&PB,45069
0,0.0,0.0,0.0,0.0,0.0,0.0,0.0,0.0,0.0,0.0,0.0,0.0,0.0,0.0,0.0,0.0,0.0,0.0,0.0,0.0,0.0,0.0,0.0,0.0,0.0,0.0,0.0,0.0,0.0,0.0,0.0,0.0,0.0,0.0,0.0,0.1,UB&PB,45069
2500,0.9332612180962258,0.4948686985153485,0.30836517735800045,0.6644362858007448,0.7801984376312144,0.6245174966141984,0.8906288029406125,0.8445818205594293,0.7647466826428633,0.9162380961396106,0.9619957356076755,0.03800426439232413,0.08131509466455851,0.026418116761600312,0.00523999317751788,0.10752560286543623,0.0002918502459736859,0.34937629292846095,0.09127688818158927,0.035640563372780244,0.008299767170282774,0.12739168159425407,0.13364585437771018,0.09400864521363696,0.046086662805282654,0.18458916894445657,0.42325309482297946,0.4227854677677481,0.4142325301789913,0.43169137418717224,0.07198208699373193,0.393675609737215,7642.058317061755,4832.1085089692615,12334.001675909056,0.1,UB&PB,45069
0,0.0,0.0,0.0,0.0,0.0,0.0,0.0,0.0,0.0,0.0,0.0,0.0,0.0,0.0,0.0,0.0,0.0,0.0,0.0,0.0,0.0,0.0,0.0,0.0,0.0,0.0,0.0,0.0,0.0,0.0,0.0,0.0,0.0,0.0,0.0,0.15,UB&PB,45069
2500,0.9497285216039976,0.49355042021492324,0.3570736753142863,0.6409097462160523,0.6446076430485935,0.5300470654971483,0.7490140106039187,0.8528583540592523,0.754145560742628,0.9272913189071552,0.9621428571428571,0.03785714285714289,0.0978470276579412,0.04850192098280141,0.013928862059707984,0.14030947761824508,0.002527466772351645,0.35388413787612355,0.1111914537139158,0.06468447443434831,0.020334194517324967,0.16360911093451955,0.15565108952481507,0.1263001761357365,0.06878630565359807,0.2143482963701507,0.42561281913578697,0.4252312857798911,0.41756409484726104,0.43316163503843325,0.011056413169572265,0.45734380039169165,5806.041016431786,3912.9774355464015,8904.505210804275,0.15,UB&PB,45069
0,0.0,0.0,0.0,0.0,0.0,0.0,0.0,0.0,0.0,0.0,0.0,0.0,0.0,0.0,0.0,0.0,0.0,0.0,0.0,0.0,0.0,0.0,0.0,0.0,0.0,0.0,0.0,0.0,0.0,0.0,0.0,0.0,0.0,0.0,0.0,0.2,UB&PB,45069
2500,0.9582320664544143,0.6271462809250241,0.45718789265278464,0.8178799040474181,0.8562578888451999,0.7582189840049843,0.9302075188540168,0.8064289636693385,0.6971242820355078,0.9029737698952419,0.9662039800995027,0.03379601990049753,0.07906742436531754,0.03492490534434858,0.007601805598910522,0.10900679825791801,0.0005582923834177737,0.30662599031998905,0.0847234104534761,0.040809316131353475,0.009699183647112372,0.11945386383813103,0.12346995516578381,0.09923008214755405,0.04607275591521222,0.16939818115165256,0.4170470223298873,0.4165984965254212,0.41073901658596096,0.4227738373441589,0.11487425666577321,0.75877264789822,19473.74718474923,12913.908514551078,29977.192294458644,0.2,UB&PB,45069
0,0.0,0.0,0.0,0.0,0.0,0.0,0.0,0.0,0.0,0.0,0.0,0.0,0.0,0.0,0.0,0.0,0.0,0.0,0.0,0.0,0.0,0.0,0.0,0.0,0.0,0.0,0.0,0.0,0.0,0.0,0.0,0.0,0.0,0.0,0.0,0.25,UB&PB,45069
2500,0.9651621454336926,0.46012349810811737,0.32757387560920936,0.5755912208824574,0.29314138370168735,0.20452133632602734,0.3847689308375708,0.8154068387651912,0.7348487171507466,0.8955553573955269,0.960216773276476,0.03978322672352529,0.15219626371946712,0.11086666232415922,0.048224754564996565,0.2290707621772804,0.012539896275781854,0.4106619056819762,0.17955744531787737,0.14771084232281337,0.07344271525964029,0.2646427467908545,0.22545789714788042,0.20442858616405363,0.13651568392208757,0.3039745124101601,0.4068141532947096,0.40613221517004144,0.3951472764048028,0.41758055037103975,0.17227909486325427,0.7640566411114239,5660.556945043613,3149.25148662157,10849.43789304668,0.25,UB&PB,45069
0,0.0,0.0,0.0,0.0,0.0,0.0,0.0,0.0,0.0,0.0,0.0,0.0,0.0,0.0,0.0,0.0,0.0,0.0,0.0,0.0,0.0,0.0,0.0,0.0,0.0,0.0,0.0,0.0,0.0,0.0,0.0,0.0,0.0,0.0,0.0,0.3,UB&PB,45069
2500,0.9518726490483673,0.8093399868779607,0.6830192290390811,0.8975573521024789,0.15173016572935222,0.08228112434368957,0.24585004346728356,0.8667613617391481,0.7655375904276435,0.9352215237903188,0.9412828713574976,0.05871712864250178,0.14075591236230145,0.07888609918213328,0.01862269555481071,0.22900343525845854,0.0032217930746542387,0.4407266801116036,0.14602307454846358,0.08787604095930891,0.021605980842082217,0.23773819632419582,0.2446344223761319,0.2259565069147757,0.11652953764782925,0.374545625070713,0.39976931973301977,0.3994429561167013,0.3950957177122467,0.4039596518073095,0.05092829081901527,0.3406108954389846,21532.72480665215,8598.127567457985,57644.9996121007,0.3,UB&PB,45069
0,0.0,0.0,0.0,0.0,0.0,0.0,0.0,0.0,0.0,0.0,0.0,0.0,0.0,0.0,0.0,0.0,0.0,0.0,0.0,0.0,0.0,0.0,0.0,0.0,0.0,0.0,0.0,0.0,0.0,0.0,0.0,0.0,0.0,0.0,0.0,0.35,UB&PB,45069
2500,0.9792624169821149,0.7783537764617087,0.5888050684324746,0.8855454508087605,0.08881901180139398,0.04117271807079531,0.16059849564281078,0.779841017570829,0.6678271045828607,0.8772799169654213,0.9173745557924669,0.08262544420753382,0.18875401540985778,0.1496066881509887,0.052094842102395254,0.3020696544404787,0.012135646920229408,0.4705127462534611,0.19854536802741857,0.16489978648167336,0.06113874318410431,0.3163467475280989,0.3011543497838441,0.30947261643596835,0.1753348591069441,0.42759364370186814,0.4197711542554794,0.4194523437145138,0.4150403582481196,0.4240716619954504,0.1487287396702306,0.5100509446212907,10035.328715209538,3799.3727595623404,30739.399040766166,0.35,UB&PB,45069
0,0.0,0.0,0.0,0.0,0.0,0.0,0.0,0.0,0.0,0.0,0.0,0.0,0.0,0.0,0.0,0.0,0.0,0.0,0.0,0.0,0.0,0.0,0.0,0.0,0.0,0.0,0.0,0.0,0.0,0.0,0.0,0.0,0.0,0.0,0.0,0.4,UB&PB,45069
2500,0.9973559083080166,0.5927455878603582,0.4819749426965011,0.6965589605578913,0.0643143553740648,0.0297459148700466,0.11027830716705629,0.7944635198926648,0.6670043125113021,0.8986900305398166,0.9090262970859987,0.0909737029140015,0.22369703931897061,0.20368768521121153,0.09422473923320832,0.3434836399136175,0.024946789581755065,0.47589740556252036,0.24559865897562475,0.2323693368084723,0.1209675736561724,0.3663370331849108,0.32917139597728867,0.35025735288989673,0.22421123112031657,0.4347888178542152,0.41996479346984295,0.4196389465273303,0.4137125666904673,0.42582086177560247,0.18771005096037693,0.42200399997484966,3954.9498986728777,1706.4982247215921,11870.59406759601,0.4,UB&PB,45069
0,0.0,0.0,0.0,0.0,0.0,0.0,0.0,0.0,0.0,0.0,0.0,0.0,0.0,0.0,0.0,0.0,0.0,0.0,0.0,0.0,0.0,0.0,0.0,0.0,0.0,0.0,0.0,0.0,0.0,0.0,0.0,0.0,0.0,0.0,0.0,0.45,UB&PB,45069
2500,0.9967408468334097,0.8449680073015143,0.7321081965565822,0.9245928058244186,0.04141654547909619,0.016271506414050372,0.07788702144307463,0.6393553542930042,0.53298326136535,0.7661881931562453,0.8734250177683016,0.12657498223169913,0.22227341634934478,0.2018986611233881,0.07998947553380492,0.35100404643575855,0.01808006653948221,0.4871954333906036,0.23095770473069252,0.21329614635282776,0.09117506918381915,0.3610708804430601,0.33506776186044224,0.3635681854927115,0.21499099125712628,0.4510694750126112,0.41569267896672607,0.4153842043196689,0.41148787863810793,0.41939743077681685,0.05614969946180766,0.4371604609344539,13302.632325796305,4188.3420429300295,54623.53799554817,0.45,UB&PB,45069
0,0.0,0.0,0.0,0.0,0.0,0.0,0.0,0.0,0.0,0.0,0.0,0.0,0.0,0.0,0.0,0.0,0.0,0.0,0.0,0.0,0.0,0.0,0.0,0.0,0.0,0.0,0.0,0.0,0.0,0.0,0.0,0.0,0.0,0.0,0.0,0.5,UB&PB,45069
2500,1.007609881586324,0.8647981030668103,0.773954099249164,0.9365907266142297,0.04376241486475258,0.017411763051214425,0.08231298742867235,0.7645965163558189,0.6564788149594865,0.8570112064482522,0.8686744847192606,0.1313255152807391,0.220968384447365,0.19705321565599693,0.07359158873190465,0.3622996534210933,0.01609781318145082,0.4897563475336775,0.22795727472733365,0.20643322877587447,0.08201444283808258,0.36944071266155454,0.3329066759643277,0.3577579773916226,0.21151342869566395,0.4509818648186044,0.41711339253399876,0.416795080813537,0.4130831898228394,0.4206999321925229,0.16837834029102944,0.4881592815503606,16459.434759416683,5082.806806828614,68400.48148876247,0.5,UB&PB,45069
0,0.0,0.0,0.0,0.0,0.0,0.0,0.0,0.0,0.0,0.0,0.0,0.0,0.0,0.0,0.0,0.0,0.0,0.0,0.0,0.0,0.0,0.0,0.0,0.0,0.0,0.0,0.0,0.0,0.0,0.0,0.0,0.0,0.0,0.0,0.0,0.55,UB&PB,45069
2500,1.02481002898635,0.8344918866469916,0.7359055243784816,0.912567260419541,0.04233698242317731,0.01680434712443836,0.07946377551055797,0.8049665657226409,0.690558968654201,0.8961007538879924,0.8509523809523791,0.14904761904761904,0.2345157375622306,0.21332042485395325,0.09273250497354237,0.37932316207649086,0.022237678497019693,0.49237955999520067,0.2430078401913984,0.22383106232882594,0.1045179087447765,0.38527568796872996,0.3423200531273383,0.36748766149813195,0.23338753955063427,0.4507963617687907,0.4195189140300926,0.419236145375914,0.4153812250411799,0.42324166333414104,0.4833189062183109,0.9412173232613278,13295.460281300655,4255.965211125504,53616.64347836554,0.55,UB&PB,45069
0,0.0,0.0,0.0,0.0,0.0,0.0,0.0,0.0,0.0,0.0,0.0,0.0,0.0,0.0,0.0,0.0,0.0,0.0,0.0,0.0,0.0,0.0,0.0,0.0,0.0,0.0,0.0,0.0,0.0,0.0,0.0,0.0,0.0,0.0,0.0,0.6,UB&PB,45069
2500,1.0381670145612314,0.8749692262449247,0.7869379045506825,0.9411148146940911,0.03514322333330374,0.013078993274100989,0.06917841497930803,0.7619052700911189,0.598872401671025,0.8729823965712875,0.7981385927505315,0.20186140724946702,0.25474630337119486,0.24029392596790186,0.11543273647301157,0.4007717701005971,0.02619030250043477,0.507170105896513,0.2619782610789698,0.24931130586719122,0.12601034964867405,0.4046408562446303,0.3587033935578121,0.3857274246544763,0.25337588958315027,0.46298503681923364,0.4236258048746215,0.4233848755304372,0.4196642760684315,0.427238468589368,0.18344025720157325,0.6228562761322689,14207.814151285855,4150.75401730991,64797.215311400745,0.6,UB&PB,45069
0,0.0,0.0,0.0,0.0,0.0,0.0,0.0,0.0,0.0,0.0,0.0,0.0,0.0,0.0,0.0,0.0,0.0,0.0,0.0,0.0,0.0,0.0,0.0,0.0,0.0,0.0,0.0,0.0,0.0,0.0,0.0,0.0,0.0,0.0,0.0,0.65,UB&PB,45069
2500,1.0560431002398942,0.8469091168643553,0.7506845886134482,0.92419193036146,0.030394676292244068,0.01078750503350067,0.05908788723903203,0.6673078283960738,0.5636620386508019,0.7691091530981997,0.6848969438521686,0.3151030561478327,0.28037641889941867,0.27501835529619245,0.15689207909900496,0.4119772230039646,0.04480203387183285,0.5145967480458333,0.2890164863073219,0.28574334327426176,0.1702996232773997,0.41493528819778247,0.37492032409226017,0.40106992957558496,0.2874657088281808,0.46296930170358225,0.42093907575248707,0.420697506715187,0.41686235834808444,0.42468653178605714,0.05421277724270752,0.6189166398874653,10175.455614249673,2982.616050242664,48006.735958213845,0.65,UB&PB,45069
0,0.0,0.0,0.0,0.0,0.0,0.0,0.0,0.0,0.0,0.0,0.0,0.0,0.0,0.0,0.0,0.0,0.0,0.0,0.0,0.0,0.0,0.0,0.0,0.0,0.0,0.0,0.0,0.0,0.0,0.0,0.0,0.0,0.0,0.0,0.0,0.7,UB&PB,45069
2500,1.074150542411633,0.8423447039922339,0.741563536860118,0.9187772124251101,0.027166910641631063,0.009270902851468345,0.053200392706601,0.5383315288308385,0.44881858016663206,0.6535170332048792,0.6305863539445624,0.36941364605543725,0.3013563330367974,0.3059539215898689,0.1963909548548137,0.4088560937808409,0.07583804274688209,0.5108633495232654,0.30969991859601514,0.3157992617764884,0.20919953788504864,0.4115279165832084,0.377854985962424,0.3980905198628649,0.3038640155216077,0.45330981702471224,0.41068777319101196,0.4103351026034818,0.40649805413353507,0.4143412520371029,0.46189182605860907,0.8053601763519518,8598.009016347454,2495.4131789916746,42285.984789827955,0.7,UB&PB,45069
0,0.0,0.0,0.0,0.0,0.0,0.0,0.0,0.0,0.0,0.0,0.0,0.0,0.0,0.0,0.0,0.0,0.0,0.0,0.0,0.0,0.0,0.0,0.0,0.0,0.0,0.0,0.0,0.0,0.0,0.0,0.0,0.0,0.0,0.0,0.0,0.75,UB&PB,45069
2500,1.1069445525756338,0.8748903098380134,0.7715302445839813,0.9364339258260148,0.028914372120364858,0.0101248343976033,0.056360234198654935,0.6885775277255612,0.5554858357503912,0.8086438140829997,0.3564413646055436,0.6435586353944558,0.3310092398026574,0.3447105659427396,0.22888495619446778,0.43223315330564344,0.09362373615714463,0.5461947493199918,0.3383835787903849,0.35400453931695275,0.2389648643555755,0.4349083456198694,0.40827560434068627,0.42363262620025055,0.34519671915081096,0.47442618142150417,0.4302923539093392,0.43002168195683166,0.4263450430834805,0.4338742275292373,0.7968236797523481,1.0217890622064825,10584.77541070152,2603.103235043511,55793.94187160352,0.75,UB&PB,45069
0,0.0,0.0,0.0,0.0,0.0,0.0,0.0,0.0,0.0,0.0,0.0,0.0,0.0,0.0,0.0,0.0,0.0,0.0,0.0,0.0,0.0,0.0,0.0,0.0,0.0,0.0,0.0,0.0,0.0,0.0,0.0,0.0,0.0,0.0,0.0,0.8,UB&PB,45069
2500,1.1112188416347195,0.8492854657311255,0.756906864125025,0.9230525863857221,0.028090447005978115,0.009703785421200982,0.05494869536069967,0.7315607733102136,0.5811906148229351,0.8598155795323055,0.2496702203269362,0.750329779673063,0.3368085943301793,0.359809980834241,0.2417472068588193,0.4246902238451613,0.10592880132724489,0.5429430263754611,0.34386636340455407,0.36556359619209366,0.25163331907386993,0.42814379606698927,0.40535984114881574,0.4159794666375784,0.35102404252507313,0.4630574237632738,0.4199223002336855,0.4196764951469768,0.4158965969043838,0.42355807641172805,0.2411527932569989,0.8040429882148938,9368.048587065961,2285.004429365917,49293.73988957579,0.8,UB&PB,45069
0,0.0,0.0,0.0,0.0,0.0,0.0,0.0,0.0,0.0,0.0,0.0,0.0,0.0,0.0,0.0,0.0,0.0,0.0,0.0,0.0,0.0,0.0,0.0,0.0,0.0,0.0,0.0,0.0,0.0,0.0,0.0,0.0,0.0,0.0,0.0,0.85,UB&PB,45069
2500,1.117831362638442,0.8411223481174371,0.7457855658988357,0.9193526722018293,0.02662931278821623,0.008987747473496928,0.052519932553246766,0.6386460496593096,0.4975534712435119,0.7897403748463117,0.22141364605543695,0.7785863539445618,0.34150877579001987,0.3670983060107581,0.2637534885221553,0.41171367272924925,0.1254941276747951,0.5290039599858698,0.34766347051892915,0.3692157668461528,0.27329989479333244,0.4156696733483745,0.39333680713469527,0.4016782235105299,0.3450818985795503,0.44457576380942676,0.4044602880280527,0.404130370870565,0.40029215610540486,0.4081294679915873,0.6154077825213163,0.9661088776484301,8244.306041429807,2054.4458225084336,43554.655283372056,0.85,UB&PB,45069
0,0.0,0.0,0.0,0.0,0.0,0.0,0.0,0.0,0.0,0.0,0.0,0.0,0.0,0.0,0.0,0.0,0.0,0.0,0.0,0.0,0.0,0.0,0.0,0.0,0.0,0.0,0.0,0.0,0.0,0.0,0.0,0.0,0.0,0.0,0.0,0.9,UB&PB,45069
2500,1.147074372829592,0.8284330417077354,0.7254407741884004,0.9095086899404291,0.027042717985217155,0.009239349316609443,0.05338210732551679,0.6571004070834722,0.5231269599418436,0.8125615634114042,0.18435181236673764,0.815648187633262,0.3702946642529992,0.3933345562764472,0.3091095926995306,0.42788110104145116,0.16486662471261995,0.5446627240091942,0.37630503947129046,0.39405321879006133,0.31792473222318096,0.43321172330153457,0.40831261038746025,0.41476370228369946,0.3632530159047654,0.4556223723906471,0.4168104856115389,0.41653710258287,0.41263105139714057,0.4205716415855256,0.6416900402521464,1.0405457996532619,7099.593276448629,1842.4445612252582,36646.6044720205,0.9,UB&PB,45069
0,0.0,0.0,0.0,0.0,0.0,0.0,0.0,0.0,0.0,0.0,0.0,0.0,0.0,0.0,0.0,0.0,0.0,0.0,0.0,0.0,0.0,0.0,0.0,0.0,0.0,0.0,0.0,0.0,0.0,0.0,0.0,0.0,0.0,0.0,0.0,0.95,UB&PB,45069
2500,1.1624164402157664,0.8747261240621688,0.7811920233725987,0.9398699465205937,0.027795669393020674,0.00950043889293036,0.0548553435640585,0.6466003671037699,0.47522825826685156,0.8333799935091389,0.14567803837953067,0.854321961620468,0.3832219761915634,0.3979970991293991,0.3344587394940155,0.42960950304555545,0.1964022066273506,0.5510070314248975,0.3875740842586694,0.3971885507328593,0.34027476024606534,0.43406512534096064,0.40908526444350324,0.4135583452866332,0.3608422250061957,0.4579332703791218,0.4150195187193066,0.41471370347611153,0.410992978405962,0.4185528023165663,0.06622433619104622,0.9878999106728188,9241.623422451066,2143.643849886088,50870.5536603629,0.95,UB&PB,45069
0,0.0,0.0,0.0,0.0,0.0,0.0,0.0,0.0,0.0,0.0,0.0,0.0,0.0,0.0,0.0,0.0,0.0,0.0,0.0,0.0,0.0,0.0,0.0,0.0,0.0,0.0,0.0,0.0,0.0,0.0,0.0,0.0,0.0,0.0,0.0,0.05,UB&PB,71554
2500,0.915979205831037,0.7384532512017686,0.5827209114996916,0.8534006489999669,0.8316144188087867,0.734514658185659,0.9112101709056721,0.8987277804862527,0.8205006935214577,0.9518184989786829,0.9598223169864943,0.040177683013503974,0.08421294996378041,0.020717222461261647,0.00267343113198554,0.10814200270990754,0.0001059841205347123,0.3863211434609323,0.08804339991986004,0.023411441180901132,0.003129399751770425,0.11643369033731626,0.15140741612183067,0.10059489708156598,0.033215820284704635,0.23711347923177167,0.413456976750907,0.4130925486014387,0.4078871328506656,0.4185161690084425,0.033850013228752675,0.4315670946736902,45922.99363105506,22908.39369422581,89700.19857866057,0.05,UB&PB,71554
0,0.0,0.0,0.0,0.0,0.0,0.0,0.0,0.0,0.0,0.0,0.0,0.0,0.0,0.0,0.0,0.0,0.0,0.0,0.0,0.0,0.0,0.0,0.0,0.0,0.0,0.0,0.0,0.0,0.0,0.0,0.0,0.0,0.0,0.0,0.0,0.1,UB&PB,71554
2500,0.9326489609223118,0.36729379918325333,0.24176985974165788,0.5766999442355555,0.8489403873223336,0.7379328873589629,0.9338717028845753,0.8861478444373695,0.7992599809486796,0.9502116173770678,0.9607924662402271,0.03920753375977248,0.0780774317739718,0.027919397993173205,0.006748124927628448,0.10191951069896303,0.0006131800290138826,0.32782665568464214,0.09024955469842598,0.03988657314577855,0.010506024731442555,0.12531636754162906,0.12357971576126621,0.09047202902724596,0.044211871938051726,0.16439905740101876,0.4177420576573214,0.41722361052292617,0.40608520002536563,0.4288564148985363,0.01429872984468765,0.5144726172507753,5121.471471018114,3482.715750083605,7754.670747098694,0.1,UB&PB,71554
0,0.0,0.0,0.0,0.0,0.0,0.0,0.0,0.0,0.0,0.0,0.0,0.0,0.0,0.0,0.0,0.0,0.0,0.0,0.0,0.0,0.0,0.0,0.0,0.0,0.0,0.0,0.0,0.0,0.0,0.0,0.0,0.0,0.0,0.0,0.0,0.15,UB&PB,71554
2500,0.9464661533546499,0.34819656027397355,0.2067791272818342,0.5014709465773151,0.3628823183183466,0.26896412311730744,0.4680598830439318,0.8796328808152527,0.8098788149271742,0.9365860674684884,0.955544420753377,0.04445557924662416,0.13361429397115906,0.08972061015815745,0.036002795584455356,0.1989426194806424,0.008051727589665488,0.39080082332087457,0.16497221828501704,0.13126644829509665,0.05832715807698741,0.24494493102707188,0.20104264375006228,0.1772386097124378,0.1190212176741438,0.26439316044719346,0.41851539148122296,0.4179068745008278,0.40262016564553693,0.43379626352072104,0.07523750329593248,2.275507677956885,2342.0004995387294,1554.1704721638857,3744.4160466875614,0.15,UB&PB,71554
0,0.0,0.0,0.0,0.0,0.0,0.0,0.0,0.0,0.0,0.0,0.0,0.0,0.0,0.0,0.0,0.0,0.0,0.0,0.0,0.0,0.0,0.0,0.0,0.0,0.0,0.0,0.0,0.0,0.0,0.0,0.0,0.0,0.0,0.0,0.0,0.2,UB&PB,71554
2500,0.9613980153112816,0.5218066843610671,0.355902361792162,0.6642893564705211,0.48426461355572914,0.37248233581897017,0.6168699801540759,0.8576999377553455,0.7529869456577692,0.9279125905364562,0.9575230987917557,0.04247690120824447,0.12542755561947977,0.0771441348874342,0.030484660022108562,0.1836464147849634,0.007626128320686496,0.3928326314252904,0.14375301033138435,0.10047324677778703,0.04497132298762838,0.20998546779942398,0.19182748749924977,0.16545715440843126,0.10290091109501175,0.2595181627980729,0.42650932999449215,0.4260503314346776,0.41685319112220753,0.43564293368802454,0.28544940911552025,0.6662775691512935,8585.189081747918,5127.966070492167,14776.080538168406,0.2,UB&PB,71554
0,0.0,0.0,0.0,0.0,0.0,0.0,0.0,0.0,0.0,0.0,0.0,0.0,0.0,0.0,0.0,0.0,0.0,0.0,0.0,0.0,0.0,0.0,0.0,0.0,0.0,0.0,0.0,0.0,0.0,0.0,0.0,0.0,0.0,0.0,0.0,0.25,UB&PB,71554
2500,0.9677892745011898,0.3771585251679843,0.24108101537164897,0.5459949657115732,0.1889763273442201,0.12450150698443158,0.2632592597107865,0.8881288258119923,0.8021934557282172,0.9497665395239054,0.9487334754797455,0.05126652452025589,0.17966195020565298,0.1482611508617241,0.06474837957824414,0.2720297821480971,0.016021794474329644,0.43471757037526393,0.21463027017969857,0.19676632497717214,0.09801121864375746,0.3171465798861193,0.26220539618238076,0.25009350591957963,0.16925896899319265,0.3510661951892595,0.4136144130583634,0.4130081564809411,0.40188280993572995,0.42461708096054135,0.21847736779764354,0.9594675738872768,1584.7990265310918,1042.704182607531,2694.6879190746877,0.25,UB&PB,71554
0,0.0,0.0,0.0,0.0,0.0,0.0,0.0,0.0,0.0,0.0,0.0,0.0,0.0,0.0,0.0,0.0,0.0,0.0,0.0,0.0,0.0,0.0,0.0,0.0,0.0,0.0,0.0,0.0,0.0,0.0,0.0,0.0,0.0,0.0,0.0,0.3,UB&PB,71554
2500,0.9573545071672592,0.7986919567521747,0.6439796598943484,0.9015184157389764,0.16368905738961903,0.08876964533443457,0.27320385228466776,0.7810684196758881,0.6739278519227432,0.881305334670203,0.9373319118692259,0.0626680881307748,0.150330161050861,0.09326828280317495,0.02733602587527248,0.24268030016303918,0.0051323790793677436,0.4457331508109683,0.15698976857103994,0.10387061656062396,0.031885032157935644,0.2525306496758697,0.2522236356808207,0.23590966674357644,0.12605327764843705,0.37837167126472876,0.40537632334524226,0.4050141435322206,0.4004177043699734,0.4097716333462711,0.46913184969106747,1.0748691955650531,22942.91747044883,9545.724693751583,58802.900383294014,0.3,UB&PB,71554
0,0.0,0.0,0.0,0.0,0.0,0.0,0.0,0.0,0.0,0.0,0.0,0.0,0.0,0.0,0.0,0.0,0.0,0.0,0.0,0.0,0.0,0.0,0.0,0.0,0.0,0.0,0.0,0.0,0.0,0.0,0.0,0.0,0.0,0.0,0.0,0.35,UB&PB,71554
2500,0.9720927029492562,0.7931408545390528,0.6560219919567505,0.8846427636907116,0.10034575282997475,0.05187631107377571,0.16757366574998142,0.8550583087389008,0.7634670733706681,0.932558669821126,0.9250206112295657,0.0749793887704335,0.17141389376355576,0.12444757929409661,0.03871118973525308,0.2781264249313658,0.006450265671432051,0.459927372521128,0.17972531710811288,0.1375783966122,0.04568749145051657,0.29157824762119144,0.28311509023150605,0.2837933289127303,0.15473331443520955,0.41248513635390494,0.41403894543484665,0.4137698411658263,0.40926398808106534,0.4184250629392096,0.15866582429542195,0.44623046406288314,14102.497180636523,5469.673833970859,41198.21966497809,0.35,UB&PB,71554
0,0.0,0.0,0.0,0.0,0.0,0.0,0.0,0.0,0.0,0.0,0.0,0.0,0.0,0.0,0.0,0.0,0.0,0.0,0.0,0.0,0.0,0.0,0.0,0.0,0.0,0.0,0.0,0.0,0.0,0.0,0.0,0.0,0.0,0.0,0.0,0.4,UB&PB,71554
2500,0.9879839860479555,0.7870606818177921,0.6747509438818597,0.8822925994217707,0.0932482411059849,0.045947125991300464,0.15820976967033618,0.8174284904261342,0.7054705569333088,0.9151486993614802,0.9175323383084573,0.08246766169154214,0.19176623864450176,0.1524964201711126,0.04977596739882459,0.31533517618189416,0.010315058403449772,0.47642434198917183,0.2003649955521611,0.1658742753619902,0.05775488995805629,0.32819819638205494,0.30604030820850375,0.31559681763408015,0.18140739009571366,0.4315130441499046,0.4261998597657031,0.42593149825420273,0.4216477798483107,0.4303526866579662,0.052035151735792574,0.3906177141021153,11484.655356889894,4403.2011701525535,35797.49511852843,0.4,UB&PB,71554
0,0.0,0.0,0.0,0.0,0.0,0.0,0.0,0.0,0.0,0.0,0.0,0.0,0.0,0.0,0.0,0.0,0.0,0.0,0.0,0.0,0.0,0.0,0.0,0.0,0.0,0.0,0.0,0.0,0.0,0.0,0.0,0.0,0.0,0.0,0.0,0.45,UB&PB,71554
2500,1.0004868260979387,0.8220331720230442,0.7232545512169312,0.902074879649082,0.043456970560311496,0.017443017202998526,0.0812292763743215,0.782776760695765,0.6683386996506893,0.8839590306428502,0.8591947405828011,0.1408052594171999,0.21720136535914134,0.19320599860426985,0.07188145113053838,0.3509855617791746,0.016006589494637923,0.4891867640887799,0.22652917152299426,0.20563108703886318,0.08292106710103272,0.3623694283012725,0.3332331791503227,0.3617125356861553,0.21081134703253565,0.4511539460255246,0.41974102520452267,0.41942115123123136,0.415395710611594,0.4236302479892192,0.013234925909955302,0.6044633414521061,12163.302618943557,3836.0811074633557,48859.751916543966,0.45,UB&PB,71554
0,0.0,0.0,0.0,0.0,0.0,0.0,0.0,0.0,0.0,0.0,0.0,0.0,0.0,0.0,0.0,0.0,0.0,0.0,0.0,0.0,0.0,0.0,0.0,0.0,0.0,0.0,0.0,0.0,0.0,0.0,0.0,0.0,0.0,0.0,0.0,0.5,UB&PB,71554
2500,1.008719113621347,0.830985298030149,0.7025719398947873,0.9198324073576625,0.0400114125615924,0.015743051001753477,0.07660711941760714,0.6915160276735407,0.5827758609193809,0.8218811726966653,0.8585984363894806,0.14140156361051875,0.23055041303544122,0.21338109653058235,0.08707294082292141,0.37012983344540934,0.01767369512476185,0.49045761153937323,0.2396606474464705,0.2249359726046953,0.09927283355275193,0.37858592167030086,0.34139802579551753,0.37075855077943604,0.22631519215720028,0.45202018995195625,0.4194651705528838,0.4192201851255792,0.4152288590467172,0.4233408629344555,0.564634664250591,1.0458642801267728,11140.577769685533,3555.933236009018,45702.96661874669,0.5,UB&PB,71554
0,0.0,0.0,0.0,0.0,0.0,0.0,0.0,0.0,0.0,0.0,0.0,0.0,0.0,0.0,0.0,0.0,0.0,0.0,0.0,0.0,0.0,0.0,0.0,0.0,0.0,0.0,0.0,0.0,0.0,0.0,0.0,0.0,0.0,0.0,0.0,0.55,UB&PB,71554
2500,1.0193081241888855,0.8626155597734628,0.7687203032988243,0.9344146051804376,0.03732966901747413,0.014089213982944337,0.07085385592112756,0.6817174634405395,0.5824266366444106,0.780920701364938,0.8543148542999285,0.14568514570007068,0.23839856269640688,0.22324532851479575,0.09712491505371938,0.3792849485569116,0.023525748736175196,0.49226371933763796,0.24595418984138578,0.23194942847509822,0.10788726975503617,0.38502354293361213,0.3441351234742145,0.37161045408097476,0.2328956717518804,0.45223837717986254,0.41471540943036367,0.41439092276159,0.4106296461575089,0.41828128035884277,0.05837399174397911,0.3923257207953192,13248.008224032164,4107.780465978671,57429.899544447166,0.55,UB&PB,71554
0,0.0,0.0,0.0,0.0,0.0,0.0,0.0,0.0,0.0,0.0,0.0,0.0,0.0,0.0,0.0,0.0,0.0,0.0,0.0,0.0,0.0,0.0,0.0,0.0,0.0,0.0,0.0,0.0,0.0,0.0,0.0,0.0,0.0,0.0,0.0,0.6,UB&PB,71554
2500,1.040808958335104,0.8698112198059866,0.7725046888060955,0.9414503113495339,0.03268782251114989,0.01206827805904113,0.0628741705848286,0.6234153394379511,0.5325401986323459,0.7130795444017398,0.7759985785358929,0.22400142146410798,0.2687263369122625,0.2617453427881636,0.1356636729611701,0.40739886883077486,0.03448981319706504,0.5117593303511845,0.27664577986675504,0.2703484914813719,0.14814384260731972,0.4112427020622448,0.36945208164135296,0.3965155084294083,0.27124067742675473,0.46756169860073665,0.4253198913253388,0.4250824778352029,0.4213525150113983,0.4289082155976676,0.14953721194298653,0.4329925035850347,12355.392353483267,3663.756249903233,57256.10625155864,0.6,UB&PB,71554
0,0.0,0.0,0.0,0.0,0.0,0.0,0.0,0.0,0.0,0.0,0.0,0.0,0.0,0.0,0.0,0.0,0.0,0.0,0.0,0.0,0.0,0.0,0.0,0.0,0.0,0.0,0.0,0.0,0.0,0.0,0.0,0.0,0.0,0.0,0.0,0.65,UB&PB,71554
2500,1.0504259339987136,0.860038393268427,0.7654249346694812,0.9320937888067531,0.031451419132303,0.011530394915843647,0.06035676048475235,0.6289907125071645,0.5152916181617341,0.746983788937949,0.5789189765458416,0.421081023454157,0.28037526609002555,0.2765073228095293,0.1609182375138203,0.4064745253080686,0.04668526979643959,0.5126430000241092,0.28838111226631746,0.28648618279621907,0.17322289347894415,0.40915574104271046,0.3744449699683409,0.39695576885407846,0.29245620841153547,0.4575157957083381,0.4141530238490947,0.4138703514260737,0.4100511008552172,0.41781275306501886,0.3397782829158822,0.8996344972794069,11068.825463884172,3096.530953651751,53577.124308520666,0.65,UB&PB,71554
0,0.0,0.0,0.0,0.0,0.0,0.0,0.0,0.0,0.0,0.0,0.0,0.0,0.0,0.0,0.0,0.0,0.0,0.0,0.0,0.0,0.0,0.0,0.0,0.0,0.0,0.0,0.0,0.0,0.0,0.0,0.0,0.0,0.0,0.0,0.0,0.7,UB&PB,71554
2500,1.0593421099208542,0.8274641259093102,0.709689820454642,0.9174382868779015,0.029230193832470747,0.010287884789857248,0.057176910889385806,0.6363726301698756,0.48751688148911226,0.7945101459773377,0.6950660980810238,0.30493390191897735,0.28354332035708113,0.286332264074177,0.1690394931746527,0.40090028372402736,0.05511903883231661,0.4996203758506152,0.2922851870859724,0.2972537987212877,0.18217874168814452,0.40375766330899887,0.3648552135217982,0.3876725049073618,0.2843059217246872,0.44675604551123027,0.4046200559844531,0.40438064559692777,0.4002949612787028,0.4085855482201991,0.4210754466237742,0.9889543168192471,8860.741414162549,2654.8264085214487,42058.720888263255,0.7,UB&PB,71554
0,0.0,0.0,0.0,0.0,0.0,0.0,0.0,0.0,0.0,0.0,0.0,0.0,0.0,0.0,0.0,0.0,0.0,0.0,0.0,0.0,0.0,0.0,0.0,0.0,0.0,0.0,0.0,0.0,0.0,0.0,0.0,0.0,0.0,0.0,0.0,0.75,UB&PB,71554
2500,1.0894308016029648,0.891316765502872,0.8092593971787578,0.9489045454206517,0.027904141620439644,0.00949904702476971,0.05548822272081687,0.6667693346139144,0.5264833225531086,0.7822806911082565,0.3712146410803132,0.6287853589196876,0.31606293896429677,0.3285950742397694,0.21191538755020858,0.41775302711573675,0.08041403183253855,0.534380304914747,0.32266303277463976,0.3371433836143087,0.22107146404383685,0.4198509697007929,0.3935304135603647,0.4090836543964879,0.3267960805247476,0.46273216834470376,0.4161979710110091,0.41590184716275846,0.4121746541886168,0.4197522974775252,0.611728539512105,0.9850250012758042,11925.912686436714,2875.776415158374,63965.16529180872,0.75,UB&PB,71554
0,0.0,0.0,0.0,0.0,0.0,0.0,0.0,0.0,0.0,0.0,0.0,0.0,0.0,0.0,0.0,0.0,0.0,0.0,0.0,0.0,0.0,0.0,0.0,0.0,0.0,0.0,0.0,0.0,0.0,0.0,0.0,0.0,0.0,0.0,0.0,0.8,UB&PB,71554
2500,1.117500639819825,0.8772715466514382,0.7888802100292814,0.9409414761147569,0.026937419290708094,0.00912355557012977,0.05314414901177321,0.5079052217754784,0.40671065802928424,0.6406392787709189,0.1674072494669509,0.8325927505330479,0.35221557946075205,0.37307556609390635,0.2733187124670144,0.42689255243130386,0.128864493038058,0.5494800513798844,0.35898769000448505,0.37787336595119064,0.2820432008467815,0.43081500504805836,0.4112885352395029,0.41891309516327546,0.363158806380494,0.4627959381671038,0.4207800929219437,0.42049348015154586,0.4168067323418349,0.4243141784769483,0.547076434479308,0.9493894316312123,9894.348804478619,2229.093100886322,55549.62302687277,0.8,UB&PB,71554
0,0.0,0.0,0.0,0.0,0.0,0.0,0.0,0.0,0.0,0.0,0.0,0.0,0.0,0.0,0.0,0.0,0.0,0.0,0.0,0.0,0.0,0.0,0.0,0.0,0.0,0.0,0.0,0.0,0.0,0.0,0.0,0.0,0.0,0.0,0.0,0.85,UB&PB,71554
2500,1.1361414939505923,0.8241997454379093,0.7274532654918496,0.9010207227487064,0.02797117978273001,0.009677288855141448,0.054352787636999106,0.5513945794308528,0.4463650554465478,0.6717745829129856,0.21360056858564352,0.7863994314143571,0.36822772854744495,0.39207965233468856,0.2960549409992855,0.4337603742720648,0.157731225146181,0.5498117639840456,0.3753376064540197,0.3947931982499222,0.3062994894866968,0.438836279959939,0.4154508308435793,0.42242070058433534,0.3696385099837055,0.46417120834424325,0.4245075295374532,0.4242188221356997,0.42035706052911265,0.4282193471235621,0.21117472074893642,0.5411532901777828,7281.80194793141,1890.1006500114986,37596.55513036917,0.85,UB&PB,71554
0,0.0,0.0,0.0,0.0,0.0,0.0,0.0,0.0,0.0,0.0,0.0,0.0,0.0,0.0,0.0,0.0,0.0,0.0,0.0,0.0,0.0,0.0,0.0,0.0,0.0,0.0,0.0,0.0,0.0,0.0,0.0,0.0,0.0,0.0,0.0,0.9,UB&PB,71554
2500,1.148630596973175,0.810948438768587,0.7055038840462553,0.8885984763154343,0.028079063566274026,0.009850134523540536,0.05472161666837331,0.7262523963901837,0.5591975405291082,0.8574657945371545,0.18872992181947373,0.8112700781805253,0.37442715171413155,0.3973290298337987,0.31629368366339083,0.4318401091397274,0.17013608445049264,0.5432124150820449,0.38108347801553777,0.3984184511179412,0.32585301147744306,0.4379205215450388,0.41220040626614574,0.41805214361134835,0.3690400143642562,0.4576426540459481,0.4200534335124636,0.41978681342284907,0.4157599959651836,0.4239301689995579,0.5012424802638777,0.9670152586518413,6420.334770687452,1735.5514879506643,32166.54125874137,0.9,UB&PB,71554
0,0.0,0.0,0.0,0.0,0.0,0.0,0.0,0.0,0.0,0.0,0.0,0.0,0.0,0.0,0.0,0.0,0.0,0.0,0.0,0.0,0.0,0.0,0.0,0.0,0.0,0.0,0.0,0.0,0.0,0.0,0.0,0.0,0.0,0.0,0.0,0.95,UB&PB,71554
2500,1.1597895381371008,0.8846193388463713,0.8137575044580656,0.9428069810619102,0.02928845372121996,0.010187840154294405,0.05782355796661415,0.7881626035711614,0.6158104225079575,0.8878795625212402,0.13263823738450634,0.867361762615495,0.37907400471806535,0.3956301377821412,0.3250756427654321,0.43064118525646305,0.18232792350500787,0.5530620990443158,0.3827875360448037,0.394306733217169,0.33074732195548473,0.4344620170619721,0.4103148635387291,0.4149929739475438,0.3585591706464165,0.4618797861080025,0.4168746653915012,0.41663844102765135,0.4129546145318215,0.4204230933462669,0.1955597477228659,1.0006621799123272,10720.87794845768,2366.6275227320925,60095.819698255305,0.95,UB&PB,71554
0,0.0,0.0,0.0,0.0,0.0,0.0,0.0,0.0,0.0,0.0,0.0,0.0,0.0,0.0,0.0,0.0,0.0,0.0,0.0,0.0,0.0,0.0,0.0,0.0,0.0,0.0,0.0,0.0,0.0,0.0,0.0,0.0,0.0,0.0,0.0,0.05,UB&PB,37857
2500,0.9185716857517526,0.7280625685484611,0.5241274990903111,0.8703143125415745,0.7832966744779513,0.6504477371688994,0.8904803450958527,0.8836794229137565,0.801568479630874,0.9426521100911645,0.9531918976545847,0.046808102345415846,0.08701312490481418,0.02135479895833706,0.004306961254051413,0.1147723310572549,0.000516985380196761,0.39122493328440405,0.09095974969596668,0.024197726020748708,0.004703769046934194,0.12334962270379166,0.15698291612671272,0.10695295404817468,0.03893308546166029,0.2440195782559919,0.4257554501256553,0.4254404801659273,0.4204279972011429,0.4306668163750517,0.15645327527319852,0.6123667469030278,27159.67618095532,14236.436072213994,52000.36616451742,0.05,UB&PB,37857
0,0.0,0.0,0.0,0.0,0.0,0.0,0.0,0.0,0.0,0.0,0.0,0.0,0.0,0.0,0.0,0.0,0.0,0.0,0.0,0.0,0.0,0.0,0.0,0.0,0.0,0.0,0.0,0.0,0.0,0.0,0.0,0.0,0.0,0.0,0.0,0.1,UB&PB,37857
2500,0.929723907757896,0.5234779797279113,0.4075715211163268,0.6241190834336021,0.833666131622493,0.6806826638605071,0.9269377885129271,0.8731055893835007,0.7923447731667373,0.93859791898153,0.9592871357498219,0.040712864250177686,0.07762380951841921,0.023312016509141553,0.004535010265561949,0.10174105857774791,0.000521478804660058,0.33679936764532936,0.08714074474567779,0.032317973100415794,0.007177359243140851,0.1213792508410364,0.12904627073545427,0.09097654169852286,0.04137340757430953,0.18051516337527074,0.41525604465005206,0.4148211085314999,0.40733956281370104,0.42251667275454435,0.016127675746292404,0.3602138141404384,8203.985624691828,5324.604791930987,13008.251359051836,0.1,UB&PB,37857
0,0.0,0.0,0.0,0.0,0.0,0.0,0.0,0.0,0.0,0.0,0.0,0.0,0.0,0.0,0.0,0.0,0.0,0.0,0.0,0.0,0.0,0.0,0.0,0.0,0.0,0.0,0.0,0.0,0.0,0.0,0.0,0.0,0.0,0.0,0.0,0.15,UB&PB,37857
2500,0.9460045251849822,0.29290128032129287,0.16061459652874494,0.4946098740827171,0.5100218085073963,0.3862997409706883,0.6620903879427337,0.8284588305204531,0.7364653543209911,0.8989712170838586,0.9616467661691569,0.038353233830845844,0.1146400445786751,0.07129280608382042,0.026247802711285396,0.16850229843295172,0.004696042186775833,0.3590174613652083,0.14347149797501343,0.10720405763570379,0.04504545250508144,0.2132200459093139,0.16776059875656701,0.14198165479041164,0.09644316154269399,0.21474325590462945,0.42118992677554656,0.42030647072294736,0.4031843422056357,0.43812622756458497,0.09364835372812391,0.2526182996546865,2398.3457987791235,1684.7315850697794,3492.7416918643257,0.15,UB&PB,37857
0,0.0,0.0,0.0,0.0,0.0,0.0,0.0,0.0,0.0,0.0,0.0,0.0,0.0,0.0,0.0,0.0,0.0,0.0,0.0,0.0,0.0,0.0,0.0,0.0,0.0,0.0,0.0,0.0,0.0,0.0,0.0,0.0,0.0,0.0,0.0,0.2,UB&PB,37857
2500,0.9622358921942126,0.38431373471997937,0.25834185828415795,0.5353101539077949,0.3085294120029009,0.21487993620478757,0.416182755071102,0.85884010337935,0.7664927942927122,0.9336203432215355,0.9610852878464817,0.03891471215351812,0.15379995556437784,0.11292984981846681,0.04819993121743481,0.23155244077699452,0.012080920407306768,0.41386100002446696,0.18571498516154925,0.15647216720504115,0.0737902335672241,0.27659536962330994,0.2279542561298703,0.20788577367509709,0.14119730392470448,0.30205063864234244,0.4245740060885628,0.4240383208722529,0.4126476049502434,0.43583365223606224,0.03487835659248561,0.30823694801062373,2030.708358770712,1360.683653762107,3210.191544206287,0.2,UB&PB,37857
0,0.0,0.0,0.0,0.0,0.0,0.0,0.0,0.0,0.0,0.0,0.0,0.0,0.0,0.0,0.0,0.0,0.0,0.0,0.0,0.0,0.0,0.0,0.0,0.0,0.0,0.0,0.0,0.0,0.0,0.0,0.0,0.0,0.0,0.0,0.0,0.25,UB&PB,37857
2500,0.9646796861986964,0.5818175179639418,0.41007948368429786,0.720566592478092,0.24761853721636412,0.15871640942553977,0.35542483394709684,0.8472764628191276,0.764361413090107,0.9179702174566681,0.954974413646056,0.04502558635394451,0.15287705759615278,0.10468865990717556,0.03850050135859356,0.23537984864126799,0.008114799601916588,0.4375493557705545,0.17100542591494192,0.13129342680251976,0.053451621295879596,0.26162815871646095,0.24178869385768123,0.22027365200119195,0.13229314262166206,0.3456579800331112,0.42126345048010416,0.4208066056511115,0.41395446988664447,0.4279745188022452,0.031769757498785973,0.34832569576685884,6907.0469830447855,3624.3156889908664,14003.105006676373,0.25,UB&PB,37857
0,0.0,0.0,0.0,0.0,0.0,0.0,0.0,0.0,0.0,0.0,0.0,0.0,0.0,0.0,0.0,0.0,0.0,0.0,0.0,0.0,0.0,0.0,0.0,0.0,0.0,0.0,0.0,0.0,0.0,0.0,0.0,0.0,0.0,0.0,0.0,0.3,UB&PB,37857
2500,0.9763591020867879,0.5786690749216832,0.46456462566790396,0.7224413908447518,0.08313027359971573,0.04152919695661318,0.13792644096813986,0.8219222067962787,0.7231883324930587,0.905219019839697,0.9209488272921105,0.07905117270788914,0.19890039464897527,0.168344966904939,0.07147262552149374,0.30636940625884157,0.01669937409201903,0.46507002113812873,0.21920306623988106,0.19655398739649546,0.09214802995922766,0.33378835883804336,0.30851295612152985,0.32308858089758735,0.1950196103734533,0.42272302421128827,0.4202306085794439,0.4198844127018851,0.4139600328511215,0.426048638664651,0.45617094534392444,0.8088558523964232,4114.755565806556,1845.4115951585977,11124.33354363737,0.3,UB&PB,37857
0,0.0,0.0,0.0,0.0,0.0,0.0,0.0,0.0,0.0,0.0,0.0,0.0,0.0,0.0,0.0,0.0,0.0,0.0,0.0,0.0,0.0,0.0,0.0,0.0,0.0,0.0,0.0,0.0,0.0,0.0,0.0,0.0,0.0,0.0,0.0,0.35,UB&PB,37857
2500,0.9680357301738907,0.8428904599421302,0.7139308751123421,0.9295495801381335,0.08948653145290668,0.04156046543967351,0.1605175168325904,0.8530479371165032,0.757025591944035,0.9327009319048809,0.9326830135039096,0.06731698649609096,0.16778574160811086,0.1133052545159836,0.03179135440322068,0.27641483477605944,0.005886418036413737,0.46611073653049995,0.17373335695229786,0.1234991078424302,0.035821313303377726,0.2860852245514598,0.2815950838364181,0.2785531079602646,0.1458107809879241,0.4201794832086278,0.4133354933245368,0.413028412992228,0.4089855414488936,0.41718161995756464,0.01677721061219473,0.49694649150538295,20378.771191449225,7138.284393514115,65047.1276920312,0.35,UB&PB,37857
0,0.0,0.0,0.0,0.0,0.0,0.0,0.0,0.0,0.0,0.0,0.0,0.0,0.0,0.0,0.0,0.0,0.0,0.0,0.0,0.0,0.0,0.0,0.0,0.0,0.0,0.0,0.0,0.0,0.0,0.0,0.0,0.0,0.0,0.0,0.0,0.4,UB&PB,37857
2500,0.9787961804443682,0.875641954348177,0.7928152207302288,0.9354755647622961,0.07818442501391447,0.034765967107510856,0.14236046986772732,0.7978778167702072,0.685641002357529,0.890713068484125,0.919799573560768,0.08020042643923231,0.18168870804472043,0.13435062063537617,0.04078387718373435,0.30000155083440516,0.008779673242805847,0.47419268043845897,0.1866444597187778,0.14280569606737709,0.04467226918096689,0.3072607107231916,0.29544004770951604,0.29849944855922905,0.16185293791731517,0.4297528890005943,0.41349140932780615,0.4131683261543189,0.4094463094127137,0.41703500478365757,0.22450901304128454,0.4326792038241077,25366.745583238233,8654.342133038219,83993.89995782147,0.4,UB&PB,37857
0,0.0,0.0,0.0,0.0,0.0,0.0,0.0,0.0,0.0,0.0,0.0,0.0,0.0,0.0,0.0,0.0,0.0,0.0,0.0,0.0,0.0,0.0,0.0,0.0,0.0,0.0,0.0,0.0,0.0,0.0,0.0,0.0,0.0,0.0,0.0,0.45,UB&PB,37857
2500,0.9963624954965962,0.8967841188221233,0.8029899724841767,0.9530231481069158,0.047857929803541,0.019391880431177337,0.09125393906824607,0.8224382361200112,0.7118369448381741,0.9038973866177078,0.8980454868514567,0.10195451314854298,0.20517210869944852,0.17150841594609845,0.055188827986329986,0.34210873464935243,0.01060548049180296,0.48782045341010594,0.21116306323752956,0.18064076835835294,0.0611463323160151,0.35013419419532193,0.323276478326825,0.3438132641806388,0.19161079153325525,0.45075919329309155,0.4220134276413334,0.42170471849523644,0.4180151574570744,0.4255436249328272,0.054921086073836396,0.31635270775456636,20057.392569871703,6187.292892307941,79538.50432253393,0.45,UB&PB,37857
0,0.0,0.0,0.0,0.0,0.0,0.0,0.0,0.0,0.0,0.0,0.0,0.0,0.0,0.0,0.0,0.0,0.0,0.0,0.0,0.0,0.0,0.0,0.0,0.0,0.0,0.0,0.0,0.0,0.0,0.0,0.0,0.0,0.0,0.0,0.0,0.5,UB&PB,37857
2500,0.9977235681254555,0.8925994099837264,0.7877686013507805,0.9504892007603198,0.04487462566475213,0.017978594803965138,0.08477202746399498,0.7963184543016716,0.6559976241615579,0.9025799229740884,0.8960000000000002,0.10399999999999994,0.2080489598676871,0.1787189239245062,0.05983623764645851,0.3491617340626709,0.010723843504435449,0.48020976017151673,0.21431116020549298,0.1874743235716507,0.06699669613965725,0.35600120490461656,0.3200548409803472,0.3426504356376019,0.19433227873228254,0.4419083250492813,0.41079325492889,0.41051532683063674,0.4066839162691391,0.41446282802779677,0.2038687936644922,0.4020172153194293,17460.939701923875,5449.851852816524,70507.96927682203,0.5,UB&PB,37857
0,0.0,0.0,0.0,0.0,0.0,0.0,0.0,0.0,0.0,0.0,0.0,0.0,0.0,0.0,0.0,0.0,0.0,0.0,0.0,0.0,0.0,0.0,0.0,0.0,0.0,0.0,0.0,0.0,0.0,0.0,0.0,0.0,0.0,0.0,0.0,0.55,UB&PB,37857
2500,1.0221773274156063,0.8812592525410452,0.773445662492433,0.9452959579648553,0.0356410230381863,0.013392959202679255,0.06864311237173859,0.7867359959388996,0.6726502091752916,0.8829103721792058,0.8566090973702913,0.14339090262970883,0.23436991698658768,0.21421574341363833,0.08950988336071014,0.37983822639361886,0.018637524959121275,0.4958900896622598,0.24176691286313218,0.22323429648467075,0.10000049968837751,0.38508408871534594,0.34148155475937786,0.3688259519713502,0.22466481324243157,0.45423076349250086,0.4162132929108709,0.41592488693108765,0.4120694733885792,0.4199240240394085,0.29185384267678294,0.5262577303735227,15339.996975994914,4549.4212733781715,67339.19971284443,0.55,UB&PB,37857
0,0.0,0.0,0.0,0.0,0.0,0.0,0.0,0.0,0.0,0.0,0.0,0.0,0.0,0.0,0.0,0.0,0.0,0.0,0.0,0.0,0.0,0.0,0.0,0.0,0.0,0.0,0.0,0.0,0.0,0.0,0.0,0.0,0.0,0.0,0.0,0.6,UB&PB,37857
2500,1.0353919951907848,0.8701102408557523,0.7643867539456228,0.9442976159272926,0.03295372132787293,0.012051152783511522,0.0637465790693428,0.6758454684354761,0.5418924715631215,0.7860002556388633,0.7768507462686565,0.22314925373134312,0.2580364485107995,0.24875755887454756,0.12425107197366565,0.39649808607257225,0.029600728543145872,0.5012035582414458,0.2657745773975941,0.2577845171748634,0.13644479094998643,0.4002051259310502,0.35773709188102826,0.3848766826667911,0.2577779629408443,0.4562185683468926,0.41499390406459563,0.4146908426661706,0.41089827303466797,0.41860346112592917,0.12473638757458165,0.6353980422844954,12670.637468809206,3748.684201262232,58330.928188548816,0.6,UB&PB,37857
0,0.0,0.0,0.0,0.0,0.0,0.0,0.0,0.0,0.0,0.0,0.0,0.0,0.0,0.0,0.0,0.0,0.0,0.0,0.0,0.0,0.0,0.0,0.0,0.0,0.0,0.0,0.0,0.0,0.0,0.0,0.0,0.0,0.0,0.0,0.0,0.65,UB&PB,37857
2500,1.0367559312048342,0.8809127944816406,0.8031418536442743,0.940816040874194,0.03022261587225753,0.010647450472369377,0.05930624680194542,0.7861832845023381,0.6876819018450582,0.8716544241917326,0.7720063965884864,0.2279936034115138,0.24504838210221544,0.2276384988536612,0.11163986139481812,0.3837536291160335,0.027924759239354554,0.4910272214391419,0.2513395368530418,0.23544479687108696,0.12145272171425987,0.38597629654838694,0.3415020493741612,0.3681325136123523,0.2376425434361507,0.44174003370280357,0.3977338635657872,0.39738270749012833,0.39362586189162824,0.4012758930093568,0.4882162676152301,0.7741509611071247,14205.448047728407,4060.032882998105,67402.39810339111,0.65,UB&PB,37857
0,0.0,0.0,0.0,0.0,0.0,0.0,0.0,0.0,0.0,0.0,0.0,0.0,0.0,0.0,0.0,0.0,0.0,0.0,0.0,0.0,0.0,0.0,0.0,0.0,0.0,0.0,0.0,0.0,0.0,0.0,0.0,0.0,0.0,0.0,0.0,0.7,UB&PB,37857
2500,1.0789621191217582,0.8731736655596185,0.7876658870685679,0.9375176701443814,0.027281626901814512,0.009358181260447324,0.05402956471179044,0.6395367474556136,0.5319398013369736,0.7333239323616382,0.41621606254442056,0.5837839374555783,0.31067272635402876,0.31501998170756523,0.2024029220867762,0.42369643525632683,0.07064842445772487,0.5355793142017564,0.3184138692682178,0.3255281068395725,0.21295958665115253,0.42601739443017506,0.3980407995773258,0.41640449728682144,0.3311883926126846,0.46803144707771244,0.4244649718814741,0.42422541543387726,0.42052169048179744,0.4280262567749676,0.4468774751647166,0.8949335470974654,10753.331850945338,2726.2516840310604,56537.45670940468,0.7,UB&PB,37857
0,0.0,0.0,0.0,0.0,0.0,0.0,0.0,0.0,0.0,0.0,0.0,0.0,0.0,0.0,0.0,0.0,0.0,0.0,0.0,0.0,0.0,0.0,0.0,0.0,0.0,0.0,0.0,0.0,0.0,0.0,0.0,0.0,0.0,0.0,0.0,0.75,UB&PB,37857
2500,1.0925450227521047,0.8877855358585104,0.8026136024261736,0.9492635844986294,0.028432878518297598,0.00978541069259659,0.05656297636966606,0.6034412450169386,0.48101396674732166,0.7381161896081824,0.32649964463397324,0.6735003553660267,0.3213343164301729,0.33423255725051637,0.22201091347046661,0.4190896099699428,0.08931646123856665,0.532324950875703,0.3279240372116738,0.34252057601011615,0.23120537352413317,0.42165083391035074,0.39704717049190397,0.41072375514900494,0.3353113306215064,0.46142118036289603,0.4166863056198744,0.41644246593596584,0.41280214537414733,0.420205669631047,0.7572534740973006,1.0100694840379993,11291.578940997644,2723.630503883016,60489.59052788215,0.75,UB&PB,37857
0,0.0,0.0,0.0,0.0,0.0,0.0,0.0,0.0,0.0,0.0,0.0,0.0,0.0,0.0,0.0,0.0,0.0,0.0,0.0,0.0,0.0,0.0,0.0,0.0,0.0,0.0,0.0,0.0,0.0,0.0,0.0,0.0,0.0,0.0,0.0,0.8,UB&PB,37857
2500,1.1204447023928876,0.8597233747976951,0.7563473414396843,0.9355548098379239,0.027677401388325213,0.009501580857242673,0.05470680766300211,0.6481648646263012,0.5150146615653137,0.7708027605252226,0.2640454868514566,0.7359545131485424,0.348957402150314,0.37308929943501434,0.25777111630809374,0.4338078850912738,0.11833350088762024,0.5501077842800832,0.3561738021729022,0.378832463605192,0.2677406793520044,0.437409151235685,0.41397539493236235,0.4249135659466336,0.3606898999895382,0.47037379980073013,0.42872059678156216,0.4284600113388646,0.42476317962458615,0.4323184609000704,0.049921003320142814,0.4349999141330472,9266.86727239242,2286.309124516421,49221.56140148844,0.8,UB&PB,37857
0,0.0,0.0,0.0,0.0,0.0,0.0,0.0,0.0,0.0,0.0,0.0,0.0,0.0,0.0,0.0,0.0,0.0,0.0,0.0,0.0,0.0,0.0,0.0,0.0,0.0,0.0,0.0,0.0,0.0,0.0,0.0,0.0,0.0,0.0,0.0,0.85,UB&PB,37857
2500,1.131747827742082,0.8557648686820097,0.7593728854796004,0.9262108936079424,0.027855906406428307,0.009555137444877543,0.05526695385472122,0.5227235766980249,0.4169002172620161,0.6348617466990613,0.17461336176261602,0.8253866382373843,0.36164111878995897,0.3836586275837201,0.29040671838318793,0.4256643716059003,0.1548647745386063,0.5447880598116857,0.367916847988706,0.3858457103695459,0.29911297350504595,0.43004808790459553,0.4088417279837558,0.41541314900676524,0.36260272323162057,0.45723059297435936,0.4174654318899484,0.41718467433969153,0.41340660974736243,0.4210843282007948,0.2200673773375775,0.6435216961887471,8398.530390062793,2028.3189643492994,44949.62282684022,0.85,UB&PB,37857
0,0.0,0.0,0.0,0.0,0.0,0.0,0.0,0.0,0.0,0.0,0.0,0.0,0.0,0.0,0.0,0.0,0.0,0.0,0.0,0.0,0.0,0.0,0.0,0.0,0.0,0.0,0.0,0.0,0.0,0.0,0.0,0.0,0.0,0.0,0.0,0.9,UB&PB,37857
2500,1.1510334205131658,0.8029066550189897,0.7127726913602661,0.8812998052038142,0.028261712963366995,0.009762642457959788,0.055560453632800696,0.6924501378473471,0.5256099563620892,0.8260637385553341,0.19679175550817293,0.8032082444918268,0.37575349150168585,0.39797262399138195,0.3173915129898438,0.4329923097990319,0.17265336635588263,0.544074668093943,0.38246690933550037,0.39932386951435517,0.3270368448827683,0.4392084936945023,0.4121946265870042,0.41807434368237556,0.3668047547047589,0.4598286468131377,0.4200267740859842,0.4197319929809861,0.4156975232919969,0.42392153143829436,0.413353557096902,0.9720705474321717,7249.6177862149125,1861.0481950008889,37727.496419442214,0.9,UB&PB,37857
0,0.0,0.0,0.0,0.0,0.0,0.0,0.0,0.0,0.0,0.0,0.0,0.0,0.0,0.0,0.0,0.0,0.0,0.0,0.0,0.0,0.0,0.0,0.0,0.0,0.0,0.0,0.0,0.0,0.0,0.0,0.0,0.0,0.0,0.0,0.0,0.95,UB&PB,37857
2500,1.1705537664109256,0.8507772686794266,0.7575639894043399,0.9234370775185985,0.027653815667460363,0.009453768390425997,0.05464696877532474,0.7206982483326737,0.5905493926336363,0.812232145808311,0.13286425017768277,0.8671357498223168,0.3872764792294399,0.40191505798376476,0.3410608668648303,0.43376002695148197,0.1965022272486035,0.5562997596815392,0.3922162363427217,0.4010684762744316,0.347512359621695,0.43896735950756577,0.4126853592868402,0.41767570652234187,0.36677482056902433,0.45932867548816525,0.4193936116860325,0.4191137113365817,0.4152928221673614,0.4230662141148413,0.23747308985894117,0.9350290241383772,7886.346494480918,1921.2013990946746,42174.04048002916,0.95,UB&PB,37857
0,0.0,0.0,0.0,0.0,0.0,0.0,0.0,0.0,0.0,0.0,0.0,0.0,0.0,0.0,0.0,0.0,0.0,0.0,0.0,0.0,0.0,0.0,0.0,0.0,0.0,0.0,0.0,0.0,0.0,0.0,0.0,0.0,0.0,0.0,0.0,0.05,UB&PB,99135
2500,0.9145987129141023,0.4581444538206117,0.30707010208040075,0.6364219429534101,0.8667675023734663,0.7771343124680684,0.9335112750864979,0.881210636255744,0.7999421990498717,0.9435885119047046,0.958393745557924,0.04160625444207539,0.07683196601666131,0.019269865772339124,0.0030354329879933683,0.09752799127392822,0.00026916554261985907,0.3488085458786534,0.08630951704549793,0.0275686308811834,0.004715663915123475,0.1176050852319597,0.1300013932929997,0.08428288111916787,0.034567798304049005,0.18832310014935053,0.4188403790495709,0.418424656817265,0.4098622074171374,0.4273444468354533,0.11420635695155065,0.8502606764465059,6421.839312675398,4040.9876685432246,10507.419634399314,0.05,UB&PB,99135
0,0.0,0.0,0.0,0.0,0.0,0.0,0.0,0.0,0.0,0.0,0.0,0.0,0.0,0.0,0.0,0.0,0.0,0.0,0.0,0.0,0.0,0.0,0.0,0.0,0.0,0.0,0.0,0.0,0.0,0.0,0.0,0.0,0.0,0.0,0.0,0.1,UB&PB,99135
2500,0.9295736574496775,0.33957860593326816,0.23269817713716312,0.4644437104159908,0.6900302320595425,0.5440452488518384,0.8542978742449489,0.8761653433315407,0.777009082123177,0.9436760308522051,0.9630838663823724,0.03691613361762612,0.08251529940969277,0.03151426024965731,0.007748741598710201,0.11342714858110456,0.0010425954857759673,0.3316935158920309,0.09957044520279383,0.049796986915352906,0.013866359265372075,0.14531019669758927,0.12963380867237068,0.09601896696839049,0.052847514756116265,0.17210244068319108,0.41423437516192846,0.4136889608381991,0.3985892986856845,0.42932224178285683,0.00914467330517681,0.6477102163666049,3968.083844018799,2617.293642924722,6158.702869876383,0.1,UB&PB,99135
0,0.0,0.0,0.0,0.0,0.0,0.0,0.0,0.0,0.0,0.0,0.0,0.0,0.0,0.0,0.0,0.0,0.0,0.0,0.0,0.0,0.0,0.0,0.0,0.0,0.0,0.0,0.0,0.0,0.0,0.0,0.0,0.0,0.0,0.0,0.0,0.15,UB&PB,99135
2500,0.9428240903628109,0.6737792855647126,0.5287161708271997,0.8339830292125314,0.8449445913590902,0.6931420145515772,0.9299896245366001,0.8280290350387227,0.7242043581166911,0.9127033249986067,0.9587711442786067,0.041228855721392975,0.08058587056030328,0.025021492350160313,0.004477974845281952,0.10564814961013429,0.00026117991864648863,0.35041138405280287,0.08502289836547872,0.029112649198731917,0.005560806744014402,0.11460109670448773,0.1348284718084839,0.09894543195420424,0.040863999929682975,0.1907436260932039,0.4218411817617806,0.4214570387823419,0.4162745083605827,0.426899289342689,0.058277936476773026,0.3591191795426403,28759.82336257556,17235.144566610652,48290.67191139668,0.15,UB&PB,99135
0,0.0,0.0,0.0,0.0,0.0,0.0,0.0,0.0,0.0,0.0,0.0,0.0,0.0,0.0,0.0,0.0,0.0,0.0,0.0,0.0,0.0,0.0,0.0,0.0,0.0,0.0,0.0,0.0,0.0,0.0,0.0,0.0,0.0,0.0,0.0,0.2,UB&PB,99135
2500,0.9579825401549555,0.3562960472224649,0.21964480187522403,0.5269764522697897,0.2850191455840708,0.20608348752464667,0.38492378511602915,0.8281520306568604,0.750121851885972,0.9004971592186102,0.9544676616915417,0.04553233830845769,0.15673485823610336,0.11890632089121833,0.05110373586468592,0.23574784949322514,0.012210707767174657,0.4109932488732246,0.19186883835441912,0.16697606077447846,0.08098699725906763,0.28357035583379187,0.23026102435081308,0.210599402250558,0.1456684291664995,0.30152205063583143,0.4200698251575577,0.4195260054302581,0.40724450824943265,0.4323083681783279,0.4555308624759346,0.8823378900628877,1714.0976183969342,1189.370388269074,2626.351985561045,0.2,UB&PB,99135
0,0.0,0.0,0.0,0.0,0.0,0.0,0.0,0.0,0.0,0.0,0.0,0.0,0.0,0.0,0.0,0.0,0.0,0.0,0.0,0.0,0.0,0.0,0.0,0.0,0.0,0.0,0.0,0.0,0.0,0.0,0.0,0.0,0.0,0.0,0.0,0.25,UB&PB,99135
2500,0.9638404163053969,0.5121219326691457,0.3532100716607916,0.6841006292236254,0.1669308920678956,0.10295288728249458,0.2507188394994319,0.8542597595041524,0.7628309350093447,0.9277102366765225,0.9382764747690127,0.061723525230988015,0.17218313496276735,0.13069002231589594,0.0523886668781737,0.26681505893929,0.010446157593846508,0.44676969681939166,0.19579757832077044,0.1646645342248075,0.0740010496384419,0.29914015032311303,0.26739586832259243,0.2587935640066779,0.15565368732523827,0.3767901005115802,0.4174017452393627,0.4169758302003765,0.40858262833024156,0.4256908278706726,0.053107525740726635,0.2869097325716732,4032.180579842916,1994.385204333207,9259.735781550762,0.25,UB&PB,99135
0,0.0,0.0,0.0,0.0,0.0,0.0,0.0,0.0,0.0,0.0,0.0,0.0,0.0,0.0,0.0,0.0,0.0,0.0,0.0,0.0,0.0,0.0,0.0,0.0,0.0,0.0,0.0,0.0,0.0,0.0,0.0,0.0,0.0,0.0,0.0,0.3,UB&PB,99135
2500,0.9689633223210504,0.7719370684401531,0.5916762347751098,0.8807440576877861,0.10404598190860674,0.05128450376267544,0.17861849866912152,0.8568400065631577,0.7512466995112572,0.9318885685142632,0.9259246624022738,0.07407533759772579,0.17569520566565058,0.12653104278436547,0.04175276921057298,0.28195629444403586,0.008237229699270885,0.4696466977259058,0.18582530341599326,0.14270735456503983,0.05000172195722291,0.29801605955551347,0.2889240967959524,0.290752362805888,0.1564157014073549,0.4214843936008042,0.42305347450297337,0.4227240802704592,0.41794918622170885,0.42771026314656974,0.16090144484594687,0.337724674598686,11739.642805376394,4469.117849981505,34632.48535308298,0.3,UB&PB,99135
0,0.0,0.0,0.0,0.0,0.0,0.0,0.0,0.0,0.0,0.0,0.0,0.0,0.0,0.0,0.0,0.0,0.0,0.0,0.0,0.0,0.0,0.0,0.0,0.0,0.0,0.0,0.0,0.0,0.0,0.0,0.0,0.0,0.0,0.0,0.0,0.35,UB&PB,99135
2500,0.9891874704980557,0.5431160610022004,0.4187790185106587,0.6675375524211434,0.07708621264058478,0.038080784450757243,0.12637195875519286,0.8318865779150174,0.7128085597360205,0.9206749580066289,0.9090987917555091,0.09090120824449187,0.21401475829539676,0.19111302185415058,0.0855685058786943,0.3292090799468975,0.02168695542649828,0.47023576275137924,0.237884455272084,0.2233086289079747,0.11215598209745775,0.3578060199815198,0.3201181737178612,0.3382464682319499,0.213674677310262,0.42743624209337866,0.4216407239012463,0.42131658543219236,0.41501562975078704,0.42786747170147615,0.16383644028542102,0.4062359937548568,2707.1891595052352,1343.2291268274641,6875.386689699617,0.35,UB&PB,99135
0,0.0,0.0,0.0,0.0,0.0,0.0,0.0,0.0,0.0,0.0,0.0,0.0,0.0,0.0,0.0,0.0,0.0,0.0,0.0,0.0,0.0,0.0,0.0,0.0,0.0,0.0,0.0,0.0,0.0,0.0,0.0,0.0,0.0,0.0,0.0,0.4,UB&PB,99135
2500,0.9873332164086389,0.7659681684269422,0.6570119696671617,0.851648603370806,0.05713853239245924,0.025036677912714873,0.1037682345518604,0.760474611847049,0.646123980283052,0.8609410500814031,0.8980618336886997,0.10193816631130065,0.2040276872354246,0.17415288545127205,0.06518937498758058,0.32604298260983644,0.014585462904557226,0.4737518060347774,0.21514378985011254,0.18994156088551123,0.07711967209837038,0.3403711962017999,0.31848182095318883,0.3399309666900501,0.19766621654961503,0.43780776739418764,0.41620878135790224,0.41587763345026696,0.4115021291017786,0.4204251986042244,0.027743266105314995,0.42533114226704966,10857.545209004527,3770.3567442954063,38432.44550977982,0.4,UB&PB,99135
0,0.0,0.0,0.0,0.0,0.0,0.0,0.0,0.0,0.0,0.0,0.0,0.0,0.0,0.0,0.0,0.0,0.0,0.0,0.0,0.0,0.0,0.0,0.0,0.0,0.0,0.0,0.0,0.0,0.0,0.0,0.0,0.0,0.0,0.0,0.0,0.45,UB&PB,99135
2500,0.9976492505825569,0.7349048894275083,0.6032153316692411,0.8480054508896698,0.05455843520972018,0.024255726371504343,0.09626159739728281,0.6623765307720049,0.5518329342520897,0.7850505440232404,0.8936766169154237,0.10632338308457726,0.22249517869957855,0.2054728304077236,0.08730975834732478,0.3511176783341046,0.016566297920805613,0.47360825973878573,0.23584938130413877,0.22266805819456134,0.10452126106261844,0.36561198863995387,0.33344614108513554,0.35979723239861017,0.22869069548506396,0.4389938875846467,0.4189127143916775,0.418657723798262,0.41407782028484014,0.42340133690029025,0.19411532603004727,0.6222898853317306,7182.818071221339,2660.8152588743387,25507.456233078516,0.45,UB&PB,99135
0,0.0,0.0,0.0,0.0,0.0,0.0,0.0,0.0,0.0,0.0,0.0,0.0,0.0,0.0,0.0,0.0,0.0,0.0,0.0,0.0,0.0,0.0,0.0,0.0,0.0,0.0,0.0,0.0,0.0,0.0,0.0,0.0,0.0,0.0,0.0,0.5,UB&PB,99135
2500,1.015971609859314,0.8561823600895059,0.7658087717252547,0.9203142042954668,0.03690739380198472,0.014008320860400025,0.07146845192458806,0.7326897512614182,0.5988479417037286,0.8500527987201518,0.8456119402985077,0.15438805970149264,0.2360634818299444,0.21867612934532785,0.09012542918344496,0.376534527137238,0.02145689249784169,0.49998049811096673,0.24441016723775133,0.22896415543231682,0.10153746119626167,0.38414908607137005,0.348114645618307,0.37771838698590215,0.23176459581204645,0.46021366467543107,0.4247209533084389,0.42443769152725747,0.4206459931013897,0.4283707776168765,0.5716704569483184,1.0057234277304525,13682.375522042203,4156.745447965333,58627.88846460023,0.5,UB&PB,99135
0,0.0,0.0,0.0,0.0,0.0,0.0,0.0,0.0,0.0,0.0,0.0,0.0,0.0,0.0,0.0,0.0,0.0,0.0,0.0,0.0,0.0,0.0,0.0,0.0,0.0,0.0,0.0,0.0,0.0,0.0,0.0,0.0,0.0,0.0,0.0,0.55,UB&PB,99135
2500,1.0261121983134,0.7516739675552263,0.6555350374519859,0.8341326671333722,0.03805247417195942,0.014867306662698395,0.0717369560624411,0.7001632591696951,0.6036466848649198,0.7959956780958691,0.8292487562189051,0.17075124378109427,0.24871404678119124,0.23564339232048928,0.11929862919109062,0.384498357836604,0.03210260665160635,0.4870998338995921,0.2613034362052229,0.2506743981410816,0.1376126864346759,0.39199003199809995,0.35125705522278433,0.37953902925563965,0.25695930274367773,0.44649425386923963,0.4150937957749808,0.4148174330733142,0.4104804582460338,0.4193144983134848,0.04619385144817294,0.4223030406804418,8032.860326413399,2670.8696222596814,32931.10361151495,0.55,UB&PB,99135
0,0.0,0.0,0.0,0.0,0.0,0.0,0.0,0.0,0.0,0.0,0.0,0.0,0.0,0.0,0.0,0.0,0.0,0.0,0.0,0.0,0.0,0.0,0.0,0.0,0.0,0.0,0.0,0.0,0.0,0.0,0.0,0.0,0.0,0.0,0.0,0.6,UB&PB,99135
2500,1.0327909592092848,0.8734176799203871,0.7797402021126015,0.9413854280391463,0.03281147115773062,0.012054350462527357,0.06368510591474087,0.7612760938860595,0.5970674095563168,0.8757189636886723,0.7883084577114422,0.21169154228855722,0.2457483848190052,0.2300511528342888,0.10977406323500988,0.38733077826597484,0.027608640399935255,0.49277040980597386,0.25304826216622234,0.23884938106632267,0.12086179124258312,0.39125447745225805,0.3468979823685334,0.37513713727319997,0.24381168790097782,0.44726938413558354,0.40908711770941236,0.40881995048686964,0.4049942116142179,0.4128060480456497,0.08102962983203207,0.44634625165430286,13407.674616318865,3892.0248696865738,62273.8025675147,0.6,UB&PB,99135
0,0.0,0.0,0.0,0.0,0.0,0.0,0.0,0.0,0.0,0.0,0.0,0.0,0.0,0.0,0.0,0.0,0.0,0.0,0.0,0.0,0.0,0.0,0.0,0.0,0.0,0.0,0.0,0.0,0.0,0.0,0.0,0.0,0.0,0.0,0.0,0.65,UB&PB,99135
2500,1.0520821513570802,0.8491196636616307,0.7480001073559721,0.9240053871828722,0.032337389411649695,0.011722222336539958,0.06281718958251997,0.7788247053251746,0.6774445938979672,0.8630112542581224,0.7684434968017055,0.2315565031982943,0.26469115409157956,0.25352540423687026,0.13530704994055986,0.4011948867323968,0.03570566087122412,0.5045660442547127,0.2725898355174588,0.2640659386640011,0.14741141500184826,0.40401074612852605,0.35918315974965936,0.3846852143158843,0.26103415673853414,0.45552297496822913,0.41357565673430086,0.41325757961005066,0.40942032976769,0.4172060495529097,0.06232224684996061,0.42958884635842864,11612.948098647665,3440.3972913119774,52840.06265020336,0.65,UB&PB,99135
0,0.0,0.0,0.0,0.0,0.0,0.0,0.0,0.0,0.0,0.0,0.0,0.0,0.0,0.0,0.0,0.0,0.0,0.0,0.0,0.0,0.0,0.0,0.0,0.0,0.0,0.0,0.0,0.0,0.0,0.0,0.0,0.0,0.0,0.0,0.0,0.7,UB&PB,99135
2500,1.0785030994933942,0.8541920642251078,0.7571187184062996,0.9292129118817986,0.030249781171419025,0.01076912581355267,0.05890760797945013,0.7285487323905476,0.5898209910725855,0.8293321816314028,0.5140554371002133,0.48594456289978655,0.30229233180994275,0.3054038911064623,0.18940204887551104,0.4210025213979972,0.06323605095098266,0.5259706856435296,0.3103158967621556,0.31671736394634553,0.20074989149574304,0.42338569336190357,0.39017837172018954,0.4104135671677389,0.31841279799693595,0.46504944636579243,0.4240845459022093,0.42381996521915755,0.42004276498459325,0.4277337836098279,0.38015250339038137,0.781153563130009,10213.426863610975,2758.644019481938,50322.419866195865,0.7,UB&PB,99135
0,0.0,0.0,0.0,0.0,0.0,0.0,0.0,0.0,0.0,0.0,0.0,0.0,0.0,0.0,0.0,0.0,0.0,0.0,0.0,0.0,0.0,0.0,0.0,0.0,0.0,0.0,0.0,0.0,0.0,0.0,0.0,0.0,0.0,0.0,0.0,0.75,UB&PB,99135
2500,1.0878384700141694,0.8843115083318761,0.8005263660041867,0.9438832093187831,0.0291347349777646,0.010057411490358562,0.05760092826579757,0.7130782993843646,0.5734670602451852,0.832770094626015,0.2607917555081737,0.7392082444918285,0.31474422935527246,0.32766851077425835,0.2124141465450608,0.4155480943576638,0.07990824384708607,0.5306436020278154,0.3214389830040927,0.3365268720688049,0.2210117426910386,0.41805763831205056,0.3961996966134424,0.408962605962133,0.33823059040310216,0.4579097517501171,0.41383194353432556,0.4135632014218866,0.40981393473099115,0.41742066903649533,0.12225177844630454,0.4751439105437788,11978.12135008789,2753.772244143242,64816.31810622758,0.75,UB&PB,99135
0,0.0,0.0,0.0,0.0,0.0,0.0,0.0,0.0,0.0,0.0,0.0,0.0,0.0,0.0,0.0,0.0,0.0,0.0,0.0,0.0,0.0,0.0,0.0,0.0,0.0,0.0,0.0,0.0,0.0,0.0,0.0,0.0,0.0,0.0,0.0,0.8,UB&PB,99135
2500,1.1001971085899114,0.8849349794297128,0.7962216540581838,0.9473161515192919,0.02702763746648184,0.009040653255981882,0.05407815798461408,0.7999066985803978,0.6935043261781201,0.8840503740323974,0.2775536602700777,0.7224463397299207,0.31532868657211394,0.33782790863214446,0.21161395579057005,0.4087328294389884,0.08096441730218336,0.5322866143825847,0.3212913283784272,0.34335945463748985,0.2199387637534621,0.4110800968833959,0.3874966707000671,0.40027421816155484,0.32495875082322206,0.4515363588328342,0.4055902609528477,0.40528004697943903,0.401571901000136,0.4091108844080824,0.5542101025051662,0.9608762922690847,11204.551788847542,2642.506823618435,60588.410675691426,0.8,UB&PB,99135
0,0.0,0.0,0.0,0.0,0.0,0.0,0.0,0.0,0.0,0.0,0.0,0.0,0.0,0.0,0.0,0.0,0.0,0.0,0.0,0.0,0.0,0.0,0.0,0.0,0.0,0.0,0.0,0.0,0.0,0.0,0.0,0.0,0.0,0.0,0.0,0.85,UB&PB,99135
2500,1.122966532740475,0.8587513340990679,0.7519454092124952,0.9312883699521459,0.02697047646966396,0.009191014672941816,0.05291819399249903,0.581030796542274,0.43850561505666935,0.7062823213350425,0.2058848614072496,0.7941151385927503,0.3508147483352099,0.3746758012744005,0.2768003100816809,0.4166114293576075,0.14254450387193207,0.5338944034377384,0.35697687254064053,0.37683942115700003,0.2857453372210017,0.42072673071877814,0.3989528033870302,0.4063820442764783,0.35115919476202634,0.4489561219714819,0.4086053679819619,0.408322005728347,0.4044731356096018,0.4122660133116,0.6722136216481468,1.0491173415260175,8248.068633710634,2044.4318720771164,43820.07162685986,0.85,UB&PB,99135
0,0.0,0.0,0.0,0.0,0.0,0.0,0.0,0.0,0.0,0.0,0.0,0.0,0.0,0.0,0.0,0.0,0.0,0.0,0.0,0.0,0.0,0.0,0.0,0.0,0.0,0.0,0.0,0.0,0.0,0.0,0.0,0.0,0.0,0.0,0.0,0.9,UB&PB,99135
2500,1.1516483551278525,0.8104066392099747,0.7071596987878492,0.8952172790990574,0.027033883239678064,0.009099117234310613,0.05348188522669025,0.5354058175476051,0.4215349904714996,0.6379624529067074,0.1712786069651746,0.8287213930348268,0.38158235766626797,0.4000429664121819,0.32942128555240024,0.4326170656459285,0.1887120350721418,0.5462894304908164,0.38822700118012166,0.4011061423272257,0.338593010979106,0.43896393356167607,0.41350355326745025,0.4185477462888114,0.3721720088449049,0.45709734771291105,0.4198659051287125,0.4194935054308353,0.4155469438209492,0.4236569419788213,0.1743168654322234,0.587765027007545,6609.225306989776,1728.889834665543,34078.35746792701,0.9,UB&PB,99135
0,0.0,0.0,0.0,0.0,0.0,0.0,0.0,0.0,0.0,0.0,0.0,0.0,0.0,0.0,0.0,0.0,0.0,0.0,0.0,0.0,0.0,0.0,0.0,0.0,0.0,0.0,0.0,0.0,0.0,0.0,0.0,0.0,0.0,0.0,0.0,0.95,UB&PB,99135
2500,1.166933587742809,0.8682207198247719,0.7578900474907153,0.9390744046113295,0.028081107318911624,0.009702037770754856,0.05520358481050945,0.6857792379798926,0.5448228117631702,0.8134290064562728,0.17615351812366742,0.8238464818763337,0.3906010675542775,0.40617747437450685,0.34282905626607074,0.4383188369026202,0.19872075822307383,0.5578070446317689,0.3953837715670592,0.40560362432327673,0.3499661277124719,0.44281193604818053,0.4164854348046063,0.4213899712361217,0.3683377867867461,0.4656093599419447,0.42302761439968495,0.4227159561353768,0.41897842327036183,0.4266134583678486,0.5392559196242996,1.0254946761220463,8506.63506776392,2046.8457253772383,46085.01414539001,0.95,UB&PB,99135
0,0.0,0.0,0.0,0.0,0.0,0.0,0.0,0.0,0.0,0.0,0.0,0.0,0.0,0.0,0.0,0.0,0.0,0.0,0.0,0.0,0.0,0.0,0.0,0.0,0.0,0.0,0.0,0.0,0.0,0.0,0.0,0.0,0.0,0.0,0.0,0.05,UB&PB,73060
2500,0.9179605860775082,0.49942223972332683,0.3212664311941026,0.651953958044972,0.8101818985418509,0.7150074911534712,0.8948155619037175,0.9074478953401605,0.8283402967106768,0.9594126667571146,0.9532395167022043,0.04676048329779678,0.08547299477988914,0.025550373002882022,0.00431846627588547,0.1117383149977302,0.0002644151411228866,0.3743255488443994,0.09495879302590483,0.03468212056512986,0.00674612672786753,0.13091863240678198,0.14493427609665538,0.09931315252546549,0.041111697988987214,0.2109760639853753,0.42094968169254093,0.42050348988195185,0.4109597472539384,0.43037307781584444,0.13162828496397283,1.5303881250276214,10724.834924374905,5990.55442091663,19405.42955173045,0.05,UB&PB,73060
0,0.0,0.0,0.0,0.0,0.0,0.0,0.0,0.0,0.0,0.0,0.0,0.0,0.0,0.0,0.0,0.0,0.0,0.0,0.0,0.0,0.0,0.0,0.0,0.0,0.0,0.0,0.0,0.0,0.0,0.0,0.0,0.0,0.0,0.0,0.0,0.1,UB&PB,73060
2500,0.9316231432303842,0.5422665469703912,0.28473688978369294,0.7894019833262091,0.839695013070607,0.7184142178652725,0.9243906715057574,0.8781246989787572,0.7912833762252748,0.942187736533554,0.9601968727789614,0.039803127221037675,0.07801826550175887,0.02065433405632812,0.003767693230957978,0.09792637032730361,0.0003969180686331799,0.3536901862374807,0.08602926822233167,0.027737312068696358,0.005703798081654366,0.11413620899211846,0.12843479724048748,0.08748902004645229,0.03591597482426157,0.17787882630415117,0.4282830089943904,0.4276265162311924,0.41826569162187077,0.4375356775710367,0.010726121983293428,1.042330797929037,11137.332231096194,6979.726946574381,18287.399029004755,0.1,UB&PB,73060
0,0.0,0.0,0.0,0.0,0.0,0.0,0.0,0.0,0.0,0.0,0.0,0.0,0.0,0.0,0.0,0.0,0.0,0.0,0.0,0.0,0.0,0.0,0.0,0.0,0.0,0.0,0.0,0.0,0.0,0.0,0.0,0.0,0.0,0.0,0.0,0.15,UB&PB,73060
2500,0.9441390820746809,0.4948780524241885,0.37967742999158116,0.6395856261917329,0.8056114448959051,0.6675585410937743,0.909619654104436,0.7395750738511705,0.6204952281791181,0.8443632541795383,0.9646531627576396,0.03534683724235969,0.07460613606960807,0.02981227553579192,0.006964360355397638,0.10234614644056177,0.000900236135353322,0.2960093728445427,0.08447882556252442,0.04010681655689026,0.010816160720361739,0.12031306963733451,0.11669375204326626,0.08879205346598061,0.04440515488855039,0.15755872023295275,0.4116761923328923,0.4112151355297951,0.4033994831949511,0.4193829440584708,0.04074159381512323,0.3164107305671511,9585.53801424992,6504.648593173762,14397.202248278021,0.15,UB&PB,73060
0,0.0,0.0,0.0,0.0,0.0,0.0,0.0,0.0,0.0,0.0,0.0,0.0,0.0,0.0,0.0,0.0,0.0,0.0,0.0,0.0,0.0,0.0,0.0,0.0,0.0,0.0,0.0,0.0,0.0,0.0,0.0,0.0,0.0,0.0,0.0,0.2,UB&PB,73060
2500,0.9516724410850043,0.61306199609712,0.4760973507561164,0.737674171990226,0.6035710975048639,0.46349593805365136,0.7237840788150359,0.8144720532615672,0.6960849967336995,0.9029482104758443,0.9602096659559342,0.03979033404406538,0.10126666127113627,0.048804925345615896,0.012946239699749508,0.14741898808506787,0.0022405264261606203,0.36983979177008197,0.11087375929871278,0.06132429297739829,0.01798279508546266,0.1640871309582726,0.1650853062581115,0.13432998130220417,0.07172646149237497,0.23284253268111596,0.416719302315683,0.4163648940257651,0.4102412852618715,0.4227246528658459,0.028528091224815304,0.4079842287538052,15711.574615740385,9782.62893456948,25481.91118161348,0.2,UB&PB,73060
0,0.0,0.0,0.0,0.0,0.0,0.0,0.0,0.0,0.0,0.0,0.0,0.0,0.0,0.0,0.0,0.0,0.0,0.0,0.0,0.0,0.0,0.0,0.0,0.0,0.0,0.0,0.0,0.0,0.0,0.0,0.0,0.0,0.0,0.0,0.0,0.25,UB&PB,73060
2500,0.9648887471768226,0.472860142842312,0.37776779291909784,0.5701188181008738,0.22610744157069693,0.14452402611507162,0.3235004073472119,0.8230226598760212,0.7196264820592403,0.9053855120405516,0.9510163468372427,0.0489836531627576,0.1643978493207636,0.1236810523101321,0.04970725756027603,0.2529861442721411,0.011547229731512912,0.43026749009587595,0.18975353191523295,0.16008283111467278,0.07140209889112532,0.2886771391302654,0.25151901903800405,0.2389291423113399,0.15084653618731989,0.34619212815137146,0.41623866179969193,0.4158688800670841,0.4081201286498942,0.4239161268461042,0.05453250436204189,0.7720533578502393,2687.16769733819,1566.4163234192047,5203.521476649444,0.25,UB&PB,73060
0,0.0,0.0,0.0,0.0,0.0,0.0,0.0,0.0,0.0,0.0,0.0,0.0,0.0,0.0,0.0,0.0,0.0,0.0,0.0,0.0,0.0,0.0,0.0,0.0,0.0,0.0,0.0,0.0,0.0,0.0,0.0,0.0,0.0,0.0,0.0,0.3,UB&PB,73060
2500,0.9641057388266694,0.8005797462644642,0.6664341061784437,0.90917527614441,0.1182575598995139,0.06167950197930499,0.20291604297341856,0.8783083654256786,0.7944367823732356,0.9385891424756927,0.9298102345415782,0.07018976545842225,0.16305142031680858,0.10512681732424912,0.03146114285737958,0.26385099460080363,0.00572748809244835,0.4679584528302709,0.17070022319842007,0.11784742976233188,0.036722754072225784,0.27632679958019557,0.27599546684918247,0.26714172688651516,0.14275312480960073,0.4125003266387681,0.42293469595262745,0.42260969648412205,0.41816227007558193,0.4272662203104579,0.01761786897301999,0.2963826004212988,22243.43241902706,8442.662785500632,64599.238669807055,0.3,UB&PB,73060
0,0.0,0.0,0.0,0.0,0.0,0.0,0.0,0.0,0.0,0.0,0.0,0.0,0.0,0.0,0.0,0.0,0.0,0.0,0.0,0.0,0.0,0.0,0.0,0.0,0.0,0.0,0.0,0.0,0.0,0.0,0.0,0.0,0.0,0.0,0.0,0.35,UB&PB,73060
2500,0.9786882003004569,0.7747028187022189,0.6507982635612902,0.8687824876531451,0.06746103310019548,0.03157875139002868,0.11715961412957017,0.8317532513257586,0.7411241999029438,0.9107044094307108,0.9144143567874922,0.08558564321250886,0.18940263238059413,0.15136006840452823,0.04982844757745422,0.3054397803493171,0.009553561211060923,0.47272374445805093,0.19905955058228617,0.1662826094654206,0.05901884861586479,0.3202573300091985,0.30773085949500656,0.32392577852384696,0.17775856498770834,0.4357250080624576,0.42127392897098426,0.4209746458332353,0.41670986426478596,0.42540881329865715,0.016533574519635004,0.46494172692103364,11122.53663189832,3976.8542280199617,36824.117153244035,0.35,UB&PB,73060
0,0.0,0.0,0.0,0.0,0.0,0.0,0.0,0.0,0.0,0.0,0.0,0.0,0.0,0.0,0.0,0.0,0.0,0.0,0.0,0.0,0.0,0.0,0.0,0.0,0.0,0.0,0.0,0.0,0.0,0.0,0.0,0.0,0.0,0.0,0.0,0.4,UB&PB,73060
2500,0.9929903314299764,0.7220873209146548,0.6223339326374048,0.8204177611888176,0.0529215533632364,0.022820189839342288,0.09717829205508892,0.7156092626956684,0.6335041109616418,0.8025018850331662,0.9030135039090252,0.09698649609097366,0.21944138012347206,0.19460220712361723,0.0826669344684375,0.34364635597663296,0.021771634182995294,0.4838058625846517,0.23447016172521823,0.21412309531499937,0.10075806509752269,0.36025414346907353,0.3331833117820993,0.35509147952835624,0.21910132832060558,0.44679963297684133,0.42452778746050535,0.42424666976778347,0.41937359248626255,0.42930558523460016,0.07334230120156333,0.4649570408565048,11750.148944934997,3902.4603492983256,42613.14983058649,0.4,UB&PB,73060
0,0.0,0.0,0.0,0.0,0.0,0.0,0.0,0.0,0.0,0.0,0.0,0.0,0.0,0.0,0.0,0.0,0.0,0.0,0.0,0.0,0.0,0.0,0.0,0.0,0.0,0.0,0.0,0.0,0.0,0.0,0.0,0.0,0.0,0.0,0.0,0.45,UB&PB,73060
2500,1.0017186399067652,0.8707890837696909,0.7723381585731462,0.9376553129852817,0.052322080864332765,0.02176847177481819,0.09629629007893793,0.8009187731393526,0.7057551452060304,0.8871090839168909,0.8840398009950248,0.11596019900497491,0.21214598580740246,0.18027413788675178,0.06228795492567027,0.34948655673684326,0.011904705326748671,0.4972064722990427,0.21904715584949933,0.1905060932816931,0.0694424203220714,0.3586666228813024,0.33030600604408433,0.350771646946507,0.19823422689728154,0.45867578324408464,0.42840040490456116,0.42813642245088235,0.4243191330651242,0.43210396548379104,0.03410377623318096,0.3728871592180475,17286.32995090039,5503.096475073981,67132.1856349196,0.45,UB&PB,73060
0,0.0,0.0,0.0,0.0,0.0,0.0,0.0,0.0,0.0,0.0,0.0,0.0,0.0,0.0,0.0,0.0,0.0,0.0,0.0,0.0,0.0,0.0,0.0,0.0,0.0,0.0,0.0,0.0,0.0,0.0,0.0,0.0,0.0,0.0,0.0,0.5,UB&PB,73060
2500,1.01299273976711,0.8810243192716936,0.7936989687034172,0.9426892346317082,0.03463518709088535,0.012988421258484928,0.06717383956585081,0.6614668062255714,0.5672979753344466,0.7600626487256819,0.8529140014214636,0.1470859985785361,0.2350931624167146,0.21908678320421562,0.09182536892221646,0.37106154990662904,0.022982621749789725,0.49765729196199576,0.24244682546889168,0.2281855348825171,0.10169431593176279,0.3781238526950202,0.34462638202709206,0.37420184177491156,0.22484932722241957,0.45841047825477316,0.4182536725525135,0.4179874744174489,0.41425674551790626,0.4218110181763901,0.5367593485908428,1.020998776391318,15124.21242741997,4463.223505686676,67940.16257070248,0.5,UB&PB,73060
0,0.0,0.0,0.0,0.0,0.0,0.0,0.0,0.0,0.0,0.0,0.0,0.0,0.0,0.0,0.0,0.0,0.0,0.0,0.0,0.0,0.0,0.0,0.0,0.0,0.0,0.0,0.0,0.0,0.0,0.0,0.0,0.0,0.0,0.0,0.0,0.55,UB&PB,73060
2500,1.023773902808828,0.8292577779742671,0.722070262957885,0.9150705040347015,0.035822072713547495,0.013520895271756709,0.0690340561974623,0.7837242542428491,0.6750769634482371,0.879697801721956,0.8273205401563615,0.17267945984363894,0.23629555070419636,0.2174038396993931,0.09603208975184568,0.3794828636249804,0.023430468242384934,0.4912382845315242,0.24496057969943277,0.22720722006096844,0.10828231450056651,0.38590446997225536,0.343730602802331,0.37379728808741597,0.23552154414361023,0.44888850155942944,0.41514467560259527,0.41485455583313274,0.4109212555222509,0.4189344273637927,0.15704573800018312,0.3589704925387788,10883.182177317683,3398.698494271232,45688.248614438475,0.55,UB&PB,73060
0,0.0,0.0,0.0,0.0,0.0,0.0,0.0,0.0,0.0,0.0,0.0,0.0,0.0,0.0,0.0,0.0,0.0,0.0,0.0,0.0,0.0,0.0,0.0,0.0,0.0,0.0,0.0,0.0,0.0,0.0,0.0,0.0,0.0,0.0,0.0,0.6,UB&PB,73060
2500,1.0394761051663475,0.85665115301726,0.7556399548933337,0.9330645658674295,0.032933962841299104,0.011972680042361778,0.06438142285855201,0.7646825643130299,0.6319496126276731,0.8771497084121176,0.7720113717128636,0.22798862828713579,0.2555821319250394,0.24166874464131594,0.11919134600031678,0.3977483437153812,0.030325470516909318,0.5054288877763822,0.26364871418247837,0.25144599004760054,0.13109736222682525,0.4016621301561858,0.3579494864835876,0.3852196198376771,0.254771857438202,0.45829790551791,0.41895064413432775,0.41866685452021923,0.41486128155997615,0.42261223759257077,0.05347635569650873,0.45362974542650003,11792.975797265064,3520.2140917658267,53271.206639970405,0.6,UB&PB,73060
0,0.0,0.0,0.0,0.0,0.0,0.0,0.0,0.0,0.0,0.0,0.0,0.0,0.0,0.0,0.0,0.0,0.0,0.0,0.0,0.0,0.0,0.0,0.0,0.0,0.0,0.0,0.0,0.0,0.0,0.0,0.0,0.0,0.0,0.0,0.0,0.65,UB&PB,73060
2500,1.0644187215547327,0.8285967416643063,0.7355400537875737,0.9056357722875149,0.029672556089793366,0.010575847727233915,0.058226327740740054,0.6154427121940602,0.4881371180380705,0.732278510303265,0.5689552238805973,0.43104477611940306,0.2973505717671734,0.2974114368904718,0.18249570920796185,0.42095417417445724,0.056855480486815,0.5246623969358871,0.3068954396459082,0.30909911489780073,0.1966644733260392,0.42412357674070167,0.39021236020899336,0.41315885089259724,0.3164653503344044,0.46749146216810283,0.42634034448664293,0.42604715720341796,0.42216840208787004,0.4300792499127324,0.18298883892966258,0.5165397597425305,9086.205355036322,2557.770050497942,43816.12933833505,0.65,UB&PB,73060
0,0.0,0.0,0.0,0.0,0.0,0.0,0.0,0.0,0.0,0.0,0.0,0.0,0.0,0.0,0.0,0.0,0.0,0.0,0.0,0.0,0.0,0.0,0.0,0.0,0.0,0.0,0.0,0.0,0.0,0.0,0.0,0.0,0.0,0.0,0.0,0.7,UB&PB,73060
2500,1.0750746848194916,0.8109499729419407,0.6917427763457559,0.9112740598368171,0.028236386874622828,0.009710169335735768,0.05594093299105883,0.7738463387654168,0.6354655449948587,0.879400757804761,0.6537739872068228,0.3462260127931766,0.2925519535007123,0.2939556594179183,0.1760822730978381,0.4153276838934636,0.05457032803839081,0.5162971963033086,0.3018002622721669,0.30699466375311346,0.18952844596422241,0.4180685875309002,0.37913300946180717,0.4031836251568296,0.30173777793885975,0.45900886257692924,0.4194178575825825,0.4191729736789233,0.41515912747244127,0.4232876968828676,0.039173057758246345,0.3996512329521304,8104.211176619519,2435.8113790370244,38013.16591944611,0.7,UB&PB,73060
0,0.0,0.0,0.0,0.0,0.0,0.0,0.0,0.0,0.0,0.0,0.0,0.0,0.0,0.0,0.0,0.0,0.0,0.0,0.0,0.0,0.0,0.0,0.0,0.0,0.0,0.0,0.0,0.0,0.0,0.0,0.0,0.0,0.0,0.0,0.0,0.75,UB&PB,73060
2500,1.0879610351788904,0.8843695853500235,0.7992624999746443,0.9457056851424595,0.027224635339729464,0.009196462410873962,0.05380424705367065,0.5522756886348053,0.4498703385391654,0.6719506387614136,0.37777754086709364,0.622222459132907,0.32100808466155084,0.33220372429184253,0.22479598262027542,0.41591859490517097,0.09151211939007224,0.530736054720642,0.32781317762277057,0.3399835149377919,0.23461338902990966,0.41836076102632946,0.39263549324566765,0.4074188104833316,0.32890042741999576,0.45960856874385636,0.4136814553517478,0.4133813726683182,0.40965243091429676,0.4172712142494369,0.08068150192235483,0.46032803708698894,10565.796198814762,2652.8499916073183,56110.19906934013,0.75,UB&PB,73060
0,0.0,0.0,0.0,0.0,0.0,0.0,0.0,0.0,0.0,0.0,0.0,0.0,0.0,0.0,0.0,0.0,0.0,0.0,0.0,0.0,0.0,0.0,0.0,0.0,0.0,0.0,0.0,0.0,0.0,0.0,0.0,0.0,0.0,0.0,0.0,0.8,UB&PB,73060
2500,1.1143097221918188,0.9110779999492606,0.833891626915147,0.9612797465388965,0.026713221165452525,0.00897385841788621,0.05355255360915079,0.7167885113294772,0.5413477061746438,0.8502040837151482,0.2647022032693666,0.7352977967306328,0.33770656348692546,0.3622407823762977,0.23989670874124766,0.4269467337015346,0.10406856781663067,0.5449662586742073,0.34371293186269,0.36786163643009595,0.24819629322837208,0.429721545171292,0.4065326870365816,0.4181945642275583,0.349081430527416,0.46630459383842615,0.42236426530047066,0.4220173236630539,0.418432939749536,0.42577456311359557,0.8094537903296689,1.0154224548443884,11963.979938084309,2719.693522564921,67017.12144451412,0.8,UB&PB,73060
0,0.0,0.0,0.0,0.0,0.0,0.0,0.0,0.0,0.0,0.0,0.0,0.0,0.0,0.0,0.0,0.0,0.0,0.0,0.0,0.0,0.0,0.0,0.0,0.0,0.0,0.0,0.0,0.0,0.0,0.0,0.0,0.0,0.0,0.0,0.0,0.85,UB&PB,73060
2500,1.1205125256701338,0.8418589284972435,0.7164367499123698,0.9209819820109785,0.027619536576000345,0.009492385354957401,0.0541855265944271,0.7715672002536963,0.6492091703547351,0.8601756653641808,0.22493319118692254,0.7750668088130785,0.3389769104538553,0.3652764777315168,0.25621056395871966,0.41184355485340346,0.12258913002867317,0.5309542533407131,0.34564099993594544,0.3680770546136067,0.2673459810440653,0.4159835024217081,0.39253759047416925,0.4018145650764999,0.3406409520914226,0.44635616402414735,0.4052865937503748,0.40489006139055433,0.40096763511467653,0.4089683345973826,0.5733163451275209,0.9335566562568871,7732.233367838977,1995.8526565180039,39507.79569949518,0.85,UB&PB,73060
0,0.0,0.0,0.0,0.0,0.0,0.0,0.0,0.0,0.0,0.0,0.0,0.0,0.0,0.0,0.0,0.0,0.0,0.0,0.0,0.0,0.0,0.0,0.0,0.0,0.0,0.0,0.0,0.0,0.0,0.0,0.0,0.0,0.0,0.0,0.0,0.9,UB&PB,73060
2500,1.1454296644022686,0.9017738049285045,0.820152027103793,0.9547048063711167,0.028267932235006267,0.009672477621856407,0.055692863246813565,0.7175926810955683,0.6006672097861107,0.8316885826227152,0.17708173418621187,0.8229182658137878,0.36829755144771514,0.39183830904341105,0.3007264271550509,0.43072970990462217,0.15668417466758233,0.5516148062319736,0.3728578525990783,0.3917364538529611,0.30839265086983014,0.43438458972799,0.4117588064577942,0.41813497930014265,0.3604141456393333,0.46430800091126767,0.42031892397198556,0.4199861265972612,0.41635183850402746,0.42378296740384475,0.08255560804705753,0.44465552178226514,11328.777148901849,2517.1340120938908,64261.77422275144,0.9,UB&PB,73060
0,0.0,0.0,0.0,0.0,0.0,0.0,0.0,0.0,0.0,0.0,0.0,0.0,0.0,0.0,0.0,0.0,0.0,0.0,0.0,0.0,0.0,0.0,0.0,0.0,0.0,0.0,0.0,0.0,0.0,0.0,0.0,0.0,0.0,0.0,0.0,0.95,UB&PB,73060
2500,1.1566883953168512,0.8696925223060152,0.7843947472175254,0.9370426409964625,0.028719095687498943,0.010062340383226637,0.056104369268957816,0.7466977429946592,0.5978986055435547,0.8697508551627103,0.1579196872778959,0.842080312722104,0.37833179701682634,0.39451412148214476,0.3281539372916898,0.42683385338333,0.18612747578164868,0.5468004034494138,0.38262394850011483,0.3935459818711994,0.33483888254716904,0.4308079674066379,0.4062490561575027,0.4110203769974371,0.3562673276105874,0.45652394894225473,0.4127285937346201,0.41246111173118233,0.40872038512811537,0.41633277118100265,0.44650144141740217,1.0215039525022178,9401.103712643135,2192.897253194878,51308.39833888288,0.95,UB&PB,73060
0,0.0,0.0,0.0,0.0,0.0,0.0,0.0,0.0,0.0,0.0,0.0,0.0,0.0,0.0,0.0,0.0,0.0,0.0,0.0,0.0,0.0,0.0,0.0,0.0,0.0,0.0,0.0,0.0,0.0,0.0,0.0,0.0,0.0,0.0,0.0,0.05,UB&PB,90293
2500,0.9191398491522683,0.6145331909927757,0.4863717220931334,0.737105182455437,0.8638798550334589,0.7760807425408395,0.9329914497895654,0.9004776804989125,0.8282116577420897,0.9528509509071907,0.9601513859275053,0.03984861407249465,0.08185758921284697,0.02133314506661294,0.0036372682519651184,0.1052722715697876,0.0002611864437008209,0.36758024231057607,0.08779255998280794,0.02588394050238569,0.004646647997506252,0.1181334505568459,0.14312844054380008,0.09590058902446832,0.035199467761621854,0.21628662986441907,0.4245247347215649,0.42420996164689895,0.418240524068793,0.43038958123418003,0.1037048678253885,0.5748508448689438,19035.196884872843,10436.734513452164,34942.55642748841,0.05,UB&PB,90293
0,0.0,0.0,0.0,0.0,0.0,0.0,0.0,0.0,0.0,0.0,0.0,0.0,0.0,0.0,0.0,0.0,0.0,0.0,0.0,0.0,0.0,0.0,0.0,0.0,0.0,0.0,0.0,0.0,0.0,0.0,0.0,0.0,0.0,0.0,0.0,0.1,UB&PB,90293
2500,0.9352625940993675,0.3505062761582632,0.18963514915421717,0.5427728782117223,0.7233142858200643,0.5763418054607853,0.8627104836804798,0.896225929781866,0.8018049499917514,0.954284733094655,0.9647953091684444,0.03520469083155658,0.08928037516334611,0.036125853138008555,0.009151810019997634,0.12263542711589946,0.001098559185010751,0.352161780257052,0.10563684816542848,0.05286738405255433,0.01520330458944984,0.1533125686798768,0.13891536169745275,0.10258208686641804,0.056628249851313935,0.18443341072216218,0.4270880550909326,0.42633237566212545,0.4116459706166859,0.44171882944649143,0.057196163114393024,0.7091795615699712,4324.362677266062,2807.117249855356,6824.315846538111,0.1,UB&PB,90293
0,0.0,0.0,0.0,0.0,0.0,0.0,0.0,0.0,0.0,0.0,0.0,0.0,0.0,0.0,0.0,0.0,0.0,0.0,0.0,0.0,0.0,0.0,0.0,0.0,0.0,0.0,0.0,0.0,0.0,0.0,0.0,0.0,0.0,0.0,0.0,0.15,UB&PB,90293
2500,0.941911334629101,0.5920533014301081,0.4296452728306409,0.7317755236094909,0.8310369142441489,0.718578585299768,0.9184728777492646,0.8498233171850198,0.750189327527263,0.9267516011790629,0.9656908315565037,0.034309168443496844,0.07715593422144583,0.02891802845434067,0.007118215930349343,0.10298270036202678,0.0008879945489614712,0.3147444963242391,0.08512434396707615,0.0368185474750315,0.010068182035651973,0.11781702484893579,0.1253575420604829,0.09559520011096595,0.04532736797831396,0.17383594904623922,0.4067477519702108,0.40627500699615926,0.39897364372453525,0.4139297835125496,0.016195316103791005,0.546211466615929,20585.6009138307,11888.03806629956,35821.90128517735,0.15,UB&PB,90293
0,0.0,0.0,0.0,0.0,0.0,0.0,0.0,0.0,0.0,0.0,0.0,0.0,0.0,0.0,0.0,0.0,0.0,0.0,0.0,0.0,0.0,0.0,0.0,0.0,0.0,0.0,0.0,0.0,0.0,0.0,0.0,0.0,0.0,0.0,0.0,0.2,UB&PB,90293
2500,0.9589384928853139,0.4718760979964036,0.3369750960606988,0.6383680399459939,0.35502783225585444,0.24401403315700904,0.470361488390815,0.8613219751187771,0.779476801941211,0.9286493393866039,0.949489694385217,0.05051030561478318,0.15023208915784778,0.10800341623169187,0.04321432177838785,0.2252909441876171,0.010105040363658203,0.41864097533439815,0.17448183232233377,0.14193493227431017,0.06394257716133933,0.25972039771796257,0.2308003541638666,0.214252813827957,0.1317243961500978,0.316749191215089,0.42623414717327746,0.4257746278524343,0.4170472742983427,0.4348542632139564,0.2011882309762471,1.0713922492301395,6208.762250249392,3806.1361572356022,10438.136434149432,0.2,UB&PB,90293
0,0.0,0.0,0.0,0.0,0.0,0.0,0.0,0.0,0.0,0.0,0.0,0.0,0.0,0.0,0.0,0.0,0.0,0.0,0.0,0.0,0.0,0.0,0.0,0.0,0.0,0.0,0.0,0.0,0.0,0.0,0.0,0.0,0.0,0.0,0.0,0.25,UB&PB,90293
2500,0.9526619650033802,0.8195885010477869,0.6610611664086711,0.9107513072478095,0.28358073538258094,0.18607123693896346,0.39941111351289216,0.8543841127421015,0.7621186008978024,0.9254466440091864,0.9497889125799577,0.0502110874200426,0.1305107288604319,0.06642553393082723,0.01767476383584835,0.2029350986053831,0.0035818787937868727,0.4383024260983823,0.13552604830621717,0.07414814996337227,0.02040137649615852,0.2118960617941043,0.22558646711763006,0.20082265918665185,0.10181071628048702,0.33990228422654784,0.4163560256069129,0.4159080303333638,0.41143411168803273,0.4206162568373959,0.13001095785031475,0.29887039326378984,36536.11482240406,17721.641648237466,77831.83292425628,0.25,UB&PB,90293
0,0.0,0.0,0.0,0.0,0.0,0.0,0.0,0.0,0.0,0.0,0.0,0.0,0.0,0.0,0.0,0.0,0.0,0.0,0.0,0.0,0.0,0.0,0.0,0.0,0.0,0.0,0.0,0.0,0.0,0.0,0.0,0.0,0.0,0.0,0.0,0.3,UB&PB,90293
2500,0.9663012350434486,0.6547404359157627,0.506246494966738,0.800164473850325,0.11284508755560087,0.0620606992526257,0.1829598019932457,0.7939309003034635,0.7057229494921496,0.8765269938026946,0.9307690120824458,0.06923098791755511,0.17836604201155734,0.13680069245072765,0.047744788888150674,0.28313965979233563,0.00836903628279968,0.45950646368416603,0.1939939032846586,0.16090301062256201,0.06152267418791921,0.30593805373746163,0.28690836301797373,0.29110949707903494,0.16387211200180873,0.4085506754971618,0.4169954526476113,0.41665753766707087,0.41078538844763096,0.4227548213879096,0.1471812351525104,0.32457870955105833,7343.18973210733,2912.966582309503,22204.22509291706,0.3,UB&PB,90293
0,0.0,0.0,0.0,0.0,0.0,0.0,0.0,0.0,0.0,0.0,0.0,0.0,0.0,0.0,0.0,0.0,0.0,0.0,0.0,0.0,0.0,0.0,0.0,0.0,0.0,0.0,0.0,0.0,0.0,0.0,0.0,0.0,0.0,0.0,0.0,0.35,UB&PB,90293
2500,0.9833930417817006,0.6985466641187112,0.5298571548265317,0.8303746848125358,0.06500212734282854,0.02978847115739571,0.11467573973887063,0.7845922006780902,0.6769042246548738,0.8894770660438672,0.9064705046197582,0.09352949538024163,0.20352391844724174,0.17538823605965156,0.06734337514109583,0.32027595526070757,0.014425196614750533,0.4727167469480272,0.21795281111149625,0.19638609205738675,0.08225796150522928,0.34128567468436205,0.3198207010420587,0.3425975160517213,0.20249277884804098,0.43574049216431515,0.4236381545616983,0.423348343038204,0.4184817225729535,0.42839771797091264,0.16881689344618264,0.7082940246501543,5783.805725185667,2278.040030249375,18399.22901800793,0.35,UB&PB,90293
0,0.0,0.0,0.0,0.0,0.0,0.0,0.0,0.0,0.0,0.0,0.0,0.0,0.0,0.0,0.0,0.0,0.0,0.0,0.0,0.0,0.0,0.0,0.0,0.0,0.0,0.0,0.0,0.0,0.0,0.0,0.0,0.0,0.0,0.0,0.0,0.4,UB&PB,90293
2500,0.9846622280307092,0.7986567415780822,0.6832981019309261,0.9000393761487059,0.057554318795643974,0.02513161876407665,0.10296714629652916,0.7809831931305715,0.6589603566898318,0.8807010126879485,0.9066808813077456,0.09331911869225304,0.1980734305191854,0.16439122597491698,0.054923390615372755,0.3219264055929637,0.011205468690126077,0.4771699754403886,0.20682091614556677,0.17772980340482378,0.06370122647247924,0.3340379003469759,0.3136349306826136,0.33300280817258837,0.18424849585614658,0.4404609053647491,0.4165502443236974,0.4162620379484086,0.4121663340653146,0.42053283626441273,0.07698868593687475,0.3601970035184033,11820.01218438021,4059.773005675962,42866.15539916711,0.4,UB&PB,90293
0,0.0,0.0,0.0,0.0,0.0,0.0,0.0,0.0,0.0,0.0,0.0,0.0,0.0,0.0,0.0,0.0,0.0,0.0,0.0,0.0,0.0,0.0,0.0,0.0,0.0,0.0,0.0,0.0,0.0,0.0,0.0,0.0,0.0,0.0,0.0,0.45,UB&PB,90293
2500,1.0016247928362627,0.7773538856458254,0.6436890797034356,0.8915169780030834,0.05107973909468173,0.021950822983317436,0.0911038012976257,0.6886759982532706,0.57507977172898,0.7999660770419915,0.8790987917555086,0.12090120824449177,0.2232101901289474,0.20270343769403157,0.08381920384257846,0.3531811083116358,0.020313476942663482,0.48266576897016933,0.234283818230584,0.21745826391077427,0.09721919353975907,0.366027644232197,0.33549463581427424,0.36221052929337105,0.22326401059682616,0.4463901845236779,0.4211670567435541,0.4209124753592932,0.4166263018010949,0.42532788180749026,0.20291069484411017,0.4940542751607328,8655.428603046748,3010.2715323661714,32659.16473972355,0.45,UB&PB,90293
0,0.0,0.0,0.0,0.0,0.0,0.0,0.0,0.0,0.0,0.0,0.0,0.0,0.0,0.0,0.0,0.0,0.0,0.0,0.0,0.0,0.0,0.0,0.0,0.0,0.0,0.0,0.0,0.0,0.0,0.0,0.0,0.0,0.0,0.0,0.0,0.5,UB&PB,90293
2500,1.0146941705022512,0.8311727920561427,0.7372653660014656,0.9047687623937091,0.04159980395933235,0.016163137289713116,0.07922114606220115,0.7634797523363739,0.6539795556029275,0.8615393651375628,0.8667818052594167,0.1332181947405829,0.2296665514458296,0.20821988626441482,0.08391580203315092,0.3713982996274663,0.01812282366146961,0.4962750151466299,0.23823554483172085,0.21881877297448604,0.0946051794720948,0.3793647291139928,0.34127704871853554,0.36859984341722357,0.22183956466945787,0.4567652063657105,0.4234392343791322,0.4231682899291561,0.41930035395831305,0.4271746006844466,0.24168029795312249,0.7906896971013516,13293.17042177047,4189.984976569469,53902.03843765106,0.5,UB&PB,90293
0,0.0,0.0,0.0,0.0,0.0,0.0,0.0,0.0,0.0,0.0,0.0,0.0,0.0,0.0,0.0,0.0,0.0,0.0,0.0,0.0,0.0,0.0,0.0,0.0,0.0,0.0,0.0,0.0,0.0,0.0,0.0,0.0,0.0,0.0,0.0,0.55,UB&PB,90293
2500,1.0233470291806717,0.8273240501334387,0.7284607162481166,0.9074882538098344,0.034221400806510975,0.012882288432625254,0.06525845621291719,0.633861876104948,0.49703075577282035,0.7662002157678854,0.8127846481876324,0.1872153518123667,0.24983373028161435,0.24176876045488507,0.11585328333829047,0.38550559237653026,0.02791461796785858,0.49192094269425096,0.2591498732348568,0.2525309438525309,0.12971804123503206,0.3917393103639673,0.35281658697566487,0.38268385350449596,0.2535007028468973,0.45062988151305206,0.4148546278978847,0.4145619293689515,0.4106334435696281,0.4186527983572643,0.12242749056476912,0.5060728387894323,10145.93768212955,3170.618171454055,44531.30493182849,0.55,UB&PB,90293
0,0.0,0.0,0.0,0.0,0.0,0.0,0.0,0.0,0.0,0.0,0.0,0.0,0.0,0.0,0.0,0.0,0.0,0.0,0.0,0.0,0.0,0.0,0.0,0.0,0.0,0.0,0.0,0.0,0.0,0.0,0.0,0.0,0.0,0.0,0.0,0.6,UB&PB,90293
2500,1.0389779470189773,0.7879844972097613,0.6670956344101162,0.8863637738804122,0.031306185444892005,0.011378908987570484,0.06056692613755235,0.7141658072166008,0.5769917979374002,0.8097434355979188,0.7875934612651048,0.2124065387348967,0.2604312662898422,0.25044910130236475,0.1347435291224393,0.39594244286472713,0.032194907644428596,0.4950886992426214,0.2711165006099521,0.2634071821300376,0.15132659548739494,0.4007458749759856,0.3583240023180312,0.38749807899928146,0.26790651020606704,0.44917084010810865,0.41329385509682043,0.4130154681172768,0.40890113972587855,0.41724381272358335,0.32629092729373405,0.6157118181045068,7715.670702365745,2488.0902776537337,33418.33725477396,0.6,UB&PB,90293
0,0.0,0.0,0.0,0.0,0.0,0.0,0.0,0.0,0.0,0.0,0.0,0.0,0.0,0.0,0.0,0.0,0.0,0.0,0.0,0.0,0.0,0.0,0.0,0.0,0.0,0.0,0.0,0.0,0.0,0.0,0.0,0.0,0.0,0.0,0.0,0.65,UB&PB,90293
2500,1.057675296704874,0.876677753995984,0.7970929201320304,0.9366616601495631,0.030975161994273654,0.011040243554847019,0.06056499752616579,0.6425387572372705,0.5216658157471892,0.7679030277416946,0.5880362473347552,0.4119637526652452,0.2858868548511146,0.28252619213090835,0.1633085052884571,0.4150950933153655,0.047287643277609814,0.522299728301276,0.29335623460296695,0.2917039254458529,0.17427106533312453,0.41766800407765625,0.38180306310685896,0.40519748378766157,0.29781683725522856,0.4679366613671554,0.42249356743399347,0.42223841591523537,0.418557030685478,0.42603920545903295,0.130624062788189,0.6467569443308048,12385.409581445432,3352.0300558525814,61334.50287518526,0.65,UB&PB,90293
0,0.0,0.0,0.0,0.0,0.0,0.0,0.0,0.0,0.0,0.0,0.0,0.0,0.0,0.0,0.0,0.0,0.0,0.0,0.0,0.0,0.0,0.0,0.0,0.0,0.0,0.0,0.0,0.0,0.0,0.0,0.0,0.0,0.0,0.0,0.0,0.7,UB&PB,90293
2500,1.0776735091615317,0.8486093131870613,0.7439902802325163,0.9211396937379339,0.02821297847677763,0.009819706464341256,0.05490590500901648,0.7284276560645785,0.584637715377851,0.8619392737039648,0.5783077469793887,0.4216922530206112,0.29878776619652603,0.30176706925547997,0.1848093305025617,0.41712808310901434,0.058902958181612126,0.5249186213627071,0.30743720215898795,0.313964078556394,0.19758776314850532,0.41971249756472406,0.3844593324124792,0.4063051456242272,0.30679334221834004,0.4629724535723051,0.4203267128710814,0.4200438239188156,0.41614618877891446,0.4240809577005399,0.7232791679838786,1.0119342825020876,9176.05681025343,2553.0191518893594,45335.035505966225,0.7,UB&PB,90293
0,0.0,0.0,0.0,0.0,0.0,0.0,0.0,0.0,0.0,0.0,0.0,0.0,0.0,0.0,0.0,0.0,0.0,0.0,0.0,0.0,0.0,0.0,0.0,0.0,0.0,0.0,0.0,0.0,0.0,0.0,0.0,0.0,0.0,0.0,0.0,0.75,UB&PB,90293
2500,1.0926883969057368,0.8511660164512815,0.7682525820867041,0.9222209710727233,0.028562294721534723,0.009955020856400085,0.05626052254128721,0.6839861019911316,0.550186639907776,0.8048254560118516,0.28610874200426456,0.713891257995736,0.3220995744646334,0.336997359835844,0.22343690144308984,0.4210672784323743,0.08498429126913036,0.534660828572874,0.3298441498562055,0.346890007545852,0.23347938704057183,0.42398880293505825,0.4009024077516999,0.4139022849306197,0.3452903182900656,0.4606636006527815,0.4190543842740415,0.4188075857698055,0.4149834677303036,0.42274884014812436,0.029340469992079985,0.5608741761463244,9542.786228923727,2343.0182188552526,50283.34379098258,0.75,UB&PB,90293
0,0.0,0.0,0.0,0.0,0.0,0.0,0.0,0.0,0.0,0.0,0.0,0.0,0.0,0.0,0.0,0.0,0.0,0.0,0.0,0.0,0.0,0.0,0.0,0.0,0.0,0.0,0.0,0.0,0.0,0.0,0.0,0.0,0.0,0.0,0.0,0.8,UB&PB,90293
2500,1.1193394079648777,0.8827032192594916,0.7850864971387751,0.9449570160013643,0.027850289249037964,0.009556610760769612,0.055029657901409595,0.7229193729240629,0.5853058358924842,0.8438556465086041,0.20678322672352517,0.7932167732764747,0.34568491229055043,0.3700425997613135,0.2510370113615189,0.43279164874597964,0.11335797786167116,0.5526666807959414,0.35239121104154547,0.3756988328250051,0.26020218482679724,0.4362431937685081,0.4147264697607207,0.42457416068185705,0.36140682022803994,0.4705050743936085,0.4281463067120701,0.42794183209055286,0.42424195326366143,0.43176947022623263,0.25394890175506185,0.7564782281015267,10420.682739333353,2402.8025025841293,56738.87237006069,0.8,UB&PB,90293
0,0.0,0.0,0.0,0.0,0.0,0.0,0.0,0.0,0.0,0.0,0.0,0.0,0.0,0.0,0.0,0.0,0.0,0.0,0.0,0.0,0.0,0.0,0.0,0.0,0.0,0.0,0.0,0.0,0.0,0.0,0.0,0.0,0.0,0.0,0.0,0.85,UB&PB,90293
2500,1.1384364613752749,0.8603906688694983,0.7506763715459053,0.9372025347168402,0.028296990554172462,0.009782727715512187,0.05557007395404398,0.6320432305195467,0.49367507828608326,0.7411382650856081,0.186037668798863,0.8139623312011368,0.3656228862935842,0.3913448037786149,0.2912601119724967,0.4327531228555503,0.1534705871948285,0.5489853431320668,0.37211967321488537,0.3939311616447286,0.3010470088768514,0.4371546972659246,0.41484038275377505,0.4218223165160306,0.36783137889013473,0.46367718763415366,0.4241889698474295,0.42381330898958797,0.4200875895572801,0.4277234373483381,0.4317896796933638,0.9703157408729179,8609.073094835085,2092.698425457052,45804.24176656508,0.85,UB&PB,90293
0,0.0,0.0,0.0,0.0,0.0,0.0,0.0,0.0,0.0,0.0,0.0,0.0,0.0,0.0,0.0,0.0,0.0,0.0,0.0,0.0,0.0,0.0,0.0,0.0,0.0,0.0,0.0,0.0,0.0,0.0,0.0,0.0,0.0,0.0,0.0,0.9,UB&PB,90293
2500,1.146624741505603,0.8574115497572643,0.762863410467601,0.9303526492928138,0.0283584524205711,0.009720780982689414,0.0557434394799738,0.5763505665232975,0.46846867067351344,0.7074819823349835,0.14568372423596293,0.8543162757640376,0.37297305686616306,0.3945941591527961,0.3139467352397347,0.42891521844716957,0.1686490428302681,0.5490027418659587,0.37848517257336034,0.3948657458042155,0.32273189056975277,0.43365588255398585,0.4108174175225746,0.4159126895938679,0.36469526343753855,0.45858488563839256,0.4173320081784903,0.41704965157345175,0.41326117729555184,0.4209599283686015,0.3669936288229839,0.806321349233691,8339.660625393264,2001.4415075265474,44528.760635071885,0.9,UB&PB,90293
0,0.0,0.0,0.0,0.0,0.0,0.0,0.0,0.0,0.0,0.0,0.0,0.0,0.0,0.0,0.0,0.0,0.0,0.0,0.0,0.0,0.0,0.0,0.0,0.0,0.0,0.0,0.0,0.0,0.0,0.0,0.0,0.0,0.0,0.0,0.0,0.95,UB&PB,90293
2500,1.1602378514215814,0.8825176633539905,0.7980101901953957,0.9429890750290516,0.0284089230035898,0.009792317911854398,0.05607211218681988,0.6985442992856316,0.5871250718856319,0.7985537304691365,0.13252736318407962,0.8674726368159209,0.3822523398145562,0.398715994225042,0.33160798514047723,0.4309230874015859,0.18811810318551095,0.5536590614357829,0.3863393013745819,0.39755921463530236,0.3381771680993468,0.4349626893709611,0.41051790063726473,0.41537315102157596,0.3605802648142394,0.46054698709709,0.41700938211198746,0.41674257095696515,0.4130406723591658,0.42055352477934665,0.6372123619995271,1.022803543469547,9912.063073655236,2222.3367077366233,55166.76551204124,0.95,UB&PB,90293
0,0.0,0.0,0.0,0.0,0.0,0.0,0.0,0.0,0.0,0.0,0.0,0.0,0.0,0.0,0.0,0.0,0.0,0.0,0.0,0.0,0.0,0.0,0.0,0.0,0.0,0.0,0.0,0.0,0.0,0.0,0.0,0.0,0.0,0.0,0.0,0.05,UB&PB,56471
2500,0.9171784297342856,0.6975705250503134,0.5408739950482826,0.817719247066633,0.8585880529292781,0.7531294291793099,0.9301984047276729,0.8978164669862599,0.8150428096311311,0.9560412431043269,0.9524982231698647,0.04750177683013506,0.0822715875089317,0.018416007572270462,0.0019554944349700304,0.10521778163156235,3.386358733150748e-5,0.3845210741928149,0.08657322687921745,0.02116931873342108,0.0023423902695980346,0.11448662827907062,0.14741511477837274,0.09622183187794495,0.03225659951624589,0.22704247830998683,0.42078420913889536,0.42038653588943636,0.4151623155280316,0.4258603013818376,0.06830523566664932,0.39401328880621944,25366.003780358886,13585.138455210485,47103.33206771431,0.05,UB&PB,56471
0,0.0,0.0,0.0,0.0,0.0,0.0,0.0,0.0,0.0,0.0,0.0,0.0,0.0,0.0,0.0,0.0,0.0,0.0,0.0,0.0,0.0,0.0,0.0,0.0,0.0,0.0,0.0,0.0,0.0,0.0,0.0,0.0,0.0,0.0,0.0,0.1,UB&PB,56471
2500,0.9348097039704049,0.37079195601858445,0.22686955948132037,0.5012703413529879,0.6113086104355373,0.47526986780394986,0.7630958511703986,0.884208979802276,0.7969560860174332,0.9497682090875902,0.9575394456289977,0.042460554371002185,0.09827881650693047,0.04808661799556834,0.016612202061286146,0.13731807889450337,0.0034114703430445483,0.3560392455649467,0.11868817015726765,0.07088143431983203,0.026978363033216123,0.17346399153098394,0.15169570069626137,0.11825134454821735,0.07042341929560152,0.20066216004670073,0.42174098733596005,0.42120671692360395,0.40833729946165187,0.43462664809075496,0.009347939114606551,0.7778881850973947,3216.450938380048,2187.8911033550685,4861.911805469444,0.1,UB&PB,56471
0,0.0,0.0,0.0,0.0,0.0,0.0,0.0,0.0,0.0,0.0,0.0,0.0,0.0,0.0,0.0,0.0,0.0,0.0,0.0,0.0,0.0,0.0,0.0,0.0,0.0,0.0,0.0,0.0,0.0,0.0,0.0,0.0,0.0,0.0,0.0,0.15,UB&PB,56471
2500,0.9445736722705116,0.34238642890587273,0.22489318759174198,0.4972003670256419,0.4993889631082143,0.3546455939958808,0.6495455321790667,0.876980561724065,0.778669108867026,0.9425052525347566,0.960453447050462,0.03954655294953799,0.11725201870505608,0.0708307172267134,0.024774581691696284,0.17175462736154518,0.004586716116573427,0.37740682013374705,0.14482862005966426,0.10563658513131206,0.04260488513746888,0.21456951513765138,0.17447195247715552,0.14690737713412033,0.09556949614772088,0.22633519464075882,0.4178985783903003,0.4172218712897533,0.4020996470189655,0.4328555624936118,0.027992059696806026,0.4268602924474822,2995.9170762786757,1963.1953715867178,4719.40925016784,0.15,UB&PB,56471
0,0.0,0.0,0.0,0.0,0.0,0.0,0.0,0.0,0.0,0.0,0.0,0.0,0.0,0.0,0.0,0.0,0.0,0.0,0.0,0.0,0.0,0.0,0.0,0.0,0.0,0.0,0.0,0.0,0.0,0.0,0.0,0.0,0.0,0.0,0.0,0.2,UB&PB,56471
2500,0.9608936778648116,0.449067076046934,0.2928452832378051,0.6041397731750334,0.4320796597225613,0.3322767398474754,0.5358766127192542,0.8302641029983914,0.7349757815936192,0.9110232710784882,0.958174129353233,0.04182587064676618,0.12559962527792032,0.08030648825873285,0.029869904175416323,0.18885990240284278,0.006690583937716561,0.3801466663629207,0.14747538747913114,0.10904376551620375,0.04532525043185797,0.2228101052923084,0.19271727402394773,0.17019772388930793,0.10615660999497073,0.2599840851289837,0.426046042940041,0.4254744873127377,0.4157808965579512,0.435659754080474,0.10279641036406421,0.27311039482241867,3175.7311488099153,2152.5460563835222,4977.581196454184,0.2,UB&PB,56471
0,0.0,0.0,0.0,0.0,0.0,0.0,0.0,0.0,0.0,0.0,0.0,0.0,0.0,0.0,0.0,0.0,0.0,0.0,0.0,0.0,0.0,0.0,0.0,0.0,0.0,0.0,0.0,0.0,0.0,0.0,0.0,0.0,0.0,0.0,0.0,0.25,UB&PB,56471
2500,0.9671079207970056,0.46727354979084806,0.361792371310557,0.5738213725721446,0.1614891606790142,0.1039485258261848,0.23556698380437952,0.8370283700753104,0.7515687215582877,0.9056011837633254,0.9387775408670934,0.061222459132906845,0.1793620643011429,0.14596324399377447,0.06247744142182105,0.2732503445510479,0.014893700287682781,0.43801750102004733,0.20730934778687568,0.18581099859324185,0.0890009752724612,0.3114445179736563,0.27239236735470373,0.2703120071368466,0.17012400845039505,0.37151364905419737,0.4122664663086731,0.41177452320004765,0.40348123384758516,0.42045662081518975,0.7064365840968594,1.0802262601857222,2203.5887672017902,1272.5996748652751,4499.187197420668,0.25,UB&PB,56471
0,0.0,0.0,0.0,0.0,0.0,0.0,0.0,0.0,0.0,0.0,0.0,0.0,0.0,0.0,0.0,0.0,0.0,0.0,0.0,0.0,0.0,0.0,0.0,0.0,0.0,0.0,0.0,0.0,0.0,0.0,0.0,0.0,0.0,0.0,0.0,0.3,UB&PB,56471
2500,0.9644746626668463,0.6980549117877984,0.524007457704344,0.8244635986225134,0.1314961472093203,0.07583573850342318,0.2034101345516575,0.8386638717121564,0.740234657863507,0.914795270458757,0.9274200426439241,0.07257995735607675,0.16848896205946934,0.12158977636063435,0.040835679053669374,0.26787118405969146,0.008256965856059825,0.4526539745031063,0.1824118228274526,0.142530658573322,0.05318931028795076,0.287658117704619,0.2742575207973001,0.2709498986796009,0.15143043488339744,0.396506369555321,0.4153855118032296,0.41504068440202047,0.40911311578281695,0.4211796449282646,0.1321832495055391,0.3664355624754275,9327.42119484937,3720.2108318618957,27272.094534402106,0.3,UB&PB,56471
0,0.0,0.0,0.0,0.0,0.0,0.0,0.0,0.0,0.0,0.0,0.0,0.0,0.0,0.0,0.0,0.0,0.0,0.0,0.0,0.0,0.0,0.0,0.0,0.0,0.0,0.0,0.0,0.0,0.0,0.0,0.0,0.0,0.0,0.0,0.0,0.35,UB&PB,56471
2500,0.9757536518654415,0.7227536909529372,0.5783128454181757,0.8459526048562566,0.06961644130258053,0.0323316962866153,0.12134011131390299,0.7636251489214233,0.6392112540886515,0.8615305245959095,0.9206048329779679,0.07939516702203278,0.19470631169673655,0.16170111716490404,0.056362030674851626,0.3106979764357951,0.01237622568094636,0.4707736763735534,0.20713763782495684,0.180551489777407,0.0684903536449289,0.32812463327693575,0.30870915868507404,0.32740021165108363,0.18192071528126613,0.4319656605469934,0.4168598360867236,0.4165319075668837,0.41186393807626276,0.42137253123894924,0.06288809647254405,0.3405002297650582,8015.996060880422,2976.052452505833,26732.998648990386,0.35,UB&PB,56471
0,0.0,0.0,0.0,0.0,0.0,0.0,0.0,0.0,0.0,0.0,0.0,0.0,0.0,0.0,0.0,0.0,0.0,0.0,0.0,0.0,0.0,0.0,0.0,0.0,0.0,0.0,0.0,0.0,0.0,0.0,0.0,0.0,0.0,0.0,0.0,0.4,UB&PB,56471
2500,0.9759732650392867,0.7798359336875984,0.6440318186642304,0.8938967597587509,0.08046743306253748,0.036415859264580686,0.14368994907931165,0.7964252841636195,0.6761003672225617,0.8928602797107307,0.919734896943852,0.08026510305614802,0.18037789844150315,0.13894805206715655,0.045091678829964066,0.2970068705624794,0.007629950170538305,0.4573951943512358,0.1891039638515852,0.15235036950645667,0.053615731596398326,0.30943598502826325,0.28945264026199274,0.2962038162314616,0.16417349094724354,0.4146590041107301,0.40395826180320865,0.4036744464020789,0.39922698494873654,0.40819820505506166,0.5724955498465812,0.805947771602154,13962.057277511689,4946.710708259134,45503.30789815995,0.4,UB&PB,56471
0,0.0,0.0,0.0,0.0,0.0,0.0,0.0,0.0,0.0,0.0,0.0,0.0,0.0,0.0,0.0,0.0,0.0,0.0,0.0,0.0,0.0,0.0,0.0,0.0,0.0,0.0,0.0,0.0,0.0,0.0,0.0,0.0,0.0,0.0,0.0,0.45,UB&PB,56471
2500,0.9999915704990877,0.8708712136400238,0.7611175573269988,0.9421396112165122,0.04706755615639147,0.019083603517748963,0.08776008031661003,0.8279008914907849,0.6793550663578418,0.9294783472261835,0.8774171997157076,0.12258280028429297,0.21350530986521576,0.18381689153279765,0.061714380635275005,0.3530898365751808,0.013458319726915692,0.4949058896375549,0.22049725551734956,0.19395930777402912,0.06875333415397725,0.3622303742932044,0.33219370085833677,0.35628137277607064,0.20368580516134166,0.456679479162662,0.42749177392436066,0.42721750192894964,0.4234543291836602,0.43109813360795873,0.0765705134079805,0.4860620269583563,15995.737070191668,4995.030479560581,64040.88703560965,0.45,UB&PB,56471
0,0.0,0.0,0.0,0.0,0.0,0.0,0.0,0.0,0.0,0.0,0.0,0.0,0.0,0.0,0.0,0.0,0.0,0.0,0.0,0.0,0.0,0.0,0.0,0.0,0.0,0.0,0.0,0.0,0.0,0.0,0.0,0.0,0.0,0.0,0.0,0.5,UB&PB,56471
2500,1.0116062884766315,0.8472255073759741,0.7353670789725889,0.9246134867138069,0.04044726345651263,0.015685334103750025,0.0770855275796691,0.7522362418347439,0.6278103939495155,0.8508953854380858,0.8583361762615499,0.1416638237384505,0.22779642129656255,0.2077158551604999,0.08354203562711819,0.3673982821611789,0.01868015307450388,0.49178071846326377,0.23612980728975894,0.21800887058105478,0.09385342322171028,0.37570888429333155,0.33967233345662456,0.36787167685274397,0.22381378116312062,0.4524993690387137,0.4188474812013107,0.4185537877043422,0.4146322680251182,0.4226076555516195,0.22819007712004402,0.45990748008582844,12593.880686675477,3933.7358862756214,52509.62245637931,0.5,UB&PB,56471
0,0.0,0.0,0.0,0.0,0.0,0.0,0.0,0.0,0.0,0.0,0.0,0.0,0.0,0.0,0.0,0.0,0.0,0.0,0.0,0.0,0.0,0.0,0.0,0.0,0.0,0.0,0.0,0.0,0.0,0.0,0.0,0.0,0.0,0.0,0.0,0.55,UB&PB,56471
2500,1.0163057141621663,0.8510051861704251,0.7465889849334716,0.923956894671527,0.03853369371636018,0.014935239122846005,0.07352472933941481,0.7695904130945882,0.644435686480442,0.8695920412865598,0.8598557213930345,0.1401442786069651,0.23006764612968103,0.21055882803287337,0.08695385105240662,0.3746580579526251,0.017923893240325922,0.4866674542858,0.2378732255388281,0.21998231901421325,0.09814426064328975,0.3805618643359051,0.3375704329796816,0.36543077902846005,0.22488749844717018,0.4470210399382301,0.4126978927009638,0.4124087484293048,0.40853486975302666,0.41642802815796215,0.18665455353582386,0.520908045582367,12530.331609169407,3914.6518836577134,52331.98833118308,0.55,UB&PB,56471
0,0.0,0.0,0.0,0.0,0.0,0.0,0.0,0.0,0.0,0.0,0.0,0.0,0.0,0.0,0.0,0.0,0.0,0.0,0.0,0.0,0.0,0.0,0.0,0.0,0.0,0.0,0.0,0.0,0.0,0.0,0.0,0.0,0.0,0.0,0.0,0.6,UB&PB,56471
2500,1.0354036817023138,0.829420858912135,0.7322636438228555,0.9104719579550251,0.0321172739215872,0.011611785363883706,0.06271945605382932,0.7158381003034925,0.5778478488153804,0.8427559185138961,0.7733475479744129,0.22665245202558645,0.25776278120497137,0.24678052934971292,0.1252914161517173,0.39877934412324667,0.027943810421772717,0.5001661863260515,0.2672957862272908,0.25849612952065876,0.1397614219623301,0.4032687058956503,0.3601676147512361,0.3891469554905474,0.266702081206923,0.45457158737468023,0.41801358996035515,0.41770192282327356,0.41376343339906746,0.4218141829602824,0.18481403059692966,0.4092012402733402,10537.659485187947,3198.3870719121237,47073.62160225814,0.6,UB&PB,56471
0,0.0,0.0,0.0,0.0,0.0,0.0,0.0,0.0,0.0,0.0,0.0,0.0,0.0,0.0,0.0,0.0,0.0,0.0,0.0,0.0,0.0,0.0,0.0,0.0,0.0,0.0,0.0,0.0,0.0,0.0,0.0,0.0,0.0,0.0,0.0,0.65,UB&PB,56471
2500,1.0545305618083336,0.8778257638063687,0.792029183674293,0.9415723728757791,0.030504803890214833,0.010798541947492657,0.059863834094176824,0.6717641177816053,0.5490527700220995,0.7997779855689164,0.6639879175550826,0.33601208244491815,0.27914042718941123,0.2725255982727629,0.15375989536586174,0.4119677089887576,0.044165919987460354,0.5156650233943295,0.2863342791610831,0.28150990091758943,0.16440086489474318,0.41450972270421366,0.37470748147026733,0.3997351086062231,0.28614662074823827,0.46450223936971424,0.4205744266397302,0.42031035170525105,0.41663082166379933,0.424131789879241,0.1406207596367806,0.5924402078618396,12863.48784575278,3593.5810633598253,62380.253020413846,0.65,UB&PB,56471
0,0.0,0.0,0.0,0.0,0.0,0.0,0.0,0.0,0.0,0.0,0.0,0.0,0.0,0.0,0.0,0.0,0.0,0.0,0.0,0.0,0.0,0.0,0.0,0.0,0.0,0.0,0.0,0.0,0.0,0.0,0.0,0.0,0.0,0.0,0.0,0.7,UB&PB,56471
2500,1.0683297537704592,0.8722325430181126,0.7569163342702683,0.9410021725346759,0.03069079514221281,0.01107311013999227,0.059276382378110254,0.5638729986050893,0.45533122071038684,0.6979058613185819,0.5357093105899072,0.46429068941009205,0.2993019429482363,0.30377073767631213,0.19148849802063767,0.41199000926100937,0.06530290571573738,0.514757890094191,0.3068480831737251,0.31291292221000505,0.2028678260358746,0.4144492487026856,0.3824455503380279,0.4015065604052477,0.31012474135929596,0.4579697113707064,0.4131302960483159,0.41285024582420254,0.40906104281407296,0.41681842480540804,0.18263641612438336,0.4456989403192413,10304.428555402981,2854.7266637588405,50544.82793154614,0.7,UB&PB,56471
0,0.0,0.0,0.0,0.0,0.0,0.0,0.0,0.0,0.0,0.0,0.0,0.0,0.0,0.0,0.0,0.0,0.0,0.0,0.0,0.0,0.0,0.0,0.0,0.0,0.0,0.0,0.0,0.0,0.0,0.0,0.0,0.0,0.0,0.0,0.0,0.75,UB&PB,56471
2500,1.0946026511018465,0.8634767158934281,0.7682465919803161,0.9346239968386312,0.027589590090467957,0.009456397786660452,0.05420498483033004,0.5786518398618098,0.46720136918794747,0.7066366588991126,0.30259488272921065,0.6974051172707888,0.3264025998429035,0.33922659169368086,0.2321732631536012,0.4195953764796865,0.09768148909840697,0.5359260636301718,0.33383275147541464,0.3478655544271655,0.24235548768514067,0.42238976270972056,0.39946738898214257,0.4123085767861101,0.34216179745560116,0.46010850686311705,0.41689616980209193,0.4166248918125972,0.4128702421419738,0.42049983492432974,0.34183196817183137,0.7401756415557976,9877.754367565738,2422.0181364538826,52439.395476673155,0.75,UB&PB,56471
0,0.0,0.0,0.0,0.0,0.0,0.0,0.0,0.0,0.0,0.0,0.0,0.0,0.0,0.0,0.0,0.0,0.0,0.0,0.0,0.0,0.0,0.0,0.0,0.0,0.0,0.0,0.0,0.0,0.0,0.0,0.0,0.0,0.0,0.0,0.0,0.8,UB&PB,56471
2500,1.1174802055422495,0.9035552213109826,0.8305100343129328,0.9562981185435263,0.02849892150337217,0.009904163389983116,0.05603788383457435,0.7123671614803956,0.6050403586836411,0.8257901043794186,0.24155223880596993,0.7584477611940299,0.34335853841297165,0.3658269273307574,0.24522146017415314,0.4335567225146069,0.1088007429904518,0.5554088199571063,0.3494655384650492,0.3711531403185136,0.25358507083795323,0.4364652127505225,0.4135794690147847,0.42469503289691024,0.3539883686600925,0.4752970095298558,0.42896720280130135,0.42871731499144994,0.42510143583093624,0.4324504118087594,0.800717376543834,1.0090325548743448,12329.562394615945,2776.1196857144587,68389.21994206503,0.8,UB&PB,56471
0,0.0,0.0,0.0,0.0,0.0,0.0,0.0,0.0,0.0,0.0,0.0,0.0,0.0,0.0,0.0,0.0,0.0,0.0,0.0,0.0,0.0,0.0,0.0,0.0,0.0,0.0,0.0,0.0,0.0,0.0,0.0,0.0,0.0,0.0,0.0,0.85,UB&PB,56471
2500,1.130712484979718,0.8933276120156882,0.8132714204691641,0.9514787441631576,0.028338615981332037,0.009704472496602869,0.05581035505611212,0.6503440797409028,0.4895201914543958,0.8011828680813302,0.1689147121535183,0.8310852878464817,0.35812490879899406,0.38413458545345625,0.2766229308344769,0.42980892264276116,0.13970612275546704,0.5524384088239417,0.36376772486498016,0.38652369897532735,0.28550380499647954,0.4333624658309699,0.4126552943132855,0.419935221240867,0.36052241454397305,0.46616701852913517,0.4223517757636219,0.4220606879638735,0.41839870781286514,0.4258604305097393,0.4508474587943934,0.8605113710172172,11031.156603415096,2432.1122583652987,62222.84747509471,0.85,UB&PB,56471
0,0.0,0.0,0.0,0.0,0.0,0.0,0.0,0.0,0.0,0.0,0.0,0.0,0.0,0.0,0.0,0.0,0.0,0.0,0.0,0.0,0.0,0.0,0.0,0.0,0.0,0.0,0.0,0.0,0.0,0.0,0.0,0.0,0.0,0.0,0.0,0.9,UB&PB,56471
2500,1.145598396607499,0.8738045497151437,0.7782401723419863,0.9395950037802403,0.027793910975237784,0.009416447469426856,0.05515412228988901,0.7073648083730073,0.5720452832350215,0.8298579962820832,0.17628500355365995,0.8237149964463407,0.3676697178446149,0.3901524106623286,0.301576179129366,0.42871159150236465,0.15754927951501052,0.5521432288610418,0.37294694856891,0.3903131685429224,0.30992435494614673,0.43295355757206655,0.4102452797588481,0.4168966262720056,0.36042804809054224,0.4614694196503656,0.41904534022662315,0.41878963520329604,0.41505278980705856,0.4226414031430298,0.0818345341632178,0.609050735569738,9271.487613018828,2176.37522031183,50448.705488945016,0.9,UB&PB,56471
0,0.0,0.0,0.0,0.0,0.0,0.0,0.0,0.0,0.0,0.0,0.0,0.0,0.0,0.0,0.0,0.0,0.0,0.0,0.0,0.0,0.0,0.0,0.0,0.0,0.0,0.0,0.0,0.0,0.0,0.0,0.0,0.0,0.0,0.0,0.0,0.95,UB&PB,56471
2500,1.1587439583028207,0.8839194971952048,0.7900979134912864,0.9468166580094703,0.028099535113658876,0.009716322936817583,0.05530342814808579,0.8001167661534614,0.6625461144552066,0.9052015429840078,0.16531343283582087,0.8346865671641789,0.37669794067430495,0.394343042655746,0.3257929636927279,0.42706828498946375,0.18232326606750696,0.545579210432335,0.3808179668468191,0.39315439316051,0.3322142058311711,0.4310629343992639,0.4058380144985695,0.4112430031699464,0.3568092909097871,0.4552607391165638,0.41331555413551,0.41300713744198014,0.4092331996893152,0.41689669233072135,0.19791762266333554,0.9733704860115079,9331.254082316545,2191.8349307830845,50994.40079980536,0.95,UB&PB,56471
0,0.0,0.0,0.0,0.0,0.0,0.0,0.0,0.0,0.0,0.0,0.0,0.0,0.0,0.0,0.0,0.0,0.0,0.0,0.0,0.0,0.0,0.0,0.0,0.0,0.0,0.0,0.0,0.0,0.0,0.0,0.0,0.0,0.0,0.0,0.0,0.05,UB&PB,25428
2500,0.915010525249082,0.374589904922662,0.2623219779390777,0.5285744665966504,0.8010182882494136,0.6813749198365213,0.8907715346603209,0.8977892819474215,0.8245579671918685,0.9532213087090151,0.9590824449182673,0.040917555081734155,0.0820673458306506,0.023957377086750973,0.004866608397157703,0.10816418584977494,0.0004835346131296551,0.353523658164367,0.09443074811234325,0.035456350280391055,0.00788861731654604,0.1334977974521015,0.13728535985101523,0.0933722010126027,0.044509519084673925,0.19323801278339112,0.41939399701140495,0.4189341319688866,0.4081905005568933,0.4300633864675914,0.04030368131804208,0.5927251336463775,4397.756725652288,2805.894857751662,7077.919573482341,0.05,UB&PB,25428
0,0.0,0.0,0.0,0.0,0.0,0.0,0.0,0.0,0.0,0.0,0.0,0.0,0.0,0.0,0.0,0.0,0.0,0.0,0.0,0.0,0.0,0.0,0.0,0.0,0.0,0.0,0.0,0.0,0.0,0.0,0.0,0.0,0.0,0.0,0.0,0.1,UB&PB,25428
2500,0.9306770489978379,0.6271952424591514,0.3730973899817793,0.8125094770822141,0.7137645274294768,0.5858301287938025,0.8241461652171886,0.8391754000323669,0.7412519952623663,0.9167761026937588,0.955140014214641,0.04485998578535896,0.08629742515405106,0.026958547555086153,0.004305605918028631,0.1143763936648604,0.00046410382772507446,0.3754356409519475,0.09257743860827083,0.03314627769778012,0.00570991342374329,0.1273043083303805,0.147765587364501,0.10462487538485828,0.044876334339097476,0.21335198537662914,0.4225599644709136,0.42214413434810766,0.41580157176403376,0.4287923196201472,0.030071131964519146,0.30341863947580455,12194.317537863511,7416.256228799477,20533.812791107117,0.1,UB&PB,25428
0,0.0,0.0,0.0,0.0,0.0,0.0,0.0,0.0,0.0,0.0,0.0,0.0,0.0,0.0,0.0,0.0,0.0,0.0,0.0,0.0,0.0,0.0,0.0,0.0,0.0,0.0,0.0,0.0,0.0,0.0,0.0,0.0,0.0,0.0,0.0,0.15,UB&PB,25428
2500,0.9460511443282085,0.3756093283365963,0.18571792126696252,0.6052083135073227,0.5721836282188626,0.4545159217104443,0.7134554158596138,0.8721976171866295,0.78179315682773,0.9400764508902317,0.9580156361051871,0.04198436389481167,0.10148170173881582,0.05394670871637766,0.018258648671724043,0.1464177668942644,0.0037108984420864037,0.3484000848268494,0.1229659211852978,0.07964303180454518,0.030383443966968144,0.18236630683835187,0.15407805831096394,0.12560690689552964,0.07745984432444991,0.2014275365043989,0.4201030375780703,0.4192755546889346,0.4054677384401722,0.43368411998959283,0.05689000582235472,1.0817106741108977,3535.6905699722042,2428.7730972815125,5336.080900109865,0.15,UB&PB,25428
0,0.0,0.0,0.0,0.0,0.0,0.0,0.0,0.0,0.0,0.0,0.0,0.0,0.0,0.0,0.0,0.0,0.0,0.0,0.0,0.0,0.0,0.0,0.0,0.0,0.0,0.0,0.0,0.0,0.0,0.0,0.0,0.0,0.0,0.0,0.0,0.2,UB&PB,25428
2500,0.951642612241318,0.6520240012378486,0.48844225786997386,0.8193102953158502,0.7521381211836883,0.6257647279537607,0.8586356468489821,0.8094701849885202,0.6937462231256136,0.9128683299208796,0.9628216062544422,0.03717839374555794,0.08373412464155183,0.033485649174769566,0.00647685646647249,0.11685421298264406,0.0002950748263523204,0.33441742960516596,0.08912472224855846,0.03933929944913055,0.00826084409396755,0.12711187037214597,0.13703878542159395,0.10846772495347598,0.05226946529774356,0.19077845455242154,0.4134313969069094,0.4130855754066485,0.40758053713431985,0.41879890136891396,0.07340985172315416,0.31964470623844343,22021.09395570891,13834.214697881316,35838.753855805146,0.2,UB&PB,25428
0,0.0,0.0,0.0,0.0,0.0,0.0,0.0,0.0,0.0,0.0,0.0,0.0,0.0,0.0,0.0,0.0,0.0,0.0,0.0,0.0,0.0,0.0,0.0,0.0,0.0,0.0,0.0,0.0,0.0,0.0,0.0,0.0,0.0,0.0,0.0,0.25,UB&PB,25428
2500,0.9619587076035394,0.5572600346847534,0.4203322892141327,0.6972996004671769,0.1608489041258545,0.09670605693427135,0.2500908078100543,0.8396130586052226,0.7371688150952304,0.9198948322260033,0.9392025586353928,0.0607974413646055,0.17415690881124432,0.12939473043687744,0.05188379539041558,0.26945916378669804,0.013836035093972828,0.4557520201030019,0.19685456366697235,0.16155855899150998,0.07405476675900519,0.29828831719258375,0.27151078528205264,0.2605806193583203,0.1587203161736358,0.38324175202475186,0.4218946651736794,0.4215201728050304,0.4127040311421887,0.4306249060315086,0.144098456047724,0.340105720720036,8842.906749660904,3629.5793214669015,23383.209858291088,0.25,UB&PB,25428
0,0.0,0.0,0.0,0.0,0.0,0.0,0.0,0.0,0.0,0.0,0.0,0.0,0.0,0.0,0.0,0.0,0.0,0.0,0.0,0.0,0.0,0.0,0.0,0.0,0.0,0.0,0.0,0.0,0.0,0.0,0.0,0.0,0.0,0.0,0.0,0.3,UB&PB,25428
2500,0.9608223902260958,0.7740456081848837,0.6214463380689996,0.8801970789057908,0.09069194569071405,0.04442050097902617,0.15411788616677083,0.8206566807249551,0.731255316274767,0.8952373759383081,0.927517412935324,0.07248258706467658,0.1678917078825066,0.12062152482372547,0.037877452452644095,0.2676040720721502,0.007277763591639422,0.45355150243107883,0.1774953667639913,0.13569729660768634,0.04600147903141114,0.2821025931240636,0.2785463241142975,0.2806084730960979,0.1468884706738447,0.40999808160272466,0.4049122480397442,0.40452415547681414,0.39973610145779426,0.4094906921976738,0.02107170854552782,0.4021845052316441,13930.07214008908,4914.652328559531,45711.279007116726,0.3,UB&PB,25428
0,0.0,0.0,0.0,0.0,0.0,0.0,0.0,0.0,0.0,0.0,0.0,0.0,0.0,0.0,0.0,0.0,0.0,0.0,0.0,0.0,0.0,0.0,0.0,0.0,0.0,0.0,0.0,0.0,0.0,0.0,0.0,0.0,0.0,0.0,0.0,0.35,UB&PB,25428
2500,0.9884515735874322,0.5115402651153123,0.3822610605832908,0.6328220630115361,0.09561703591682899,0.049978321069738464,0.15476057370386395,0.8466438724932218,0.7467933180116689,0.9225656373398412,0.9289267945984357,0.07107320540156384,0.2106629779993578,0.1869001714905174,0.08474748439780201,0.32314173562768955,0.02126024776735627,0.4642915202536996,0.2374388995123276,0.2230777012023076,0.11480835817542782,0.3537074572609116,0.31005546740236956,0.32041081227614965,0.20686659534852533,0.4139482009635934,0.41909335187081254,0.4187227201596468,0.4114276679530555,0.4263014418395937,0.13602952379788716,0.581099492902152,2505.670536687277,1309.7646541094846,5881.66489291055,0.35,UB&PB,25428
0,0.0,0.0,0.0,0.0,0.0,0.0,0.0,0.0,0.0,0.0,0.0,0.0,0.0,0.0,0.0,0.0,0.0,0.0,0.0,0.0,0.0,0.0,0.0,0.0,0.0,0.0,0.0,0.0,0.0,0.0,0.0,0.0,0.0,0.0,0.0,0.4,UB&PB,25428
2500,0.98216910528178,0.8232432730053512,0.7175272788679299,0.9019168125247197,0.05544345659763084,0.024333113591733298,0.10396484840410068,0.8083387423560094,0.6960022663908538,0.8984391732789053,0.9035437100213212,0.09645628997867794,0.1921613918466807,0.1559586397074298,0.053100093383868396,0.3109875188772112,0.01149105778330332,0.46879152857860285,0.2001310407302154,0.16818923554728868,0.061084892135071345,0.3225836598884581,0.306300185265775,0.32435525487728717,0.1778586949044829,0.43160325707175456,0.4092877415399069,0.4089050907380864,0.40487725897147936,0.4131236220527499,0.007303513895856314,0.6525087212187252,15118.910004669753,4879.5519636257995,55522.85919853997,0.4,UB&PB,25428
0,0.0,0.0,0.0,0.0,0.0,0.0,0.0,0.0,0.0,0.0,0.0,0.0,0.0,0.0,0.0,0.0,0.0,0.0,0.0,0.0,0.0,0.0,0.0,0.0,0.0,0.0,0.0,0.0,0.0,0.0,0.0,0.0,0.0,0.0,0.0,0.45,UB&PB,25428
2500,0.989836947543686,0.844749230201078,0.74276819864013,0.9200348597249278,0.04945708029204902,0.020614517306901517,0.09164078203013329,0.7904008429878939,0.6627381922015357,0.8842755257823832,0.8952487562189064,0.10475124378109457,0.20178151382946063,0.17109245472466833,0.0570815147306469,0.33220638185099943,0.010949232301118364,0.4769205078906668,0.2091179811555093,0.1815333977860906,0.06497208587017454,0.34153106270141326,0.31467233468455147,0.33679420867107107,0.1868101598595117,0.43836153757531277,0.40923615615696807,0.4089411548215973,0.4050369050349727,0.4129988354261473,0.05850553535001849,0.4254332524409661,14616.648206436052,4708.770033730199,56918.23374784121,0.45,UB&PB,25428
0,0.0,0.0,0.0,0.0,0.0,0.0,0.0,0.0,0.0,0.0,0.0,0.0,0.0,0.0,0.0,0.0,0.0,0.0,0.0,0.0,0.0,0.0,0.0,0.0,0.0,0.0,0.0,0.0,0.0,0.0,0.0,0.0,0.0,0.0,0.0,0.5,UB&PB,25428
2500,1.0157843733604797,0.7667879051899447,0.6447926985199651,0.8613794392532694,0.040553072229180434,0.01609375806014011,0.07569823457281466,0.6916940371914911,0.5712026557647046,0.8041342207799734,0.8536901208244491,0.1463098791755508,0.2399823039652555,0.2260847143630198,0.10894895231139375,0.37079090859706393,0.029656053093197486,0.48346850486171333,0.2528769920125331,0.24144971415082814,0.12660003315359758,0.3814933838408024,0.3449763907204946,0.37268924575463597,0.24575911818434443,0.44444234318007775,0.4155269194336013,0.4152252569739059,0.41075857062893173,0.4198538093381749,0.029092563969568625,0.4655012571634003,8661.06359454416,2836.908632262156,35384.17299857262,0.5,UB&PB,25428
0,0.0,0.0,0.0,0.0,0.0,0.0,0.0,0.0,0.0,0.0,0.0,0.0,0.0,0.0,0.0,0.0,0.0,0.0,0.0,0.0,0.0,0.0,0.0,0.0,0.0,0.0,0.0,0.0,0.0,0.0,0.0,0.0,0.0,0.0,0.0,0.55,UB&PB,25428
2500,1.0257977697161216,0.8523186482022156,0.7549580933340186,0.9269750966468674,0.036809804976166316,0.01379535091580128,0.070898972361058,0.611406875034508,0.50482564591014,0.7215218989747383,0.8373525230987912,0.16264747690120843,0.25239891485401267,0.24306029043675845,0.11423285808680551,0.3911459404687204,0.028904779843035085,0.49844491300007665,0.2607312905668199,0.2526947022036333,0.12661164561957391,0.3973976317995323,0.3574963634217246,0.3861086531792635,0.2542521822317375,0.46033488350948437,0.4234859246053847,0.42317919358599093,0.4193819580797647,0.4271251444609909,0.37277751741693455,0.7928079077360422,12007.2136789835,3738.784636223818,52003.57445661953,0.55,UB&PB,25428
0,0.0,0.0,0.0,0.0,0.0,0.0,0.0,0.0,0.0,0.0,0.0,0.0,0.0,0.0,0.0,0.0,0.0,0.0,0.0,0.0,0.0,0.0,0.0,0.0,0.0,0.0,0.0,0.0,0.0,0.0,0.0,0.0,0.0,0.0,0.0,0.6,UB&PB,25428
2500,1.031533038204158,0.8540523124913588,0.7634952365126046,0.9258504343804688,0.0333165086149108,0.012198541786016396,0.06512585739008235,0.7254289167778682,0.6014081661002705,0.8429972996476551,0.7765536602700778,0.2234463397299224,0.24933726387326646,0.2354401956776252,0.11300393265180125,0.3908862502856356,0.025906022180914846,0.4985987339383685,0.2573744872384648,0.24491457175245457,0.1252048339734145,0.39497921021731847,0.3515291019453683,0.37958423228630156,0.2479488729125058,0.4521817195841166,0.4124682579891807,0.412216131558473,0.4083610599800327,0.4161885001788243,0.5266380699102555,0.8242172111185214,11975.311406968853,3527.832742067553,54698.88324959993,0.6,UB&PB,25428
0,0.0,0.0,0.0,0.0,0.0,0.0,0.0,0.0,0.0,0.0,0.0,0.0,0.0,0.0,0.0,0.0,0.0,0.0,0.0,0.0,0.0,0.0,0.0,0.0,0.0,0.0,0.0,0.0,0.0,0.0,0.0,0.0,0.0,0.0,0.0,0.65,UB&PB,25428
2500,1.0508716546786636,0.8626910039137462,0.7838402756385602,0.9283821587279893,0.030460320638688965,0.010894903136372596,0.0586203873758247,0.6191930751724601,0.5079470545876393,0.7402685861242156,0.6775046197583522,0.32249538024164937,0.2748613018002138,0.27098802667497995,0.1523040666165425,0.4023383843632927,0.04421535871440186,0.5063344697043555,0.2823563646976878,0.2794968924059573,0.16412703164595285,0.4049479526852641,0.3665759890344037,0.3912991722342019,0.27755494259459146,0.45534964875855116,0.41083993338488134,0.4105150456227393,0.40674656859991304,0.4144453573401159,0.3132922896036987,0.6784760184851487,11793.006110371789,3314.5521107504765,57554.565372401565,0.65,UB&PB,25428
0,0.0,0.0,0.0,0.0,0.0,0.0,0.0,0.0,0.0,0.0,0.0,0.0,0.0,0.0,0.0,0.0,0.0,0.0,0.0,0.0,0.0,0.0,0.0,0.0,0.0,0.0,0.0,0.0,0.0,0.0,0.0,0.0,0.0,0.0,0.0,0.7,UB&PB,25428
2500,1.0748843947902673,0.8238933553080147,0.7158360204061247,0.9094385395873074,0.030548389262952162,0.010934506141797333,0.05964571083148352,0.6911380734620517,0.5534414412528675,0.7993981349421384,0.5852274342572846,0.41477256574271526,0.2998174515805061,0.30344215077179254,0.18873097015148546,0.41600814993903173,0.06671313259594017,0.5166520573564285,0.30869715384771407,0.3153696587080829,0.20108163292345396,0.41919734515909135,0.3829336523833785,0.40335534116202393,0.30804291217131596,0.45995501405531236,0.4184563801975992,0.418164554516958,0.41418633712098807,0.4223115303809541,0.20780088467924965,0.4959835723438873,9063.852201516074,2658.299484003616,43240.419715177995,0.7,UB&PB,25428
0,0.0,0.0,0.0,0.0,0.0,0.0,0.0,0.0,0.0,0.0,0.0,0.0,0.0,0.0,0.0,0.0,0.0,0.0,0.0,0.0,0.0,0.0,0.0,0.0,0.0,0.0,0.0,0.0,0.0,0.0,0.0,0.0,0.0,0.0,0.0,0.75,UB&PB,25428
2500,1.0982330926366417,0.8539296958718424,0.7533913888042345,0.931811986543173,0.027136841940880514,0.009332162149002376,0.05302789146670028,0.6779405443973345,0.5273276803344414,0.8001629343460439,0.2915636105188349,0.7084363894811673,0.32666117208959927,0.34394247801419786,0.22867811730799262,0.4232501605274625,0.09075361365651077,0.5367614342488599,0.33442152339695014,0.35291753027546624,0.23867639294482138,0.426287468614947,0.4028851082611399,0.4161830113769619,0.3491960852781413,0.46092185023175164,0.4208059791659797,0.4205407697656231,0.41677251512240154,0.4244141393118902,0.22603392413760162,0.5376799965064364,8894.11534987733,2249.9207597305767,46515.05078218982,0.75,UB&PB,25428
0,0.0,0.0,0.0,0.0,0.0,0.0,0.0,0.0,0.0,0.0,0.0,0.0,0.0,0.0,0.0,0.0,0.0,0.0,0.0,0.0,0.0,0.0,0.0,0.0,0.0,0.0,0.0,0.0,0.0,0.0,0.0,0.0,0.0,0.0,0.0,0.8,UB&PB,25428
2500,1.1104310400028994,0.8620380617905655,0.7597234238554244,0.930115013485312,0.0283433824199896,0.009805750599379269,0.054933570515667454,0.7810247977199607,0.6210102680851946,0.8821011657301149,0.29703127221037706,0.7029687277896236,0.32927564432565676,0.35225604321776244,0.23101682285118127,0.4189367415609883,0.10184179485145531,0.5341563931475662,0.33606573233702536,0.3577260719808626,0.24096290064385958,0.4224254121829973,0.3969026143004081,0.4090584687153846,0.33854422539234375,0.45733078330197063,0.4145614532949664,0.4142762545113129,0.4104608923406602,0.4182068458214442,0.10664915626029696,0.41929119982063,9815.443805251476,2447.521062283847,51697.359456345686,0.8,UB&PB,25428
0,0.0,0.0,0.0,0.0,0.0,0.0,0.0,0.0,0.0,0.0,0.0,0.0,0.0,0.0,0.0,0.0,0.0,0.0,0.0,0.0,0.0,0.0,0.0,0.0,0.0,0.0,0.0,0.0,0.0,0.0,0.0,0.0,0.0,0.0,0.0,0.85,UB&PB,25428
2500,1.1273275679400867,0.8683150319262076,0.7691402051928996,0.9398733730666178,0.027944984768782186,0.009559335112385865,0.05520614736293907,0.6885830553336431,0.5836951009156344,0.7845395459001989,0.19692181947405785,0.8030781805259404,0.3492861064294035,0.3750359819898877,0.2658405971223191,0.42304071522090475,0.13119555181727313,0.54170206412717,0.35512980210928435,0.37732735750041013,0.27486397513138877,0.4268181623761844,0.40496688256004165,0.4132610496538694,0.3543281768306848,0.45770420288596575,0.41596903032506777,0.41572478973106347,0.4119256753295981,0.4196805491795018,0.3779598772833893,0.9061545635120047,9259.852105618236,2212.0140519248203,49717.84579880495,0.85,UB&PB,25428
0,0.0,0.0,0.0,0.0,0.0,0.0,0.0,0.0,0.0,0.0,0.0,0.0,0.0,0.0,0.0,0.0,0.0,0.0,0.0,0.0,0.0,0.0,0.0,0.0,0.0,0.0,0.0,0.0,0.0,0.0,0.0,0.0,0.0,0.0,0.0,0.9,UB&PB,25428
2500,1.1417049882500236,0.8899632836683838,0.800892066681991,0.9509010435026958,0.027479419322667866,0.00934145642691791,0.05403070073437659,0.6738726869192291,0.555261675324531,0.7977685306608846,0.16879246624022734,0.8312075337597731,0.3630176538617699,0.38586020103720137,0.2957057785470776,0.42463122164041694,0.15271711748185626,0.5477464987149318,0.36778233594431,0.3856407184700824,0.303304438707852,0.42842962729127204,0.40544373914723414,0.4119582319616364,0.3537201700731395,0.45829357737226417,0.4141249851750269,0.4137874635753869,0.41011540065169105,0.4176501732672614,0.10629359852342467,0.4353773764589819,10498.418779437134,2367.536034214309,59146.8927714623,0.9,UB&PB,25428
0,0.0,0.0,0.0,0.0,0.0,0.0,0.0,0.0,0.0,0.0,0.0,0.0,0.0,0.0,0.0,0.0,0.0,0.0,0.0,0.0,0.0,0.0,0.0,0.0,0.0,0.0,0.0,0.0,0.0,0.0,0.0,0.0,0.0,0.0,0.0,0.95,UB&PB,25428
2500,1.1659693906768782,0.8821546343108795,0.7937521714625392,0.9454526078642485,0.028213897015288644,0.009721494871932045,0.05593262953580791,0.7926346296403136,0.659776533425402,0.9132232070367401,0.1307029140014216,0.8692970859985791,0.3883391024286672,0.4052696708716348,0.3370786940052428,0.43870072400910276,0.19130853420928984,0.561754285248437,0.3925540373099158,0.40386923443247547,0.3436603082484632,0.44311755951811477,0.41820893741725923,0.42293742175685745,0.36840754732378167,0.46828316877915366,0.4244659319300015,0.4241844840497545,0.42051659338239583,0.4280070723690711,0.20544435539414824,0.9707912669736093,9850.497472657275,2219.024838294295,54760.01146421923,0.95,UB&PB,25428
0,0.0,0.0,0.0,0.0,0.0,0.0,0.0,0.0,0.0,0.0,0.0,0.0,0.0,0.0,0.0,0.0,0.0,0.0,0.0,0.0,0.0,0.0,0.0,0.0,0.0,0.0,0.0,0.0,0.0,0.0,0.0,0.0,0.0,0.0,0.0,0.05,UB&PB,3679
2500,0.9138204060350419,0.5397879331022974,0.37630468307677944,0.7013830751199271,0.8021859101844645,0.7071883108652119,0.8918376662980421,0.9182197234628111,0.8527284266531581,0.9642018118072864,0.9568216062544399,0.04317839374555788,0.07937891758632802,0.019177494087315568,0.003357520276317998,0.10120767330574931,0.0002484052868004271,0.36289457422655264,0.08793893748271697,0.026355692002814825,0.00534158100013514,0.119232738279476,0.13903347932126106,0.09132415584674228,0.036489870163598476,0.20613215162784557,0.4160972327712361,0.4156035527953195,0.4074429940702726,0.424119429744864,0.058877224519396414,0.3358852294106978,10504.768163187668,6067.267295588345,18618.24736579128,0.05,UB&PB,3679
0,0.0,0.0,0.0,0.0,0.0,0.0,0.0,0.0,0.0,0.0,0.0,0.0,0.0,0.0,0.0,0.0,0.0,0.0,0.0,0.0,0.0,0.0,0.0,0.0,0.0,0.0,0.0,0.0,0.0,0.0,0.0,0.0,0.0,0.0,0.0,0.1,UB&PB,3679
2500,0.9325890903659494,0.46070815715621044,0.2836092280216098,0.6261899229016138,0.8073121455434658,0.6450546147980023,0.9045271042747555,0.8834024212695133,0.7972127297918503,0.9477107222145084,0.9603198294243049,0.03968017057569288,0.08253652204692077,0.027639902606528363,0.005712823080285267,0.10896009129928848,0.0006604314311201434,0.3491959325557586,0.09410483340614777,0.03904958998979329,0.008971172384068993,0.1321370844703951,0.13413485661393265,0.09662371287631293,0.046774369458657955,0.18189267727968028,0.4244056083651413,0.4238869108815597,0.41485327408158446,0.4333506994698079,0.19587783559198757,0.6842376522510019,5413.303933773348,3590.685149973328,8372.354833056546,0.1,UB&PB,3679
0,0.0,0.0,0.0,0.0,0.0,0.0,0.0,0.0,0.0,0.0,0.0,0.0,0.0,0.0,0.0,0.0,0.0,0.0,0.0,0.0,0.0,0.0,0.0,0.0,0.0,0.0,0.0,0.0,0.0,0.0,0.0,0.0,0.0,0.0,0.0,0.15,UB&PB,3679
2500,0.9465731783355683,0.31286928653828744,0.20943106527732808,0.46035414210045544,0.2500511342671873,0.16579957549426502,0.377756919888107,0.8744852670135301,0.7927205213892984,0.9369442543130495,0.9493894811656006,0.05061051883439938,0.1607191924417759,0.12069455479456169,0.05147714561037011,0.24132956812673703,0.011392866532344226,0.42716300748309516,0.19774588243881983,0.17114182077043147,0.08271206237282062,0.2930632469491383,0.2376439228678917,0.21785505211792175,0.14623036990621208,0.31580179497950295,0.42046065110351805,0.41991370543690065,0.4056442658648972,0.43460492187894656,0.0649410758045415,0.2559216886322223,1540.8273896947426,1044.061091371471,2422.1742608048407,0.15,UB&PB,3679
0,0.0,0.0,0.0,0.0,0.0,0.0,0.0,0.0,0.0,0.0,0.0,0.0,0.0,0.0,0.0,0.0,0.0,0.0,0.0,0.0,0.0,0.0,0.0,0.0,0.0,0.0,0.0,0.0,0.0,0.0,0.0,0.0,0.0,0.0,0.0,0.2,UB&PB,3679
2500,0.9555786432092227,0.5374874766599832,0.28899771149107534,0.7077778178356228,0.33721752631217716,0.23572863727732504,0.4473813540136176,0.8822415853204127,0.8085407661947698,0.9399223416411598,0.9524044065387361,0.04759559346126514,0.1340503391130337,0.08562123283330546,0.03275339471927308,0.20049773015541777,0.007397495974812979,0.40650410890149397,0.1535193020859445,0.11246442293192126,0.0471124903134178,0.230361171431655,0.21112115858014713,0.18476059825127936,0.11087516262812115,0.2970166805674783,0.4130740188917331,0.41244441404979426,0.4036229067390412,0.42170301644945996,0.21695213333271346,0.8019871573380313,5354.975059104723,3019.010132605521,10091.13685014751,0.2,UB&PB,3679
0,0.0,0.0,0.0,0.0,0.0,0.0,0.0,0.0,0.0,0.0,0.0,0.0,0.0,0.0,0.0,0.0,0.0,0.0,0.0,0.0,0.0,0.0,0.0,0.0,0.0,0.0,0.0,0.0,0.0,0.0,0.0,0.0,0.0,0.0,0.0,0.25,UB&PB,3679
2500,0.9662571476195925,0.3482433287651781,0.22585734377305874,0.5436443110655443,0.18926992818432115,0.12953797866821695,0.25905045770492063,0.8922639621760731,0.8079428621152948,0.9501713534711296,0.9467441364605549,0.053255863539445635,0.17989218800995702,0.1477193795383025,0.06458124554626785,0.2725032016412535,0.015495016300916934,0.43657025554142914,0.21660752064674146,0.1985126695350713,0.09960963276647994,0.3196213628215817,0.26170169641174323,0.25269738495464117,0.1709006982698811,0.3463071926286677,0.41631648334841,0.41572755106255843,0.4012937722858457,0.43068377574173267,0.05352617097350326,0.2918643092876121,1766.5127115278242,1090.904410005666,3358.005982826691,0.25,UB&PB,3679
0,0.0,0.0,0.0,0.0,0.0,0.0,0.0,0.0,0.0,0.0,0.0,0.0,0.0,0.0,0.0,0.0,0.0,0.0,0.0,0.0,0.0,0.0,0.0,0.0,0.0,0.0,0.0,0.0,0.0,0.0,0.0,0.0,0.0,0.0,0.0,0.3,UB&PB,3679
2500,0.9689564045671916,0.7722695662642567,0.6308241674642646,0.875280372641089,0.1609326397286171,0.10007840541120863,0.23937803966835383,0.8304749746954035,0.7431627554627769,0.9003948810456647,0.9359992892679456,0.06400071073205402,0.1620981381629189,0.10963271965990178,0.03586581111340391,0.25904646263863695,0.007270362457197582,0.45412896278681075,0.17047093219867768,0.12263622685715017,0.042518888797846266,0.2719197301885165,0.26779429205378624,0.26025899594384955,0.14316637842189725,0.39214199294372976,0.41933676326966607,0.41904465495700893,0.4143204580167073,0.423939044555161,0.07294269405559796,0.44049026391632584,17611.522828176956,6688.408171517519,53429.907238551146,0.3,UB&PB,3679
0,0.0,0.0,0.0,0.0,0.0,0.0,0.0,0.0,0.0,0.0,0.0,0.0,0.0,0.0,0.0,0.0,0.0,0.0,0.0,0.0,0.0,0.0,0.0,0.0,0.0,0.0,0.0,0.0,0.0,0.0,0.0,0.0,0.0,0.0,0.0,0.35,UB&PB,3679
2500,0.9852592735455339,0.6607640405120077,0.5186720632007453,0.784393251575452,0.06595309034783567,0.030449927332842498,0.11686297866718517,0.8065601340876872,0.6948276610804524,0.8902843285336065,0.9183944562899786,0.08160554371002131,0.2045969940860495,0.1773231300659029,0.07091457508032603,0.32081227001787876,0.015094013605588244,0.46980492499850385,0.22044831176068808,0.19954007919782937,0.08775940251801467,0.34241327755741263,0.31805575948508696,0.33924274838869706,0.20216345808694855,0.43308181787751143,0.4218225887094521,0.42147738820423253,0.41645079753083897,0.4267197126298161,0.4953608717005882,0.793679681710979,5148.02851074155,2123.933907265074,15417.032553966274,0.35,UB&PB,3679
0,0.0,0.0,0.0,0.0,0.0,0.0,0.0,0.0,0.0,0.0,0.0,0.0,0.0,0.0,0.0,0.0,0.0,0.0,0.0,0.0,0.0,0.0,0.0,0.0,0.0,0.0,0.0,0.0,0.0,0.0,0.0,0.0,0.0,0.0,0.0,0.4,UB&PB,3679
2500,0.9882068290933504,0.7682127567188597,0.6225775448870099,0.8899811415480007,0.05565709292406727,0.023571154166204405,0.10316974621256367,0.7609130550783023,0.6557774221170617,0.8547573238712646,0.908958066808814,0.09104193319118688,0.2055140432747709,0.1774873812152028,0.06633161902987952,0.3277354094909458,0.014981383398458316,0.47464163702312856,0.21681835968341165,0.19396202693106263,0.07873930456483991,0.34183884872642295,0.3194751521501106,0.3410997739080159,0.19913700090702113,0.4378419396122258,0.4169394906439303,0.4166526003828501,0.41220398011898157,0.4212819996509479,0.042652159163862405,0.5514405564179559,9957.381474088575,3487.1650330128646,35147.478975548176,0.4,UB&PB,3679
0,0.0,0.0,0.0,0.0,0.0,0.0,0.0,0.0,0.0,0.0,0.0,0.0,0.0,0.0,0.0,0.0,0.0,0.0,0.0,0.0,0.0,0.0,0.0,0.0,0.0,0.0,0.0,0.0,0.0,0.0,0.0,0.0,0.0,0.0,0.0,0.45,UB&PB,3679
2500,0.9834619984577228,0.8606907108891947,0.730665936931504,0.9345785533488155,0.04989292454482497,0.020621670351664567,0.0931500384038637,0.7103162076188347,0.5897371161146826,0.8252145361976209,0.9117739872068242,0.088226012793177,0.19787632705211416,0.16854689794448643,0.05772892552926044,0.3242570250413403,0.010700592529022028,0.4642830879397114,0.20579314297123374,0.18007529260326477,0.06638033527726903,0.3340769132052394,0.30812968587670975,0.3292747989935589,0.1855993485817214,0.42718596390862806,0.4014981222264046,0.40115767981926725,0.39699088369877533,0.4055309237847352,0.48799881405003154,1.024640555520172,14751.006840571754,4786.240090068956,56669.79732562134,0.45,UB&PB,3679
0,0.0,0.0,0.0,0.0,0.0,0.0,0.0,0.0,0.0,0.0,0.0,0.0,0.0,0.0,0.0,0.0,0.0,0.0,0.0,0.0,0.0,0.0,0.0,0.0,0.0,0.0,0.0,0.0,0.0,0.0,0.0,0.0,0.0,0.0,0.0,0.5,UB&PB,3679
2500,1.0084566055655861,0.8817738317683698,0.785359572196637,0.941773784199109,0.03826078712267355,0.01464110669412933,0.07322220837288512,0.8099034424530951,0.710402857713715,0.91131880006066,0.8718564321250896,0.1281435678749115,0.21780768594461772,0.19195902413749702,0.07032073759074875,0.36029443793483096,0.015005112667002595,0.48887762006976604,0.2249091732729129,0.2009681749047863,0.07852315413892212,0.3677224099235481,0.330823414211194,0.3586842720186221,0.20583626399667904,0.449831534795779,0.4151219005570166,0.4148359413702975,0.4110267780935085,0.4187393229954872,0.05892914440247889,0.3998311080243691,15642.754366116313,4730.038211538055,66608.24286054444,0.5,UB&PB,3679
0,0.0,0.0,0.0,0.0,0.0,0.0,0.0,0.0,0.0,0.0,0.0,0.0,0.0,0.0,0.0,0.0,0.0,0.0,0.0,0.0,0.0,0.0,0.0,0.0,0.0,0.0,0.0,0.0,0.0,0.0,0.0,0.0,0.0,0.0,0.0,0.55,UB&PB,3679
2500,1.0217176112199233,0.8650042596404325,0.7513747255998375,0.9378233614314245,0.03961587211965576,0.015264171325264092,0.07471030732639851,0.7769371702714063,0.6650740949934096,0.8767080868183333,0.8221293532338307,0.17787064676616887,0.23331051037696823,0.2127025459702107,0.08928792422842333,0.37846337146639186,0.021475291596301394,0.4943957267710362,0.2408565827021862,0.22144239497810017,0.09958640542661389,0.3840784583801747,0.3415113889700398,0.3689049205814792,0.22853476783914803,0.45144970460896283,0.4156732277319656,0.4153777045516528,0.41155732620767294,0.4193720424938422,0.11145104747830552,0.41360630568626505,14358.379180795622,4390.588889521726,60807.932178240095,0.55,UB&PB,3679
0,0.0,0.0,0.0,0.0,0.0,0.0,0.0,0.0,0.0,0.0,0.0,0.0,0.0,0.0,0.0,0.0,0.0,0.0,0.0,0.0,0.0,0.0,0.0,0.0,0.0,0.0,0.0,0.0,0.0,0.0,0.0,0.0,0.0,0.0,0.0,0.6,UB&PB,3679
2500,1.0389189322481898,0.849882845980492,0.7661890681979967,0.9176493536680609,0.029680233978490005,0.01045223818063966,0.058637884751800304,0.622629761242502,0.5157698814725642,0.7478445340610815,0.7703795309168434,0.2296204690831561,0.26440820481535243,0.2572637662256447,0.1334983745195409,0.40111588742129173,0.03481183042677058,0.5040669167261017,0.2728307588551835,0.26636611273192107,0.1467313002699686,0.40512852579514974,0.363809390344277,0.3931941651592538,0.2682098263606617,0.4584736776930942,0.4178213637212703,0.4175182256367295,0.413736817790507,0.4214050011551503,0.7690407624860817,1.0002345224943707,10797.692164379168,3204.596793482594,50853.161893588986,0.6,UB&PB,3679
0,0.0,0.0,0.0,0.0,0.0,0.0,0.0,0.0,0.0,0.0,0.0,0.0,0.0,0.0,0.0,0.0,0.0,0.0,0.0,0.0,0.0,0.0,0.0,0.0,0.0,0.0,0.0,0.0,0.0,0.0,0.0,0.0,0.0,0.0,0.0,0.65,UB&PB,3679
2500,1.0566283762884985,0.848547524117709,0.7375527262648619,0.9312446837950829,0.03047940191750883,0.010800580389733513,0.06005276683381068,0.6035044179370797,0.4804930886922079,0.709431281458646,0.6278130774697939,0.37218692253020597,0.28799266228977516,0.2869101553584967,0.171403305530534,0.4121196413232804,0.05319289107622697,0.513883581327166,0.2968374976254033,0.2977863477743504,0.18499892935330986,0.41523917609006505,0.37887493118231,0.40198980137703677,0.29934366797019074,0.46057220937860816,0.41912036260789476,0.4188035432396362,0.4149067651031799,0.42288429381225556,0.15117198564038442,0.6044883364374234,9698.078223954155,2808.6521053651827,46012.768952864884,0.65,UB&PB,3679
0,0.0,0.0,0.0,0.0,0.0,0.0,0.0,0.0,0.0,0.0,0.0,0.0,0.0,0.0,0.0,0.0,0.0,0.0,0.0,0.0,0.0,0.0,0.0,0.0,0.0,0.0,0.0,0.0,0.0,0.0,0.0,0.0,0.0,0.0,0.0,0.7,UB&PB,3679
2500,1.0792234599748995,0.8157505266998437,0.7260880581572253,0.8980715111210246,0.028273378382241334,0.009816225512286664,0.05492204838854136,0.5646562578708328,0.4397338678771625,0.7036817079875471,0.5216886993603416,0.4783113006396594,0.3113614663517285,0.31844210903687864,0.20965510385586972,0.41828964059110324,0.07734734322027155,0.5216680050695034,0.3207808846147017,0.329875870141479,0.22309310190042175,0.42168180096402397,0.39039741544903467,0.4092150492715585,0.32622420997798035,0.4593231466263011,0.4183789255308954,0.4181359580190108,0.4141880485287961,0.42220756359650713,0.005893320208070811,0.7781351383726977,8411.879608893296,2327.3653091685933,41957.91739123615,0.7,UB&PB,3679
0,0.0,0.0,0.0,0.0,0.0,0.0,0.0,0.0,0.0,0.0,0.0,0.0,0.0,0.0,0.0,0.0,0.0,0.0,0.0,0.0,0.0,0.0,0.0,0.0,0.0,0.0,0.0,0.0,0.0,0.0,0.0,0.0,0.0,0.0,0.0,0.75,UB&PB,3679
2500,1.0972360911355172,0.8608465381322382,0.7713876906864184,0.9305386838175449,0.02779926924001651,0.009606626160622434,0.05442494357743365,0.675852681665425,0.5302497515291879,0.7915829813043361,0.3106346837242361,0.6893653162757634,0.32777831800917956,0.342388838588001,0.23006017477287363,0.4246979403066236,0.09379857404580119,0.539645067654628,0.3353419460510422,0.35144222664957586,0.2398961110141998,0.42750255645940366,0.4037522770387938,0.4170009005880317,0.34577739982436045,0.46542293327680956,0.42210002542532005,0.4218121344450865,0.4180658587515245,0.4257024355476657,0.04488316262300817,0.4218070236158072,10046.945554635637,2442.521366592101,53746.00720148833,0.75,UB&PB,3679
0,0.0,0.0,0.0,0.0,0.0,0.0,0.0,0.0,0.0,0.0,0.0,0.0,0.0,0.0,0.0,0.0,0.0,0.0,0.0,0.0,0.0,0.0,0.0,0.0,0.0,0.0,0.0,0.0,0.0,0.0,0.0,0.0,0.0,0.0,0.0,0.8,UB&PB,3679
2500,1.11727128977479,0.844291345661267,0.7586533856608139,0.9172966117900344,0.028967696478428603,0.010084839034363307,0.05688587898374064,0.6730836477745598,0.5467865162079265,0.7814863084417045,0.2485813788201846,0.7514186211798147,0.3430656150724858,0.36677212380581703,0.2521416503076642,0.427566366048259,0.11402813540885319,0.5442117421672623,0.35032753840141284,0.3725295048081448,0.2622729855335604,0.4313481486343524,0.4079070833539802,0.41862783582701046,0.35342081750814563,0.4648881757685282,0.4225280925720662,0.4222854424040865,0.41849006776448944,0.4261795894721423,0.08988560959168217,0.5526172026926305,9012.693056033799,2226.153726271745,47155.95185226902,0.8,UB&PB,3679
0,0.0,0.0,0.0,0.0,0.0,0.0,0.0,0.0,0.0,0.0,0.0,0.0,0.0,0.0,0.0,0.0,0.0,0.0,0.0,0.0,0.0,0.0,0.0,0.0,0.0,0.0,0.0,0.0,0.0,0.0,0.0,0.0,0.0,0.0,0.0,0.85,UB&PB,3679
2500,1.123274409530892,0.8821754045845215,0.795369603164714,0.9469909926151491,0.026975750637982205,0.009135515589510092,0.05341435299379497,0.7109327885276188,0.5878644728960626,0.8319969777360343,0.2405046197583508,0.7594953802416492,0.34328111153833185,0.3705368334242393,0.2572854615495177,0.41870695751318565,0.12363743690241713,0.538419867269202,0.3488838121698309,0.3730210469854052,0.26612939282925085,0.42193091833902363,0.3991981838161075,0.40861001252192775,0.34415665517272204,0.4554942615907714,0.4120866267050214,0.4117813461414956,0.40800644359079635,0.4156434660709277,0.28280167448585775,0.9346273106967063,10057.725742173232,2386.518265511648,54941.616966990114,0.85,UB&PB,3679
0,0.0,0.0,0.0,0.0,0.0,0.0,0.0,0.0,0.0,0.0,0.0,0.0,0.0,0.0,0.0,0.0,0.0,0.0,0.0,0.0,0.0,0.0,0.0,0.0,0.0,0.0,0.0,0.0,0.0,0.0,0.0,0.0,0.0,0.0,0.0,0.9,UB&PB,3679
2500,1.1451189975567009,0.856352341188595,0.7633810536680128,0.9304340007706172,0.02819009765134727,0.009702955039652142,0.05571020720716323,0.6602779155523759,0.5422965938519803,0.7674375734860506,0.16191897654584217,0.8380810234541581,0.3686835454839688,0.39128988123956526,0.3053341270495674,0.4268466159551413,0.1641856330157747,0.5457445237479854,0.3741269556207491,0.3919096467673767,0.31423901208059696,0.4313664892292521,0.4083057244700953,0.41426680146348455,0.3603477954042915,0.45762290376623627,0.4162154536099486,0.4158996452397397,0.41209565061951964,0.4198168505307645,0.3388871943594034,0.8441007073598067,8742.33293950437,2077.3165523994207,47267.88349566906,0.9,UB&PB,3679
0,0.0,0.0,0.0,0.0,0.0,0.0,0.0,0.0,0.0,0.0,0.0,0.0,0.0,0.0,0.0,0.0,0.0,0.0,0.0,0.0,0.0,0.0,0.0,0.0,0.0,0.0,0.0,0.0,0.0,0.0,0.0,0.0,0.0,0.0,0.0,0.95,UB&PB,3679
2500,1.1705522638743757,0.8575825387336571,0.7515184925378221,0.93069482630684,0.02851813058905303,0.009926217810218985,0.05550802696760281,0.7764942407084686,0.649750357807642,0.8786380177397181,0.16745060412224597,0.832549395877754,0.3910415065574804,0.4068316582429777,0.34299692576857105,0.4398404459714709,0.1978805503534148,0.5575264293366636,0.3959201952698698,0.40627283339163206,0.3497034122199303,0.4448961978620449,0.4182244044791062,0.42318453744581,0.3710161751121888,0.46647931921788927,0.42499191194514147,0.42479145392057593,0.4209880892026788,0.42871825112644824,0.7448531635333646,1.034865912027534,8321.224654682801,2014.9047592446047,44850.26671730149,0.95,UB&PB,3679
0,0.0,0.0,0.0,0.0,0.0,0.0,0.0,0.0,0.0,0.0,0.0,0.0,0.0,0.0,0.0,0.0,0.0,0.0,0.0,0.0,0.0,0.0,0.0,0.0,0.0,0.0,0.0,0.0,0.0,0.0,0.0,0.0,0.0,0.0,0.0,0.05,UB&PB,75019
2500,0.9152706355943782,0.6266894131492987,0.44009203328395896,0.7852916911033162,0.8307953429095927,0.7348289502225197,0.9101855644755903,0.9164211648769922,0.8556711857577018,0.9624964609262463,0.958291400142146,0.041708599857853496,0.08211195429543142,0.01901373971824717,0.0027673133941111643,0.10683338532698242,7.741583076984021e-5,0.37531609031874374,0.08776980277384039,0.023226338455318983,0.0035917492318853343,0.11921140434827515,0.14637781026325555,0.0973159660320928,0.03461665999048103,0.22555643040976994,0.41549798778375924,0.4149728670016185,0.4087347796732845,0.42151831700824416,0.026937987691660864,0.35673736521777466,18503.674349912944,9952.012554913355,34623.865511432225,0.05,UB&PB,75019
0,0.0,0.0,0.0,0.0,0.0,0.0,0.0,0.0,0.0,0.0,0.0,0.0,0.0,0.0,0.0,0.0,0.0,0.0,0.0,0.0,0.0,0.0,0.0,0.0,0.0,0.0,0.0,0.0,0.0,0.0,0.0,0.0,0.0,0.0,0.0,0.1,UB&PB,75019
2500,0.9313644907785603,0.46644484782533985,0.2958500373237198,0.6347417567638388,0.7885960766321225,0.6933262034253709,0.8706437912725903,0.8303994344776476,0.7251652662587292,0.9140425438893982,0.9614832977967304,0.038516702203269346,0.0766739285309861,0.024679316830952137,0.005046967522596463,0.10165079029511938,0.00025904949780139463,0.32829948839198964,0.08695612110144262,0.034938964706695295,0.008077937931025863,0.12174512134444912,0.1247760622677832,0.08976464115898497,0.04171862695716178,0.1720389306682017,0.418352833612888,0.41777398531002696,0.4085289001179602,0.4275029509055907,0.18301102737117517,1.0992404590867175,6044.780683038431,4100.865182836218,9215.274571637554,0.1,UB&PB,75019
0,0.0,0.0,0.0,0.0,0.0,0.0,0.0,0.0,0.0,0.0,0.0,0.0,0.0,0.0,0.0,0.0,0.0,0.0,0.0,0.0,0.0,0.0,0.0,0.0,0.0,0.0,0.0,0.0,0.0,0.0,0.0,0.0,0.0,0.0,0.0,0.15,UB&PB,75019
2500,0.942698194224015,0.22858510855143174,0.11849418307416569,0.36407014486539047,0.36867972386633646,0.26529406475950834,0.4779138302629416,0.9105281171322743,0.8507663944551507,0.9562131973559198,0.95883368869936,0.04116631130063962,0.13397401848206836,0.09355359597017975,0.038088251142796486,0.1978600609163669,0.008910725808177873,0.38276561197502496,0.1733840191316437,0.14414740541116858,0.06715085371101172,0.25539469585205476,0.1891637523198925,0.1678664204255656,0.12157720019716918,0.23340809624055878,0.40776341879009625,0.40663771673249915,0.37992360865993985,0.4343271671710926,0.12182023622853408,0.37516665828648055,1448.5560391866284,1034.6992472591455,2082.612936887215,0.15,UB&PB,75019
0,0.0,0.0,0.0,0.0,0.0,0.0,0.0,0.0,0.0,0.0,0.0,0.0,0.0,0.0,0.0,0.0,0.0,0.0,0.0,0.0,0.0,0.0,0.0,0.0,0.0,0.0,0.0,0.0,0.0,0.0,0.0,0.0,0.0,0.0,0.0,0.2,UB&PB,75019
2500,0.957014166637893,0.41719001349917956,0.2699393094660912,0.5634075208683578,0.26334948026425165,0.18740709579450124,0.3544754044092156,0.8812123390608576,0.7871861838270938,0.9441641897577544,0.9543518123667383,0.045648187633262324,0.15591077717929602,0.11620882243638375,0.04827934720657001,0.2352570850436483,0.011298059188989119,0.4180033694872565,0.18635690774055788,0.15861523793342294,0.07504583581946421,0.27622972210662927,0.23414415019374268,0.21528993221754036,0.14137508121293638,0.316236304017433,0.41509265625388786,0.41461843775452445,0.4038315967360189,0.4257574231321856,0.21795759246977475,0.5506358546518075,3760.2851878819247,2255.5662360915308,6662.60719611944,0.2,UB&PB,75019
0,0.0,0.0,0.0,0.0,0.0,0.0,0.0,0.0,0.0,0.0,0.0,0.0,0.0,0.0,0.0,0.0,0.0,0.0,0.0,0.0,0.0,0.0,0.0,0.0,0.0,0.0,0.0,0.0,0.0,0.0,0.0,0.0,0.0,0.0,0.0,0.25,UB&PB,75019
2500,0.9666167873976191,0.48454153316588805,0.309769132288841,0.6455597560181178,0.2040602190775932,0.13520340377505538,0.2917933336008553,0.8564891246205701,0.7583580493856188,0.930955373243891,0.9516503198294249,0.04834968017057577,0.16977990880131993,0.12827779204238854,0.05531685829607278,0.2584735518946554,0.015602588316752312,0.4388749266206035,0.19762778268298783,0.16714257617231065,0.08097327681891743,0.29502829733533464,0.2559790554587717,0.2407813837406898,0.15437587091557936,0.35203098686506223,0.4196158152087754,0.41923436032512623,0.409362951997505,0.4294280966974903,0.15617404023879827,0.40340700498232895,3529.7266418338695,1853.2359592670387,7724.829468708881,0.25,UB&PB,75019
0,0.0,0.0,0.0,0.0,0.0,0.0,0.0,0.0,0.0,0.0,0.0,0.0,0.0,0.0,0.0,0.0,0.0,0.0,0.0,0.0,0.0,0.0,0.0,0.0,0.0,0.0,0.0,0.0,0.0,0.0,0.0,0.0,0.0,0.0,0.0,0.3,UB&PB,75019
2500,0.9672194039898234,0.6603467162700741,0.5124218831646216,0.7693107084740087,0.12964368014074376,0.0727853519470963,0.21460476901514633,0.8312445055072214,0.7313808122681393,0.9160357572222172,0.9335408670931058,0.06645913290689412,0.17146364290007046,0.12780170714505348,0.04046876241567326,0.2753329785696151,0.0059094113939615524,0.4558745231095978,0.18629357089942541,0.15126170317884965,0.053292135409056966,0.29742817590478743,0.27824474993943044,0.27580200249060705,0.15473787292828067,0.4023044358493459,0.4192775542514078,0.4188871117633615,0.41333364018021734,0.42468964587451086,0.016638967896980807,0.6062573107620665,6273.111785813703,2735.484823170247,16632.794819036317,0.3,UB&PB,75019
0,0.0,0.0,0.0,0.0,0.0,0.0,0.0,0.0,0.0,0.0,0.0,0.0,0.0,0.0,0.0,0.0,0.0,0.0,0.0,0.0,0.0,0.0,0.0,0.0,0.0,0.0,0.0,0.0,0.0,0.0,0.0,0.0,0.0,0.0,0.0,0.35,UB&PB,75019
2500,0.971654471457148,0.7925491936245597,0.6445287267187867,0.9131333839623174,0.09275596792839709,0.04863635834883979,0.15563328031233645,0.8139806167870705,0.7095653725841313,0.8993432384099587,0.9270348258706458,0.07296517412935323,0.1765929966563211,0.1280858296694575,0.04039310004034588,0.2885209629019709,0.00805587779931698,0.4688057346475077,0.18461560048078623,0.14122059506321488,0.04693124715688091,0.30075323769947504,0.2901156804761385,0.2925719321297687,0.1592422179616564,0.42128879996772484,0.41703763416992395,0.41677968038550556,0.41242444531003813,0.42126388358918904,0.08728428463136954,0.32955443763239073,16509.12709504277,6128.523894895733,50096.81391642585,0.35,UB&PB,75019
0,0.0,0.0,0.0,0.0,0.0,0.0,0.0,0.0,0.0,0.0,0.0,0.0,0.0,0.0,0.0,0.0,0.0,0.0,0.0,0.0,0.0,0.0,0.0,0.0,0.0,0.0,0.0,0.0,0.0,0.0,0.0,0.0,0.0,0.0,0.0,0.4,UB&PB,75019
2500,0.9927661600642609,0.7615568866422437,0.6400262794686946,0.8787890433937448,0.05412949996509937,0.02318636595038242,0.09813567693998178,0.7674569852184377,0.6640110992048368,0.8595450389972205,0.9023859275053308,0.09761407249466943,0.21050497359674042,0.1831120040580338,0.07037842182205067,0.33414540116276237,0.017046000651500002,0.48076261208796767,0.2221268834228848,0.19914915148725834,0.08386682973654223,0.3491833855241525,0.32596153357874463,0.34925169577384035,0.2064331831218897,0.4442569769243831,0.4236701960266975,0.4233389643250786,0.4189533535669415,0.42789848965546545,0.0579991154347633,0.31542715883770456,11092.664247142066,3767.5170218929447,40118.31971267279,0.4,UB&PB,75019
0,0.0,0.0,0.0,0.0,0.0,0.0,0.0,0.0,0.0,0.0,0.0,0.0,0.0,0.0,0.0,0.0,0.0,0.0,0.0,0.0,0.0,0.0,0.0,0.0,0.0,0.0,0.0,0.0,0.0,0.0,0.0,0.0,0.0,0.0,0.0,0.45,UB&PB,75019
2500,0.9993159933447567,0.7228398505310243,0.5929991111066814,0.8328733402029137,0.053186271929867024,0.022769936334579455,0.09579820784138542,0.6815233461056963,0.5689580234017022,0.7801369115030117,0.9118088130774699,0.08819118692253028,0.22239259942337988,0.20388673007786615,0.08992231961678843,0.34802299998383984,0.021492758110681305,0.4723141146147957,0.23632293321973571,0.22223209375145883,0.10734292500140377,0.36213117763215014,0.32739827056544735,0.3511117438367117,0.21935293416604068,0.43492145997154485,0.4125680834318097,0.4122033179069935,0.4074561366624532,0.4171355698437232,0.2177880529183326,0.698850021340956,6756.070113228675,2532.6735129498825,23218.676485655236,0.45,UB&PB,75019
0,0.0,0.0,0.0,0.0,0.0,0.0,0.0,0.0,0.0,0.0,0.0,0.0,0.0,0.0,0.0,0.0,0.0,0.0,0.0,0.0,0.0,0.0,0.0,0.0,0.0,0.0,0.0,0.0,0.0,0.0,0.0,0.0,0.0,0.0,0.0,0.5,UB&PB,75019
2500,1.01274479799559,0.7689151257914177,0.6701139310049187,0.8568932282504771,0.04240517933840971,0.01699387769827225,0.07834264928285052,0.7860565412755579,0.6675386910443737,0.8823437347618236,0.8592096659559341,0.14079033404406513,0.22939894523079546,0.2096384509141952,0.08741116295661576,0.3697193460622228,0.021360778157070402,0.48727640669534533,0.24028351472052834,0.22282844572442498,0.1010733147714225,0.3795068283619418,0.34044151410693047,0.37032929889041283,0.23085239242977515,0.4482110442111705,0.42021846338060265,0.4199706590928918,0.4158331644271909,0.4242679000905837,0.048772053159978825,0.38475512819044866,8345.076036953962,2861.102066445428,32129.368567169633,0.5,UB&PB,75019
0,0.0,0.0,0.0,0.0,0.0,0.0,0.0,0.0,0.0,0.0,0.0,0.0,0.0,0.0,0.0,0.0,0.0,0.0,0.0,0.0,0.0,0.0,0.0,0.0,0.0,0.0,0.0,0.0,0.0,0.0,0.0,0.0,0.0,0.0,0.0,0.55,UB&PB,75019
2500,1.0296006671901685,0.8279787321885879,0.7387939561469368,0.8996364917963856,0.03536839845990637,0.013283632593971646,0.0670868241670955,0.7037850559565876,0.5825290418186921,0.817816491707526,0.8050497512437815,0.19495024875621925,0.25170525989040615,0.24023704281887692,0.11446475008829124,0.3928943402876396,0.028526685247915448,0.4998336145585962,0.2608366737651883,0.2506715012256527,0.1275656285548728,0.39899150465962163,0.3587341614000942,0.3885083653622577,0.2574853991719995,0.4581454055651152,0.42370294753605753,0.4234107161804203,0.4195395676475789,0.42738949226924366,0.2753623852231897,0.5588891877552666,10951.900574835709,3373.1849218605867,47928.68987279363,0.55,UB&PB,75019
0,0.0,0.0,0.0,0.0,0.0,0.0,0.0,0.0,0.0,0.0,0.0,0.0,0.0,0.0,0.0,0.0,0.0,0.0,0.0,0.0,0.0,0.0,0.0,0.0,0.0,0.0,0.0,0.0,0.0,0.0,0.0,0.0,0.0,0.0,0.0,0.6,UB&PB,75019
2500,1.041146923662373,0.8805304346133704,0.7837555863126558,0.9473860117109266,0.031666903889575,0.011589955731323301,0.061298140292030456,0.6822929839289922,0.5573784309708327,0.8189423359526562,0.8183283582089569,0.1816716417910447,0.2580028369006216,0.2474829432115746,0.12209935763688995,0.39782517732602085,0.03242876693321615,0.5046623778822676,0.2651808588881323,0.2559784458069768,0.13289242164813508,0.40137197464581775,0.3575643185601056,0.38491760041622214,0.25195888824500123,0.46026700900304146,0.41818873677910207,0.41791021401477013,0.41419175866111885,0.42171202141440056,0.07696442544665955,0.3847314220011691,14057.715653179788,4115.1481056663515,65582.04623307085,0.6,UB&PB,75019
0,0.0,0.0,0.0,0.0,0.0,0.0,0.0,0.0,0.0,0.0,0.0,0.0,0.0,0.0,0.0,0.0,0.0,0.0,0.0,0.0,0.0,0.0,0.0,0.0,0.0,0.0,0.0,0.0,0.0,0.0,0.0,0.0,0.0,0.0,0.0,0.65,UB&PB,75019
2500,1.0629155649941529,0.8649270601063593,0.7769699240557468,0.9334210501508793,0.02885313338285962,0.009998978859861762,0.05722338161108718,0.6888524018256325,0.5416373060984934,0.8252185060228922,0.5588400852878478,0.44115991471215404,0.28930021868061717,0.2855345222925316,0.16555281930068386,0.4202620714531959,0.04783095785481442,0.529766193639748,0.2974706509800234,0.2957453853530138,0.17800060905608753,0.4229540582208559,0.38702843353885336,0.411328376133214,0.30437368748512844,0.4708168033457896,0.4271007864814362,0.4268872424113393,0.4231557311145057,0.4306975021588943,0.37552472758729855,0.7804004019668337,11370.377782685398,3061.202759416868,56686.45789999543,0.65,UB&PB,75019
0,0.0,0.0,0.0,0.0,0.0,0.0,0.0,0.0,0.0,0.0,0.0,0.0,0.0,0.0,0.0,0.0,0.0,0.0,0.0,0.0,0.0,0.0,0.0,0.0,0.0,0.0,0.0,0.0,0.0,0.0,0.0,0.0,0.0,0.0,0.0,0.7,UB&PB,75019
2500,1.0766662718131785,0.8871804280463544,0.7808024493017492,0.9474487191513125,0.029335600142197944,0.010205664235833477,0.05766424082565931,0.7575754744024784,0.6149703845505698,0.8831492146548283,0.5313176972281445,0.4686823027718546,0.2962396136123868,0.29781052100179667,0.17755522530656037,0.4194951201953392,0.05473259468683507,0.5271929297074305,0.3034765475461153,0.307917859726108,0.18778150273998828,0.42159403933083867,0.38654139574379776,0.40820803426622576,0.30761669541073133,0.46746485498497375,0.42222652069022254,0.4219329671632465,0.4181822253885759,0.4258106886317586,0.2764097882500947,0.6501202553088808,12073.648962538455,3198.2571179387687,60235.07113326796,0.7,UB&PB,75019
0,0.0,0.0,0.0,0.0,0.0,0.0,0.0,0.0,0.0,0.0,0.0,0.0,0.0,0.0,0.0,0.0,0.0,0.0,0.0,0.0,0.0,0.0,0.0,0.0,0.0,0.0,0.0,0.0,0.0,0.0,0.0,0.0,0.0,0.0,0.0,0.75,UB&PB,75019
2500,1.084404662058923,0.857334679726766,0.7516654395276419,0.9322698231387608,0.028714470036810515,0.009978857610526064,0.05642783842151488,0.6131256299380672,0.48221719721383755,0.7297910629211347,0.37217128642501723,0.6278287135749815,0.3127337723894592,0.325112161491148,0.2140928341486539,0.40995870584344457,0.08297716833632864,0.5224101712085161,0.3200700379167581,0.33418899404962893,0.22416815411207922,0.412505942124044,0.38709886670307025,0.4016515587452894,0.3257844065823026,0.452080715651439,0.40800457570888327,0.4077085653288409,0.4038747833811281,0.41167222771854806,0.6343886023134503,0.9247777087568455,9473.403651157128,2440.9618603046542,48864.000228761084,0.75,UB&PB,75019
0,0.0,0.0,0.0,0.0,0.0,0.0,0.0,0.0,0.0,0.0,0.0,0.0,0.0,0.0,0.0,0.0,0.0,0.0,0.0,0.0,0.0,0.0,0.0,0.0,0.0,0.0,0.0,0.0,0.0,0.0,0.0,0.0,0.0,0.0,0.0,0.8,UB&PB,75019
2500,1.1107382478370023,0.8445476012145922,0.755308178149019,0.9222147888580068,0.027620175127393544,0.009537567189058665,0.05431073064372859,0.6760270687804306,0.5051151544108754,0.8336688717082638,0.19716631130063986,0.802833688699359,0.33652843730399423,0.36032747229399265,0.24776633557380232,0.41757745789574807,0.11069839580362466,0.5373738868068345,0.34350928085432514,0.36576851317249437,0.2572127910398855,0.42115533740647204,0.4000909547625833,0.4095457832816003,0.34971659756270557,0.4532559479844642,0.4128523643839169,0.41254188009035564,0.4087765321944576,0.4164085551106764,0.37637988661398036,0.8597912096710326,8824.874591617849,2139.6065333832803,46719.88479101432,0.8,UB&PB,75019
0,0.0,0.0,0.0,0.0,0.0,0.0,0.0,0.0,0.0,0.0,0.0,0.0,0.0,0.0,0.0,0.0,0.0,0.0,0.0,0.0,0.0,0.0,0.0,0.0,0.0,0.0,0.0,0.0,0.0,0.0,0.0,0.0,0.0,0.0,0.0,0.85,UB&PB,75019
2500,1.1314330076707244,0.8817695393007484,0.7895144934881853,0.9444171776990121,0.0276999174747943,0.009441835939867343,0.05467607581880952,0.740457042685123,0.6350499496488915,0.8339781786085658,0.18397441364605516,0.8160255863539448,0.3510541482843008,0.37656765969516764,0.2661565057678784,0.4253025402466842,0.13156772863908744,0.5479895422391126,0.3567569196953955,0.3788306192072319,0.27513190601703136,0.42903282877933846,0.4071999975954662,0.4156322925936595,0.3534350017599892,0.46212880725800176,0.4186093982503057,0.41836688130354577,0.4146932020830983,0.422152550233281,0.6537355035804433,1.0204673870425989,10395.573628583887,2378.225842287499,57902.14596904486,0.85,UB&PB,75019
0,0.0,0.0,0.0,0.0,0.0,0.0,0.0,0.0,0.0,0.0,0.0,0.0,0.0,0.0,0.0,0.0,0.0,0.0,0.0,0.0,0.0,0.0,0.0,0.0,0.0,0.0,0.0,0.0,0.0,0.0,0.0,0.0,0.0,0.0,0.0,0.9,UB&PB,75019
2500,1.1348868625895259,0.8797282438885601,0.7852141526319715,0.9440844569899395,0.028149559747386765,0.009742953697565946,0.05505077813213409,0.7805290885503722,0.6428016961992173,0.8937326349146667,0.16546695095948832,0.8345330490405112,0.3541077186073939,0.37907177944392506,0.2858693983584576,0.41634109230372834,0.144155919093051,0.5361833305901489,0.3588588095981615,0.3790002179835054,0.2941105172907118,0.42021194704259607,0.39810310754025235,0.4045277477226422,0.3482695817769607,0.44922007446748,0.4067938024305127,0.4064802607735724,0.40273354318361926,0.41040551022648286,0.13470724248459942,0.5610446954247906,9635.854509134377,2249.994496162781,52544.04889392108,0.9,UB&PB,75019
0,0.0,0.0,0.0,0.0,0.0,0.0,0.0,0.0,0.0,0.0,0.0,0.0,0.0,0.0,0.0,0.0,0.0,0.0,0.0,0.0,0.0,0.0,0.0,0.0,0.0,0.0,0.0,0.0,0.0,0.0,0.0,0.0,0.0,0.0,0.0,0.95,UB&PB,75019
2500,1.1666135578997818,0.8708290221387904,0.7635092449918116,0.9420406506406641,0.028034512642395933,0.009658819072571653,0.05515869546194654,0.7566485659351693,0.5784747831561244,0.8971665926429403,0.1524036958066809,0.8475963041933191,0.3863020248514229,0.40127534710909807,0.3378945414292357,0.4337237192181333,0.1962784338378677,0.5560801103159391,0.39100305559314463,0.4000993058751326,0.3445818531753687,0.4385304901303004,0.41279844036233115,0.41798455935409345,0.3646204098260203,0.46129089188583355,0.41985667475804483,0.4195675102980515,0.41576610801201663,0.42350671080161517,0.04697201060171151,0.4903131378991398,8596.293671917476,2036.8947413390972,46478.013482351475,0.95,UB&PB,75019
0,0.0,0.0,0.0,0.0,0.0,0.0,0.0,0.0,0.0,0.0,0.0,0.0,0.0,0.0,0.0,0.0,0.0,0.0,0.0,0.0,0.0,0.0,0.0,0.0,0.0,0.0,0.0,0.0,0.0,0.0,0.0,0.0,0.0,0.0,0.0,0.05,UB&PB,5176
2500,0.916245678674554,0.6100224520650366,0.4410268268221776,0.7569906972560274,0.8846462250490534,0.80281006143568,0.9431319876312313,0.8889224374809711,0.8106685011941989,0.9472400001460528,0.9564342572850032,0.043565742714996435,0.08005177739326978,0.017730348723641716,0.0029995194030505907,0.10075517651018648,0.00013652570739431017,0.37446949624137943,0.08587783445193768,0.02204255843381711,0.003914488776606819,0.11334699767772635,0.14074332641654805,0.0899951612745041,0.03392600284089592,0.211669169196648,0.42025991812983376,0.4199018719897486,0.4137931411315576,0.4262552043521235,0.03278373797536062,0.7901223982923911,15026.917946755811,8398.60922726754,27163.927868800045,0.05,UB&PB,5176
0,0.0,0.0,0.0,0.0,0.0,0.0,0.0,0.0,0.0,0.0,0.0,0.0,0.0,0.0,0.0,0.0,0.0,0.0,0.0,0.0,0.0,0.0,0.0,0.0,0.0,0.0,0.0,0.0,0.0,0.0,0.0,0.0,0.0,0.0,0.0,0.1,UB&PB,5176
2500,0.9292490217126216,0.35876934003981853,0.24453024927114236,0.493652347528307,0.7072979010077469,0.57148835220575,0.8053433774041214,0.8743348564308362,0.7846407529730693,0.936217988249772,0.959075337597726,0.040924662402274395,0.09039174055643269,0.039965454502247554,0.009809554172035244,0.12417966976903318,0.001206816034829539,0.34894135195211595,0.10886786256762754,0.06088122070556212,0.018251501795260295,0.15735092623842625,0.14208476900689118,0.10813578452861948,0.06089597751073303,0.18694429151391573,0.4163088667092066,0.4157219844407682,0.4032436730886819,0.42869977282429245,0.0265804050844704,0.7439178291627189,3644.13585948687,2474.598889505682,5495.895361307319,0.1,UB&PB,5176
0,0.0,0.0,0.0,0.0,0.0,0.0,0.0,0.0,0.0,0.0,0.0,0.0,0.0,0.0,0.0,0.0,0.0,0.0,0.0,0.0,0.0,0.0,0.0,0.0,0.0,0.0,0.0,0.0,0.0,0.0,0.0,0.0,0.0,0.0,0.0,0.15,UB&PB,5176
2500,0.9472412142116468,0.3178054297138579,0.17863541840343325,0.509128095089186,0.501553820540687,0.3730604986308219,0.6284758521743974,0.8637215171976016,0.7662550903582142,0.9363065756414802,0.9631073205401569,0.036892679459843716,0.11458188279634851,0.06880690136662677,0.025605209148784076,0.1675621359236725,0.005641437135520691,0.366059757026474,0.14167489883347195,0.10203977690323134,0.0428824555356899,0.21001998042104186,0.16973673039726933,0.14271726291751075,0.09419440774133278,0.22011405909936557,0.4195496678854417,0.4187649459120606,0.4011320545064637,0.4369175280222236,0.26136857423140947,0.7380606748525538,3083.355971776155,1981.1208639383656,4961.541758445036,0.15,UB&PB,5176
0,0.0,0.0,0.0,0.0,0.0,0.0,0.0,0.0,0.0,0.0,0.0,0.0,0.0,0.0,0.0,0.0,0.0,0.0,0.0,0.0,0.0,0.0,0.0,0.0,0.0,0.0,0.0,0.0,0.0,0.0,0.0,0.0,0.0,0.0,0.0,0.2,UB&PB,5176
2500,0.9524997719720215,0.5878253056287222,0.46450798626529427,0.7008743122410527,0.18704730204077785,0.11585177760421941,0.2894523716856987,0.8775494395472018,0.7876476187376125,0.9423638890620126,0.9375465529495386,0.06245344705046211,0.15539853706160628,0.10330871553873872,0.03553421066428711,0.24262039554816317,0.007201591200562031,0.44642189398118454,0.17287543101973743,0.12882576094179615,0.04954923230923979,0.26912106436146915,0.25744740522861637,0.24292057475579376,0.1364219948877538,0.37636726818842137,0.4253715511468967,0.42504410970073436,0.4184861403907065,0.4318636203916603,0.33702982102381607,1.4526733272806442,7505.982470476726,3382.4350469912247,17908.735575051764,0.2,UB&PB,5176
0,0.0,0.0,0.0,0.0,0.0,0.0,0.0,0.0,0.0,0.0,0.0,0.0,0.0,0.0,0.0,0.0,0.0,0.0,0.0,0.0,0.0,0.0,0.0,0.0,0.0,0.0,0.0,0.0,0.0,0.0,0.0,0.0,0.0,0.0,0.0,0.25,UB&PB,5176
2500,0.9611536326752506,0.5857659561265152,0.42350262211908274,0.7389948377615626,0.2880776580672497,0.196553710669985,0.39396453594969266,0.8883566660836341,0.8110078148670808,0.9477228698657708,0.9542167732764747,0.04578322672352527,0.13650148464556014,0.08505167605986087,0.02724105217637838,0.21104326108826926,0.005245381076635241,0.417326043063107,0.15195047439541642,0.1071498068929714,0.038183513680694,0.2350677347586557,0.22105705525060962,0.19805389787331945,0.11649420760174266,0.315116659356501,0.41460011124099566,0.41410221103292455,0.40729994105024586,0.4212327792434411,0.16827798899214017,0.6878351381832954,8745.150586403934,4349.946452389036,19141.758286436565,0.25,UB&PB,5176
0,0.0,0.0,0.0,0.0,0.0,0.0,0.0,0.0,0.0,0.0,0.0,0.0,0.0,0.0,0.0,0.0,0.0,0.0,0.0,0.0,0.0,0.0,0.0,0.0,0.0,0.0,0.0,0.0,0.0,0.0,0.0,0.0,0.0,0.0,0.0,0.3,UB&PB,5176
2500,0.9647286021711127,0.6902539444963764,0.5556961293092534,0.8395658109890015,0.12277105293212084,0.06563154132110062,0.20463192625439988,0.8395517161193122,0.7435906552911357,0.9192467453234938,0.9360021321961611,0.0639978678038381,0.16890211703250063,0.11965900276323964,0.041189174855626356,0.2696266384930385,0.00825596938706099,0.4563414956966604,0.18202881319286507,0.13935928312338489,0.05283292676907314,0.28790687600666354,0.2749751466134158,0.2690373944449025,0.1505964757460952,0.4002510496112644,0.4152155326859041,0.414821808206142,0.4090737374796706,0.4208387919822931,0.03008157694328299,0.2765244809245655,10924.985905876034,4368.608529375075,30296.820844833477,0.3,UB&PB,5176
0,0.0,0.0,0.0,0.0,0.0,0.0,0.0,0.0,0.0,0.0,0.0,0.0,0.0,0.0,0.0,0.0,0.0,0.0,0.0,0.0,0.0,0.0,0.0,0.0,0.0,0.0,0.0,0.0,0.0,0.0,0.0,0.0,0.0,0.0,0.0,0.35,UB&PB,5176
2500,0.9668013363127625,0.7674669950651786,0.6360316260250768,0.8986609249339759,0.09137928083475996,0.042322555216117906,0.1593685772009597,0.843470087303116,0.7416061901483582,0.9180141644298644,0.9251215351812363,0.07487846481876348,0.1719681621299259,0.12551241587731857,0.03702600706689605,0.28069739646108005,0.0063657133310495335,0.46106832650995505,0.18148533201484504,0.13999022391026425,0.045479240399767605,0.2948879243524354,0.28271507576422245,0.28479341085996507,0.1521680630035853,0.4141369828799628,0.40839652432598433,0.40801473495710927,0.4032590015002672,0.41295623050692176,0.22739435332427718,0.7103705818319634,15528.799561753365,5643.095233745049,47921.146871657664,0.35,UB&PB,5176
0,0.0,0.0,0.0,0.0,0.0,0.0,0.0,0.0,0.0,0.0,0.0,0.0,0.0,0.0,0.0,0.0,0.0,0.0,0.0,0.0,0.0,0.0,0.0,0.0,0.0,0.0,0.0,0.0,0.0,0.0,0.0,0.0,0.0,0.0,0.0,0.4,UB&PB,5176
2500,0.9856284327678978,0.8192916352139719,0.6969521555237082,0.913163233214845,0.0645113034263167,0.028388286936241847,0.11669852386141251,0.8954084193154181,0.8161327946507504,0.9501681495287958,0.9162466240227437,0.08375337597725654,0.18939159165854086,0.14653142670478314,0.04523860431174571,0.3151996102403622,0.008961591621175118,0.4798912317834123,0.19708469584007096,0.15906732765394815,0.05160991925404757,0.3278865904010897,0.30680792727730594,0.3209656636296867,0.17084278016945353,0.43959326265939186,0.4223622560035523,0.4220612693870312,0.4179848687751788,0.4262804520366832,0.07581947832662335,0.3595301747297301,14379.540665890507,4872.588595749177,50939.2787291228,0.4,UB&PB,5176
0,0.0,0.0,0.0,0.0,0.0,0.0,0.0,0.0,0.0,0.0,0.0,0.0,0.0,0.0,0.0,0.0,0.0,0.0,0.0,0.0,0.0,0.0,0.0,0.0,0.0,0.0,0.0,0.0,0.0,0.0,0.0,0.0,0.0,0.0,0.0,0.45,UB&PB,5176
2500,0.9902655455422943,0.8536034344022803,0.7258082402522712,0.9316170125824867,0.05239469166185003,0.0225216266522732,0.09495322744884677,0.7887981326841644,0.6461010453403522,0.8896306154114654,0.9043582089552241,0.09564179104477606,0.2006554455804037,0.16798613697105325,0.055083966582539175,0.33293786293313643,0.010350896943399567,0.4764194441336858,0.2078244824217752,0.17874250624233043,0.062300017254224065,0.3423200140599342,0.3149212125270122,0.3352037124871512,0.18808741736573253,0.4389993593247819,0.4127184645113036,0.4123969249427847,0.40848802485612806,0.4164497557582334,0.326894199463203,0.7606949054924343,15120.94039752973,4960.86531143956,56911.26869572781,0.45,UB&PB,5176
0,0.0,0.0,0.0,0.0,0.0,0.0,0.0,0.0,0.0,0.0,0.0,0.0,0.0,0.0,0.0,0.0,0.0,0.0,0.0,0.0,0.0,0.0,0.0,0.0,0.0,0.0,0.0,0.0,0.0,0.0,0.0,0.0,0.0,0.0,0.0,0.5,UB&PB,5176
2500,1.0064145068746757,0.8264375551911345,0.6973002753834903,0.9113288547219565,0.042545449563708114,0.017216853005399737,0.07995169843044926,0.8044535721290312,0.6844038869989304,0.8923976877787289,0.8489694385216764,0.15103056147832256,0.21770891233894316,0.1947842537540031,0.07431005483632935,0.3571711866193278,0.015533458250782634,0.48054586383521614,0.2265649223183286,0.20556008119132144,0.08530232989252338,0.36552906584366296,0.32955926531531704,0.35728308122705194,0.21414326986860646,0.44093231868916377,0.41118892240308014,0.4109063124024975,0.40686981095699637,0.41508897094669356,0.02858050670407557,0.5084806447365433,11352.604038634652,3660.069346834975,45254.97890569242,0.5,UB&PB,5176
0,0.0,0.0,0.0,0.0,0.0,0.0,0.0,0.0,0.0,0.0,0.0,0.0,0.0,0.0,0.0,0.0,0.0,0.0,0.0,0.0,0.0,0.0,0.0,0.0,0.0,0.0,0.0,0.0,0.0,0.0,0.0,0.0,0.0,0.0,0.0,0.55,UB&PB,5176
2500,1.0249170836803458,0.8735582501711613,0.7918004797239356,0.9426193559550585,0.039432081022077264,0.015231434407093184,0.07484951645072718,0.8406797935702752,0.7077625334496181,0.922613633539726,0.8588599857853576,0.14114001421464079,0.2337846900680101,0.21136591336367425,0.08517677470256195,0.38285871996309956,0.019149097537348295,0.4996208096137308,0.2404684786688294,0.21958494165086595,0.09410955938623836,0.38777321233907425,0.34351506392550984,0.3690234936841597,0.22506714595794197,0.45860357272319907,0.4228801400235294,0.422601774303739,0.4189093021234807,0.4264213346783231,0.06055390472592578,0.3866627862050437,16732.29681358265,5068.300458943132,71676.19609538307,0.55,UB&PB,5176
0,0.0,0.0,0.0,0.0,0.0,0.0,0.0,0.0,0.0,0.0,0.0,0.0,0.0,0.0,0.0,0.0,0.0,0.0,0.0,0.0,0.0,0.0,0.0,0.0,0.0,0.0,0.0,0.0,0.0,0.0,0.0,0.0,0.0,0.0,0.0,0.6,UB&PB,5176
2500,1.0389358819037036,0.864528374074738,0.7640141239358059,0.935425159607591,0.03147314964026416,0.011410918548088348,0.06101518835406296,0.8443031498089177,0.7245015732770741,0.9242889851619023,0.7560945273631832,0.2439054726368164,0.25207386885762406,0.23347899205134262,0.11061415015868685,0.40147470400442675,0.02607069926660148,0.5093801066672433,0.25992857610696046,0.24294151781653314,0.1224965324553075,0.4049364049508108,0.3598772779780455,0.39034505913606404,0.2563780471965274,0.4619539448331808,0.4218949861357997,0.4216362428203934,0.4178853235687522,0.4255642474201154,0.17232376535720248,0.4219361025786159,12429.115939103789,3598.584270857023,57239.0516255113,0.6,UB&PB,5176
0,0.0,0.0,0.0,0.0,0.0,0.0,0.0,0.0,0.0,0.0,0.0,0.0,0.0,0.0,0.0,0.0,0.0,0.0,0.0,0.0,0.0,0.0,0.0,0.0,0.0,0.0,0.0,0.0,0.0,0.0,0.0,0.0,0.0,0.0,0.0,0.65,UB&PB,5176
2500,1.0549049430452648,0.8579948579315689,0.7462503665092176,0.9319708104869593,0.028672810212369185,0.009982151380514882,0.05630899801689124,0.5648509339160068,0.4657189146409938,0.6610997067906649,0.6805579246624022,0.31944207533759705,0.28440911807677677,0.28289972501955374,0.17075023229711053,0.4047217409843081,0.05317447561877924,0.5064452246333881,0.2927867849307015,0.292222495726712,0.1841894398124641,0.40772308988530337,0.37126139581069917,0.39517428434353974,0.2881776146139493,0.4548596548160384,0.4117161597321226,0.41146119544070764,0.40757892784733424,0.4154198452357031,0.029727529329108566,0.4470032015421294,9515.49799125333,2784.783567936303,45524.7366934028,0.65,UB&PB,5176
0,0.0,0.0,0.0,0.0,0.0,0.0,0.0,0.0,0.0,0.0,0.0,0.0,0.0,0.0,0.0,0.0,0.0,0.0,0.0,0.0,0.0,0.0,0.0,0.0,0.0,0.0,0.0,0.0,0.0,0.0,0.0,0.0,0.0,0.0,0.0,0.7,UB&PB,5176
2500,1.0756152508377212,0.8648373565817677,0.7711537126655692,0.9345493949883081,0.02822961088852808,0.009736047748952007,0.055258749543825966,0.5657567754295795,0.42802367580929795,0.7314158539683989,0.3567931769722814,0.6432068230277175,0.31233135819194974,0.32066163407276466,0.21231913826183893,0.4153928787111717,0.07764378799637127,0.5275249280667133,0.3202471488696685,0.33027721672097815,0.22323011012596278,0.41794461082175044,0.3929745362359019,0.40837356973926947,0.33107213311634426,0.45791090276814606,0.4152595474483396,0.41493954562454316,0.4111891249548218,0.4188207421452149,0.2791959601305862,0.7918234710654155,9860.255158896962,2490.6513655141816,51259.547992246466,0.7,UB&PB,5176
0,0.0,0.0,0.0,0.0,0.0,0.0,0.0,0.0,0.0,0.0,0.0,0.0,0.0,0.0,0.0,0.0,0.0,0.0,0.0,0.0,0.0,0.0,0.0,0.0,0.0,0.0,0.0,0.0,0.0,0.0,0.0,0.0,0.0,0.0,0.0,0.75,UB&PB,5176
2500,1.088187480878408,0.881709947758257,0.8063267849111344,0.9413292905901239,0.02705290723407405,0.009272063587691335,0.05306526923471172,0.6030923170202421,0.48433657536298275,0.7307915875821154,0.29080028429282156,0.709199715707179,0.3165131682518263,0.3279401697832817,0.22011218760767784,0.41178488530368046,0.08776527090817537,0.5288230304740404,0.323049795737164,0.33565489559715667,0.22881966361367365,0.4142433180693627,0.3918406375461635,0.4047964216855933,0.33365537962562314,0.4535049762504279,0.4095173760308568,0.40921443044243366,0.40556894376511887,0.41298771269115836,0.47657730879274757,0.9015109162892688,11182.532322382622,2640.8998515851986,61206.38507283374,0.75,UB&PB,5176
0,0.0,0.0,0.0,0.0,0.0,0.0,0.0,0.0,0.0,0.0,0.0,0.0,0.0,0.0,0.0,0.0,0.0,0.0,0.0,0.0,0.0,0.0,0.0,0.0,0.0,0.0,0.0,0.0,0.0,0.0,0.0,0.0,0.0,0.0,0.0,0.8,UB&PB,5176
2500,1.1051803411239751,0.8936138568991693,0.8166291019763781,0.9505959432444454,0.027095633134224112,0.009160219152942286,0.05396681473721142,0.6687086259090526,0.5625845911039408,0.7821397901176497,0.2299090262970862,0.7700909737029139,0.3284109387371686,0.3500382126746445,0.2351496666295362,0.41411652936993604,0.10018062318537264,0.5355480263550612,0.3341653305780731,0.35499426008110085,0.2431461282331189,0.4166651834621692,0.39600170510132743,0.4065037846403427,0.3397234215560418,0.4545189031256945,0.4100158824145591,0.4096781520192471,0.40600904409888144,0.41344782403715646,0.43735541971423164,0.7571862948250249,11794.812131776718,2643.154631496052,65800.82455995644,0.8,UB&PB,5176
0,0.0,0.0,0.0,0.0,0.0,0.0,0.0,0.0,0.0,0.0,0.0,0.0,0.0,0.0,0.0,0.0,0.0,0.0,0.0,0.0,0.0,0.0,0.0,0.0,0.0,0.0,0.0,0.0,0.0,0.0,0.0,0.0,0.0,0.0,0.0,0.85,UB&PB,5176
2500,1.1388060770099828,0.8249924402614994,0.7200197512233626,0.911886852084407,0.028685974752725184,0.009967120546805012,0.05652482623551658,0.7350706555137294,0.5888969872266945,0.8537055239661996,0.19787420042643897,0.8021257995735602,0.36246427043142004,0.39037993805445603,0.28164837495873046,0.4344113452099545,0.14187036866243732,0.5513901504796113,0.3695155885864494,0.3929049889499898,0.29307210486705454,0.439310118683052,0.41502649748303544,0.42276824690000225,0.36573056725717434,0.46642025700373807,0.4258243916963398,0.4254939960782089,0.4216795777554054,0.4294879047954656,0.4735159719415098,0.9881818024598181,7740.4950233852305,1953.7099537815718,39725.21121797677,0.85,UB&PB,5176
0,0.0,0.0,0.0,0.0,0.0,0.0,0.0,0.0,0.0,0.0,0.0,0.0,0.0,0.0,0.0,0.0,0.0,0.0,0.0,0.0,0.0,0.0,0.0,0.0,0.0,0.0,0.0,0.0,0.0,0.0,0.0,0.0,0.0,0.0,0.0,0.9,UB&PB,5176
2500,1.1417116962459892,0.8632714697825548,0.7821719802910314,0.9250398428171303,0.028595961614758976,0.009925274272554425,0.05587964527222317,0.8015185884837767,0.6410865573391417,0.9056296716551449,0.20245131485430004,0.7975486851457002,0.3615911414324726,0.3859445753129328,0.2931225508074376,0.4254807354061534,0.14869864302014824,0.5454849998656569,0.36681009993226765,0.38646175364074253,0.30180638161148055,0.4298057145142885,0.4053533140080632,0.41208435164320717,0.3525489356098258,0.45944793557046143,0.41473979855535825,0.4144401267138336,0.41062560284139465,0.41837506763430976,0.033430865553634,0.5623049041570746,9396.689173649667,2229.985002556934,51101.99765322047,0.9,UB&PB,5176
0,0.0,0.0,0.0,0.0,0.0,0.0,0.0,0.0,0.0,0.0,0.0,0.0,0.0,0.0,0.0,0.0,0.0,0.0,0.0,0.0,0.0,0.0,0.0,0.0,0.0,0.0,0.0,0.0,0.0,0.0,0.0,0.0,0.0,0.0,0.0,0.95,UB&PB,5176
2500,1.1684301335653058,0.8323179004302728,0.7274670875271367,0.9062477546298726,0.028234146218640694,0.009825453155415024,0.05500855905126809,0.6784882083921452,0.5249975821701857,0.7976721125973305,0.16500497512437817,0.8349950248756223,0.39265889030131296,0.40763738004874384,0.34890030852601533,0.4383387849010154,0.20457536350551847,0.5528813933223569,0.3981640394672093,0.40723804977236455,0.35609576707167906,0.44404002234610424,0.4163491514503947,0.42058804652274473,0.37220190946692927,0.46197393055421365,0.4220030355739437,0.4218044990298426,0.41786528397408573,0.4258343645983448,0.5005130217530135,1.031230024154522,7545.923142996282,1858.086672294447,40471.7759923972,0.95,UB&PB,5176
0,0.0,0.0,0.0,0.0,0.0,0.0,0.0,0.0,0.0,0.0,0.0,0.0,0.0,0.0,0.0,0.0,0.0,0.0,0.0,0.0,0.0,0.0,0.0,0.0,0.0,0.0,0.0,0.0,0.0,0.0,0.0,0.0,0.0,0.0,0.0,0.05,UB&PB,42777
2500,0.9159587232442412,0.5101390141628402,0.36181785443001147,0.6720970647074959,0.8817369434647275,0.7972938447252804,0.9451127117495869,0.8977776891597796,0.8138380208550309,0.9534535047016842,0.9587185501066091,0.04128144989339019,0.07950897930783249,0.021173607095383944,0.0035736223539027476,0.10168676492200993,0.00042415681655743004,0.35494763672759955,0.08731350208600339,0.02803807811781539,0.004935555233295071,0.11764446701099363,0.13609326730172502,0.09068618338038703,0.03406365191800936,0.19993496591080734,0.4139555044472359,0.4135085220919673,0.4061697007727457,0.42116846325571794,0.09027443635402403,0.3264069990845731,8261.64075305765,5013.285332641421,14043.957152352552,0.05,UB&PB,42777
0,0.0,0.0,0.0,0.0,0.0,0.0,0.0,0.0,0.0,0.0,0.0,0.0,0.0,0.0,0.0,0.0,0.0,0.0,0.0,0.0,0.0,0.0,0.0,0.0,0.0,0.0,0.0,0.0,0.0,0.0,0.0,0.0,0.0,0.0,0.0,0.1,UB&PB,42777
2500,0.9310087878089723,0.5641398581950304,0.41168548146091616,0.7025445862074529,0.7038747930345121,0.5613543781323121,0.8356745335796812,0.868053076875602,0.7862079610397119,0.9297748437036384,0.9579310589907613,0.042068941009239594,0.08809640807413872,0.029515889281347282,0.00637344881049536,0.11851345590267881,0.0004406695298389777,0.3709181387094229,0.09555728998165597,0.03660270153949343,0.008475088642863064,0.13358158864177436,0.1502760966955411,0.10876942585738868,0.04854657075132786,0.2189076611746351,0.41520797392561704,0.41477350978239835,0.40811006024666935,0.42176476648445593,0.2030914664344194,0.9285658769246562,9008.416556314656,5349.6103978144165,15589.441532878709,0.1,UB&PB,42777
0,0.0,0.0,0.0,0.0,0.0,0.0,0.0,0.0,0.0,0.0,0.0,0.0,0.0,0.0,0.0,0.0,0.0,0.0,0.0,0.0,0.0,0.0,0.0,0.0,0.0,0.0,0.0,0.0,0.0,0.0,0.0,0.0,0.0,0.0,0.0,0.15,UB&PB,42777
2500,0.9473877985706303,0.4482077568755482,0.28780014626294703,0.5979872318597652,0.8369534975444561,0.6890097171082126,0.9235727560058011,0.8671292957484026,0.7682885968678405,0.9375847977240511,0.9613916133617638,0.03860838663823749,0.07856994425705661,0.03201421422521646,0.008219997233552436,0.10728826979501671,0.001033312951250748,0.30999408312178317,0.09062134503382838,0.04504663296550899,0.012645898515062409,0.12931057838821505,0.12105273845131802,0.09184235562234626,0.04911058315219561,0.1596657514884343,0.41703140937649097,0.41650248638131826,0.4070922915640586,0.42631928054273777,0.07349088016929557,0.6865803733327521,5752.6538594693075,4029.710082079347,8484.06331371899,0.15,UB&PB,42777
0,0.0,0.0,0.0,0.0,0.0,0.0,0.0,0.0,0.0,0.0,0.0,0.0,0.0,0.0,0.0,0.0,0.0,0.0,0.0,0.0,0.0,0.0,0.0,0.0,0.0,0.0,0.0,0.0,0.0,0.0,0.0,0.0,0.0,0.0,0.0,0.2,UB&PB,42777
2500,0.9560123684099742,0.3934277342525468,0.22880569941160786,0.5395895881043696,0.31629269355790957,0.22813768429042017,0.41115931553520935,0.8501103550660659,0.7744411071590753,0.9222854858219358,0.9563503909026295,0.04364960909737029,0.14693635356298396,0.10598597728402355,0.04360176340910411,0.22203275059614305,0.010377813925363221,0.4029415266706881,0.17906831296438008,0.149941730273595,0.07044575259243496,0.2669274882279446,0.21793846742171466,0.19612781291139456,0.13248317337459906,0.288871737679843,0.41678765157435793,0.41609227906302393,0.40321757232748845,0.42951662662447904,0.05146945209488923,0.6728785302511108,2130.8653954516217,1433.9630001705532,3389.130173493211,0.2,UB&PB,42777
0,0.0,0.0,0.0,0.0,0.0,0.0,0.0,0.0,0.0,0.0,0.0,0.0,0.0,0.0,0.0,0.0,0.0,0.0,0.0,0.0,0.0,0.0,0.0,0.0,0.0,0.0,0.0,0.0,0.0,0.0,0.0,0.0,0.0,0.0,0.0,0.25,UB&PB,42777
2500,0.9624299935818375,0.6059634926992215,0.4542413673695799,0.7762426143600808,0.35388037609099343,0.24075849869316876,0.48199503941887073,0.7824982783255289,0.6832932792617762,0.8731245982862031,0.9507583511016362,0.04924164889836534,0.13616313650884904,0.08565615834502788,0.029319207592559886,0.20732625767284238,0.005877522063561096,0.41746255302473384,0.14781123902436127,0.10264448214611621,0.037828569463292584,0.22588131916266924,0.22151140734875918,0.20197001516616636,0.11654626930505081,0.31282860896801507,0.42272205918621075,0.42241108417429624,0.4168046087720894,0.42827585329689144,0.07769274161870632,0.2968739220400326,8506.10576497284,4952.993079201592,15395.58351473673,0.25,UB&PB,42777
0,0.0,0.0,0.0,0.0,0.0,0.0,0.0,0.0,0.0,0.0,0.0,0.0,0.0,0.0,0.0,0.0,0.0,0.0,0.0,0.0,0.0,0.0,0.0,0.0,0.0,0.0,0.0,0.0,0.0,0.0,0.0,0.0,0.0,0.0,0.0,0.3,UB&PB,42777
2500,0.9697131349037561,0.6588283683541879,0.501870997243915,0.798308501122033,0.1446619843096916,0.08198775429974184,0.23459237574840394,0.8632220412507821,0.7680685302181328,0.9372467337340504,0.9380923951670206,0.06190760483297806,0.16575864765178983,0.11762274133262698,0.03879724120315403,0.2643803862350796,0.007860356767187422,0.4514200673386682,0.17917372848457783,0.13889856018284122,0.0493705986395113,0.28465162344965267,0.26896137466914866,0.261373614660288,0.14683222441002453,0.3909340555092818,0.41692451262476415,0.41654112913116326,0.41105361318879907,0.4222797434599208,0.2199355799630507,0.44887076178488666,7438.8096783348265,3193.6876878718213,19966.49211397065,0.3,UB&PB,42777
0,0.0,0.0,0.0,0.0,0.0,0.0,0.0,0.0,0.0,0.0,0.0,0.0,0.0,0.0,0.0,0.0,0.0,0.0,0.0,0.0,0.0,0.0,0.0,0.0,0.0,0.0,0.0,0.0,0.0,0.0,0.0,0.0,0.0,0.0,0.0,0.35,UB&PB,42777
2500,0.9837922741594942,0.7520526072635665,0.5820971754982689,0.8867221598702716,0.08043210434036296,0.039699973954124515,0.1306037718685714,0.7652397348212773,0.6466049920887128,0.8625972481266128,0.9122487562189064,0.08775124378109456,0.1975356791042299,0.16202931012514546,0.06095058831949822,0.3118240397756392,0.01506645814399365,0.4769578588457661,0.20856354899515703,0.17894786115451894,0.07231263693297234,0.32644411717824684,0.3104127127290883,0.32327060824849585,0.1854854275774478,0.43372823623634604,0.421409875363084,0.421110001037338,0.4166234513262549,0.4257534997030176,0.03717801050104581,0.43042874348192206,9282.876380991906,3527.1392130694494,30050.1383911496,0.35,UB&PB,42777
0,0.0,0.0,0.0,0.0,0.0,0.0,0.0,0.0,0.0,0.0,0.0,0.0,0.0,0.0,0.0,0.0,0.0,0.0,0.0,0.0,0.0,0.0,0.0,0.0,0.0,0.0,0.0,0.0,0.0,0.0,0.0,0.0,0.0,0.0,0.0,0.4,UB&PB,42777
2500,0.9875445859058232,0.852591250095893,0.7455886873344918,0.9184201890567422,0.04691616779203951,0.018852851254852032,0.08915711473029303,0.6594719091717411,0.5686655092075688,0.761203974908031,0.8870120824449169,0.11298791755508177,0.21296036158827708,0.1872098696557271,0.06780055435933169,0.3386804595999851,0.013307351900864356,0.48714875536657803,0.22120954150545488,0.19965656063368678,0.0771527150833984,0.3496839606324777,0.3305519411699247,0.35679077981060364,0.20329590467264685,0.4524121532438538,0.4211284274378066,0.4208466258824395,0.4169881393174484,0.4248331148690803,0.44063975143855705,0.7596131001868868,14607.556636467898,4574.616836303376,59090.0675081368,0.4,UB&PB,42777
0,0.0,0.0,0.0,0.0,0.0,0.0,0.0,0.0,0.0,0.0,0.0,0.0,0.0,0.0,0.0,0.0,0.0,0.0,0.0,0.0,0.0,0.0,0.0,0.0,0.0,0.0,0.0,0.0,0.0,0.0,0.0,0.0,0.0,0.0,0.0,0.45,UB&PB,42777
2500,0.9985446608312818,0.8613130136582632,0.7701974359780931,0.9309067256393834,0.04726188439092535,0.01889318382583291,0.09018497172428802,0.7465110005237406,0.6388907040164344,0.8514372033983482,0.8804513148542992,0.11954868514570026,0.2134590523003877,0.1862635127475292,0.06747959702179543,0.34762368602694854,0.013665032723303328,0.4879380709385142,0.2205716104568306,0.19633849121961455,0.07561538906670583,0.3565313257932275,0.32960194597309717,0.35403088529958454,0.20557634906424055,0.45039724239585494,0.4212790496750655,0.42099310506275156,0.4172817092107823,0.42483619108079435,0.4440107615534948,0.7550558439416458,16615.606669276593,5277.734533463283,64549.78504423832,0.45,UB&PB,42777
0,0.0,0.0,0.0,0.0,0.0,0.0,0.0,0.0,0.0,0.0,0.0,0.0,0.0,0.0,0.0,0.0,0.0,0.0,0.0,0.0,0.0,0.0,0.0,0.0,0.0,0.0,0.0,0.0,0.0,0.0,0.0,0.0,0.0,0.0,0.0,0.5,UB&PB,42777
2500,1.0039107331703865,0.8619273356609644,0.753339555416914,0.9328467148046613,0.04763565093963194,0.019665079725275036,0.08605679696743593,0.7213655882121875,0.6105930057285303,0.833929181378388,0.8949665955934603,0.10503340440653873,0.21526419014443668,0.18985585888604586,0.07215911750741076,0.3522110863713184,0.015768810802059666,0.47845492036600196,0.22235792750742797,0.19936299740667837,0.08092145666245562,0.35986032014576774,0.32400938838996335,0.34710474351627135,0.20350924840182388,0.44222609777571037,0.4100057590519655,0.40975455097992625,0.40586369977497794,0.4137626990025798,0.05606572219336213,0.3941858441170315,14352.5652017061,4651.512633726315,56914.201643802335,0.5,UB&PB,42777
0,0.0,0.0,0.0,0.0,0.0,0.0,0.0,0.0,0.0,0.0,0.0,0.0,0.0,0.0,0.0,0.0,0.0,0.0,0.0,0.0,0.0,0.0,0.0,0.0,0.0,0.0,0.0,0.0,0.0,0.0,0.0,0.0,0.0,0.0,0.0,0.55,UB&PB,42777
2500,1.0236597766502793,0.8219026284539991,0.7209017891643277,0.911117316989898,0.04000309167659985,0.015564729391161596,0.07662137518415163,0.755920500250255,0.6476684221836371,0.8486326103033203,0.8603909026297083,0.1396090973702914,0.23624242272649285,0.21924668676381445,0.09577723731612567,0.37902335727422065,0.022338073328494076,0.4882960972262629,0.24489968827328915,0.22896951187311043,0.10870777587152797,0.385001619189532,0.34153151390672176,0.3683075990981972,0.2319142227660248,0.44880252342126725,0.41573114637442565,0.41545531294515187,0.411514782185238,0.4195585122350742,0.5248950138457679,0.8300529043191415,11776.957587792975,3753.8749177599807,48793.8874108091,0.55,UB&PB,42777
0,0.0,0.0,0.0,0.0,0.0,0.0,0.0,0.0,0.0,0.0,0.0,0.0,0.0,0.0,0.0,0.0,0.0,0.0,0.0,0.0,0.0,0.0,0.0,0.0,0.0,0.0,0.0,0.0,0.0,0.0,0.0,0.0,0.0,0.0,0.0,0.6,UB&PB,42777
2500,1.0313847563058312,0.8955339593566821,0.8234134808610704,0.9506016519584056,0.030788905706395843,0.011134002197687206,0.059889822699885124,0.5818165404090896,0.4877034277280603,0.6813388795799508,0.7985671641791048,0.20143283582089547,0.25626698867520503,0.2496115182808911,0.12292317727960735,0.3899176077302766,0.034412738424313624,0.496212300409139,0.2629808455588777,0.2565457529521572,0.13388143676307943,0.3934021206285077,0.3525676562232883,0.3794138004088973,0.2475094341555098,0.45327249612768167,0.40801281697401587,0.4076787209701695,0.40398708325693394,0.41151642524093274,0.20963978677801356,0.4479634221856247,14325.635145006518,4126.279302364138,68385.86233966207,0.6,UB&PB,42777
0,0.0,0.0,0.0,0.0,0.0,0.0,0.0,0.0,0.0,0.0,0.0,0.0,0.0,0.0,0.0,0.0,0.0,0.0,0.0,0.0,0.0,0.0,0.0,0.0,0.0,0.0,0.0,0.0,0.0,0.0,0.0,0.0,0.0,0.0,0.0,0.65,UB&PB,42777
2500,1.0543727825493476,0.8310880407489941,0.7363161111888815,0.9058874946539014,0.029132501854450633,0.01025102480922697,0.057120612412041624,0.6888726094879638,0.5516680018403659,0.8111821620064594,0.6458322672352528,0.3541677327647477,0.2780083149084001,0.2723323538833728,0.15871637225505822,0.40668136936352794,0.04682078986180484,0.5081861597195806,0.28690523119734457,0.2837858875088475,0.17173522441574635,0.40961845636085126,0.3718863171369779,0.3964042501760415,0.29077736002290855,0.45416766150339133,0.4151857792092811,0.4148924472213065,0.41101440811885687,0.41890461005972984,0.05450403273686384,0.434541943638383,9653.16182802433,2836.3954055587697,45430.69664770162,0.65,UB&PB,42777
0,0.0,0.0,0.0,0.0,0.0,0.0,0.0,0.0,0.0,0.0,0.0,0.0,0.0,0.0,0.0,0.0,0.0,0.0,0.0,0.0,0.0,0.0,0.0,0.0,0.0,0.0,0.0,0.0,0.0,0.0,0.0,0.0,0.0,0.0,0.0,0.7,UB&PB,42777
2500,1.078300191775686,0.8497535443722886,0.742781279543725,0.9227971830229693,0.02702065592740172,0.009199685515367133,0.05311860843963987,0.6797746899228841,0.5684021835248476,0.7876650704635497,0.5771862117981525,0.42281378820184695,0.3031287650748228,0.3063026811056712,0.1895449239044357,0.42108299416710593,0.06369510570723748,0.5273375860020327,0.3117234443165555,0.31765296753462674,0.20202581818481227,0.42374375837082545,0.3885873101794339,0.4101126081591202,0.3125867522312552,0.4660725458107049,0.4229417611513368,0.4226463845838902,0.4188466565788334,0.4266083688594595,0.31824237884358497,0.7038558267776373,9603.628276877304,2690.7945127072876,47924.95710043788,0.7,UB&PB,42777
0,0.0,0.0,0.0,0.0,0.0,0.0,0.0,0.0,0.0,0.0,0.0,0.0,0.0,0.0,0.0,0.0,0.0,0.0,0.0,0.0,0.0,0.0,0.0,0.0,0.0,0.0,0.0,0.0,0.0,0.0,0.0,0.0,0.0,0.0,0.0,0.75,UB&PB,42777
2500,1.0812199228510693,0.890553069077088,0.8084168529666742,0.9497892541676658,0.0280181496995111,0.009621021922935636,0.05552457295022868,0.6917273343626825,0.5826857654976738,0.8115935028714162,0.48426439232409474,0.5157356076759062,0.29919147970880894,0.3078851569590237,0.18802621914442794,0.40615328183228155,0.07117135701733168,0.517255933073461,0.3053376328106449,0.31590781515171373,0.19731845898132735,0.40811233280039233,0.37674675553962567,0.3945874666002143,0.3009327554314926,0.45205390524721595,0.405793659646169,0.40544905406038656,0.40174112746337587,0.40931785249186975,0.31974127335436586,0.7161860436353192,12261.44766649633,3105.0630272210346,64193.40932855211,0.75,UB&PB,42777
0,0.0,0.0,0.0,0.0,0.0,0.0,0.0,0.0,0.0,0.0,0.0,0.0,0.0,0.0,0.0,0.0,0.0,0.0,0.0,0.0,0.0,0.0,0.0,0.0,0.0,0.0,0.0,0.0,0.0,0.0,0.0,0.0,0.0,0.0,0.0,0.8,UB&PB,42777
2500,1.1086114394517186,0.8262507333320073,0.7257054626269159,0.9062789593883651,0.028094808483220577,0.009637254865077483,0.055290553031573694,0.7709719331825132,0.6069643763765539,0.8835813163544706,0.29728358208955297,0.70271641791045,0.33088094394582823,0.3534052037394734,0.23357341075662935,0.42055437892584013,0.10121628201768408,0.5355819461578629,0.33858714250338323,0.36060929593025776,0.2443718163535395,0.42421287828698184,0.39912838873061474,0.4113431666177846,0.34341904222093544,0.4581430409212079,0.4162293588064235,0.41594044906756344,0.4120248521269243,0.42002138711600795,0.4364600073891953,0.9435853121259373,8273.533940510182,2150.257664444035,42314.874226569984,0.8,UB&PB,42777
0,0.0,0.0,0.0,0.0,0.0,0.0,0.0,0.0,0.0,0.0,0.0,0.0,0.0,0.0,0.0,0.0,0.0,0.0,0.0,0.0,0.0,0.0,0.0,0.0,0.0,0.0,0.0,0.0,0.0,0.0,0.0,0.0,0.0,0.0,0.0,0.85,UB&PB,42777
2500,1.1268102942020386,0.8979338221919938,0.8003808932365497,0.953271753760772,0.02812496098630702,0.009656764923031172,0.05547011787512755,0.7070861087530739,0.574234702617493,0.8556918169889669,0.14828926794598393,0.8517107320540146,0.35212837292014293,0.37914632400614634,0.26931164910216676,0.42483931169755806,0.12994399619650684,0.5497850981180573,0.3578465297440234,0.3813951567900932,0.27798054145054124,0.42851670570447786,0.4086560722852731,0.4158531734542344,0.35728456696362276,0.4616456406870279,0.4181342671522764,0.41778654864071607,0.41411106285154775,0.4216193190025555,0.19641551092136827,0.5168657258838985,10941.20768429743,2394.5999195126824,62054.376293980284,0.85,UB&PB,42777
0,0.0,0.0,0.0,0.0,0.0,0.0,0.0,0.0,0.0,0.0,0.0,0.0,0.0,0.0,0.0,0.0,0.0,0.0,0.0,0.0,0.0,0.0,0.0,0.0,0.0,0.0,0.0,0.0,0.0,0.0,0.0,0.0,0.0,0.0,0.0,0.9,UB&PB,42777
2500,1.1447221179954818,0.8768194020264991,0.7971696542448121,0.9397762624669201,0.02739849002602602,0.009364558432970516,0.05401457375082459,0.8063306820150278,0.6425985246194891,0.9198666048995308,0.17203837953091686,0.8279616204690844,0.364518584284137,0.388283246873882,0.29780592897373415,0.4270603992221808,0.15044566956967595,0.5500568110156612,0.3694963900171667,0.3877307298034331,0.306277983091718,0.43109826870402074,0.40829444363483924,0.41517327983771457,0.3570438795605178,0.4606381986651937,0.4175078770833969,0.4172395782676401,0.4135163838361071,0.42108117615072105,0.793107228338221,1.0168394971206265,10101.265648916435,2312.0920883200934,56045.25025061532,0.9,UB&PB,42777
0,0.0,0.0,0.0,0.0,0.0,0.0,0.0,0.0,0.0,0.0,0.0,0.0,0.0,0.0,0.0,0.0,0.0,0.0,0.0,0.0,0.0,0.0,0.0,0.0,0.0,0.0,0.0,0.0,0.0,0.0,0.0,0.0,0.0,0.0,0.0,0.95,UB&PB,42777
2500,1.1693367678653914,0.8459872320250678,0.7339315944883209,0.9286351124222083,0.028357184129523982,0.009837626145432718,0.05555069712048482,0.6563683107403856,0.4643180270377691,0.8278648734737736,0.12534044065387334,0.8746595593461267,0.3919880851531748,0.4058324903026659,0.34902463468445516,0.43686185470246885,0.20612978960227304,0.5539163444048307,0.3970591226378006,0.40522229037649554,0.35513995747956695,0.4423100849833891,0.41562924358214326,0.41975030644911887,0.3720396734060845,0.4601167753637838,0.4211146049221534,0.42087931047152843,0.4170029150609384,0.4248733086049893,0.1970654913705929,1.0266126943729583,7484.103235600247,1844.64261918621,39665.628187316135,0.95,UB&PB,42777
0,0.0,0.0,0.0,0.0,0.0,0.0,0.0,0.0,0.0,0.0,0.0,0.0,0.0,0.0,0.0,0.0,0.0,0.0,0.0,0.0,0.0,0.0,0.0,0.0,0.0,0.0,0.0,0.0,0.0,0.0,0.0,0.0,0.0,0.0,0.0,0.05,UB&PB,19762
2500,0.9162528124696319,0.5896879287478597,0.38315569680030986,0.7436330373987382,0.8152832749346859,0.702840210995902,0.8966812810619191,0.8827378120899261,0.7867037934251254,0.9472514978151907,0.9590248756218905,0.04097512437810948,0.08284438158418034,0.021777014199717858,0.0035465703764528166,0.10749396784124518,0.0003352193346317356,0.3701701914880498,0.09034076070541085,0.027966468252801233,0.005150040606261474,0.12360418210954016,0.14450333787010494,0.09595692453021576,0.038333168281252314,0.21541714905712628,0.4200937714232891,0.4195756627195994,0.4123961481877863,0.427090626906894,0.11973347889107248,0.885488489337422,13849.825471305207,7677.720349495216,25202.449935506982,0.05,UB&PB,19762
0,0.0,0.0,0.0,0.0,0.0,0.0,0.0,0.0,0.0,0.0,0.0,0.0,0.0,0.0,0.0,0.0,0.0,0.0,0.0,0.0,0.0,0.0,0.0,0.0,0.0,0.0,0.0,0.0,0.0,0.0,0.0,0.0,0.0,0.0,0.0,0.1,UB&PB,19762
2500,0.9290392515240818,0.5592646481507406,0.3773018722324208,0.7048613150162762,0.7094392740506825,0.5556629705535284,0.8456751227689521,0.8896458116224475,0.8067190904593862,0.9516519423647153,0.9581982942430708,0.04180170575692961,0.08638087807403873,0.02922695544605411,0.00671242702417486,0.11691294660907478,0.000560561792422925,0.3599430026411221,0.09680816149050747,0.0399699492711719,0.010154753750954202,0.13746431868474163,0.1449870718185325,0.1042070392316429,0.049578429453443464,0.20841507137624823,0.41244470640251535,0.4119282585185716,0.40371375021988753,0.4205158700927216,0.1377446622260632,0.5216939803943993,24079.666463685626,12480.062116207404,46244.36036186769,0.1,UB&PB,19762
0,0.0,0.0,0.0,0.0,0.0,0.0,0.0,0.0,0.0,0.0,0.0,0.0,0.0,0.0,0.0,0.0,0.0,0.0,0.0,0.0,0.0,0.0,0.0,0.0,0.0,0.0,0.0,0.0,0.0,0.0,0.0,0.0,0.0,0.0,0.0,0.15,UB&PB,19762
2500,0.9391095123826507,0.5522890571448076,0.35604826067150536,0.7460800922455956,0.7222568648665412,0.5831584571530111,0.8522860389090673,0.8529608916771062,0.7630158272993103,0.9280850486013288,0.9629339019189764,0.037066098081023444,0.08039534544654561,0.02761637119853427,0.005650824105555946,0.10685669799073431,0.0007026847681934842,0.3396408608597645,0.08883354850642654,0.03604353999148928,0.008398531573741057,0.12283019594061902,0.13231888356399377,0.09881378743850311,0.04599054208632525,0.18277118947135315,0.4088990626479344,0.40820848728452164,0.39924434256599706,0.4176930043641565,0.038957221905137895,0.35087467550014106,13531.437505464984,7827.315847679848,23869.145756289592,0.15,UB&PB,19762
0,0.0,0.0,0.0,0.0,0.0,0.0,0.0,0.0,0.0,0.0,0.0,0.0,0.0,0.0,0.0,0.0,0.0,0.0,0.0,0.0,0.0,0.0,0.0,0.0,0.0,0.0,0.0,0.0,0.0,0.0,0.0,0.0,0.0,0.0,0.0,0.2,UB&PB,19762
2500,0.9664168968659248,0.33746801746477906,0.22785982934645255,0.4667600366617585,0.48720504499090833,0.401535605058576,0.5731887006610403,0.8315700643438023,0.7342063867463803,0.9240146945526552,0.9608770433546555,0.03912295664534464,0.13097417837249348,0.09577451836919033,0.042236511603744545,0.19295853244906108,0.010346838272859928,0.35517866145161126,0.16214119716464342,0.1351786785483659,0.06700942758877135,0.23612803762873355,0.18608446511804452,0.16854295768125355,0.12028122930372971,0.23414837151095538,0.424217425935746,0.4236858918630661,0.4105817599391918,0.4372483160218095,0.19532780700425487,0.7740763024216779,2311.4544122681223,1728.1587175230195,3185.489375515724,0.2,UB&PB,19762
0,0.0,0.0,0.0,0.0,0.0,0.0,0.0,0.0,0.0,0.0,0.0,0.0,0.0,0.0,0.0,0.0,0.0,0.0,0.0,0.0,0.0,0.0,0.0,0.0,0.0,0.0,0.0,0.0,0.0,0.0,0.0,0.0,0.0,0.0,0.0,0.25,UB&PB,19762
2500,0.9592412680391117,0.6216503836651704,0.47781199765087684,0.7497327264116521,0.36076766676794686,0.25120232418483973,0.4756141669325033,0.8206679367099193,0.724238499164576,0.8968526321128566,0.9523006396588483,0.047699360341151444,0.13458434542881478,0.08380771770451498,0.031199728349459988,0.20292293827690136,0.007988800913827044,0.4131756147765657,0.15064966747297562,0.10584878437619281,0.04531518372569733,0.22450876539698902,0.2123064769069661,0.18599803085654928,0.11327958208857779,0.29664299685098827,0.41416719299416954,0.4137705435221058,0.40582978005723197,0.4220279765003181,0.07502745843521098,0.8948338616432433,24552.88328727168,14084.938926979075,43922.18346459079,0.25,UB&PB,19762
0,0.0,0.0,0.0,0.0,0.0,0.0,0.0,0.0,0.0,0.0,0.0,0.0,0.0,0.0,0.0,0.0,0.0,0.0,0.0,0.0,0.0,0.0,0.0,0.0,0.0,0.0,0.0,0.0,0.0,0.0,0.0,0.0,0.0,0.0,0.0,0.3,UB&PB,19762
2500,0.9726829153509648,0.6603904217843316,0.5494868470126689,0.7691867142119536,0.15029412766106343,0.07775950660863501,0.23771001917787532,0.8604761622679079,0.7837384200873961,0.9230220669493178,0.9368535891968727,0.06314641080312738,0.171295457480751,0.1217187547286193,0.04256957123075357,0.2727909303932554,0.009681517564568556,0.4629774828955828,0.1836306613227967,0.14084514021403188,0.05291177844864643,0.2913531112328995,0.27826520056046566,0.27141959365073154,0.1538646115139399,0.4029934830869226,0.425628831855022,0.4253433094006057,0.42047970614968316,0.43038519987510626,0.37473262737086643,0.7248506775086407,9372.538991237276,4009.3228016826547,24075.866182429087,0.3,UB&PB,19762
0,0.0,0.0,0.0,0.0,0.0,0.0,0.0,0.0,0.0,0.0,0.0,0.0,0.0,0.0,0.0,0.0,0.0,0.0,0.0,0.0,0.0,0.0,0.0,0.0,0.0,0.0,0.0,0.0,0.0,0.0,0.0,0.0,0.0,0.0,0.0,0.35,UB&PB,19762
2500,0.9751666546093991,0.6680911572201704,0.565782158594852,0.769932255128113,0.07524031510900309,0.03771971147519259,0.12628581389304044,0.6941486470417545,0.6010782742116472,0.7947682185800867,0.9193383084577119,0.08066169154228862,0.19932968259299277,0.16966929610022666,0.06687004913543222,0.3112057476372008,0.015820234661992033,0.4661968431256731,0.21488465896521186,0.19253836428283752,0.08391671851093173,0.33122930748878726,0.30999854763595036,0.3268455450552812,0.19274965441789635,0.4268213311077468,0.4139887286613362,0.41362057739578684,0.4085205682863139,0.4189219237826226,0.1835460769884227,0.40618008630742386,6408.421482962713,2586.3716916455683,19782.85409892494,0.35,UB&PB,19762
0,0.0,0.0,0.0,0.0,0.0,0.0,0.0,0.0,0.0,0.0,0.0,0.0,0.0,0.0,0.0,0.0,0.0,0.0,0.0,0.0,0.0,0.0,0.0,0.0,0.0,0.0,0.0,0.0,0.0,0.0,0.0,0.0,0.0,0.0,0.0,0.4,UB&PB,19762
2500,0.9990763685947811,0.6987543510511499,0.5648983063864165,0.8347898138851287,0.05177294167186245,0.02323845200410544,0.09220961201033155,0.7621380923014819,0.6494341625102074,0.8688523356786505,0.9059900497512439,0.0940099502487562,0.22222150362578763,0.20232015253188856,0.08704404508696297,0.347580733502649,0.02001915889796225,0.4794734095433188,0.23812048642603934,0.22286195304210113,0.10565312989148049,0.36638717781707236,0.3335090118908292,0.36131586476076816,0.2219654386525884,0.4424515019620982,0.4234421759878751,0.42312450374729954,0.41808296933849476,0.4283524744644177,0.08331091478912114,0.36287668135509016,6572.278231831824,2323.876515352416,24815.674929660843,0.4,UB&PB,19762
0,0.0,0.0,0.0,0.0,0.0,0.0,0.0,0.0,0.0,0.0,0.0,0.0,0.0,0.0,0.0,0.0,0.0,0.0,0.0,0.0,0.0,0.0,0.0,0.0,0.0,0.0,0.0,0.0,0.0,0.0,0.0,0.0,0.0,0.0,0.0,0.45,UB&PB,19762
2500,0.9989146465131766,0.805093911571024,0.6735816520599314,0.891311618149872,0.049489858935707114,0.02035638104093292,0.09211420587150194,0.7792735937427661,0.6805875276127928,0.8642787235233655,0.8758834399431423,0.12411656005685844,0.21167937599902917,0.1874066249695798,0.06885689769106244,0.34416971221956816,0.01492589418576968,0.47846118724297737,0.22132918086613512,0.2007510200520515,0.07970219013834036,0.3556381350454404,0.32538982550597684,0.35045838700316007,0.20649450584535384,0.44129376712191914,0.41608930018660356,0.4158261371294824,0.4116419215169059,0.42011060356014607,0.3985579119779753,0.9278974635344838,9779.04070825798,3329.9067631100324,36188.421996892066,0.45,UB&PB,19762
0,0.0,0.0,0.0,0.0,0.0,0.0,0.0,0.0,0.0,0.0,0.0,0.0,0.0,0.0,0.0,0.0,0.0,0.0,0.0,0.0,0.0,0.0,0.0,0.0,0.0,0.0,0.0,0.0,0.0,0.0,0.0,0.0,0.0,0.0,0.0,0.5,UB&PB,19762
2500,1.0046105199643147,0.8482393458271908,0.7379253020077517,0.92920448675038,0.04076842938495569,0.015953637237375296,0.07729872122089684,0.7992334754907016,0.6659852133965615,0.8944681336041069,0.8701499644633964,0.12985003553660285,0.21766825617435095,0.19398214095053493,0.06964797638224947,0.3598824139591272,0.012852702989336743,0.48623256643943796,0.22548352692803766,0.20397684943150143,0.07916060085270317,0.36749861907197834,0.330688998060753,0.35884069438670557,0.2100712279390318,0.447087268329104,0.4146118739866475,0.41428447289512976,0.41044282337404586,0.4182958174537681,0.39031357090282776,0.6609035815167837,13287.329294176334,4138.851805236872,55629.46377801446,0.5,UB&PB,19762
0,0.0,0.0,0.0,0.0,0.0,0.0,0.0,0.0,0.0,0.0,0.0,0.0,0.0,0.0,0.0,0.0,0.0,0.0,0.0,0.0,0.0,0.0,0.0,0.0,0.0,0.0,0.0,0.0,0.0,0.0,0.0,0.0,0.0,0.0,0.0,0.55,UB&PB,19762
2500,1.0168410786527586,0.9055413505905681,0.8103529140737444,0.9602482639610129,0.03715315652720031,0.014011579485964324,0.07192986350739314,0.7370658139004246,0.6309425270324448,0.835120228984227,0.838014925373133,0.16198507462686548,0.2308460035290951,0.20993468677971086,0.08480416560923307,0.37655497017431583,0.01919256538445827,0.49410837215877235,0.23729111504618136,0.21773511714020552,0.09381266451842897,0.38187032106002655,0.34026467500703567,0.3671889447581081,0.22341780173799927,0.45388771952004203,0.4150192693577783,0.41472114095979623,0.4110128678009697,0.41859575871990273,0.04110171875262069,0.4765166908979681,16916.956681721047,4992.330596369157,74378.1654425482,0.55,UB&PB,19762
0,0.0,0.0,0.0,0.0,0.0,0.0,0.0,0.0,0.0,0.0,0.0,0.0,0.0,0.0,0.0,0.0,0.0,0.0,0.0,0.0,0.0,0.0,0.0,0.0,0.0,0.0,0.0,0.0,0.0,0.0,0.0,0.0,0.0,0.0,0.0,0.6,UB&PB,19762
2500,1.0251114697185233,0.9028069509015021,0.807484581714822,0.9579092292248088,0.035032010847617055,0.013023743929604557,0.06795403211859857,0.7262491897265194,0.6142585338394034,0.8237095799132661,0.838766879886283,0.1612331201137171,0.23581425307514708,0.21771724437722012,0.09777680617019713,0.3774529241799544,0.023284220783742062,0.4854434031586475,0.241929982373273,0.22501931112276913,0.10669392966823263,0.3808587074100772,0.33639441582949603,0.3615202483695637,0.22553465422245733,0.44338900451618574,0.40342945371546124,0.40314794907027035,0.39935609318103593,0.40709330234946844,0.009850664027026293,0.9730210822792569,15757.46140382282,4634.621644763902,71907.76682753919,0.6,UB&PB,19762
0,0.0,0.0,0.0,0.0,0.0,0.0,0.0,0.0,0.0,0.0,0.0,0.0,0.0,0.0,0.0,0.0,0.0,0.0,0.0,0.0,0.0,0.0,0.0,0.0,0.0,0.0,0.0,0.0,0.0,0.0,0.0,0.0,0.0,0.0,0.0,0.65,UB&PB,19762
2500,1.0546492691559555,0.8741358802695629,0.788771098533052,0.9342045105730379,0.029122416359631392,0.010176568848736063,0.05743485773097527,0.6451944809840428,0.5316026143404358,0.7424737805860735,0.665027718550105,0.3349722814498936,0.2789192531539707,0.2739851846397721,0.15726514613287784,0.4062662580279998,0.0498225098182972,0.5099108902926676,0.2867528657664444,0.2833200351732273,0.16942710555371823,0.408891295834264,0.3705581037956843,0.3951750054672735,0.2839383282608929,0.4573662766275406,0.414451365808342,0.4141795317073116,0.41036364091229377,0.41814677706899733,0.027560600942858105,0.45810758732202583,11538.787562826818,3230.4169722031347,56396.302961332636,0.65,UB&PB,19762
0,0.0,0.0,0.0,0.0,0.0,0.0,0.0,0.0,0.0,0.0,0.0,0.0,0.0,0.0,0.0,0.0,0.0,0.0,0.0,0.0,0.0,0.0,0.0,0.0,0.0,0.0,0.0,0.0,0.0,0.0,0.0,0.0,0.0,0.0,0.0,0.7,UB&PB,19762
2500,1.0700940874864933,0.8355170215712207,0.750561515465243,0.9175217942335372,0.027968932056387796,0.00963109720791043,0.05521861443868576,0.7907913033313034,0.6373977973897738,0.902617420297893,0.5645963041933186,0.43540369580668126,0.287144452758648,0.28601745461037636,0.168281883162744,0.4105762946400709,0.05094988855971761,0.5187017896970552,0.2953530611690415,0.2976929532383664,0.17984872008797773,0.412922409532851,0.37681931671781527,0.40003875033520425,0.2986531740663719,0.4572673998698901,0.4140736908311287,0.413787447379,0.40995793352463433,0.41777746244776137,0.2443845153901183,0.7435364156473794,10345.84954983722,2802.7419021764795,51302.7475797587,0.7,UB&PB,19762
0,0.0,0.0,0.0,0.0,0.0,0.0,0.0,0.0,0.0,0.0,0.0,0.0,0.0,0.0,0.0,0.0,0.0,0.0,0.0,0.0,0.0,0.0,0.0,0.0,0.0,0.0,0.0,0.0,0.0,0.0,0.0,0.0,0.0,0.0,0.0,0.75,UB&PB,19762
2500,1.0915343247120497,0.8622148470374507,0.7737069284156973,0.9308824691257085,0.026227220299026244,0.008764637748995384,0.05265922293766571,0.600626828988552,0.4537254437448018,0.7626766092749745,0.35864463397299245,0.6413553660270075,0.32217942808480954,0.3372574866706418,0.22537193812362516,0.4175383941913037,0.08922567579560792,0.5296437425581028,0.3294855391535792,0.34551267598352287,0.23582830700941756,0.4202724638456806,0.3954220159258582,0.4094568922470017,0.33679251837783175,0.45747990203850813,0.4149099496313876,0.41460878146206936,0.4108659482097573,0.41848488067886147,0.5174419776008794,0.9610282482394454,9702.176907695808,2454.5242056628595,50898.304337387104,0.75,UB&PB,19762
0,0.0,0.0,0.0,0.0,0.0,0.0,0.0,0.0,0.0,0.0,0.0,0.0,0.0,0.0,0.0,0.0,0.0,0.0,0.0,0.0,0.0,0.0,0.0,0.0,0.0,0.0,0.0,0.0,0.0,0.0,0.0,0.0,0.0,0.0,0.0,0.8,UB&PB,19762
2500,1.112336810906695,0.8754739772435072,0.7830918026030422,0.9406930173389366,0.02817801948647571,0.009725976281878785,0.05534045054122261,0.7440397980056819,0.5995257255474358,0.8588397588759851,0.2299211087420046,0.7700788912579951,0.33718601633646067,0.36233582958302285,0.24150434927739559,0.42453372911733134,0.1057758170584687,0.543256673792837,0.34382469109752256,0.3680812024067698,0.25085013542802476,0.4277501319105113,0.4056927015898199,0.41623614381806556,0.350244931185727,0.46321074991324546,0.42013602124164523,0.4198090799538164,0.41615937955874455,0.4236469024824367,0.058202446349101655,0.5019527606633013,10579.823158999137,2463.194182515465,57226.46297136733,0.8,UB&PB,19762
0,0.0,0.0,0.0,0.0,0.0,0.0,0.0,0.0,0.0,0.0,0.0,0.0,0.0,0.0,0.0,0.0,0.0,0.0,0.0,0.0,0.0,0.0,0.0,0.0,0.0,0.0,0.0,0.0,0.0,0.0,0.0,0.0,0.0,0.0,0.0,0.85,UB&PB,19762
2500,1.119736128794152,0.8911391239065959,0.8027750494987742,0.9501456370401927,0.02736811583692231,0.009272699760026962,0.05407019006465833,0.7751277440053921,0.6525601917836077,0.8656927689677419,0.17085927505330514,0.8291407249466963,0.3395936580725007,0.3662179178615179,0.2519532526298853,0.41520627072997957,0.11799678468136235,0.5406654576743201,0.3448903332264915,0.36794831819227547,0.26091286977282124,0.4184574865420326,0.3977342834499006,0.4061101855519115,0.34395857521938233,0.45263383155465037,0.40912001207511606,0.4087841034940542,0.4050754845721295,0.41258405558923456,0.05999170097236841,0.4510072926684121,11346.95019946906,2499.3678752614946,63952.662181609456,0.85,UB&PB,19762
0,0.0,0.0,0.0,0.0,0.0,0.0,0.0,0.0,0.0,0.0,0.0,0.0,0.0,0.0,0.0,0.0,0.0,0.0,0.0,0.0,0.0,0.0,0.0,0.0,0.0,0.0,0.0,0.0,0.0,0.0,0.0,0.0,0.0,0.0,0.0,0.9,UB&PB,19762
2500,1.1484450332238627,0.8897975102379695,0.8017448959541652,0.9510550115966145,0.026702057291431464,0.008906706163125992,0.053243859928953426,0.6919678497803224,0.5427051975038806,0.8445068007306604,0.16683653162757653,0.8331634683724237,0.3721904750525439,0.3945862663459763,0.3080656828643351,0.43186568850333984,0.16075075523684862,0.5567358018432145,0.3772656295342703,0.3946291478561733,0.31664487315530987,0.435908599917818,0.4130228038961176,0.4194671246087697,0.3618013534412102,0.46453200975251985,0.4217381532451781,0.42147792787633326,0.41781113179115936,0.4252351498967162,0.162787874655717,0.8042388772027114,10540.56107921641,2354.6735995860054,59662.714623267006,0.9,UB&PB,19762
0,0.0,0.0,0.0,0.0,0.0,0.0,0.0,0.0,0.0,0.0,0.0,0.0,0.0,0.0,0.0,0.0,0.0,0.0,0.0,0.0,0.0,0.0,0.0,0.0,0.0,0.0,0.0,0.0,0.0,0.0,0.0,0.0,0.0,0.0,0.0,0.95,UB&PB,19762
2500,1.1645989766037514,0.8606235197836651,0.779249079322305,0.9262090498130067,0.028438033143912463,0.009937775905403607,0.055554851669430104,0.6676888248200652,0.47342893878555176,0.8206080314955274,0.1389211087420045,0.8610788912579952,0.3892896926078481,0.4052701848835817,0.34457773947092685,0.4345228266113686,0.20081539188762781,0.5526186433646756,0.39405186532984293,0.4052272835552357,0.35090647157905963,0.43908271576595487,0.413596523666626,0.417429415707571,0.3684680854188194,0.4596460370285897,0.4188490798414899,0.4184911372110009,0.41479312618590475,0.42237629519181963,0.38779007677129407,0.8161934998499673,8677.188010308248,2037.3473936889013,47634.29108027303,0.95,UB&PB,19762
0,0.0,0.0,0.0,0.0,0.0,0.0,0.0,0.0,0.0,0.0,0.0,0.0,0.0,0.0,0.0,0.0,0.0,0.0,0.0,0.0,0.0,0.0,0.0,0.0,0.0,0.0,0.0,0.0,0.0,0.0,0.0,0.0,0.0,0.0,0.0,0.05,UB&PB,31325
2500,0.9146276006354925,0.551601625353267,0.3729054476714634,0.7308250059378828,0.8616638704153825,0.7481157861045628,0.9338404532767894,0.8938718551632162,0.8152197485236982,0.9498786802100299,0.9590191897654583,0.04098081023454156,0.08251605654951427,0.019988427849893374,0.0031924286594559237,0.10567828496316095,0.00017715859957317072,0.37492647880166785,0.0897468970264634,0.026075595720445995,0.004596210688383169,0.12122256941047305,0.14387295994191615,0.09430703271139462,0.03611966450680246,0.21497282081959193,0.4152417188526392,0.41477241627071837,0.4075192168464901,0.422319651462333,0.16071286637359164,0.5427833955995234,10690.185736127487,5993.565072533712,19240.154813317433,0.05,UB&PB,31325
0,0.0,0.0,0.0,0.0,0.0,0.0,0.0,0.0,0.0,0.0,0.0,0.0,0.0,0.0,0.0,0.0,0.0,0.0,0.0,0.0,0.0,0.0,0.0,0.0,0.0,0.0,0.0,0.0,0.0,0.0,0.0,0.0,0.0,0.0,0.0,0.1,UB&PB,31325
2500,0.9274896466602167,0.7874273860477966,0.6148995209663772,0.9196855608599209,0.8867818063532031,0.7965133128645466,0.9512118443254229,0.8308128762001586,0.7524754924068005,0.9007038075498329,0.9548329779673067,0.04516702203269357,0.07949202542026453,0.02055562013247725,0.0024128521365778073,0.09947520015944049,5.190406952016752e-5,0.37110268545844627,0.08261699060015941,0.022925300767560608,0.002801023255693632,0.10579536910575743,0.13755692116104398,0.0923663859810279,0.032258260386954216,0.20430005530462692,0.41308684686770136,0.4127611624620933,0.40795910046761175,0.4177141389115776,0.08130503815238035,0.9178646864515781,73347.06264043902,39999.980998023515,133631.68972012258,0.1,UB&PB,31325
0,0.0,0.0,0.0,0.0,0.0,0.0,0.0,0.0,0.0,0.0,0.0,0.0,0.0,0.0,0.0,0.0,0.0,0.0,0.0,0.0,0.0,0.0,0.0,0.0,0.0,0.0,0.0,0.0,0.0,0.0,0.0,0.0,0.0,0.0,0.0,0.15,UB&PB,31325
2500,0.9467088736660381,0.3921394870238022,0.24891988872917314,0.5765991702102342,0.33230615791738555,0.23822172018393603,0.4453430628485918,0.8875628990744637,0.8079669366836841,0.948949491226535,0.9552423596304196,0.04475764036958076,0.1385335547890239,0.09067936063323233,0.034011172765636054,0.20868079005438703,0.008068439015452358,0.4110458230575885,0.16717976084777772,0.1291465894567295,0.05512138164612179,0.2516787774546062,0.2125808054778704,0.18587334192049573,0.11800863041578058,0.2916419281342253,0.4238584660815513,0.42313196805049486,0.40969703002476787,0.4371907915028569,0.015797071953745988,0.5044391001707784,3017.187067545402,1834.7957020120411,5316.0348590310305,0.15,UB&PB,31325
0,0.0,0.0,0.0,0.0,0.0,0.0,0.0,0.0,0.0,0.0,0.0,0.0,0.0,0.0,0.0,0.0,0.0,0.0,0.0,0.0,0.0,0.0,0.0,0.0,0.0,0.0,0.0,0.0,0.0,0.0,0.0,0.0,0.0,0.0,0.0,0.2,UB&PB,31325
2500,0.9554754770755469,0.36610798335582134,0.1985385836700605,0.5428079660174217,0.29953974488984236,0.2067412024308787,0.4134350931682566,0.8691768099817769,0.7736917000726234,0.9369810701680725,0.9600995024875633,0.03990049751243785,0.14855607004732857,0.1066892491701833,0.04303609501146932,0.22533773867722526,0.010069263788233985,0.4084882900527502,0.18206158035189524,0.15269910395574324,0.06956543219238419,0.2737513346573628,0.2182601684281031,0.19518806686586093,0.13178117855028124,0.2908989183180235,0.41390553011589204,0.41309368003213537,0.3996800397243957,0.42707998345906184,0.1613639126756178,0.8999611004690392,1818.4069379646735,1220.5482586067267,2883.5751327769312,0.2,UB&PB,31325
0,0.0,0.0,0.0,0.0,0.0,0.0,0.0,0.0,0.0,0.0,0.0,0.0,0.0,0.0,0.0,0.0,0.0,0.0,0.0,0.0,0.0,0.0,0.0,0.0,0.0,0.0,0.0,0.0,0.0,0.0,0.0,0.0,0.0,0.0,0.0,0.25,UB&PB,31325
2500,0.9545065150203593,0.6869659779628211,0.5106659249553039,0.8281902633624167,0.1430219754769719,0.07308908176009374,0.23842846300230125,0.8821841803857662,0.7858429420427602,0.9475628991209217,0.9354520255863544,0.06454797441364593,0.15808282662769602,0.10385592205035542,0.03042564157872795,0.25188690878671055,0.005022518164107687,0.4577776692127248,0.16959875947963093,0.1220891347091377,0.038904445377572566,0.2709121714996097,0.2673157395053796,0.2592714758119593,0.13436002950870346,0.39928011348959924,0.4187143140278614,0.41834969285498985,0.4131550315433269,0.4238073245397283,0.030752779733466497,0.49232135151101025,7815.338004714294,3358.2739260004573,20125.768691985642,0.25,UB&PB,31325
0,0.0,0.0,0.0,0.0,0.0,0.0,0.0,0.0,0.0,0.0,0.0,0.0,0.0,0.0,0.0,0.0,0.0,0.0,0.0,0.0,0.0,0.0,0.0,0.0,0.0,0.0,0.0,0.0,0.0,0.0,0.0,0.0,0.0,0.0,0.0,0.3,UB&PB,31325
2500,0.9707993174520456,0.7193446195779329,0.5789275321212898,0.8326955756465244,0.0889911938028293,0.04377934176440206,0.1489881598398835,0.8752640279491125,0.7918592061082481,0.9394110629580128,0.9207171286425017,0.07928287135749834,0.1809651868275706,0.13725640698413766,0.0441183406783532,0.2893104374322761,0.008026410632919345,0.46972078101779224,0.19310123972903173,0.15642211021694993,0.05475098776972494,0.30910362991114426,0.29838329317572704,0.3093776331201654,0.1677078378952838,0.42767931386700886,0.4245430615159792,0.4242083793083179,0.41941298858824344,0.4291565231762943,0.016505245770938707,0.42104687204759933,8283.636942971514,3152.5855424093807,25999.919792975383,0.3,UB&PB,31325
0,0.0,0.0,0.0,0.0,0.0,0.0,0.0,0.0,0.0,0.0,0.0,0.0,0.0,0.0,0.0,0.0,0.0,0.0,0.0,0.0,0.0,0.0,0.0,0.0,0.0,0.0,0.0,0.0,0.0,0.0,0.0,0.0,0.0,0.0,0.0,0.35,UB&PB,31325
2500,0.979677929976339,0.7972333629891101,0.667433340217877,0.899246464600148,0.06978550656048621,0.032430647925693314,0.12141895922763613,0.8403663869300665,0.7401900876333691,0.9203824005728051,0.9157114427860689,0.08428855721393042,0.18738280351281408,0.1449966484094503,0.046185947338464324,0.3048681541040775,0.008952459386053454,0.47492740074371553,0.19584146972180155,0.1587779523612728,0.05368071790519785,0.3186080614306841,0.30689183728389885,0.32159897057127607,0.17391205939666038,0.4379423844909767,0.4239036705393863,0.4236163291841635,0.4194640882585422,0.4279297616367273,0.41808020458528966,0.936768300643253,12656.873166652314,4483.7007001681095,42369.421317477434,0.35,UB&PB,31325
0,0.0,0.0,0.0,0.0,0.0,0.0,0.0,0.0,0.0,0.0,0.0,0.0,0.0,0.0,0.0,0.0,0.0,0.0,0.0,0.0,0.0,0.0,0.0,0.0,0.0,0.0,0.0,0.0,0.0,0.0,0.0,0.0,0.0,0.0,0.0,0.4,UB&PB,31325
2500,0.9866710076757494,0.7274762313706247,0.6138077410007353,0.8374528351510758,0.06620525102753598,0.030741177387477066,0.1140886941180003,0.8113129384912348,0.7037734460620655,0.9037173082963189,0.9149310589907598,0.08506894100923956,0.19869428162480585,0.167346598265168,0.05855553190569894,0.32149830954265535,0.010533609896840662,0.473041635847869,0.21007270420837842,0.18413246283514628,0.07082599576163755,0.3368596333202649,0.3121099525882154,0.3300642225473999,0.1892226271674875,0.43408309850256066,0.4171586437768782,0.4167982208528989,0.4123955467911046,0.42138195580066246,0.158191792090676,0.5365356830214224,7999.970079323539,3019.7593338604593,26126.91804440385,0.4,UB&PB,31325
0,0.0,0.0,0.0,0.0,0.0,0.0,0.0,0.0,0.0,0.0,0.0,0.0,0.0,0.0,0.0,0.0,0.0,0.0,0.0,0.0,0.0,0.0,0.0,0.0,0.0,0.0,0.0,0.0,0.0,0.0,0.0,0.0,0.0,0.0,0.0,0.45,UB&PB,31325
2500,0.996276500426563,0.8116588761181401,0.6808365894368316,0.9023391124766635,0.04633854842466255,0.01903980582648516,0.08523516771167561,0.780436380494167,0.6628640246559563,0.8665173410129334,0.8890611229566432,0.11093887704335464,0.2122070778861951,0.18822212972983213,0.06666166968057373,0.3470098604961143,0.0116179513140788,0.4811091869773104,0.22178254115419652,0.20088971794385244,0.07796331487054095,0.3578610782396152,0.32660107630813356,0.35365850706232504,0.20473258890607468,0.44472570239891596,0.4157603267864256,0.41544507525810703,0.41131304539643326,0.4197572867701759,0.07473444592796442,0.45280677057231217,11438.055222273744,3786.376687105806,43884.16396210753,0.45,UB&PB,31325
0,0.0,0.0,0.0,0.0,0.0,0.0,0.0,0.0,0.0,0.0,0.0,0.0,0.0,0.0,0.0,0.0,0.0,0.0,0.0,0.0,0.0,0.0,0.0,0.0,0.0,0.0,0.0,0.0,0.0,0.0,0.0,0.0,0.0,0.0,0.0,0.5,UB&PB,31325
2500,1.0090562387692763,0.8610388153470372,0.781329831438387,0.9242483703450086,0.03924310908455604,0.015182271459939927,0.07579356034234536,0.6923594718406088,0.5662897758368047,0.8064357347233275,0.8707256574271508,0.12927434257285028,0.22953453116472786,0.2110460815059644,0.08625148080613719,0.3664050997677376,0.02106459208460253,0.48968861409684294,0.2369385003521522,0.22079049452800475,0.09550210344866095,0.3740553238488512,0.33990153741166357,0.36828152460538927,0.22277278760742053,0.4526584776480606,0.4182438777823117,0.4179374233687735,0.41416242194414293,0.4218120411311339,0.36421068042635363,0.8198526726494043,14117.500233353921,4367.967121763094,60084.99196713263,0.5,UB&PB,31325
0,0.0,0.0,0.0,0.0,0.0,0.0,0.0,0.0,0.0,0.0,0.0,0.0,0.0,0.0,0.0,0.0,0.0,0.0,0.0,0.0,0.0,0.0,0.0,0.0,0.0,0.0,0.0,0.0,0.0,0.0,0.0,0.0,0.0,0.0,0.0,0.55,UB&PB,31325
2500,1.0210468169381226,0.8598092472170735,0.7648434110865381,0.9299728382556216,0.03769694471697265,0.01446739167013872,0.07186533915919094,0.7405848090711965,0.6353532625904333,0.8304030683900991,0.8718123667377397,0.1281876332622601,0.23446673058667478,0.21596341782309514,0.08964309619470653,0.3792899028484375,0.02241095238425833,0.4922345473954553,0.24211705848867235,0.22508626817032276,0.10038210969626171,0.38491308929964224,0.3418591033321823,0.36950207281028863,0.22763891891918958,0.452436855019353,0.4171619271304641,0.41686531809715827,0.41304744314759423,0.42081376633378564,0.452636180109136,1.0452770901474475,13306.506982809675,4156.924583386169,56605.83524109901,0.55,UB&PB,31325
0,0.0,0.0,0.0,0.0,0.0,0.0,0.0,0.0,0.0,0.0,0.0,0.0,0.0,0.0,0.0,0.0,0.0,0.0,0.0,0.0,0.0,0.0,0.0,0.0,0.0,0.0,0.0,0.0,0.0,0.0,0.0,0.0,0.0,0.0,0.0,0.6,UB&PB,31325
2500,1.0471642647568609,0.8645766002076455,0.7701535188698536,0.9357566345490744,0.030774143403840607,0.011077674195558168,0.05979431487233418,0.6071823715820348,0.49524763892268486,0.7194270542083216,0.7249047619047625,0.2750952380952377,0.27498236427516004,0.27031795611092746,0.14619316508900773,0.40793492265217296,0.042905194500521035,0.5152083757379189,0.2832925472925483,0.27918451999795146,0.1593761934185561,0.4118884335288828,0.3726802040975725,0.3999796620525436,0.27733111078303063,0.4663540194287726,0.42267952294969174,0.42240697740379496,0.41872374470653145,0.4262372036889672,0.09417295521182294,0.33205319892662694,11676.104476492927,3374.498443234949,55321.83964226133,0.6,UB&PB,31325
0,0.0,0.0,0.0,0.0,0.0,0.0,0.0,0.0,0.0,0.0,0.0,0.0,0.0,0.0,0.0,0.0,0.0,0.0,0.0,0.0,0.0,0.0,0.0,0.0,0.0,0.0,0.0,0.0,0.0,0.0,0.0,0.0,0.0,0.0,0.0,0.65,UB&PB,31325
2500,1.053571350930319,0.876993769363184,0.7850701379436605,0.9422010922782419,0.0309261031787374,0.011108350937029577,0.0599369081779582,0.6959578503375049,0.5513271956810819,0.8159421222745354,0.6244719260838665,0.3755280739161332,0.279346249923031,0.2730536097801747,0.15384770278211923,0.41150934860311433,0.041307821086456455,0.5221160489913169,0.2869568765818366,0.2824743611193627,0.16522728449556046,0.41417224344646025,0.37571133765606834,0.3995227615204067,0.28473652336329347,0.4665214061784498,0.4206373273015771,0.4203760597370955,0.4166191520346655,0.42428586036734595,0.36884602116494636,0.9224916320307931,12293.921291340226,3394.9010784123325,59681.598438826615,0.65,UB&PB,31325
0,0.0,0.0,0.0,0.0,0.0,0.0,0.0,0.0,0.0,0.0,0.0,0.0,0.0,0.0,0.0,0.0,0.0,0.0,0.0,0.0,0.0,0.0,0.0,0.0,0.0,0.0,0.0,0.0,0.0,0.0,0.0,0.0,0.0,0.0,0.0,0.7,UB&PB,31325
2500,1.0754268703673155,0.8299432280792568,0.7402885827222175,0.9060565124515123,0.028201292101586065,0.00980874671892679,0.05498312089765426,0.7590536794981685,0.6334234388387073,0.8586902430106857,0.5041307746979387,0.4958692253020609,0.297901405503278,0.3004159658084524,0.18598422608052478,0.4161256813889581,0.06075901023507622,0.5217166756188341,0.3068329239957277,0.31327772067033355,0.19795477780364712,0.4188304465175598,0.38583947576445793,0.40630816915065554,0.31693987652187827,0.4577887209561063,0.4185183024826116,0.4181729030128955,0.4143094233286753,0.4221945424468587,0.020140624047743926,0.5332466888409767,9922.861995738249,2646.388952531696,50258.25034468818,0.7,UB&PB,31325
0,0.0,0.0,0.0,0.0,0.0,0.0,0.0,0.0,0.0,0.0,0.0,0.0,0.0,0.0,0.0,0.0,0.0,0.0,0.0,0.0,0.0,0.0,0.0,0.0,0.0,0.0,0.0,0.0,0.0,0.0,0.0,0.0,0.0,0.0,0.0,0.75,UB&PB,31325
2500,1.0891675901261222,0.8645458323373965,0.7750505966867495,0.9304459821580101,0.02847260605819854,0.009889779985035938,0.05571299523441327,0.6818343749191045,0.5616956892985114,0.8122471524026412,0.41147263681592033,0.5885273631840796,0.31173561184376164,0.3224383006520819,0.20564512025022705,0.4166552416365594,0.07906942124405754,0.5291821175873866,0.3188601588610693,0.33164263327084964,0.21545666428503102,0.4191626488803233,0.39013902385420324,0.4068912083416061,0.32343412407851,0.4592593159875765,0.41523149762226313,0.4149796198042718,0.4112381226289518,0.41884971652199104,0.1688582012032944,0.5178797115462347,10450.567101838555,2676.9997490556757,54610.02616417157,0.75,UB&PB,31325
0,0.0,0.0,0.0,0.0,0.0,0.0,0.0,0.0,0.0,0.0,0.0,0.0,0.0,0.0,0.0,0.0,0.0,0.0,0.0,0.0,0.0,0.0,0.0,0.0,0.0,0.0,0.0,0.0,0.0,0.0,0.0,0.0,0.0,0.0,0.0,0.8,UB&PB,31325
2500,1.1134030393796759,0.8542903152059191,0.7533332243714843,0.9278707895564404,0.02730122755015509,0.009364329421510812,0.05386317909154326,0.7869143000098868,0.6857636408761386,0.8771274468093301,0.3535650319829424,0.6464349680170576,0.3323590541824906,0.3552111240717374,0.23316171759247065,0.42489519269599885,0.10215887942148652,0.5388760875794897,0.3394784561811435,0.36159274392196306,0.2431734078181874,0.42807128338149747,0.4013239307776981,0.41500671094962055,0.3419284394449315,0.4629922305510902,0.42109068001261624,0.42086357895152926,0.4170302263777631,0.4248083520010428,0.6611794986783353,0.9715662750425021,9482.736769806175,2377.7157967735207,49946.689524769674,0.8,UB&PB,31325
0,0.0,0.0,0.0,0.0,0.0,0.0,0.0,0.0,0.0,0.0,0.0,0.0,0.0,0.0,0.0,0.0,0.0,0.0,0.0,0.0,0.0,0.0,0.0,0.0,0.0,0.0,0.0,0.0,0.0,0.0,0.0,0.0,0.0,0.0,0.0,0.85,UB&PB,31325
2500,1.1173218372601765,0.8781393766102826,0.7858056497966769,0.9419017942676337,0.02890003645092096,0.010045292135433604,0.0568782835631903,0.8036776434098309,0.6791407301066081,0.9027825023251993,0.1919239516702203,0.8080760483297806,0.3350668818220436,0.3622914665052902,0.24550021344158476,0.4129266659811529,0.11522957565217384,0.5327151691031574,0.3404342227178479,0.36446568768050797,0.2537205196074724,0.41634953613344244,0.3944877537096448,0.4033906503982546,0.3398559305831253,0.45091950629344474,0.40666612340296554,0.40638023883112234,0.4026007220786626,0.4102877551595638,0.5970152880511592,0.9528306630091428,10401.902337451822,2423.4013064890746,56181.51173764167,0.85,UB&PB,31325
0,0.0,0.0,0.0,0.0,0.0,0.0,0.0,0.0,0.0,0.0,0.0,0.0,0.0,0.0,0.0,0.0,0.0,0.0,0.0,0.0,0.0,0.0,0.0,0.0,0.0,0.0,0.0,0.0,0.0,0.0,0.0,0.0,0.0,0.0,0.0,0.9,UB&PB,31325
2500,1.1546132368826094,0.8832458533889654,0.7885785376873423,0.9454898445051502,0.02762204573767768,0.0094675434922914,0.0547835386079196,0.5575094440797241,0.4148652136420976,0.6816623116057398,0.15319545131485454,0.8468045486851453,0.3810463096953822,0.40123830151937395,0.32157918443668926,0.4360276712328556,0.17976381974026331,0.5576557450211995,0.38621671852958456,0.4015238831193037,0.3293646964866422,0.44029596747761335,0.4176702241112834,0.4232023415700305,0.3703154283987144,0.46642589195207107,0.4247438894611498,0.42446459528473746,0.42083355761674757,0.42824358766362425,0.12918633797256432,0.8838825654698838,9561.727050334233,2185.1732199848307,53415.464415631344,0.9,UB&PB,31325
0,0.0,0.0,0.0,0.0,0.0,0.0,0.0,0.0,0.0,0.0,0.0,0.0,0.0,0.0,0.0,0.0,0.0,0.0,0.0,0.0,0.0,0.0,0.0,0.0,0.0,0.0,0.0,0.0,0.0,0.0,0.0,0.0,0.0,0.0,0.0,0.95,UB&PB,31325
2500,1.1656150490382933,0.8702022231860397,0.7812510499931854,0.9351300267408347,0.028724184749419346,0.009992539207736097,0.05650436735435403,0.8206173995779026,0.7185495619655871,0.8985772740184059,0.13426297085998568,0.8657370291400137,0.38386295072270415,0.4003256208835246,0.3329822145696612,0.43412196078309373,0.18769817243647,0.5547817961743032,0.38825109714768835,0.3992536852534468,0.33949831171969075,0.43872638695620625,0.4131030641521786,0.41813795584149244,0.36322821954092266,0.4627168037988846,0.4201215452545283,0.41982774518225624,0.4161057537661897,0.42369913616798577,0.6624340420802325,1.0435795173454774,9252.7768185568,2136.9463467281075,50842.29323449241,0.95,UB&PB,31325
0,0.0,0.0,0.0,0.0,0.0,0.0,0.0,0.0,0.0,0.0,0.0,0.0,0.0,0.0,0.0,0.0,0.0,0.0,0.0,0.0,0.0,0.0,0.0,0.0,0.0,0.0,0.0,0.0,0.0,0.0,0.0,0.0,0.0,0.0,0.0,0.05,UB&PB,69847
2500,0.9173031415969762,0.4164536874568303,0.2542211558122388,0.6006532944721414,0.7338322775554217,0.5956195790917866,0.8581673720185575,0.8782629804368066,0.8035624961435518,0.9383588586253573,0.959579957356078,0.04042004264392324,0.08636615976087425,0.026750765502980035,0.006431858391551494,0.11807414587072602,0.0010224640856043889,0.3623517793099397,0.09886801908261265,0.038894001594263955,0.009857770711295667,0.1437163899789007,0.14436921965005678,0.09976393978381712,0.04673893972476202,0.20941743992028097,0.42229740000699323,0.4218555892618178,0.41190844332783527,0.43220415446294663,0.031201397714253745,0.7209668797180635,5194.821319051457,3205.133944466356,8647.185172410493,0.05,UB&PB,69847
0,0.0,0.0,0.0,0.0,0.0,0.0,0.0,0.0,0.0,0.0,0.0,0.0,0.0,0.0,0.0,0.0,0.0,0.0,0.0,0.0,0.0,0.0,0.0,0.0,0.0,0.0,0.0,0.0,0.0,0.0,0.0,0.0,0.0,0.0,0.0,0.1,UB&PB,69847
2500,0.9332468289248428,0.28291590450535514,0.13864957996058538,0.4562242697145487,0.5690613325191485,0.4571029536301728,0.6932124532742998,0.8929621125995919,0.817459575384865,0.9491292085818211,0.9604875621890543,0.039512437810945204,0.09938832690490716,0.05055951026382936,0.016505647206167387,0.14058545791145105,0.0027123383921458383,0.35292844651788785,0.12417112734599216,0.07887280976434939,0.029066608274783228,0.18363804482631352,0.1505794502729267,0.11917891848752807,0.07443318501361132,0.19470777567557454,0.4225161040231899,0.4217416333074967,0.4021179365797055,0.44206529039719633,0.44115645764947586,1.0036056887923015,2445.721551979212,1687.3937179510044,3639.661010015447,0.1,UB&PB,69847
0,0.0,0.0,0.0,0.0,0.0,0.0,0.0,0.0,0.0,0.0,0.0,0.0,0.0,0.0,0.0,0.0,0.0,0.0,0.0,0.0,0.0,0.0,0.0,0.0,0.0,0.0,0.0,0.0,0.0,0.0,0.0,0.0,0.0,0.0,0.0,0.15,UB&PB,69847
2500,0.9418946818288216,0.621870927092117,0.38746403159282217,0.7920338701309646,0.6597699309583747,0.5589533293861414,0.7631330749396066,0.8354068783223058,0.7549403382948877,0.9030664840029694,0.9617981520966595,0.03820184790334046,0.09266530394148481,0.040229163946768585,0.011473027264831783,0.12806426711466135,0.00207673256106341,0.3595382523510342,0.10427265465137582,0.05427832165731545,0.018210253994742995,0.14722168574042435,0.14957603327828273,0.1158254298585244,0.06115427089222487,0.20643986404674908,0.4124557997976272,0.4117492187395928,0.402360323298697,0.42156598661103983,0.15900637284426478,0.7298449668941478,21706.488150669487,13246.023347225842,36310.94221807095,0.15,UB&PB,69847
0,0.0,0.0,0.0,0.0,0.0,0.0,0.0,0.0,0.0,0.0,0.0,0.0,0.0,0.0,0.0,0.0,0.0,0.0,0.0,0.0,0.0,0.0,0.0,0.0,0.0,0.0,0.0,0.0,0.0,0.0,0.0,0.0,0.0,0.0,0.0,0.2,UB&PB,69847
2500,0.9553402069074066,0.7881728760725603,0.6586046462578397,0.8856337442459581,0.8189938396455595,0.7180922059885326,0.8964889752860231,0.7943469481162936,0.6744420452486547,0.897797796515143,0.9580717839374552,0.04192821606254438,0.08048304291247041,0.029226007774570687,0.005243630323710526,0.10984776623664251,0.00010845066702792728,0.3332433853733858,0.08282617591440665,0.03126082348483832,0.005770983283378118,0.1144618203706882,0.13227491268856384,0.10130892794491834,0.04547622600935846,0.18509210532034068,0.42289063276879113,0.42255995942525504,0.4181948801694475,0.4270706014568324,0.011321351711850223,0.700787556207981,49116.04345869441,31504.875421456003,78163.79641542537,0.2,UB&PB,69847
0,0.0,0.0,0.0,0.0,0.0,0.0,0.0,0.0,0.0,0.0,0.0,0.0,0.0,0.0,0.0,0.0,0.0,0.0,0.0,0.0,0.0,0.0,0.0,0.0,0.0,0.0,0.0,0.0,0.0,0.0,0.0,0.0,0.0,0.0,0.0,0.25,UB&PB,69847
2500,0.9674734946658057,0.38264340953300496,0.2644391547216814,0.5840105082565911,0.20221376485051498,0.12495732297881419,0.28852294031315934,0.8497753097115494,0.7632634497810649,0.9250685831666082,0.9510163468372421,0.048983653162757705,0.17859210415630472,0.14215582207049232,0.062316093355626344,0.2719931317313125,0.015992185224814832,0.44338238974725425,0.21165291092152846,0.18809015589366998,0.09347778136824511,0.31468372089122293,0.2621095163822076,0.24892084352926114,0.16403246038144426,0.3547222784844147,0.41848417001506416,0.41782225559257313,0.40636952406915505,0.4297366243436743,0.1331448049971728,0.8958647643734683,2094.3406299448575,1274.335270927132,3848.109400392284,0.25,UB&PB,69847
0,0.0,0.0,0.0,0.0,0.0,0.0,0.0,0.0,0.0,0.0,0.0,0.0,0.0,0.0,0.0,0.0,0.0,0.0,0.0,0.0,0.0,0.0,0.0,0.0,0.0,0.0,0.0,0.0,0.0,0.0,0.0,0.0,0.0,0.0,0.0,0.3,UB&PB,69847
2500,0.9727854217927101,0.6856049642811778,0.53926546927903,0.8090213235667748,0.11051259001857174,0.06368266087268531,0.17370566978871876,0.837736598615005,0.7243537917099327,0.9231302171432516,0.9194207533759787,0.08057924662402272,0.18306527790084517,0.14242141917004328,0.049180957752867724,0.29122381691678284,0.011302497626562442,0.46473006933243877,0.19815519911915958,0.16515387844096122,0.06319370124405342,0.3124211133652185,0.2932556862708357,0.2998463974904289,0.1686860630534641,0.41581756081503074,0.42255301105535464,0.4221883711957235,0.4163337284805251,0.42827341498358057,0.08630739952352133,0.4442438207673567,8220.512668932144,3122.299250669103,25865.194059266516,0.3,UB&PB,69847
0,0.0,0.0,0.0,0.0,0.0,0.0,0.0,0.0,0.0,0.0,0.0,0.0,0.0,0.0,0.0,0.0,0.0,0.0,0.0,0.0,0.0,0.0,0.0,0.0,0.0,0.0,0.0,0.0,0.0,0.0,0.0,0.0,0.0,0.0,0.0,0.35,UB&PB,69847
2500,0.9732178188767728,0.7721655734091403,0.6191300772778588,0.8892724481253941,0.06839880420234454,0.03126442492854571,0.12006386880374478,0.7384962230009339,0.6184253813878434,0.8472279595988838,0.9076510305614797,0.09234896943852183,0.19430534118715662,0.16056178485090428,0.05489935185201092,0.3103190463273562,0.010994207803721562,0.47124543232550387,0.2049397960619749,0.17712713986081413,0.06573466650870526,0.32565497262787496,0.31026149892023475,0.32728955083763644,0.18477502535704649,0.43360078073319525,0.41928022377378366,0.4189865768704457,0.41451985099974314,0.42359541458944683,0.14831842700343809,0.4107743545296613,9586.17877914227,3467.290099479661,32632.285852952777,0.35,UB&PB,69847
0,0.0,0.0,0.0,0.0,0.0,0.0,0.0,0.0,0.0,0.0,0.0,0.0,0.0,0.0,0.0,0.0,0.0,0.0,0.0,0.0,0.0,0.0,0.0,0.0,0.0,0.0,0.0,0.0,0.0,0.0,0.0,0.0,0.0,0.0,0.0,0.4,UB&PB,69847
2500,0.983314187193314,0.867625318359833,0.7774407331721648,0.9364245816497874,0.06514070087664922,0.028537149775554032,0.11745391696251153,0.7936993448902673,0.684386543537528,0.8891738223551404,0.9094932480454873,0.09050675195451324,0.19129457278836703,0.14706667062208595,0.04780014271407342,0.31457085733886125,0.010554410038635866,0.4823897757918975,0.1968235867300612,0.1561287617728616,0.05235670101561215,0.3233372883285547,0.30992447797490363,0.32256433429333126,0.1752135330046246,0.44429930570359,0.4224863105832102,0.42225235069934347,0.41853945120005537,0.42607952049704967,0.03335291867342684,0.41063339139407123,21907.94885903001,7216.934034553573,78699.04572573656,0.4,UB&PB,69847
0,0.0,0.0,0.0,0.0,0.0,0.0,0.0,0.0,0.0,0.0,0.0,0.0,0.0,0.0,0.0,0.0,0.0,0.0,0.0,0.0,0.0,0.0,0.0,0.0,0.0,0.0,0.0,0.0,0.0,0.0,0.0,0.0,0.0,0.0,0.0,0.45,UB&PB,69847
2500,0.9973082629011618,0.8227528963788804,0.7153605091043486,0.8999120912763471,0.040720047389802144,0.016166550616695037,0.07763841421248432,0.6414516906107922,0.5337498927471745,0.7554352671559565,0.8851712864250184,0.11482871357498216,0.22593156436471531,0.20857753954497854,0.08445439828706551,0.35611267258375845,0.01893259342719338,0.485437330009031,0.2353590480797421,0.22120744233309847,0.0964562221812185,0.3667813165237355,0.33929198820848866,0.36883751986643803,0.22473892308831875,0.45048502919641065,0.4205656114600564,0.4202898145307166,0.4163628068859108,0.42437336753272326,0.44747527526566555,0.7369893299894438,10617.756034436703,3466.7479769454403,42420.64094520997,0.45,UB&PB,69847
0,0.0,0.0,0.0,0.0,0.0,0.0,0.0,0.0,0.0,0.0,0.0,0.0,0.0,0.0,0.0,0.0,0.0,0.0,0.0,0.0,0.0,0.0,0.0,0.0,0.0,0.0,0.0,0.0,0.0,0.0,0.0,0.0,0.0,0.0,0.0,0.5,UB&PB,69847
2500,1.0063588699395623,0.8739464262225439,0.7795638064951519,0.9414133478276963,0.04330356161334968,0.017294742850503662,0.08136784746608762,0.8170757990364849,0.7015753248429484,0.9097390678387574,0.8708877043354649,0.12911229566453453,0.21661899118193823,0.18989739419899718,0.06834416279372264,0.360115861061713,0.013073121515377494,0.4887560787209428,0.22378776614108847,0.1993141737951489,0.0763967768203413,0.3676335441037019,0.33105663003896996,0.356793363938334,0.20870156044421712,0.4502905487450212,0.4184195866046199,0.4181545205235442,0.4142848041594669,0.42214899324165045,0.1380359213055836,0.7821661806623827,15625.83749146839,4809.671549919476,64723.080434735275,0.5,UB&PB,69847
0,0.0,0.0,0.0,0.0,0.0,0.0,0.0,0.0,0.0,0.0,0.0,0.0,0.0,0.0,0.0,0.0,0.0,0.0,0.0,0.0,0.0,0.0,0.0,0.0,0.0,0.0,0.0,0.0,0.0,0.0,0.0,0.0,0.0,0.0,0.0,0.55,UB&PB,69847
2500,1.0193681478254286,0.8505382810244118,0.7328913310503264,0.9225413894141602,0.037458818347731786,0.014347343464754546,0.07137038797494204,0.6645453025144517,0.5457431251282091,0.7781266467599234,0.8281577825159913,0.17184221748400863,0.24062417310728845,0.2268240394873545,0.10470910056224118,0.3773224584845732,0.027769514809230414,0.4871308403022534,0.24935010854702927,0.23689586195915033,0.11749012268088214,0.3837722478544313,0.3437160799476257,0.37104316858814074,0.23791862453810894,0.44746611313535933,0.41082532838467,0.41053099004967375,0.40651567941134337,0.4147001440252118,0.32439730869109484,0.703016178098691,12031.332107216685,3705.764013267729,51973.154382858505,0.55,UB&PB,69847
0,0.0,0.0,0.0,0.0,0.0,0.0,0.0,0.0,0.0,0.0,0.0,0.0,0.0,0.0,0.0,0.0,0.0,0.0,0.0,0.0,0.0,0.0,0.0,0.0,0.0,0.0,0.0,0.0,0.0,0.0,0.0,0.0,0.0,0.0,0.0,0.6,UB&PB,69847
2500,1.0488969413574152,0.8027744799688803,0.6900590719798634,0.9014869333932478,0.030114463471782257,0.01074532103189597,0.05843271509846835,0.6245993040882042,0.49134459971736727,0.7271515044018421,0.716358208955224,0.2836417910447763,0.2801018192808015,0.27750403309046134,0.15753715250794384,0.4099357551268893,0.04492843130598716,0.5125312154633549,0.29078135511305586,0.2898676768316021,0.17442319054383199,0.4144604622303406,0.37625588741721855,0.4030803714897944,0.29160837400888334,0.4622866023796372,0.4238908858856096,0.42361728742974775,0.4196729263348749,0.4277280808834901,0.03373520708292008,0.41927179055889585,8222.869050248226,2519.832747166036,37805.12377490193,0.6,UB&PB,69847
0,0.0,0.0,0.0,0.0,0.0,0.0,0.0,0.0,0.0,0.0,0.0,0.0,0.0,0.0,0.0,0.0,0.0,0.0,0.0,0.0,0.0,0.0,0.0,0.0,0.0,0.0,0.0,0.0,0.0,0.0,0.0,0.0,0.0,0.0,0.0,0.65,UB&PB,69847
2500,1.0601665634298643,0.8476478933155622,0.7644360497290867,0.9149909190970142,0.028359164246151907,0.009947085992433168,0.05606019490925805,0.5668314036947198,0.47019000357559554,0.6658147439552854,0.5292245913290691,0.4707754086709308,0.29445928921179126,0.2941580969631065,0.18354056487632536,0.412034044349217,0.061371686615131094,0.5199653468754398,0.30301030349990554,0.3040547649361925,0.19636993870621253,0.41486073448601923,0.38378400571713994,0.40445563598140155,0.3104903622305677,0.4593424191935095,0.4175780275656853,0.41725728611367374,0.4135158377683094,0.4211392893508243,0.25160318409602594,0.4965135737335363,10017.26879967592,2747.9016993106743,49640.081226408016,0.65,UB&PB,69847
0,0.0,0.0,0.0,0.0,0.0,0.0,0.0,0.0,0.0,0.0,0.0,0.0,0.0,0.0,0.0,0.0,0.0,0.0,0.0,0.0,0.0,0.0,0.0,0.0,0.0,0.0,0.0,0.0,0.0,0.0,0.0,0.0,0.0,0.0,0.0,0.7,UB&PB,69847
2500,1.0800377178944958,0.8846996312168208,0.7997580337644362,0.9436096348670067,0.028346302488101587,0.009764002238703313,0.056022659512268175,0.7137192548837202,0.5199030088888121,0.8745472462981606,0.4138223169864971,0.5861776830135043,0.30603613545512787,0.3120537880668533,0.19346627158242,0.42119643248658784,0.06369683888228574,0.5350335561590082,0.3133874349719642,0.3218740526293078,0.2036144596032748,0.42349632602924586,0.3944179626541447,0.4131301415059451,0.32449174700329264,0.46688586462793863,0.4226017687536148,0.4222816941957213,0.41865321819699064,0.4260592170906285,0.23570834273586586,0.7746730424295131,11748.166885302462,2920.319441621028,61594.912737895196,0.7,UB&PB,69847
0,0.0,0.0,0.0,0.0,0.0,0.0,0.0,0.0,0.0,0.0,0.0,0.0,0.0,0.0,0.0,0.0,0.0,0.0,0.0,0.0,0.0,0.0,0.0,0.0,0.0,0.0,0.0,0.0,0.0,0.0,0.0,0.0,0.0,0.0,0.0,0.75,UB&PB,69847
2500,1.097171522834318,0.8561120171644325,0.7514925996695502,0.9288599030345472,0.028606041888112162,0.009975333719910672,0.05583181063502148,0.6865011997733228,0.5346859836732267,0.8250869673890564,0.3018479033404404,0.6981520966595601,0.32533470846477525,0.33998640408197506,0.22569895105830304,0.42506678663169445,0.08623136495265758,0.5397771003487871,0.3332976067749682,0.3496886793962603,0.23620079107561168,0.4281207630123793,0.4036837362148247,0.41739331760263865,0.34619968371550014,0.4655433622958325,0.4225989800579516,0.422298343972708,0.41853104477270076,0.4262238048462654,0.5968014229154693,0.986876658838947,9317.608410188897,2339.8736249217122,48113.71957022588,0.75,UB&PB,69847
0,0.0,0.0,0.0,0.0,0.0,0.0,0.0,0.0,0.0,0.0,0.0,0.0,0.0,0.0,0.0,0.0,0.0,0.0,0.0,0.0,0.0,0.0,0.0,0.0,0.0,0.0,0.0,0.0,0.0,0.0,0.0,0.0,0.0,0.0,0.0,0.8,UB&PB,69847
2500,1.1111962595796983,0.8528180582943945,0.7438634321454658,0.9260808520856986,0.02874924263201612,0.009906976271635698,0.05749200292910269,0.6340276069523005,0.48232564644088316,0.7728641081401053,0.297056858564321,0.7029431414356785,0.3388005788877268,0.362007950016447,0.24824359839172846,0.4232120856377749,0.11244958178440322,0.535767872296309,0.34591394513720347,0.3676897355463604,0.2581008123873621,0.42678840936501655,0.40244125899406924,0.4135237669739175,0.3477458203315498,0.4599931186318982,0.4177561460357501,0.41744055450406153,0.41361292797502813,0.421448916051677,0.039736119360717276,0.4541684516863873,8502.183662587793,2195.462084183551,43571.24078093574,0.8,UB&PB,69847
0,0.0,0.0,0.0,0.0,0.0,0.0,0.0,0.0,0.0,0.0,0.0,0.0,0.0,0.0,0.0,0.0,0.0,0.0,0.0,0.0,0.0,0.0,0.0,0.0,0.0,0.0,0.0,0.0,0.0,0.0,0.0,0.0,0.0,0.0,0.0,0.85,UB&PB,69847
2500,1.1244801510958466,0.8889861763230438,0.8042965659474396,0.9471893240428318,0.02778864744305126,0.009483460888326205,0.05461609754145555,0.7305880622487095,0.6112619341238005,0.8335184116410513,0.21344349680170577,0.7865565031982944,0.34646354972121285,0.373187994643654,0.26154019928033034,0.4212304597744943,0.12592842089716744,0.5440476146922569,0.352107934323834,0.3753272633291301,0.27059107290891604,0.4245054757739468,0.4023690065374609,0.41124215027208044,0.34632255304332704,0.4596729343435299,0.41460914136408517,0.41424840342805874,0.4105717133516418,0.4180501671923242,0.6904323486785788,1.0586579412514407,11031.750138581689,2511.747437624707,60890.114621933404,0.85,UB&PB,69847
0,0.0,0.0,0.0,0.0,0.0,0.0,0.0,0.0,0.0,0.0,0.0,0.0,0.0,0.0,0.0,0.0,0.0,0.0,0.0,0.0,0.0,0.0,0.0,0.0,0.0,0.0,0.0,0.0,0.0,0.0,0.0,0.0,0.0,0.0,0.0,0.9,UB&PB,69847
2500,1.1375342617105537,0.8888313852490257,0.8049386735824717,0.950388275472924,0.027065254540511997,0.009186086570349248,0.053576632455085815,0.6502247370541387,0.5325116395352045,0.7590573312370489,0.14346624022743398,0.8565337597725656,0.3599251151689453,0.38164256967944776,0.29663419192150614,0.41800850292746355,0.15332337903246027,0.5427347070485145,0.3647115521264378,0.38119208653252623,0.3046481117481745,0.42184442661979726,0.4006383163018754,0.40655544446015274,0.3515767427503629,0.4509195684676162,0.408480110483155,0.40811161615168856,0.4044349262220158,0.41193483589224955,0.3992420803522185,0.9136354369796,10293.070376136036,2292.247758082432,58271.842520678416,0.9,UB&PB,69847
0,0.0,0.0,0.0,0.0,0.0,0.0,0.0,0.0,0.0,0.0,0.0,0.0,0.0,0.0,0.0,0.0,0.0,0.0,0.0,0.0,0.0,0.0,0.0,0.0,0.0,0.0,0.0,0.0,0.0,0.0,0.0,0.0,0.0,0.0,0.0,0.95,UB&PB,69847
2500,1.1631307406639262,0.8488176907699374,0.7458424738689567,0.9297038887193689,0.028038342666565,0.009607068257718001,0.05566220796010721,0.7069601671635046,0.5188400491654306,0.8460765192577843,0.15990191897654552,0.8400980810234544,0.38753106870111825,0.4028289675490878,0.34063606648080086,0.4345276039726197,0.19687454897107043,0.5537007233861461,0.39234255039656546,0.40204826025621526,0.3472990460693874,0.439269293619826,0.4130807620567728,0.41769585850376856,0.36580166348893756,0.46127826972112573,0.41915407621246487,0.4188313916302674,0.4150379123828458,0.4228039603366737,0.6618209215327715,1.051623570084476,7988.878051449971,1963.0767003639617,42300.94563528494,0.95,UB&PB,69847
0,0.0,0.0,0.0,0.0,0.0,0.0,0.0,0.0,0.0,0.0,0.0,0.0,0.0,0.0,0.0,0.0,0.0,0.0,0.0,0.0,0.0,0.0,0.0,0.0,0.0,0.0,0.0,0.0,0.0,0.0,0.0,0.0,0.0,0.0,0.0,0.05,UB&PB,26106
2500,0.9160512323537939,0.5406244136949371,0.38789304254121476,0.7007390860040718,0.7622870280515842,0.6500776972025901,0.8747604772932424,0.8900980347949906,0.8072329990848667,0.9513717953656353,0.9513930348258717,0.04860696517412932,0.08218277081253655,0.01966119489714275,0.002919914716048213,0.10540911957664396,0.00022364462899473754,0.37337119450557327,0.08957897886473976,0.026157294929333948,0.004225008341868608,0.12140846038280942,0.1458603580212258,0.09689498784189453,0.039190946109080874,0.21677176938226042,0.42360982434583133,0.4232342635277598,0.4164643762654769,0.43036682527899117,0.20441024530363613,0.7610375484031793,9267.232180218884,5376.154184257952,16253.100113282642,0.05,UB&PB,26106
0,0.0,0.0,0.0,0.0,0.0,0.0,0.0,0.0,0.0,0.0,0.0,0.0,0.0,0.0,0.0,0.0,0.0,0.0,0.0,0.0,0.0,0.0,0.0,0.0,0.0,0.0,0.0,0.0,0.0,0.0,0.0,0.0,0.0,0.0,0.0,0.1,UB&PB,26106
2500,0.9296536972707503,0.2804706435927207,0.1757548018667764,0.42778848980412526,0.6056764441738409,0.4880388528962748,0.7362544678705254,0.8639146596229209,0.7782538468178539,0.9320818343347994,0.9633205401563607,0.03667945984363886,0.0912151388461442,0.043199413635860266,0.013073911230786647,0.12675181373958672,0.0015006097039808514,0.33491591224070133,0.1137108943277647,0.06814116013570871,0.02376676677448741,0.16646490708964515,0.1395500913131259,0.10897484643748559,0.06851107911121912,0.17741825275001272,0.41183222688841076,0.4111614367136377,0.3946422946411054,0.4282110066024464,0.058547184531441816,0.5369850452878282,2518.2268870819908,1756.8446940981094,3700.8900238287524,0.1,UB&PB,26106
0,0.0,0.0,0.0,0.0,0.0,0.0,0.0,0.0,0.0,0.0,0.0,0.0,0.0,0.0,0.0,0.0,0.0,0.0,0.0,0.0,0.0,0.0,0.0,0.0,0.0,0.0,0.0,0.0,0.0,0.0,0.0,0.0,0.0,0.0,0.0,0.15,UB&PB,26106
2500,0.9440566982386629,0.42332590198092396,0.2990771132523713,0.5506984041254714,0.37292491093731134,0.285209085533464,0.47653780116645555,0.8852218865247741,0.8083476458489994,0.9449204776156536,0.9548635394456283,0.04513646055437101,0.13177039088007217,0.08684629056453261,0.03478262105565147,0.19417998381929708,0.008079561888987613,0.3925980570761543,0.15757046595655622,0.12097559325775291,0.05522947022734099,0.23209780868663754,0.20275673452935847,0.17843857512858577,0.11204022094602217,0.27535250575816805,0.4152844419916586,0.41482501504084024,0.4031920201838876,0.4267849346982156,0.08292290048251982,0.8696240547579548,3177.3812844507197,2082.8366688425417,5122.963299214071,0.15,UB&PB,26106
0,0.0,0.0,0.0,0.0,0.0,0.0,0.0,0.0,0.0,0.0,0.0,0.0,0.0,0.0,0.0,0.0,0.0,0.0,0.0,0.0,0.0,0.0,0.0,0.0,0.0,0.0,0.0,0.0,0.0,0.0,0.0,0.0,0.0,0.0,0.0,0.2,UB&PB,26106
2500,0.9627872514987273,0.30868616917716507,0.19258788253670384,0.5031962601643913,0.2588027868044436,0.1818090619782034,0.34816332268398364,0.8862860095211993,0.8181470587561878,0.9463431669552557,0.9497874911158508,0.050212508884150686,0.1699838318982545,0.13457008975183712,0.06135421138131374,0.25398095532056636,0.015468201949418123,0.4269700328042244,0.20773259013194506,0.18550929108126174,0.09547761217513731,0.3037458102235839,0.24526012439727543,0.23051736482409219,0.1589060482955555,0.32066722029111866,0.4224232554358644,0.42175311455432135,0.40720983517409637,0.4369164516860565,0.004907492701798483,0.6714095075853694,1632.35123277175,1120.038877855614,2566.5835866448533,0.2,UB&PB,26106
0,0.0,0.0,0.0,0.0,0.0,0.0,0.0,0.0,0.0,0.0,0.0,0.0,0.0,0.0,0.0,0.0,0.0,0.0,0.0,0.0,0.0,0.0,0.0,0.0,0.0,0.0,0.0,0.0,0.0,0.0,0.0,0.0,0.0,0.0,0.0,0.25,UB&PB,26106
2500,0.9657933874186491,0.4204556390092794,0.3240257042652169,0.5334838136579114,0.1914285228255569,0.12230148193322292,0.26883673432632677,0.8195355828522689,0.7230463733930538,0.9101689907468983,0.95081236673774,0.04918763326226018,0.17774145343709233,0.14559538404040953,0.06549158112175976,0.26729828389059546,0.018303688665823555,0.4304987388155894,0.20843188363870874,0.18860466849655516,0.09524394367585935,0.30704898328732644,0.26447583985222656,0.2538023843734333,0.1701559875942848,0.35606398883184537,0.41222822959709654,0.41183443825604976,0.4030370124788448,0.4209578179760463,0.05875377846560458,0.29830880807756893,1913.1330758332392,1235.0744981293522,3242.006643651904,0.25,UB&PB,26106
0,0.0,0.0,0.0,0.0,0.0,0.0,0.0,0.0,0.0,0.0,0.0,0.0,0.0,0.0,0.0,0.0,0.0,0.0,0.0,0.0,0.0,0.0,0.0,0.0,0.0,0.0,0.0,0.0,0.0,0.0,0.0,0.0,0.0,0.0,0.0,0.3,UB&PB,26106
2500,0.962193304633481,0.6203319349851611,0.48553015991551085,0.7679142898353406,0.1640134679479546,0.09705965445361839,0.25574168069024994,0.7389847434335283,0.6426362820753841,0.8252623615228465,0.9418038379530925,0.05819616204690838,0.16691377042888983,0.1225073065624532,0.04317753405840123,0.2635839054993463,0.00952023456751596,0.44760966191921153,0.1824124203486223,0.14659999202791452,0.058337310624004025,0.28378145529854165,0.2653590020348943,0.25598737567467245,0.14801530082972625,0.38169111750456236,0.4109115935412358,0.4105721277666401,0.40479554571520043,0.4165775417939213,0.16282096090651435,0.6365201262860655,10439.917706972621,4917.94880280331,23465.16627938997,0.3,UB&PB,26106
0,0.0,0.0,0.0,0.0,0.0,0.0,0.0,0.0,0.0,0.0,0.0,0.0,0.0,0.0,0.0,0.0,0.0,0.0,0.0,0.0,0.0,0.0,0.0,0.0,0.0,0.0,0.0,0.0,0.0,0.0,0.0,0.0,0.0,0.0,0.0,0.35,UB&PB,26106
2500,0.9711007577568465,0.7986867049999047,0.6638099440652672,0.8927459283225321,0.06883805878508034,0.030805956945403327,0.12569349156208137,0.8030602293023147,0.7096541315184507,0.8873084440136461,0.920769012082446,0.0792309879175552,0.1830547091568049,0.14006792392738596,0.04251349512914685,0.2972496043186034,0.00750724854436076,0.47128946824033824,0.19200268841807142,0.1546677338484184,0.05022269869717237,0.311747300721044,0.30044951061562875,0.3133110511866281,0.1657337654544555,0.43293056640156863,0.41753465207279156,0.4172084040597214,0.4129100019648264,0.42168017551474857,0.059976551554338633,0.2844663113552114,11885.68353489531,4152.840528985376,40285.68769975356,0.35,UB&PB,26106
0,0.0,0.0,0.0,0.0,0.0,0.0,0.0,0.0,0.0,0.0,0.0,0.0,0.0,0.0,0.0,0.0,0.0,0.0,0.0,0.0,0.0,0.0,0.0,0.0,0.0,0.0,0.0,0.0,0.0,0.0,0.0,0.0,0.0,0.0,0.0,0.4,UB&PB,26106
2500,0.9835750290670067,0.8308523550640522,0.6888594690668731,0.9192527613861606,0.06093512190478293,0.026518889111851764,0.11207117988974112,0.8089808971701051,0.6763125285629893,0.9060929878801827,0.8959388770433547,0.10406112295664523,0.19538863336109086,0.15912136075095815,0.05092336581478137,0.3205324877621333,0.008653279182918746,0.4783207577910953,0.20315929770053318,0.17125550224439168,0.058563032357568795,0.33165409514649824,0.3133231786466367,0.33089823342304453,0.1835231125252076,0.4415727424199259,0.4195872198669708,0.4193422590740202,0.4153123368268417,0.4234813763332367,0.4779517263630625,0.7876947160425857,13409.688410235685,4532.293770340051,47862.77447974821,0.4,UB&PB,26106
0,0.0,0.0,0.0,0.0,0.0,0.0,0.0,0.0,0.0,0.0,0.0,0.0,0.0,0.0,0.0,0.0,0.0,0.0,0.0,0.0,0.0,0.0,0.0,0.0,0.0,0.0,0.0,0.0,0.0,0.0,0.0,0.0,0.0,0.0,0.0,0.45,UB&PB,26106
2500,0.9923730412033207,0.8566542487122769,0.7637208521794449,0.9252663091305376,0.05416175694089173,0.021996606827778344,0.10157902761523332,0.8220978533889366,0.7149085850093609,0.9049963474961693,0.9046929637526638,0.09530703624733476,0.1994900355977856,0.1637829055213302,0.05325120505233088,0.33122272615779946,0.012161403546353375,0.48063341225570577,0.2059534249062319,0.1737986923611638,0.05938865721562704,0.34026402802039374,0.3144624027767038,0.33200897071321733,0.183127832163843,0.442791045739232,0.41551942228282013,0.41525220312927597,0.4114107179129878,0.41918275226584417,0.25046782316077976,0.7014967218630942,17963.430433829024,5695.925020000785,68313.81838128966,0.45,UB&PB,26106
0,0.0,0.0,0.0,0.0,0.0,0.0,0.0,0.0,0.0,0.0,0.0,0.0,0.0,0.0,0.0,0.0,0.0,0.0,0.0,0.0,0.0,0.0,0.0,0.0,0.0,0.0,0.0,0.0,0.0,0.0,0.0,0.0,0.0,0.0,0.0,0.5,UB&PB,26106
2500,1.0056718349724116,0.8671853352742473,0.7600342128620243,0.9358267441646018,0.04444485475613391,0.017748344535614243,0.08401348604863955,0.7899211274127044,0.6494438341881066,0.8937706684900153,0.8826076759061836,0.11739232409381659,0.21624937894454466,0.18929779820676912,0.07034424999616129,0.35597896016942704,0.015727168445728624,0.4862247907709892,0.22352738875320657,0.19915473111614604,0.0787614831596678,0.3636545604185348,0.327446814872533,0.3524861966965331,0.2036406525161087,0.4476549334476246,0.41400262084740075,0.4137062078483589,0.4098696224319319,0.41770062134490826,0.3781758071871653,0.6137529540092196,14914.71869059719,4656.532140472986,60669.15729249883,0.5,UB&PB,26106
0,0.0,0.0,0.0,0.0,0.0,0.0,0.0,0.0,0.0,0.0,0.0,0.0,0.0,0.0,0.0,0.0,0.0,0.0,0.0,0.0,0.0,0.0,0.0,0.0,0.0,0.0,0.0,0.0,0.0,0.0,0.0,0.0,0.0,0.0,0.0,0.55,UB&PB,26106
2500,1.023641301720685,0.8807598854244046,0.7947518641596281,0.9468203313172169,0.03919770923723158,0.014830844846396499,0.07625197782628691,0.8324356728994827,0.7169069457727348,0.9112585870093878,0.8436218905472633,0.15637810945273634,0.2339534649220367,0.21173590564340034,0.08387618282311038,0.383985969646721,0.01938695058962377,0.5013370801383324,0.24060845212927046,0.21991587150158545,0.0924250002262003,0.38916400332531287,0.34535029467274203,0.3713162065855902,0.22816384371135648,0.46054298481009875,0.424359308206343,0.42411876682512484,0.4203596426024415,0.4279804691295223,0.05943792409316127,0.37573406160060197,16382.23388502211,4875.895882273642,70212.11138425731,0.55,UB&PB,26106
0,0.0,0.0,0.0,0.0,0.0,0.0,0.0,0.0,0.0,0.0,0.0,0.0,0.0,0.0,0.0,0.0,0.0,0.0,0.0,0.0,0.0,0.0,0.0,0.0,0.0,0.0,0.0,0.0,0.0,0.0,0.0,0.0,0.0,0.0,0.0,0.6,UB&PB,26106
2500,1.0338313237894183,0.8687792636960064,0.7821280428791669,0.9316922420665701,0.03160034535661336,0.011464883880444329,0.06103459143268085,0.6402217101740783,0.5053622937960465,0.766243529965322,0.7961911869225295,0.20380881307746984,0.2568380472096977,0.24785108642886552,0.1259835783154222,0.39210817084295446,0.032077205196744694,0.49644132904716226,0.2645184294227627,0.25643185032065013,0.1381146418451323,0.39599885471289104,0.35414353300128276,0.3819101766915003,0.2545162740954923,0.4522368414146792,0.4110166206309528,0.4107280071441835,0.40692522949345195,0.41466538793677493,0.02076146608184552,0.5581450037356911,12513.865331796846,3708.111383390424,57792.10112312447,0.6,UB&PB,26106
0,0.0,0.0,0.0,0.0,0.0,0.0,0.0,0.0,0.0,0.0,0.0,0.0,0.0,0.0,0.0,0.0,0.0,0.0,0.0,0.0,0.0,0.0,0.0,0.0,0.0,0.0,0.0,0.0,0.0,0.0,0.0,0.0,0.0,0.0,0.0,0.65,UB&PB,26106
2500,1.0591398473460016,0.8731413586793259,0.783857817220772,0.9392828798824101,0.02985612699756434,0.010462610446248695,0.05915616431641878,0.6473898011969602,0.5112566336635087,0.7667282206122643,0.6475508173418631,0.3524491826581381,0.2888023527845456,0.2869360720751202,0.16535521172269502,0.4192143928443704,0.04847065398104468,0.5224169194827758,0.2966669345946342,0.2967799236448482,0.17742594237294765,0.4219096262168559,0.3838431874620679,0.4088964626731171,0.2991934302013007,0.470195321815057,0.4267086949731174,0.42645559712355524,0.42278381084184563,0.4302757664200647,0.18130392840097356,0.5105183899691643,11782.4179187028,3281.4937579061734,57448.75430048512,0.65,UB&PB,26106
0,0.0,0.0,0.0,0.0,0.0,0.0,0.0,0.0,0.0,0.0,0.0,0.0,0.0,0.0,0.0,0.0,0.0,0.0,0.0,0.0,0.0,0.0,0.0,0.0,0.0,0.0,0.0,0.0,0.0,0.0,0.0,0.0,0.0,0.0,0.0,0.7,UB&PB,26106
2500,1.0712204167875787,0.8773333726785506,0.7862354355423545,0.9435016346090328,0.02902772118945888,0.010132592815304577,0.05648557943649637,0.6667743391762146,0.5431159730774614,0.7705218489395568,0.3961584932480457,0.6038415067519554,0.3016300506696324,0.304180846282536,0.19231261854539414,0.4147381322186003,0.06407108964492786,0.5282785230898238,0.30904414359692917,0.31436079429087854,0.20280066431058105,0.4168617363948731,0.3897896653771538,0.407712890845477,0.32150290280179156,0.46190287319757445,0.4156934311364956,0.41535885884035767,0.4116367182581024,0.4192379878508302,0.37079644099551357,0.8895604741267226,11813.907542746643,2880.646857685173,62018.09529011826,0.7,UB&PB,26106
0,0.0,0.0,0.0,0.0,0.0,0.0,0.0,0.0,0.0,0.0,0.0,0.0,0.0,0.0,0.0,0.0,0.0,0.0,0.0,0.0,0.0,0.0,0.0,0.0,0.0,0.0,0.0,0.0,0.0,0.0,0.0,0.0,0.0,0.0,0.0,0.75,UB&PB,26106
2500,1.0901410061561183,0.880048638147736,0.808937882187535,0.9396571102056643,0.02742095740075804,0.00932071661129666,0.05477521719034187,0.6969399623385535,0.5634912906621932,0.8100479053928726,0.3182110874200429,0.6817889125799576,0.3144690571382542,0.32787576182319533,0.21187736109896993,0.41409338463865747,0.08136211085175758,0.5308680490117265,0.3211710659338434,0.336429215258897,0.22118297660092276,0.4163267748182223,0.3920973297871223,0.4064569628429654,0.3300936808312563,0.45672840438507567,0.4122079851794814,0.4118155294572513,0.40815409995070534,0.4156514388958227,0.650815753843182,1.012904441794824,11387.333542681454,2720.1235123954284,61517.90934843816,0.75,UB&PB,26106
0,0.0,0.0,0.0,0.0,0.0,0.0,0.0,0.0,0.0,0.0,0.0,0.0,0.0,0.0,0.0,0.0,0.0,0.0,0.0,0.0,0.0,0.0,0.0,0.0,0.0,0.0,0.0,0.0,0.0,0.0,0.0,0.0,0.0,0.0,0.0,0.8,UB&PB,26106
2500,1.1035022506637429,0.8876909417148279,0.7970159701761514,0.9512531698547141,0.027485937880713282,0.009398934152064357,0.05440714982034777,0.5360027433367983,0.4108830191164795,0.6633411470085798,0.2407420042643925,0.7592579957356087,0.33794162087940594,0.3587490504048142,0.2537501505121746,0.4155782918179081,0.11967560859882737,0.5310056525137913,0.34407589527866705,0.3636254424164518,0.261965113616236,0.41874458013880594,0.39729538788788576,0.40653559164786834,0.34535808680217195,0.451992934123652,0.40977422962660953,0.4094453670268222,0.4057112674879784,0.41335524959846903,0.3506341926323795,0.8173462709497383,10043.293114820031,2393.6518055129536,54603.112885246795,0.8,UB&PB,26106
0,0.0,0.0,0.0,0.0,0.0,0.0,0.0,0.0,0.0,0.0,0.0,0.0,0.0,0.0,0.0,0.0,0.0,0.0,0.0,0.0,0.0,0.0,0.0,0.0,0.0,0.0,0.0,0.0,0.0,0.0,0.0,0.0,0.0,0.0,0.0,0.85,UB&PB,26106
2500,1.1315670838946887,0.8671978216388078,0.7674880951565224,0.9349771187947299,0.027985836291424714,0.009714283670872677,0.05486265648466765,0.7565724845379773,0.5973597953543048,0.8836742291393349,0.21938166311300625,0.7806183368869938,0.3519230766242198,0.37942412655318863,0.2673372332926032,0.4263941375891208,0.12975107134874977,0.5479926862591734,0.35819704465963287,0.38214367264505944,0.2772070664016384,0.4302837748402727,0.40686394857324415,0.4158175761809286,0.35326124493312905,0.46228603834375614,0.4192558253705325,0.41893300574466874,0.41517888834394884,0.4228383740754522,0.5186705534947244,0.830592368347788,9308.962900179376,2233.590386703785,50141.342846205924,0.85,UB&PB,26106
0,0.0,0.0,0.0,0.0,0.0,0.0,0.0,0.0,0.0,0.0,0.0,0.0,0.0,0.0,0.0,0.0,0.0,0.0,0.0,0.0,0.0,0.0,0.0,0.0,0.0,0.0,0.0,0.0,0.0,0.0,0.0,0.0,0.0,0.0,0.0,0.9,UB&PB,26106
2500,1.1525647333995905,0.8412274820809327,0.7269451962618059,0.9355780970579747,0.028825017708867317,0.010136554478663103,0.05618221706426831,0.8069892251370725,0.6988112799257825,0.8901707597864436,0.17160056858564296,0.8283994314143562,0.37335086274862256,0.3982190726355053,0.306976472862579,0.4365394590767622,0.15832977156090652,0.554326446689108,0.37943174177469374,0.39880694284262047,0.3168362228268417,0.4418728545228757,0.41674585973829986,0.42326249358118423,0.3678198004071513,0.4670045574638386,0.4256981867850269,0.42542891110039005,0.42153541844619885,0.4294737264299653,0.11133063083077212,0.42483014882652703,8281.700214034987,2021.5916609198148,43728.46039426936,0.9,UB&PB,26106
0,0.0,0.0,0.0,0.0,0.0,0.0,0.0,0.0,0.0,0.0,0.0,0.0,0.0,0.0,0.0,0.0,0.0,0.0,0.0,0.0,0.0,0.0,0.0,0.0,0.0,0.0,0.0,0.0,0.0,0.0,0.0,0.0,0.0,0.0,0.0,0.95,UB&PB,26106
2500,1.1554160495571582,0.8613764104851037,0.7499804624137586,0.9426182187112622,0.029642584940585703,0.01033468820319095,0.05796198029202478,0.7230635499962964,0.5952738431154515,0.8804898907206379,0.15980099502487546,0.8401990049751243,0.37422698072990174,0.3904775710898872,0.32474703827058987,0.4227197848558603,0.18233417159192947,0.5406406808807162,0.3785745452869999,0.3893523077455304,0.33123063184342083,0.4270947400013961,0.40119668853521145,0.4060067601658721,0.3524242450951079,0.45095396536148674,0.40778661742415595,0.40742981494535785,0.4035332341043999,0.41147097505012076,0.5730019202615063,1.057309908500807,8638.337382724812,2071.149323548204,46544.19998292918,0.95,UB&PB,26106
0,0.0,0.0,0.0,0.0,0.0,0.0,0.0,0.0,0.0,0.0,0.0,0.0,0.0,0.0,0.0,0.0,0.0,0.0,0.0,0.0,0.0,0.0,0.0,0.0,0.0,0.0,0.0,0.0,0.0,0.0,0.0,0.0,0.0,0.0,0.0,0.05,UB&PB,76180
2500,0.9163011803846752,0.49441135139606307,0.3565549954251475,0.6593076561075886,0.7698341221536378,0.6424071634933628,0.8720888114049784,0.8977333469323426,0.8201971610441988,0.9515391772971977,0.9560668088130782,0.04393319118692254,0.08301877507424259,0.02304299598228674,0.004137615082627545,0.10760979427089891,0.0007300637645452462,0.3676812767133295,0.09236515363087752,0.03177406792301957,0.006286564765304086,0.1263816873340782,0.14336000848888375,0.09639776762721278,0.0411053394358252,0.2095974131913715,0.4200533386595677,0.41964634548619545,0.41180553244877066,0.4277331715063087,0.033187739714090066,0.5634731600542706,7365.141999793704,4414.691774696819,12609.436429644486,0.05,UB&PB,76180
0,0.0,0.0,0.0,0.0,0.0,0.0,0.0,0.0,0.0,0.0,0.0,0.0,0.0,0.0,0.0,0.0,0.0,0.0,0.0,0.0,0.0,0.0,0.0,0.0,0.0,0.0,0.0,0.0,0.0,0.0,0.0,0.0,0.0,0.0,0.0,0.1,UB&PB,76180
2500,0.932257300004107,0.5377865328245798,0.36058482612738424,0.6845689380138311,0.7781849028908527,0.6331212520963542,0.8807445354850927,0.8532515154634241,0.751692534771194,0.9207187550363551,0.960063965884861,0.03993603411513855,0.08254204568689222,0.02704475937683705,0.005478671776526031,0.10657745670738729,0.0008548516145661344,0.3577031672381115,0.0917385936716337,0.03617230038105443,0.008387685464403062,0.12409287572777465,0.13654865824228152,0.09641123098065657,0.04491799308764344,0.18841337438548314,0.42305942934682217,0.4225927246050993,0.4143051881465513,0.43122636721565205,0.005995898880980909,0.5796990183878814,9742.670938353282,6140.270568877089,15735.366700600485,0.1,UB&PB,76180
0,0.0,0.0,0.0,0.0,0.0,0.0,0.0,0.0,0.0,0.0,0.0,0.0,0.0,0.0,0.0,0.0,0.0,0.0,0.0,0.0,0.0,0.0,0.0,0.0,0.0,0.0,0.0,0.0,0.0,0.0,0.0,0.0,0.0,0.0,0.0,0.15,UB&PB,76180
2500,0.9420149188176843,0.23829882788560813,0.12256785829535922,0.3762487110467749,0.3585941590516184,0.27063002015233206,0.4551885042662629,0.9055441675250814,0.831249321863898,0.9552253851810207,0.963009950248756,0.036990049751243724,0.1309083148747504,0.08997434797697927,0.03718489612293619,0.19345251450278642,0.008123273928468774,0.37519363944806927,0.17002558756426786,0.13997715256758378,0.06561528429039164,0.25133282400958806,0.18704185468360726,0.16533101351997886,0.11987759121061538,0.2317564626870638,0.4074141598087418,0.4063801681373226,0.3841798318967369,0.42927594204643116,0.07732272382244249,0.49990325375247574,1431.077148095769,1037.359038702803,2052.9514956457597,0.15,UB&PB,76180
0,0.0,0.0,0.0,0.0,0.0,0.0,0.0,0.0,0.0,0.0,0.0,0.0,0.0,0.0,0.0,0.0,0.0,0.0,0.0,0.0,0.0,0.0,0.0,0.0,0.0,0.0,0.0,0.0,0.0,0.0,0.0,0.0,0.0,0.0,0.0,0.2,UB&PB,76180
2500,0.9466846826290795,0.5422413333766414,0.42503039677001675,0.6737076623022572,0.36236664685501896,0.23204604899811815,0.5458306558885724,0.858468374442248,0.7747193485776994,0.9286440807201268,0.9575685856432125,0.04243141435678744,0.11804650483805956,0.06130381064461281,0.01788191029932416,0.17787563463945008,0.003042832303631491,0.40269100701787963,0.13159511092283732,0.08020640552490232,0.02530890496764983,0.2015376613481656,0.1961036771208867,0.16420848112483444,0.09139596246320801,0.28446415533378117,0.4111238141033158,0.4107103504001295,0.4039666998457812,0.4177124218091925,0.3854164631051446,2.1329525310326196,6045.227418991861,3468.8717170380028,10884.079807711561,0.2,UB&PB,76180
0,0.0,0.0,0.0,0.0,0.0,0.0,0.0,0.0,0.0,0.0,0.0,0.0,0.0,0.0,0.0,0.0,0.0,0.0,0.0,0.0,0.0,0.0,0.0,0.0,0.0,0.0,0.0,0.0,0.0,0.0,0.0,0.0,0.0,0.0,0.0,0.25,UB&PB,76180
2500,0.9531218367169884,0.7370947585998118,0.6135194181533965,0.8464536456923732,0.24869307626228157,0.15566354099267543,0.3770142472744702,0.8147991389452551,0.7285261669348808,0.891619528590869,0.9386069651741287,0.06139303482587057,0.1392447676137505,0.0831826223612345,0.02636667667029864,0.21474331909333153,0.00496027044954762,0.43526106125954894,0.14723537462477476,0.09510875800506546,0.03292749274200982,0.22685870391241178,0.2361841165654075,0.21727339367831447,0.11775214813209123,0.347040298446951,0.4164775958822287,0.41616030007082855,0.41154563772832314,0.42093689700586107,0.04216259834867841,0.38367455145580426,30531.865797817754,15144.780799638795,63250.283406795934,0.25,UB&PB,76180
0,0.0,0.0,0.0,0.0,0.0,0.0,0.0,0.0,0.0,0.0,0.0,0.0,0.0,0.0,0.0,0.0,0.0,0.0,0.0,0.0,0.0,0.0,0.0,0.0,0.0,0.0,0.0,0.0,0.0,0.0,0.0,0.0,0.0,0.0,0.0,0.3,UB&PB,76180
2500,0.961867583539048,0.6789774276044338,0.5307748937519359,0.8186607638114769,0.1613165550432178,0.09422986277550505,0.25754888935138237,0.8558055544906346,0.7650927460813762,0.9319692095856472,0.948493958777541,0.051506041222459165,0.1546880944422442,0.10274077103137201,0.029690573981778337,0.24980397998200687,0.005206307334970884,0.4429000969571058,0.16659174142468433,0.12144668931807909,0.0391745467425197,0.26796272026445445,0.25713936068947835,0.24649268202631988,0.13528962800272762,0.37765210528948184,0.41125337581073457,0.41087392140832124,0.4054381944587184,0.4165694423623561,0.0022340641149673412,0.7252216681825748,9885.35060716763,4188.915283265135,25944.26351698013,0.3,UB&PB,76180
0,0.0,0.0,0.0,0.0,0.0,0.0,0.0,0.0,0.0,0.0,0.0,0.0,0.0,0.0,0.0,0.0,0.0,0.0,0.0,0.0,0.0,0.0,0.0,0.0,0.0,0.0,0.0,0.0,0.0,0.0,0.0,0.0,0.0,0.0,0.0,0.35,UB&PB,76180
2500,0.9784041087722879,0.8232480090092802,0.690298252442469,0.9137346684803526,0.06681179995818946,0.031223853296190273,0.11677555381204197,0.8328042297553828,0.7294971019336534,0.9127194720107111,0.9153852167732769,0.08461478322672361,0.18960137924918596,0.14789331524310353,0.04796457896210196,0.30695467504826535,0.01007711800384879,0.4788264165625028,0.19797679101001758,0.16151104731225222,0.05540551896798776,0.3199926054965544,0.30841351487141855,0.3233072725622666,0.17291558105117397,0.44107449053764763,0.42369842833795734,0.42342217441858804,0.4192576098278261,0.4277356690336497,0.12474575955904871,0.5836455776360816,13793.69708022205,4760.145914156969,47731.29404787948,0.35,UB&PB,76180
0,0.0,0.0,0.0,0.0,0.0,0.0,0.0,0.0,0.0,0.0,0.0,0.0,0.0,0.0,0.0,0.0,0.0,0.0,0.0,0.0,0.0,0.0,0.0,0.0,0.0,0.0,0.0,0.0,0.0,0.0,0.0,0.0,0.0,0.0,0.0,0.4,UB&PB,76180
2500,0.9823509289276778,0.8650622746202413,0.747607512159917,0.9352819998119928,0.06553385508951144,0.02790558120506872,0.11731327957481294,0.8486551992552138,0.7380000514519941,0.9238465771099003,0.8922892679459857,0.10771073205401557,0.1881996868747544,0.14659943125609268,0.04625893087928218,0.30989109394293435,0.010945228201770572,0.4746337780723901,0.1945130882885011,0.156736122875071,0.051584503892890654,0.3202978756570908,0.3052255157838189,0.3226874949979048,0.17047752402567817,0.4341319832109136,0.41328724281816953,0.4130307367175468,0.409146600878866,0.4170277474383861,0.09051800906180581,0.3871197274696754,17825.8703986023,5869.684939769642,65103.220470336746,0.4,UB&PB,76180
0,0.0,0.0,0.0,0.0,0.0,0.0,0.0,0.0,0.0,0.0,0.0,0.0,0.0,0.0,0.0,0.0,0.0,0.0,0.0,0.0,0.0,0.0,0.0,0.0,0.0,0.0,0.0,0.0,0.0,0.0,0.0,0.0,0.0,0.0,0.0,0.45,UB&PB,76180
2500,0.9988202092672217,0.7718401624163349,0.5992189324284878,0.8945656527139437,0.053030028807328974,0.022403443177348954,0.09950632244353626,0.8399594980160299,0.7273390602368461,0.9227614167515453,0.899720682302772,0.10027931769722817,0.207857352458096,0.17975729421146394,0.06952759019118837,0.33811878138616724,0.014050396234037255,0.4724489190049093,0.21912307062888559,0.19484448231395216,0.08251443981373105,0.35117629763294994,0.31763782258186557,0.33915991462250206,0.19929659670036126,0.4342108968235115,0.41290972842772106,0.41255995893073305,0.40807756481294744,0.4172279336021136,0.4284866094650951,0.9509186834941058,10572.224134719241,3588.4779992575495,38260.30249016446,0.45,UB&PB,76180
0,0.0,0.0,0.0,0.0,0.0,0.0,0.0,0.0,0.0,0.0,0.0,0.0,0.0,0.0,0.0,0.0,0.0,0.0,0.0,0.0,0.0,0.0,0.0,0.0,0.0,0.0,0.0,0.0,0.0,0.0,0.0,0.0,0.0,0.0,0.0,0.5,UB&PB,76180
2500,1.003921324089966,0.8472500178137781,0.716998792633411,0.9340876237988651,0.04181623627552554,0.016692623350683087,0.07837129725758767,0.7893959119172144,0.6723789089169283,0.8962599961532717,0.8894641080312723,0.11053589196872769,0.21556487282663017,0.19135878402784762,0.07050397570588036,0.35660706282505583,0.01226774714508507,0.4795693521639405,0.2236697825365248,0.20187759503876998,0.0803685919319018,0.3646147266733498,0.3273293287698148,0.35362821460323196,0.20972683075553558,0.44205988749977937,0.4127269869146129,0.4124389150558272,0.40847806420180915,0.4165591759596838,0.0775629168670969,0.3263134007482349,13783.333824790428,4362.409090277237,55620.34591075092,0.5,UB&PB,76180
0,0.0,0.0,0.0,0.0,0.0,0.0,0.0,0.0,0.0,0.0,0.0,0.0,0.0,0.0,0.0,0.0,0.0,0.0,0.0,0.0,0.0,0.0,0.0,0.0,0.0,0.0,0.0,0.0,0.0,0.0,0.0,0.0,0.0,0.0,0.0,0.55,UB&PB,76180
2500,1.0243104151398588,0.8467104110829322,0.7489839198513467,0.9214229491266754,0.03522192207684463,0.01311161655094093,0.06742587079053355,0.6721547827696277,0.5545581784409466,0.7801523651698394,0.8245536602700783,0.17544633972992166,0.2483275482961092,0.2364858980576142,0.1103059276386967,0.3882987402729804,0.026469335909052694,0.49869066002924733,0.2570149509912454,0.24633574724237503,0.12332523582968721,0.3944633867456024,0.354600779132542,0.3844013158932602,0.2484419873959529,0.4582718731430512,0.4202995902408323,0.42001565671829183,0.4161246695755771,0.42401553185059787,0.4309173752679478,0.955643698352613,12000.383858413094,3656.927041782537,53340.172357101175,0.55,UB&PB,76180
0,0.0,0.0,0.0,0.0,0.0,0.0,0.0,0.0,0.0,0.0,0.0,0.0,0.0,0.0,0.0,0.0,0.0,0.0,0.0,0.0,0.0,0.0,0.0,0.0,0.0,0.0,0.0,0.0,0.0,0.0,0.0,0.0,0.0,0.0,0.0,0.6,UB&PB,76180
2500,1.0265744087828783,0.8481335700156216,0.7545384555038402,0.9214485798740806,0.03731211766066399,0.014188705478052033,0.07133710266891875,0.779953798246917,0.6604221602817335,0.8777490214158173,0.8675174129353244,0.13248258706467683,0.23225077550025663,0.21273543368032954,0.09599833226583013,0.3730893057271009,0.022338987400462716,0.4789284673990559,0.23947255146232146,0.2213290184920315,0.10709871321343131,0.37702578860581987,0.3303192765895853,0.35569226285178285,0.21963809095752235,0.43732569316490355,0.3991884771189546,0.3988277930195229,0.39496088927541234,0.4028566960482493,0.06545377912305922,0.6435090318840965,12407.808565757967,3870.7744548794335,53718.97734305702,0.6,UB&PB,76180
0,0.0,0.0,0.0,0.0,0.0,0.0,0.0,0.0,0.0,0.0,0.0,0.0,0.0,0.0,0.0,0.0,0.0,0.0,0.0,0.0,0.0,0.0,0.0,0.0,0.0,0.0,0.0,0.0,0.0,0.0,0.0,0.0,0.0,0.0,0.0,0.65,UB&PB,76180
2500,1.0497967201932614,0.8543759098597212,0.7467304746628777,0.9282735115133428,0.029545851091189186,0.010295786483025829,0.05856069419150595,0.6795794450636116,0.5361184951597319,0.8150743147483519,0.7539957356076765,0.24600426439232398,0.27107306477748017,0.26606315643228307,0.1457513591139308,0.40107016091264547,0.039630073521349556,0.5060087633373844,0.2792071394037326,0.2762198742185179,0.15865178485034864,0.4038567735114615,0.3615828610413084,0.3873054194336912,0.26645678734070516,0.4551041246220306,0.4104121809159516,0.41013103333721507,0.4062681919039712,0.41408867930001003,0.20446079000860828,0.6968263622502843,10615.231565089201,3105.1872060478327,50127.37208324061,0.65,UB&PB,76180
0,0.0,0.0,0.0,0.0,0.0,0.0,0.0,0.0,0.0,0.0,0.0,0.0,0.0,0.0,0.0,0.0,0.0,0.0,0.0,0.0,0.0,0.0,0.0,0.0,0.0,0.0,0.0,0.0,0.0,0.0,0.0,0.0,0.0,0.0,0.0,0.7,UB&PB,76180
2500,1.076587666368775,0.888479984104074,0.8085997466926218,0.9464539699317246,0.02816404117936259,0.009704289998924953,0.055411294998601875,0.6344004681687949,0.5165609964048452,0.7539822193472097,0.3931599147121536,0.6068400852878459,0.3060842246369323,0.30854832918793385,0.1984386110898795,0.41796810976559867,0.06795744402810368,0.5339836090368287,0.3131923584797177,0.31782858413291926,0.20829077089747433,0.4202272443177073,0.392596155382819,0.4100917987082786,0.32375359233742435,0.46442358598699013,0.4195187452758495,0.419229909889878,0.4155915701688856,0.42299170609081205,0.1299393336488934,0.3696956270930068,11998.484956278371,2988.7578375898597,62998.75634713048,0.7,UB&PB,76180
0,0.0,0.0,0.0,0.0,0.0,0.0,0.0,0.0,0.0,0.0,0.0,0.0,0.0,0.0,0.0,0.0,0.0,0.0,0.0,0.0,0.0,0.0,0.0,0.0,0.0,0.0,0.0,0.0,0.0,0.0,0.0,0.0,0.0,0.0,0.0,0.75,UB&PB,76180
2500,1.0892223569440638,0.8807653355345619,0.8008424988907628,0.94258127063138,0.02747403761504162,0.009312939667230855,0.05505540437755398,0.5277230327937749,0.4136132778558823,0.653193336442378,0.3005984363894814,0.6994015636105179,0.32545105257642154,0.33844826555995594,0.23121407130186433,0.41748793765904246,0.09606157338828047,0.5340132728910967,0.3323477840335117,0.3463950776341778,0.2404459436649964,0.4201356074887447,0.3973322766096512,0.40980214673141585,0.3390478347283661,0.4595384612200397,0.4142008051853295,0.4139437209051392,0.41021190577750494,0.4178180732648104,0.0824696940537373,0.4626508175168915,10674.74710695707,2552.0198892455296,57681.84202615762,0.75,UB&PB,76180
0,0.0,0.0,0.0,0.0,0.0,0.0,0.0,0.0,0.0,0.0,0.0,0.0,0.0,0.0,0.0,0.0,0.0,0.0,0.0,0.0,0.0,0.0,0.0,0.0,0.0,0.0,0.0,0.0,0.0,0.0,0.0,0.0,0.0,0.0,0.0,0.8,UB&PB,76180
2500,1.1176704788266154,0.8539803763203677,0.7542975901290643,0.9299290565179105,0.028510143797071313,0.009872350100883144,0.05590301170180143,0.5994722036954677,0.4824770594824013,0.7300647873715438,0.27423809523809495,0.7257619047619045,0.34568769020569523,0.3671764359949439,0.26000984418195733,0.4259755190028151,0.12362526793389378,0.5410328617843224,0.35272653087756184,0.3729554866916175,0.2696889384192503,0.42963055339269723,0.4064363790067713,0.4165820539040739,0.35313641581877764,0.4628891101254468,0.42043104731369874,0.4200946266814478,0.4162934449515015,0.42404315359841555,0.6201479050057838,1.0413237039874181,8604.893826262347,2173.0453448573176,44420.78016138698,0.8,UB&PB,76180
0,0.0,0.0,0.0,0.0,0.0,0.0,0.0,0.0,0.0,0.0,0.0,0.0,0.0,0.0,0.0,0.0,0.0,0.0,0.0,0.0,0.0,0.0,0.0,0.0,0.0,0.0,0.0,0.0,0.0,0.0,0.0,0.0,0.0,0.0,0.0,0.85,UB&PB,76180
2500,1.1300351981890733,0.8711299051496196,0.7774769977745368,0.9396584396993642,0.0268038216503433,0.009037324583088018,0.05293912490375849,0.6834002055200503,0.5384629242795811,0.814872791346473,0.18473134328358215,0.8152686567164178,0.35384586289103287,0.3795157703810329,0.2743023271698889,0.42595547081996715,0.13428892860786784,0.5447568233921342,0.35981227370893437,0.3812871704668025,0.28349760287552495,0.43006918278759715,0.4083414064441616,0.41628985693266035,0.35968469132919223,0.45929424026974275,0.4188046335841816,0.41855418401676153,0.41480987442151185,0.42248087983522614,0.780424813057117,1.0295175147408457,9364.308833115652,2199.109678724711,51201.344915723865,0.85,UB&PB,76180
0,0.0,0.0,0.0,0.0,0.0,0.0,0.0,0.0,0.0,0.0,0.0,0.0,0.0,0.0,0.0,0.0,0.0,0.0,0.0,0.0,0.0,0.0,0.0,0.0,0.0,0.0,0.0,0.0,0.0,0.0,0.0,0.0,0.0,0.0,0.0,0.9,UB&PB,76180
2500,1.151288066690489,0.8771966280891494,0.7954376161846989,0.9390130715100864,0.028082430498271055,0.009561890213588237,0.05581307654726613,0.8071068159405772,0.6863119161750371,0.9027220393261274,0.1496282871357496,0.8503717128642494,0.3709200149747452,0.39468565200393896,0.3016923023463562,0.4337803016536968,0.15714632718486765,0.5601578794654433,0.3760573675889785,0.3949082504838519,0.3105037120583286,0.437840488178046,0.4153515042075505,0.42188185928812566,0.36294231915093156,0.4683368787807918,0.42415220741101217,0.42383988079529716,0.42021657366002335,0.4276005807988607,0.10154169592627235,0.4744023976894818,10216.60189932046,2306.4886861712926,56784.993022549446,0.9,UB&PB,76180
0,0.0,0.0,0.0,0.0,0.0,0.0,0.0,0.0,0.0,0.0,0.0,0.0,0.0,0.0,0.0,0.0,0.0,0.0,0.0,0.0,0.0,0.0,0.0,0.0,0.0,0.0,0.0,0.0,0.0,0.0,0.0,0.0,0.0,0.0,0.0,0.95,UB&PB,76180
2500,1.160987720370539,0.8273670033882111,0.7180963603813539,0.9218423305255796,0.028818833312216362,0.010135655061985568,0.05640452327891625,0.8333155246647146,0.7094442167840985,0.9208408296027216,0.16362331201137179,0.8363766879886275,0.3827450015126808,0.3981920038765086,0.33475838850672857,0.43242576834325125,0.1876718090843329,0.550134627108989,0.3878115580757032,0.39735637550910424,0.3424341080511315,0.4376677616596895,0.4108045946619586,0.4160809789748714,0.3630115844597732,0.45987530366628754,0.4179629431176675,0.4176983676975899,0.4137823601382686,0.42173715952935537,0.40025130380001916,0.7878148279899139,7420.474197594108,1904.1725254693108,38296.83145444227,0.95,UB&PB,76180
0,0.0,0.0,0.0,0.0,0.0,0.0,0.0,0.0,0.0,0.0,0.0,0.0,0.0,0.0,0.0,0.0,0.0,0.0,0.0,0.0,0.0,0.0,0.0,0.0,0.0,0.0,0.0,0.0,0.0,0.0,0.0,0.0,0.0,0.0,0.0,0.05,UB&PB,47330
2500,0.9152656617818606,0.593426326476571,0.4198982330598043,0.7381072486721295,0.8466090375527758,0.7339756573021556,0.9295707411880899,0.8809361884087824,0.7922675888024453,0.9436354162813095,0.9606162046908319,0.03938379530916843,0.0821314501501177,0.019126410936113464,0.003331602844130156,0.10839943756778364,0.0003382792787023106,0.37030623219053377,0.08896989956242396,0.024886661619363374,0.004392716272881395,0.1231545288547952,0.14294092890642995,0.09220029435592572,0.035479369404227926,0.21895508452789966,0.4150250754382849,0.41455965629129715,0.40774754638450617,0.4216869652471232,0.05239714746178784,0.40140103376714353,16060.037877332454,8745.46023140156,29634.07090908878,0.05,UB&PB,47330
0,0.0,0.0,0.0,0.0,0.0,0.0,0.0,0.0,0.0,0.0,0.0,0.0,0.0,0.0,0.0,0.0,0.0,0.0,0.0,0.0,0.0,0.0,0.0,0.0,0.0,0.0,0.0,0.0,0.0,0.0,0.0,0.0,0.0,0.0,0.0,0.1,UB&PB,47330
2500,0.9292551675852878,0.6936086106690285,0.5388663465524126,0.8391353164438665,0.7764519284157868,0.6510558552714725,0.8818391329360319,0.8677668416315811,0.7793188791249962,0.9328595338202886,0.958119402985073,0.04188059701492527,0.0823925771986339,0.022639870430485164,0.003205327065007642,0.10656389165498652,0.00029906387090723133,0.3693686977593158,0.08715772154372818,0.026753684720154457,0.004185345619043207,0.11624053193943264,0.14284621040621975,0.10054183353063732,0.038241253309998564,0.20917255586174344,0.4144775295445003,0.41405589303932167,0.40829036571492267,0.4201379738404221,0.05852496532328098,0.7684732276592338,28977.286044415152,16199.025098790626,52078.066851778305,0.1,UB&PB,47330
0,0.0,0.0,0.0,0.0,0.0,0.0,0.0,0.0,0.0,0.0,0.0,0.0,0.0,0.0,0.0,0.0,0.0,0.0,0.0,0.0,0.0,0.0,0.0,0.0,0.0,0.0,0.0,0.0,0.0,0.0,0.0,0.0,0.0,0.0,0.0,0.15,UB&PB,47330
2500,0.9454224494285896,0.484374398455872,0.3665978086719494,0.6376683184523151,0.6022265981930585,0.49215073161416867,0.7454821470959527,0.8625127933560253,0.7710389292853772,0.9352778708877805,0.9607114427860686,0.03928855721393036,0.10174120187428023,0.05044248304344356,0.01404852963520232,0.14625149713067306,0.002434493722270158,0.36675840393877146,0.11800856617526664,0.07123254598526275,0.022777759870176453,0.1737377467569546,0.1608262049937264,0.1308166495138673,0.07185884958107104,0.2201119482708069,0.4266340321556858,0.4262600218235582,0.41795681445253746,0.43483443221040385,0.13721634648229505,1.685312124202451,8836.193863169818,5822.311728978291,13826.550239330349,0.15,UB&PB,47330
0,0.0,0.0,0.0,0.0,0.0,0.0,0.0,0.0,0.0,0.0,0.0,0.0,0.0,0.0,0.0,0.0,0.0,0.0,0.0,0.0,0.0,0.0,0.0,0.0,0.0,0.0,0.0,0.0,0.0,0.0,0.0,0.0,0.0,0.0,0.0,0.2,UB&PB,47330
2500,0.9571850600975224,0.34373700221639847,0.16542256314470466,0.5440833830024144,0.3262762894950172,0.23571400125828026,0.43454930282147036,0.8878307647290083,0.8007709212728695,0.9473285951236681,0.9584598436389474,0.04154015636105188,0.14914064571961963,0.10744580335790836,0.045792666279899856,0.22361582938140354,0.011242350660337566,0.408328888220516,0.18404833241076932,0.15418062592469806,0.07452597445054289,0.27189176893855865,0.21517491327375804,0.19244161332074483,0.13334055825746033,0.2811463908267607,0.4207185268446638,0.4199884132089779,0.4018971567286604,0.43878445836620356,0.0720557828203516,0.40499348470932683,2214.8021872784525,1451.302830559664,3623.4122735071446,0.2,UB&PB,47330
0,0.0,0.0,0.0,0.0,0.0,0.0,0.0,0.0,0.0,0.0,0.0,0.0,0.0,0.0,0.0,0.0,0.0,0.0,0.0,0.0,0.0,0.0,0.0,0.0,0.0,0.0,0.0,0.0,0.0,0.0,0.0,0.0,0.0,0.0,0.0,0.25,UB&PB,47330
2500,0.9565929997385269,0.6400765985622252,0.44547695797434805,0.8068048563507739,0.3320726821702625,0.23593051741145693,0.4405190401830539,0.8636870843031336,0.7619838355228149,0.9357852671843157,0.9548727789623312,0.045127221037668905,0.12442920189356221,0.06669189852445538,0.020387601976552868,0.19275343188742705,0.0033362179045226515,0.41272642976871304,0.13580094956550798,0.08191806269688177,0.027614344026479633,0.21149948826468087,0.20605338840648083,0.1754519255743899,0.10028411017289228,0.29842504728972374,0.4101497360829667,0.4097542232532003,0.4033764418338023,0.41637574159247925,0.145654812577836,0.39298557645546256,12739.620233701393,6606.3729680211945,25926.720361105337,0.25,UB&PB,47330
0,0.0,0.0,0.0,0.0,0.0,0.0,0.0,0.0,0.0,0.0,0.0,0.0,0.0,0.0,0.0,0.0,0.0,0.0,0.0,0.0,0.0,0.0,0.0,0.0,0.0,0.0,0.0,0.0,0.0,0.0,0.0,0.0,0.0,0.0,0.0,0.3,UB&PB,47330
2500,0.9582347308697677,0.8324847891882009,0.7359238023678037,0.914871131582723,0.1375865039527465,0.0760983199315827,0.22421651669798645,0.7775446986889166,0.6856203283880162,0.8628603595116436,0.9365643212508873,0.06343567874911157,0.1574688821420228,0.09844502731053198,0.026350105864774515,0.2580474322358078,0.003267069443860468,0.4621166759874797,0.16259087372080078,0.10719660709379752,0.029666814927824695,0.26572728641731447,0.26929665087317123,0.25842691063323414,0.1368882530351442,0.40441337239413117,0.41871751989144385,0.4184170389434744,0.414375532799738,0.4225897087498054,0.024944225679071747,0.5690475383045348,25664.618769066503,9578.104806133573,76018.7001412087,0.3,UB&PB,47330
0,0.0,0.0,0.0,0.0,0.0,0.0,0.0,0.0,0.0,0.0,0.0,0.0,0.0,0.0,0.0,0.0,0.0,0.0,0.0,0.0,0.0,0.0,0.0,0.0,0.0,0.0,0.0,0.0,0.0,0.0,0.0,0.0,0.0,0.0,0.0,0.35,UB&PB,47330
2500,0.9747821587668613,0.8473156878215495,0.7276698662882995,0.9196321747284465,0.06344164290031956,0.02775778674789584,0.11545970910360127,0.8322325161265963,0.7429883709388088,0.9141318365460952,0.9091030561478322,0.0908969438521678,0.1847245929286953,0.1396574402429251,0.04405786189792733,0.29880325262641544,0.008589870592859242,0.47716866770911115,0.1916744973917535,0.15109256804734583,0.04979623684474725,0.3105842650923876,0.3036790491714542,0.3173513685047362,0.16494828590861385,0.4395388479948967,0.4187556087017507,0.4184796030455945,0.4145135741037919,0.422556596366577,0.14520494628799935,0.334065078387375,16965.457404952682,5537.600742894212,61291.09111619782,0.35,UB&PB,47330
0,0.0,0.0,0.0,0.0,0.0,0.0,0.0,0.0,0.0,0.0,0.0,0.0,0.0,0.0,0.0,0.0,0.0,0.0,0.0,0.0,0.0,0.0,0.0,0.0,0.0,0.0,0.0,0.0,0.0,0.0,0.0,0.0,0.0,0.0,0.0,0.4,UB&PB,47330
2500,0.9860716084427077,0.7067852679994906,0.6096890667049988,0.8025481227256277,0.06552275795450521,0.02961973033183331,0.1164458929514001,0.8037739804359608,0.696498416890694,0.8895915303194483,0.9035380241648888,0.09646197583511022,0.1982955802188293,0.16802503367095054,0.06230771714656026,0.31828654891115293,0.013544200172475485,0.46628979158196365,0.21083086670054776,0.18621520082554502,0.07562977417179519,0.33548254206228284,0.3096212558717864,0.32959371538583865,0.18934012340207695,0.42718619037540934,0.4123804330007761,0.4120707929910329,0.4074441848185171,0.41687611766895666,0.17795612930358212,0.6024273671628105,7838.72344402497,2872.6390866776505,26581.746082849542,0.4,UB&PB,47330
0,0.0,0.0,0.0,0.0,0.0,0.0,0.0,0.0,0.0,0.0,0.0,0.0,0.0,0.0,0.0,0.0,0.0,0.0,0.0,0.0,0.0,0.0,0.0,0.0,0.0,0.0,0.0,0.0,0.0,0.0,0.0,0.0,0.0,0.0,0.0,0.45,UB&PB,47330
2500,0.9983597847279048,0.8432438621525813,0.7332043305083771,0.9226934379954964,0.04575772080853321,0.018501316706879083,0.08693447633857494,0.8126950077974636,0.7055916150478545,0.8922878104232627,0.8972046908315574,0.1027953091684434,0.20875096456261724,0.17889921334063572,0.06373431388869846,0.34198789894032766,0.016041647700541315,0.48301122197524377,0.21672259564742646,0.1899897126564869,0.0723913553320413,0.3525303561467065,0.3242003346335193,0.348953855909837,0.19718937971881773,0.4472392358263992,0.4184951330897111,0.41820867164865,0.41426192349040786,0.4223506642659806,0.07779065439285004,0.3250184200508402,14340.166023862572,4554.48769409501,56778.544991798364,0.45,UB&PB,47330
0,0.0,0.0,0.0,0.0,0.0,0.0,0.0,0.0,0.0,0.0,0.0,0.0,0.0,0.0,0.0,0.0,0.0,0.0,0.0,0.0,0.0,0.0,0.0,0.0,0.0,0.0,0.0,0.0,0.0,0.0,0.0,0.0,0.0,0.0,0.0,0.5,UB&PB,47330
2500,1.0110497589523098,0.8543512146593072,0.760637779384645,0.926451639836904,0.04253655222441689,0.016803887894769106,0.08087198380159896,0.7395656308010858,0.6404187966820053,0.8281499321132038,0.8660369580668096,0.13396304193319122,0.22432090368360527,0.2026611042000349,0.08061129287395022,0.362732211098993,0.020485465339515358,0.4869149607581072,0.232134986161238,0.2129769154893582,0.08952301155886755,0.3704971268840884,0.335555735059689,0.3622050249273877,0.21830251302954642,0.4490514665158735,0.4173101180665659,0.41702004612276516,0.41312658399106644,0.4210087948061084,0.04760393780906059,0.34802066486615185,13753.56872185016,4333.448570920694,56466.89328075116,0.5,UB&PB,47330
0,0.0,0.0,0.0,0.0,0.0,0.0,0.0,0.0,0.0,0.0,0.0,0.0,0.0,0.0,0.0,0.0,0.0,0.0,0.0,0.0,0.0,0.0,0.0,0.0,0.0,0.0,0.0,0.0,0.0,0.0,0.0,0.0,0.0,0.0,0.0,0.55,UB&PB,47330
2500,1.0273351735106109,0.8147762348725408,0.7176104508146276,0.8983281733153293,0.03377102308513495,0.012550019108880796,0.06550147381138752,0.6394718160353134,0.5243769281379638,0.7557588538716593,0.8221030561478327,0.17789694385216767,0.25322954718832025,0.24530209147925838,0.11830377700743708,0.39038417447762713,0.027868599037989238,0.49807694324526103,0.26302563792662165,0.256492121999128,0.13310970938276995,0.3969597323221872,0.3569267536673106,0.38717768746626907,0.2566334903439474,0.45568750935306035,0.41962886217997886,0.41934022735926213,0.41545747608933764,0.4233724408238979,0.3191422147580621,0.6743197536997514,9283.28884257002,2928.7245065384495,40531.840045925645,0.55,UB&PB,47330
0,0.0,0.0,0.0,0.0,0.0,0.0,0.0,0.0,0.0,0.0,0.0,0.0,0.0,0.0,0.0,0.0,0.0,0.0,0.0,0.0,0.0,0.0,0.0,0.0,0.0,0.0,0.0,0.0,0.0,0.0,0.0,0.0,0.0,0.0,0.0,0.6,UB&PB,47330
2500,1.0353484928856171,0.8550191185259054,0.7530987261590467,0.9269431571136637,0.032872264112951674,0.012038705670634621,0.06428135159952976,0.6342421769964602,0.514208554865324,0.7632437584835062,0.819572139303483,0.1804278606965175,0.257627008350458,0.24872209298610107,0.12902849936886315,0.3930657546913204,0.031858873808408246,0.49262271053923457,0.265760331580279,0.25813763157222164,0.14144064831061465,0.3971845778001733,0.3552094414249838,0.383273037512927,0.2574537419245305,0.45145735526887376,0.41310667360517767,0.4127766649127806,0.4089453001416435,0.4167491864365937,0.28170126953114183,0.6489512268095506,11123.537869413916,3405.736772591146,49854.757036791874,0.6,UB&PB,47330
0,0.0,0.0,0.0,0.0,0.0,0.0,0.0,0.0,0.0,0.0,0.0,0.0,0.0,0.0,0.0,0.0,0.0,0.0,0.0,0.0,0.0,0.0,0.0,0.0,0.0,0.0,0.0,0.0,0.0,0.0,0.0,0.0,0.0,0.0,0.0,0.65,UB&PB,47330
2500,1.0526024258424114,0.8954821498120061,0.8101774991596372,0.953936634608763,0.028831280949905745,0.010006205388034846,0.05685999897054113,0.6378462554664659,0.5110771069048611,0.7580930564946515,0.5709402985074621,0.42905970149253697,0.28195371364166966,0.2788536217739912,0.1586539331506232,0.41016056645836285,0.041771642234853246,0.5210902204731707,0.2890296078821373,0.2875090967492392,0.16966010173366822,0.4124893364395005,0.3777203305278716,0.40152298467455816,0.29107122710212474,0.4649465868548176,0.4170883347206634,0.41679740289835493,0.413138352133178,0.42057832984469773,0.5445604678071942,0.8825762558041826,13676.247150583618,3552.4723681832747,69779.7408647088,0.65,UB&PB,47330
0,0.0,0.0,0.0,0.0,0.0,0.0,0.0,0.0,0.0,0.0,0.0,0.0,0.0,0.0,0.0,0.0,0.0,0.0,0.0,0.0,0.0,0.0,0.0,0.0,0.0,0.0,0.0,0.0,0.0,0.0,0.0,0.0,0.0,0.0,0.0,0.7,UB&PB,47330
2500,1.0815617541324094,0.8678107087650639,0.7659114967807209,0.935441418033668,0.027017882060365143,0.009190270765802202,0.053445764806504606,0.6189522071114926,0.4833217143931249,0.7443431352781009,0.4517768301350382,0.5482231698649612,0.31221917562364115,0.318601168245926,0.20529852732056406,0.42378828710581795,0.0720586714205848,0.533435215685497,0.3202751697370463,0.3289972777655472,0.21659615765575474,0.42640237167413775,0.3971976782756676,0.4160711511099049,0.33158136070208777,0.4666107334231073,0.4242125156977257,0.4239388057553843,0.4202209636819582,0.4278230107964356,0.28390831308037373,0.6096106781415795,10233.316976024582,2670.812866217042,53168.38615494954,0.7,UB&PB,47330
0,0.0,0.0,0.0,0.0,0.0,0.0,0.0,0.0,0.0,0.0,0.0,0.0,0.0,0.0,0.0,0.0,0.0,0.0,0.0,0.0,0.0,0.0,0.0,0.0,0.0,0.0,0.0,0.0,0.0,0.0,0.0,0.0,0.0,0.0,0.0,0.75,UB&PB,47330
2500,1.1020846006610119,0.8810120379964185,0.7649276710757086,0.9462152690270773,0.027307402008546516,0.009324577252523735,0.05379655506570553,0.7595187606153596,0.6588406946843841,0.8610984102919723,0.34609665955934626,0.6539033404406531,0.32177084272243084,0.33323349868253616,0.21698367267082064,0.4269149710454988,0.08256309582888774,0.5457181773838592,0.32929098618801833,0.34296980872078686,0.2268374063103684,0.42965946865115334,0.40263323079628144,0.41858543556711486,0.3386283353309863,0.46954669444726377,0.4254155760024841,0.42511639551519137,0.4213827227690176,0.4289981105415429,0.4653350115802194,0.9255973384522448,10362.631452133452,2578.586726636488,54645.752400401674,0.75,UB&PB,47330
0,0.0,0.0,0.0,0.0,0.0,0.0,0.0,0.0,0.0,0.0,0.0,0.0,0.0,0.0,0.0,0.0,0.0,0.0,0.0,0.0,0.0,0.0,0.0,0.0,0.0,0.0,0.0,0.0,0.0,0.0,0.0,0.0,0.0,0.0,0.0,0.8,UB&PB,47330
2500,1.1142836624517827,0.8912134687979714,0.8107198327528289,0.9481639753929711,0.027593402505028383,0.009516501277655822,0.05447651580466477,0.6079439872916615,0.47453725245098677,0.7617289899917591,0.18743710021321955,0.812562899786779,0.34640197282297114,0.36907912026954487,0.25767250951492376,0.42804322855725707,0.11857010430598783,0.5496001544421109,0.3527904843425847,0.37411839239288325,0.26611615443908043,0.43120663369131285,0.41179207612665375,0.4204967010694566,0.35952160460724136,0.46685983609848575,0.42322007796275446,0.42293775551643725,0.41930619904952726,0.4267062370480377,0.22441394958948974,0.9068928938719403,10897.664005468112,2436.446380680365,60868.92097562952,0.8,UB&PB,47330
0,0.0,0.0,0.0,0.0,0.0,0.0,0.0,0.0,0.0,0.0,0.0,0.0,0.0,0.0,0.0,0.0,0.0,0.0,0.0,0.0,0.0,0.0,0.0,0.0,0.0,0.0,0.0,0.0,0.0,0.0,0.0,0.0,0.0,0.0,0.0,0.85,UB&PB,47330
2500,1.125423985696022,0.835810648731544,0.7514652000094997,0.9145927155193152,0.028360264586745714,0.009761219247189474,0.0556321688421416,0.5972402427238116,0.47167096864382374,0.7221927798731275,0.19165742714996456,0.8083425728500354,0.35139054888289206,0.375626516099995,0.27537236705579116,0.41951832307806264,0.14010982054839066,0.5355462335629239,0.35773067197818276,0.378378984972565,0.28468246673035214,0.42402915356468296,0.40203765929267093,0.4091540114355706,0.3550670253440417,0.4518541326205586,0.41132330117631877,0.41108809183043005,0.4072163005820314,0.4150738515389588,0.24315303394181706,0.6204668686544939,8509.501610175786,2062.360245341527,45350.79221796291,0.85,UB&PB,47330
0,0.0,0.0,0.0,0.0,0.0,0.0,0.0,0.0,0.0,0.0,0.0,0.0,0.0,0.0,0.0,0.0,0.0,0.0,0.0,0.0,0.0,0.0,0.0,0.0,0.0,0.0,0.0,0.0,0.0,0.0,0.0,0.0,0.0,0.0,0.0,0.9,UB&PB,47330
2500,1.1394736055214005,0.8693812708041649,0.7819148109240588,0.9363652013121222,0.02799044832040256,0.009665672459556655,0.055204224536523676,0.8088073496395572,0.6238600413086776,0.9082665758164641,0.17292181947405785,0.8270781805259414,0.3600687897095173,0.3849621400366054,0.2917139879406793,0.42225391823363867,0.14878623959012927,0.5418240250639603,0.36508792893917513,0.38476255388880487,0.3005148858511357,0.4262611848776201,0.4034234441880061,0.40985311558536003,0.3531229145020182,0.4548462305040136,0.41211252532072634,0.4117683491213007,0.4080402273134088,0.4156341369688133,0.04431494639531731,0.6137229655142814,9527.140136104805,2222.3734162796127,51706.227292952004,0.9,UB&PB,47330
0,0.0,0.0,0.0,0.0,0.0,0.0,0.0,0.0,0.0,0.0,0.0,0.0,0.0,0.0,0.0,0.0,0.0,0.0,0.0,0.0,0.0,0.0,0.0,0.0,0.0,0.0,0.0,0.0,0.0,0.0,0.0,0.0,0.0,0.0,0.0,0.95,UB&PB,47330
2500,1.1624082881658218,0.8490496719344839,0.7412933346668542,0.9292418354437805,0.029163374429065615,0.010199423856675272,0.05707563682528562,0.7598559327101088,0.5791017067728005,0.9001035750700864,0.14563681592039784,0.8543631840796015,0.38401494629468985,0.4008149698341755,0.33659083177773697,0.43194569167231744,0.18985451269118386,0.550606108711451,0.3889648337173837,0.4005031757665728,0.3443504433416272,0.43682066074703385,0.4105729762291816,0.41519601127914024,0.3631233563565181,0.4585864790010691,0.4169449291832976,0.4166129434626406,0.412809701744696,0.42060487724944995,0.28232588576003625,0.9488384781015722,7784.919433206556,1927.518116792201,40856.744312186886,0.95,UB&PB,47330
0,0.0,0.0,0.0,0.0,0.0,0.0,0.0,0.0,0.0,0.0,0.0,0.0,0.0,0.0,0.0,0.0,0.0,0.0,0.0,0.0,0.0,0.0,0.0,0.0,0.0,0.0,0.0,0.0,0.0,0.0,0.0,0.0,0.0,0.0,0.0,0.05,UB&PB,63416
2500,0.9119777882511075,0.39870071281082403,0.2619156787539774,0.5877671713000189,0.8192422985661745,0.724423064678226,0.9119695180507947,0.8995728009074587,0.8304546996472476,0.9513753253314724,0.9614605543710022,0.03853944562899782,0.0793993713608531,0.021690750834132404,0.003143145029569129,0.10152305882014212,9.165684505476806e-5,0.35312987140214136,0.09022348413460116,0.03149743461430884,0.005469824290060125,0.12412697255185157,0.13523614624811242,0.09369924715641662,0.03844033665929002,0.1923293452853635,0.4129245406845194,0.412399355831752,0.40214247291427974,0.4231500365252752,0.04134930871808354,0.5817283790371987,5056.166381301459,3183.1754070374072,8267.994630800678,0.05,UB&PB,63416
0,0.0,0.0,0.0,0.0,0.0,0.0,0.0,0.0,0.0,0.0,0.0,0.0,0.0,0.0,0.0,0.0,0.0,0.0,0.0,0.0,0.0,0.0,0.0,0.0,0.0,0.0,0.0,0.0,0.0,0.0,0.0,0.0,0.0,0.0,0.0,0.1,UB&PB,63416
2500,0.9302695800083042,0.5524270896071454,0.42769225666838784,0.6825990687670684,0.8318616893110317,0.7356598713948569,0.9125433634452499,0.8754485488834047,0.7924040074500848,0.936874347620401,0.9585195451314854,0.04148045486851458,0.0768307998973788,0.02194962545163222,0.004360888089589574,0.09720913623487931,0.0003767342043011664,0.34468363378176875,0.08403726867498328,0.028130601184780873,0.006136505213236265,0.11187781024131228,0.12890425172066486,0.08945070668361282,0.038352240471563034,0.18011299865205427,0.41359755573891066,0.41319144305535127,0.40685507655726827,0.41981473208482,0.023001755404623805,0.3684680299853018,10789.712604771386,6760.706129326168,17698.898235658984,0.1,UB&PB,63416
0,0.0,0.0,0.0,0.0,0.0,0.0,0.0,0.0,0.0,0.0,0.0,0.0,0.0,0.0,0.0,0.0,0.0,0.0,0.0,0.0,0.0,0.0,0.0,0.0,0.0,0.0,0.0,0.0,0.0,0.0,0.0,0.0,0.0,0.0,0.0,0.15,UB&PB,63416
2500,0.9414676776561649,0.5087826413183926,0.3822229185861991,0.6275559284122463,0.35928244449301305,0.26349941607145255,0.4576605280401737,0.8892494993212275,0.8118334075605326,0.9486298463732469,0.9482302771855006,0.05176972281449888,0.12127619235239255,0.06590451221116693,0.020487777729897832,0.18519934375548303,0.00386441488780618,0.3992756122904603,0.13944498565479957,0.0895339750108412,0.031165234831909513,0.21497714192980846,0.20115342926907792,0.17420728653158274,0.09774069511868116,0.28930644925436794,0.4174938481174095,0.4171580888686455,0.40863627258701724,0.42593670003037426,0.24251766519593093,1.032815734794041,6116.940390142631,3223.3293531915233,12570.505070708416,0.15,UB&PB,63416
0,0.0,0.0,0.0,0.0,0.0,0.0,0.0,0.0,0.0,0.0,0.0,0.0,0.0,0.0,0.0,0.0,0.0,0.0,0.0,0.0,0.0,0.0,0.0,0.0,0.0,0.0,0.0,0.0,0.0,0.0,0.0,0.0,0.0,0.0,0.0,0.2,UB&PB,63416
2500,0.9609416320809567,0.4262310683392869,0.24723939463405822,0.5799984557593311,0.2590370242359496,0.17413364365818465,0.3630509351379277,0.8625626336713744,0.7703201521237238,0.9350304400849142,0.9488166311300648,0.05118336886993602,0.16257563653693605,0.12198716034160252,0.05094551651563805,0.24640057682236094,0.012160894333022173,0.4288837942423183,0.19386327399339548,0.16438059502514782,0.0777847384820002,0.28965597726044534,0.24305839318624192,0.2285114380405238,0.14726799854613054,0.32878412171229704,0.42546982961136354,0.42469727800360774,0.41187915346126625,0.43812448507502016,0.012035680507300766,0.4274571385623387,2969.5984144504514,1631.1113209171008,6102.864177482444,0.2,UB&PB,63416
0,0.0,0.0,0.0,0.0,0.0,0.0,0.0,0.0,0.0,0.0,0.0,0.0,0.0,0.0,0.0,0.0,0.0,0.0,0.0,0.0,0.0,0.0,0.0,0.0,0.0,0.0,0.0,0.0,0.0,0.0,0.0,0.0,0.0,0.0,0.0,0.25,UB&PB,63416
2500,0.9659633602957723,0.5153375612094372,0.3797891344696401,0.6468710987897113,0.1494643750848714,0.09119959623012341,0.21490114982233027,0.8527386616798375,0.76101997919616,0.920392479037878,0.9389516702203278,0.06104832977967315,0.18191890191510104,0.14395378119528318,0.061343489309108275,0.276873079003816,0.01583647802283952,0.4546628925927449,0.20810750960190047,0.1807503294356076,0.08763403161511091,0.3106124162642932,0.2780310896972467,0.2703752100676828,0.16501694861150298,0.38944734878175796,0.4188491845865726,0.418372033145573,0.4102515175904621,0.4268457847741549,0.045027849694297586,0.31416286190654286,3849.2849024602688,1933.1039293015265,8885.334320110096,0.25,UB&PB,63416
0,0.0,0.0,0.0,0.0,0.0,0.0,0.0,0.0,0.0,0.0,0.0,0.0,0.0,0.0,0.0,0.0,0.0,0.0,0.0,0.0,0.0,0.0,0.0,0.0,0.0,0.0,0.0,0.0,0.0,0.0,0.0,0.0,0.0,0.0,0.0,0.3,UB&PB,63416
2500,0.9627723783614897,0.728706308856559,0.5305396604241087,0.8528523685123363,0.15470526275743668,0.08415118375912871,0.25874037474098205,0.8544936281732395,0.7632552255166551,0.9250726285974368,0.9440888415067527,0.055911158493248,0.15716612073898772,0.10331760572621308,0.030921424321275766,0.2534078730162537,0.006249922503725583,0.4516376766198458,0.1679337749601067,0.1201123975599413,0.03899549942707565,0.2702659040028083,0.260291901703801,0.24554163645105098,0.13612243797811252,0.3859336212117833,0.4154291072651404,0.4150541922112033,0.40964254399145567,0.42071332939740674,0.19869017214960127,0.5825763810395697,12274.728612244127,5093.681470245239,32766.34817566218,0.3,UB&PB,63416
0,0.0,0.0,0.0,0.0,0.0,0.0,0.0,0.0,0.0,0.0,0.0,0.0,0.0,0.0,0.0,0.0,0.0,0.0,0.0,0.0,0.0,0.0,0.0,0.0,0.0,0.0,0.0,0.0,0.0,0.0,0.0,0.0,0.0,0.0,0.0,0.35,UB&PB,63416
2500,0.9745182712034401,0.6932158750938516,0.5611807846481204,0.8167275110137955,0.07212418345737548,0.03457843603959948,0.12366717790852938,0.8246366554748793,0.7044155508514311,0.9043039798595492,0.9217043354655307,0.07829566453447036,0.19005157667546138,0.1553568893818859,0.0537005316851766,0.305680360143498,0.00978991228437249,0.46471886447360256,0.20356226399110172,0.17556372373046888,0.0669611317845937,0.32461916643586913,0.3037601700056445,0.31984930214642,0.18042422474325287,0.4251413141096186,0.41516574719317856,0.4148675938494132,0.4098527413150266,0.42002881591531654,0.10474836468267307,0.3269214473376695,7963.38526077032,2989.2258175152633,25890.57118353252,0.35,UB&PB,63416
0,0.0,0.0,0.0,0.0,0.0,0.0,0.0,0.0,0.0,0.0,0.0,0.0,0.0,0.0,0.0,0.0,0.0,0.0,0.0,0.0,0.0,0.0,0.0,0.0,0.0,0.0,0.0,0.0,0.0,0.0,0.0,0.0,0.0,0.0,0.0,0.4,UB&PB,63416
2500,0.9842563330793695,0.7997960854317289,0.6627127511290442,0.8892226292897435,0.05627815370139578,0.024681781546193177,0.10055404235599784,0.7179107202994032,0.5972291798415514,0.8222152396653182,0.9025771144278605,0.09742288557213931,0.20201395801332875,0.17260822720278468,0.06081606318619903,0.3248385951146505,0.013907159908373436,0.4727571517431622,0.21140838058073963,0.18692892227291702,0.07084844283617257,0.33779362237898514,0.3167667101478209,0.33965664128229006,0.1909504384338229,0.4374896838997425,0.415111766570402,0.41481590333488383,0.4106069073667035,0.4191299362550196,0.2158989727088619,0.4572107359040885,10279.512993435099,3549.6311057081784,37438.21582659277,0.4,UB&PB,63416
0,0.0,0.0,0.0,0.0,0.0,0.0,0.0,0.0,0.0,0.0,0.0,0.0,0.0,0.0,0.0,0.0,0.0,0.0,0.0,0.0,0.0,0.0,0.0,0.0,0.0,0.0,0.0,0.0,0.0,0.0,0.0,0.0,0.0,0.0,0.0,0.45,UB&PB,63416
2500,0.995203302310086,0.8721363939593528,0.7739263219567691,0.9401091663564028,0.04420012854935895,0.01747158795360381,0.08468095117063466,0.734441411919639,0.6411823098083164,0.8337103809619746,0.8869381663113015,0.11306183368869945,0.20859210698814162,0.1807848644502816,0.06314053528775655,0.3397579431900323,0.012897664744204953,0.48364553844420094,0.21535909271254422,0.19065279264148002,0.07064841393304085,0.3485253054325196,0.3229562405037607,0.3469818267195853,0.19457677113156926,0.4458655900101872,0.41369768412495683,0.41337828724839915,0.40962845466607145,0.4172452061155905,0.4788696549618558,0.9410763385642682,16643.43915585502,5153.217669251806,67184.81394653741,0.45,UB&PB,63416
0,0.0,0.0,0.0,0.0,0.0,0.0,0.0,0.0,0.0,0.0,0.0,0.0,0.0,0.0,0.0,0.0,0.0,0.0,0.0,0.0,0.0,0.0,0.0,0.0,0.0,0.0,0.0,0.0,0.0,0.0,0.0,0.0,0.0,0.0,0.0,0.5,UB&PB,63416
2500,1.0150772703295496,0.8695434883152847,0.7697571604819069,0.937192220909821,0.03883090904822321,0.014970456906193396,0.07454737197149645,0.7479303234934204,0.6000066924243519,0.858197986084495,0.8610000000000011,0.13900000000000004,0.23175183917128986,0.21244717535092816,0.0860724759777425,0.3729635727169956,0.020345375984686737,0.49426557323792863,0.23930495667881657,0.22206671016676358,0.0957249753399165,0.3806970617144087,0.34474856361681144,0.37378830121984713,0.22827311191970115,0.45691781917533836,0.4242514953167388,0.4239491260721339,0.4201824936465644,0.4278553373994575,0.041169822395131166,0.5620040685848775,14266.392574977455,4375.432184278837,60498.26856686363,0.5,UB&PB,63416
0,0.0,0.0,0.0,0.0,0.0,0.0,0.0,0.0,0.0,0.0,0.0,0.0,0.0,0.0,0.0,0.0,0.0,0.0,0.0,0.0,0.0,0.0,0.0,0.0,0.0,0.0,0.0,0.0,0.0,0.0,0.0,0.0,0.0,0.0,0.0,0.55,UB&PB,63416
2500,1.0200181410460205,0.8636623639600025,0.7524433239574924,0.9422360967183415,0.035612387284920596,0.013390112119149124,0.0684657701956476,0.6461408491151505,0.5498742175874858,0.7418321199716406,0.8442615493958777,0.15573845060412225,0.24528754603562752,0.23359230415008364,0.10560028106240289,0.385124983843486,0.02440288464300392,0.49665296770390377,0.2532203898953619,0.24246349094484146,0.11741777506569309,0.3908367153582942,0.3505493688708534,0.3789898457584817,0.24095372154409353,0.4564811792932907,0.4180925426238079,0.4178273468735691,0.4140324122770682,0.4217234516197697,0.316890130206762,0.6500648637436037,12691.376367486193,3894.299510186943,55746.45874578703,0.55,UB&PB,63416
0,0.0,0.0,0.0,0.0,0.0,0.0,0.0,0.0,0.0,0.0,0.0,0.0,0.0,0.0,0.0,0.0,0.0,0.0,0.0,0.0,0.0,0.0,0.0,0.0,0.0,0.0,0.0,0.0,0.0,0.0,0.0,0.0,0.0,0.0,0.0,0.6,UB&PB,63416
2500,1.0391395016857592,0.8470554605615156,0.7340663588592882,0.9264162587786802,0.03487776879809579,0.013137861770596455,0.06661271584378316,0.7739507733633814,0.6489732534705658,0.8753322822994241,0.8239253731343272,0.17607462686567155,0.2520960475459013,0.23780355164604458,0.11504088537431076,0.3969867746528032,0.027555447673372972,0.49779567814019227,0.2604719106745634,0.24796474193210769,0.12817006675091244,0.4010932664602238,0.3545720908277826,0.3835335550587834,0.2518703485025047,0.45572012120702016,0.41930277274472244,0.4190419362954754,0.41518400720731014,0.4230272005115963,0.08945250492065197,0.36452622599886664,11153.760634754472,3448.1407837144143,49007.28318562453,0.6,UB&PB,63416
0,0.0,0.0,0.0,0.0,0.0,0.0,0.0,0.0,0.0,0.0,0.0,0.0,0.0,0.0,0.0,0.0,0.0,0.0,0.0,0.0,0.0,0.0,0.0,0.0,0.0,0.0,0.0,0.0,0.0,0.0,0.0,0.0,0.0,0.0,0.0,0.65,UB&PB,63416
2500,1.0589471217504378,0.8512843496245667,0.7643701832615026,0.9251853455958721,0.028961828653994826,0.010107397602669054,0.056932088691478894,0.5973742959615372,0.4748146441556665,0.7109819069304939,0.6064939587775412,0.3935060412224588,0.292208062301047,0.29236833387332056,0.1756508008379326,0.41616920152737635,0.05390647507126274,0.5192347608965991,0.3005673875502649,0.30248588118136066,0.1884154904779942,0.418983579257001,0.3837331864838335,0.4073193464796573,0.3055267440644605,0.46419179782533526,0.42167728366079155,0.4214412044528508,0.4176911804946778,0.4252982514437665,0.050623241077469086,0.6422664080120803,10614.8955151183,2911.5102314528544,52652.703970288334,0.65,UB&PB,63416
0,0.0,0.0,0.0,0.0,0.0,0.0,0.0,0.0,0.0,0.0,0.0,0.0,0.0,0.0,0.0,0.0,0.0,0.0,0.0,0.0,0.0,0.0,0.0,0.0,0.0,0.0,0.0,0.0,0.0,0.0,0.0,0.0,0.0,0.0,0.0,0.7,UB&PB,63416
2500,1.0775192933186735,0.8469297231132212,0.7304937282043387,0.9205705727496714,0.029136007032815534,0.010219041592435491,0.0571974427760762,0.6675591279067846,0.5608715763344673,0.7705164363776192,0.5389374555792471,0.4610625444207535,0.3010158066997812,0.30329230968303755,0.18980047705043118,0.4168253885623381,0.06695088183942,0.5234685336610099,0.3095446966123599,0.31502170566843557,0.20191438597133693,0.41934711620407766,0.38547700542440105,0.4061112318324764,0.31215244920099694,0.4621466587126873,0.4185967392808004,0.418261091741613,0.41442049029796263,0.42227922840650367,0.044012254958585684,0.3832265587232885,9699.850518608077,2687.3576620711788,47215.33585064294,0.7,UB&PB,63416
0,0.0,0.0,0.0,0.0,0.0,0.0,0.0,0.0,0.0,0.0,0.0,0.0,0.0,0.0,0.0,0.0,0.0,0.0,0.0,0.0,0.0,0.0,0.0,0.0,0.0,0.0,0.0,0.0,0.0,0.0,0.0,0.0,0.0,0.0,0.0,0.75,UB&PB,63416
2500,1.0957548267081338,0.8725635061506033,0.7851294645234644,0.9388017592855802,0.027830255408365277,0.009487487034356852,0.05514091823296117,0.5770870784079087,0.47133017638628566,0.7022193894882379,0.32349182658137865,0.6765081734186209,0.32876930118471503,0.3421403810317874,0.2337028150549056,0.4240283884431694,0.09825881270445648,0.5351758144086634,0.3359432451111106,0.35119739112796383,0.2434312740529645,0.4267618334924661,0.4026471491028877,0.4158997014223014,0.34545946081777834,0.4633647518036137,0.421198426123436,0.42092210379654776,0.4172367373425651,0.42473798111371236,0.3446277393469697,0.7749472204278431,10320.023794223838,2539.3003886504594,54731.36105833501,0.75,UB&PB,63416
0,0.0,0.0,0.0,0.0,0.0,0.0,0.0,0.0,0.0,0.0,0.0,0.0,0.0,0.0,0.0,0.0,0.0,0.0,0.0,0.0,0.0,0.0,0.0,0.0,0.0,0.0,0.0,0.0,0.0,0.0,0.0,0.0,0.0,0.0,0.0,0.8,UB&PB,63416
2500,1.1122711616082712,0.8563565238871069,0.7524016646085709,0.9334292368912611,0.0275323302993369,0.009444274411384864,0.05404524314760266,0.5632746700718542,0.4546950854406073,0.6649763604456442,0.22778251599147106,0.7722174840085293,0.3469460996837026,0.3684550350877979,0.2638658169802921,0.4248228453564915,0.12598643033930684,0.5410043976780302,0.3541293798537255,0.3742225177666633,0.2730159765849308,0.4286383956055067,0.40757180949735217,0.4164941600798535,0.35825189152338854,0.46069734952387437,0.41908756174747697,0.41881529602590484,0.4149915402860767,0.42278024135232184,0.07294781981110379,0.44781587281122326,8776.685920298092,2134.531805002206,47096.00595361873,0.8,UB&PB,63416
0,0.0,0.0,0.0,0.0,0.0,0.0,0.0,0.0,0.0,0.0,0.0,0.0,0.0,0.0,0.0,0.0,0.0,0.0,0.0,0.0,0.0,0.0,0.0,0.0,0.0,0.0,0.0,0.0,0.0,0.0,0.0,0.0,0.0,0.0,0.0,0.85,UB&PB,63416
2500,1.1208430756270964,0.9037568530946298,0.8343815707504365,0.9563117634531367,0.02812254242914335,0.009710927610405207,0.055599879914955325,0.7395722574719129,0.6226768803817129,0.8406689085548726,0.19707249466950946,0.8029275053304912,0.34536483150157277,0.37148215216584946,0.256911437967746,0.42247567434673716,0.12113665281706591,0.5463153441305716,0.3503750240339021,0.3735166291073906,0.2654651607301696,0.4253175526104136,0.40407831555151197,0.4124089245937525,0.34696472807920337,0.4631771578175062,0.41520189813238895,0.41490164068189694,0.4113051943706542,0.41865019312773033,0.10245975277631636,0.5365210499765404,12443.34029594462,2724.4586447266292,70347.83728451528,0.85,UB&PB,63416
0,0.0,0.0,0.0,0.0,0.0,0.0,0.0,0.0,0.0,0.0,0.0,0.0,0.0,0.0,0.0,0.0,0.0,0.0,0.0,0.0,0.0,0.0,0.0,0.0,0.0,0.0,0.0,0.0,0.0,0.0,0.0,0.0,0.0,0.0,0.0,0.9,UB&PB,63416
2500,1.1477365534385724,0.8476142595576212,0.7426640851862872,0.9279515647968706,0.027802680962704475,0.009572476268991133,0.05445875367845968,0.8094370711962271,0.6922990673760138,0.8962038505645358,0.17115209665955955,0.8288479033404418,0.36349264955568744,0.38618728995421586,0.2961912497529733,0.425976756293858,0.152530773344664,0.5474181615611361,0.36915291747554835,0.38614596840951226,0.30550058511492056,0.4307349647879541,0.4063938460699399,0.4134405163235514,0.35660737984180696,0.4573199942040886,0.41583596084270497,0.41554915263744774,0.4116947015021699,0.4195438508675257,0.17952918810298224,0.8685378850259553,8321.179094417383,2019.3255954840852,44204.636468548684,0.9,UB&PB,63416
0,0.0,0.0,0.0,0.0,0.0,0.0,0.0,0.0,0.0,0.0,0.0,0.0,0.0,0.0,0.0,0.0,0.0,0.0,0.0,0.0,0.0,0.0,0.0,0.0,0.0,0.0,0.0,0.0,0.0,0.0,0.0,0.0,0.0,0.0,0.0,0.95,UB&PB,63416
2500,1.1686421035188832,0.8451978512098961,0.7319151054640659,0.9234699717870088,0.0294112118552878,0.010259562133847678,0.05760504367818373,0.6368451755049945,0.5199616482166461,0.747759975904176,0.136496090973703,0.8635039090262988,0.39239934295810125,0.40654734883528737,0.3468852251745983,0.437979340781721,0.20777057474195526,0.5553528737845964,0.3974455947246797,0.4056762632938368,0.35379622414619527,0.4432197974396464,0.4171381711778805,0.4212609619498294,0.37199592071130055,0.4630688629029905,0.42269322352371147,0.42242238872613014,0.41860582665061996,0.42642073111764256,0.33789990200231923,0.9777662772696195,7567.329687108091,1874.455979825146,39528.36130803314,0.95,UB&PB,63416
0,0.0,0.0,0.0,0.0,0.0,0.0,0.0,0.0,0.0,0.0,0.0,0.0,0.0,0.0,0.0,0.0,0.0,0.0,0.0,0.0,0.0,0.0,0.0,0.0,0.0,0.0,0.0,0.0,0.0,0.0,0.0,0.0,0.0,0.0,0.0,0.05,UB&PB,66564
2500,0.914812759513952,0.7506366976949581,0.5950017730748538,0.8511954664246011,0.7730430341657354,0.6531034429745155,0.8618599422997543,0.9000309653704666,0.8198227033672937,0.9542924572957303,0.952272921108742,0.04772707889125807,0.08490984268776806,0.0201306539787903,0.0027584619512017895,0.11140197447368,0.00022844662477803046,0.3866034959254379,0.08875696859164907,0.022442583222362943,0.0032969852918933724,0.11974354368411737,0.15542680640505524,0.10638016477233878,0.036516671573428014,0.2439238620978426,0.4132438720107051,0.4128536526756595,0.4078590864965399,0.4180226649464838,0.07974909090232446,0.3682111770653519,45253.926890658855,22403.403672880024,90637.6586942487,0.05,UB&PB,66564
0,0.0,0.0,0.0,0.0,0.0,0.0,0.0,0.0,0.0,0.0,0.0,0.0,0.0,0.0,0.0,0.0,0.0,0.0,0.0,0.0,0.0,0.0,0.0,0.0,0.0,0.0,0.0,0.0,0.0,0.0,0.0,0.0,0.0,0.0,0.0,0.1,UB&PB,66564
2500,0.9353628084611662,0.37856751554858403,0.1980730756056191,0.5538287707464802,0.6752689312347769,0.5442564060969748,0.7968279530086334,0.9002599869225474,0.8159645257281437,0.9569675125158446,0.9615486851457002,0.0384513148542999,0.09208334763015748,0.04266563230529901,0.010882081561356761,0.12784891785924696,0.0011030564766709716,0.34810125323628016,0.11045699310118871,0.06298882719135658,0.019410111480238162,0.16074699999964792,0.14409054553517345,0.11271514857517527,0.06303377170668942,0.18885589347415388,0.42643520921603845,0.4256373137617975,0.41246641546483825,0.43948542091623743,0.45682798944017494,0.9978112485076044,3719.772717048673,2533.614273279818,5657.811828598132,0.1,UB&PB,66564
0,0.0,0.0,0.0,0.0,0.0,0.0,0.0,0.0,0.0,0.0,0.0,0.0,0.0,0.0,0.0,0.0,0.0,0.0,0.0,0.0,0.0,0.0,0.0,0.0,0.0,0.0,0.0,0.0,0.0,0.0,0.0,0.0,0.0,0.0,0.0,0.15,UB&PB,66564
2500,0.9444181624760012,0.4300764396792449,0.2938258697694922,0.5535038831563163,0.7123002781725708,0.5899525798627007,0.8199057241099487,0.7986743403618551,0.6931106116363269,0.8830493626494216,0.9650262970859997,0.03497370291400135,0.08380448876607902,0.03931216888511298,0.010842754965241572,0.1153599599734428,0.001624624851086905,0.3164632136835838,0.09857150048847424,0.05567199428330158,0.017121833609923275,0.14177828754671382,0.12895561660387733,0.10328168118483312,0.05840566741363945,0.16677600187068456,0.4127264680699713,0.41218802909309543,0.4024255414218205,0.422332568274156,0.04312069358880952,0.5026077380492354,4102.029430291814,2954.76724728328,5827.672965619258,0.15,UB&PB,66564
0,0.0,0.0,0.0,0.0,0.0,0.0,0.0,0.0,0.0,0.0,0.0,0.0,0.0,0.0,0.0,0.0,0.0,0.0,0.0,0.0,0.0,0.0,0.0,0.0,0.0,0.0,0.0,0.0,0.0,0.0,0.0,0.0,0.0,0.0,0.0,0.2,UB&PB,66564
2500,0.9505381739765426,0.5726225633000744,0.38857819872807314,0.7533381806383347,0.44634862667823044,0.2993363355376956,0.6189816134660076,0.8481710365993733,0.7654943667765162,0.9251635478242789,0.9562615493958783,0.0437384506041222,0.11524977027115002,0.06032395204945678,0.01782197337615643,0.1725391535274374,0.003067523122724106,0.3944838270405834,0.12877947622721517,0.07793283647727392,0.025914504118574065,0.19418075936766122,0.18789662543094068,0.15846401339492303,0.08630665098593635,0.27090664606007103,0.41796575554743914,0.41735769583140375,0.4084522157966636,0.4267479274665009,0.14995738701379782,0.885231426101264,14360.48305745486,7537.8785859627515,28018.48343513344,0.2,UB&PB,66564
0,0.0,0.0,0.0,0.0,0.0,0.0,0.0,0.0,0.0,0.0,0.0,0.0,0.0,0.0,0.0,0.0,0.0,0.0,0.0,0.0,0.0,0.0,0.0,0.0,0.0,0.0,0.0,0.0,0.0,0.0,0.0,0.0,0.0,0.0,0.0,0.25,UB&PB,66564
2500,0.9634455932223138,0.4706944964565132,0.34921885605848507,0.6132420751557122,0.29501523796476864,0.18378203971582352,0.42800516267081157,0.8274495552920913,0.7307704163281682,0.9039343789407126,0.9559388770433562,0.044061122956645354,0.14868954768906678,0.1049236120359515,0.039480057163351234,0.22916216032103376,0.009913389478587224,0.41379604451972013,0.17123304081526272,0.1365393021357285,0.05664203943076163,0.262821212168686,0.2281078223966054,0.20991162128092888,0.13118988353614955,0.31494292200284424,0.41565380129477325,0.41530005953900434,0.4071279774435468,0.4237752356501498,0.12604724503556144,0.9061613782462781,3302.920542747856,1919.0153308882511,6318.3455307054755,0.25,UB&PB,66564
0,0.0,0.0,0.0,0.0,0.0,0.0,0.0,0.0,0.0,0.0,0.0,0.0,0.0,0.0,0.0,0.0,0.0,0.0,0.0,0.0,0.0,0.0,0.0,0.0,0.0,0.0,0.0,0.0,0.0,0.0,0.0,0.0,0.0,0.0,0.0,0.3,UB&PB,66564
2500,0.9682496108256214,0.6288362110083153,0.45340768416884025,0.7970616975942925,0.11636203856697593,0.061657673264847154,0.1841288442202985,0.8516319958595456,0.7621438833501799,0.9258728152086463,0.9397313432835809,0.06026865671641794,0.17689782573618837,0.1346044181637774,0.04869364149327053,0.27933224669339435,0.010607836813572073,0.4571291778247768,0.19281130155439363,0.15853863216337624,0.06253397075376683,0.30263764242258884,0.284494145271505,0.2857759120281547,0.1631699024112428,0.4062189893590194,0.4186024676537677,0.41826836175978105,0.4124120006748409,0.42435842547308017,0.03405508636523474,0.4855109427086374,5661.24649475911,2496.4748011685483,14821.982811229751,0.3,UB&PB,66564
0,0.0,0.0,0.0,0.0,0.0,0.0,0.0,0.0,0.0,0.0,0.0,0.0,0.0,0.0,0.0,0.0,0.0,0.0,0.0,0.0,0.0,0.0,0.0,0.0,0.0,0.0,0.0,0.0,0.0,0.0,0.0,0.0,0.0,0.0,0.0,0.35,UB&PB,66564
2500,0.9792062608564768,0.59832856112983,0.45959396489630694,0.7484272684337636,0.10511186550280707,0.057735825727091225,0.16679468057586708,0.8547711277666188,0.744609553602066,0.9281096884280059,0.9339118692253034,0.06608813077469801,0.18789531909083199,0.15236060051702996,0.057600249714966544,0.29901094947969725,0.011581599384373635,0.4587615332019749,0.20609490384333862,0.1782088742675063,0.07632981365954773,0.3226413660473165,0.292696439128648,0.29614134647017687,0.1775485666879004,0.40925501514390955,0.4174506211893214,0.41713853714467053,0.4111051720997472,0.4233831233695333,0.0433281041656796,0.509500802591969,5067.663079493065,2294.0176704314913,13283.751964160516,0.35,UB&PB,66564
0,0.0,0.0,0.0,0.0,0.0,0.0,0.0,0.0,0.0,0.0,0.0,0.0,0.0,0.0,0.0,0.0,0.0,0.0,0.0,0.0,0.0,0.0,0.0,0.0,0.0,0.0,0.0,0.0,0.0,0.0,0.0,0.0,0.0,0.0,0.0,0.4,UB&PB,66564
2500,0.9860757414087747,0.7880910106163873,0.669500488198434,0.8708838906771268,0.061913139789942256,0.027689235662040262,0.10868140675318637,0.7037868841888631,0.6046615816585831,0.8206093403879022,0.9001158493248045,0.09988415067519546,0.20572491579897775,0.1763556572677489,0.06598488367221766,0.3285160909535087,0.015079949074500523,0.47710609762746226,0.2161562984693128,0.1916742002500298,0.07731457903660059,0.34197346800713996,0.3208398275513496,0.34156869021637054,0.20061427415445546,0.439335530867229,0.4193135867604891,0.4190071071312288,0.41474925904511195,0.42342601522539625,0.40395340564326365,0.9336683844662554,11083.393956562597,3889.6807225865177,39434.35358776035,0.4,UB&PB,66564
0,0.0,0.0,0.0,0.0,0.0,0.0,0.0,0.0,0.0,0.0,0.0,0.0,0.0,0.0,0.0,0.0,0.0,0.0,0.0,0.0,0.0,0.0,0.0,0.0,0.0,0.0,0.0,0.0,0.0,0.0,0.0,0.0,0.0,0.0,0.0,0.45,UB&PB,66564
2500,0.9966914658602221,0.8393758241833031,0.7088033644830669,0.923848636372584,0.050345679684842964,0.020415488280767502,0.09603258110411547,0.8185629293829236,0.6822031946337601,0.9161027876961824,0.8953319118692251,0.10466808813077477,0.2072487772365736,0.17667297130149864,0.061371974813302206,0.33973960706636963,0.012475647360686064,0.4855906274934451,0.2153097733649016,0.18834798807994066,0.07021802328681515,0.35044366822911177,0.3228937685546333,0.3461174711523392,0.19464941514793407,0.4468038322686099,0.4187539764755646,0.4184261627275567,0.41448154903696516,0.42253547932291097,0.03532587653070354,0.5516719352931273,13134.925917760222,4299.047435605818,50637.42769806712,0.45,UB&PB,66564
0,0.0,0.0,0.0,0.0,0.0,0.0,0.0,0.0,0.0,0.0,0.0,0.0,0.0,0.0,0.0,0.0,0.0,0.0,0.0,0.0,0.0,0.0,0.0,0.0,0.0,0.0,0.0,0.0,0.0,0.0,0.0,0.0,0.0,0.0,0.0,0.5,UB&PB,66564
2500,1.012146088833318,0.8078801912084084,0.7221801536266729,0.8904967191585856,0.04048902535233114,0.015958230883177212,0.07739877915986287,0.6610274319020721,0.5397551334287863,0.7967558123680366,0.8553816631130059,0.14461833688699402,0.23462902906746771,0.21829451249923668,0.0966490606816228,0.36861974237175554,0.024361775989756276,0.4881987990464292,0.24398412138531744,0.23004003199239503,0.10923406845205766,0.37726426907431604,0.3421953831841176,0.3701058288710219,0.2315992298978082,0.4498544542488115,0.4169410915374208,0.41664127782347515,0.41272113415483447,0.42068583952928074,0.17968607388457722,0.7182712181869307,10493.089968215278,3405.434102687968,42225.0851712383,0.5,UB&PB,66564
0,0.0,0.0,0.0,0.0,0.0,0.0,0.0,0.0,0.0,0.0,0.0,0.0,0.0,0.0,0.0,0.0,0.0,0.0,0.0,0.0,0.0,0.0,0.0,0.0,0.0,0.0,0.0,0.0,0.0,0.0,0.0,0.0,0.0,0.0,0.0,0.55,UB&PB,66564
2500,1.0207767356628747,0.8632413821404488,0.7814225744177661,0.9268574578115165,0.03663011680772959,0.013851188307226911,0.07098492477738874,0.8126509595554486,0.7114324581883037,0.894889707536062,0.8451542288557211,0.15484577114427825,0.2299423978935681,0.2084912528564266,0.08363828472755527,0.3753346312961253,0.01839040631634719,0.49479116069048623,0.23728562254895713,0.21706139035040325,0.09384070129284271,0.3802471015710699,0.3374205366488011,0.36385089385121994,0.21891086767723197,0.4513637971139182,0.41363457777529683,0.4133829555877932,0.40960253197782526,0.41724864244390053,0.5504778396133186,1.0569802912280795,16254.84642185919,4805.66880909512,70682.92058160137,0.55,UB&PB,66564
0,0.0,0.0,0.0,0.0,0.0,0.0,0.0,0.0,0.0,0.0,0.0,0.0,0.0,0.0,0.0,0.0,0.0,0.0,0.0,0.0,0.0,0.0,0.0,0.0,0.0,0.0,0.0,0.0,0.0,0.0,0.0,0.0,0.0,0.0,0.0,0.6,UB&PB,66564
2500,1.0418230406310707,0.8825422156618903,0.7944104023674562,0.9426132031106574,0.03111749524066874,0.011125180170654492,0.06095320944885911,0.6668812874492314,0.5437371131830637,0.800389119467178,0.760788201847904,0.2392117981520964,0.2641076215559849,0.2540344656583988,0.13021862799298178,0.4042790681492627,0.03462955480994506,0.5091984085614842,0.2716768308024854,0.26263335538181426,0.14176731451928565,0.4079621519601685,0.3648805710966511,0.39260804208879596,0.2650011648180904,0.46275098939108683,0.421804313806019,0.4215756488625765,0.41784670906518384,0.4254120262454096,0.20026210118668367,0.7535883915743921,12836.777165737865,3717.810698673123,60295.92942761282,0.6,UB&PB,66564
0,0.0,0.0,0.0,0.0,0.0,0.0,0.0,0.0,0.0,0.0,0.0,0.0,0.0,0.0,0.0,0.0,0.0,0.0,0.0,0.0,0.0,0.0,0.0,0.0,0.0,0.0,0.0,0.0,0.0,0.0,0.0,0.0,0.0,0.0,0.0,0.65,UB&PB,66564
2500,1.0504451782652646,0.8900327816266275,0.8028849719377846,0.95025489501437,0.03089943328124718,0.011013587428346702,0.06020620583497206,0.6772096917347714,0.5667404741545591,0.7845404330029752,0.7483447050461968,0.2516552949538023,0.2703092548099031,0.26219439904547365,0.13921402718947748,0.40568962818769694,0.039276256359941225,0.5098562487846671,0.2771762266685204,0.270250914683947,0.14975152378565662,0.4082116795681651,0.36511896187064713,0.3912004258949285,0.26635621806452503,0.46242477530452764,0.4160167770582021,0.41571093270739307,0.4119957827342069,0.419511691524718,0.13854004334068562,0.3871841976095709,13730.291049318557,3890.6256218979292,66066.59806392835,0.65,UB&PB,66564
0,0.0,0.0,0.0,0.0,0.0,0.0,0.0,0.0,0.0,0.0,0.0,0.0,0.0,0.0,0.0,0.0,0.0,0.0,0.0,0.0,0.0,0.0,0.0,0.0,0.0,0.0,0.0,0.0,0.0,0.0,0.0,0.0,0.0,0.0,0.0,0.7,UB&PB,66564
2500,1.0658858789308214,0.8691898254376175,0.7633849442920648,0.9443792758920448,0.029000505709953973,0.010151471571066526,0.05648437527797036,0.6953148756425641,0.534925048455718,0.831771058858489,0.5204299928926807,0.47957000710732084,0.2913516842294779,0.29383140220529813,0.17689133728208847,0.4098637291732777,0.05327683106854662,0.5175187900091299,0.2990131161087187,0.30453704222717054,0.18771689329477972,0.4120999566489384,0.37891593452491856,0.39990244753573373,0.30378131052562235,0.4566975225861207,0.41247170038307024,0.41215419733121605,0.40833512159718466,0.41614804099682395,0.6356228011037215,1.0557292265478921,10532.72857135604,2840.9631643576854,52598.15329564034,0.7,UB&PB,66564
0,0.0,0.0,0.0,0.0,0.0,0.0,0.0,0.0,0.0,0.0,0.0,0.0,0.0,0.0,0.0,0.0,0.0,0.0,0.0,0.0,0.0,0.0,0.0,0.0,0.0,0.0,0.0,0.0,0.0,0.0,0.0,0.0,0.0,0.0,0.0,0.75,UB&PB,66564
2500,1.0892413146901463,0.8888899036735673,0.7996215925220399,0.9507440393691087,0.0281260351871384,0.009676941557967533,0.05562946116021601,0.7571768618670117,0.627121553948636,0.8615641370724768,0.42020326936744884,0.5797967306325503,0.30953362280461005,0.32120007293958863,0.19871842843136614,0.4169264148466331,0.07067059395249607,0.5330736042926406,0.3162307051042052,0.33003520683226883,0.20805420684262066,0.419021574641628,0.39014817760432224,0.4066023582474615,0.31750481689554905,0.4641572005170857,0.41630532613275045,0.41599249639736485,0.41233733396714006,0.4197921148020362,0.07779844292952698,0.38488618360702437,12077.42332226315,2994.9569524330955,63609.40921355958,0.75,UB&PB,66564
0,0.0,0.0,0.0,0.0,0.0,0.0,0.0,0.0,0.0,0.0,0.0,0.0,0.0,0.0,0.0,0.0,0.0,0.0,0.0,0.0,0.0,0.0,0.0,0.0,0.0,0.0,0.0,0.0,0.0,0.0,0.0,0.0,0.0,0.0,0.0,0.8,UB&PB,66564
2500,1.1032934420387175,0.9034482272157177,0.8246554556944427,0.9568681509216723,0.029115381508294652,0.010052593600717044,0.05778838472760492,0.7284210225891679,0.6000099729686151,0.8500046857513178,0.22325159914712145,0.7767484008528779,0.32554108698696654,0.3484138453634376,0.22580983688215592,0.41601560532501486,0.09550238135361147,0.5342387893962078,0.3312623528688318,0.35396243450406684,0.23366226583886113,0.41864397810115506,0.39730005157865794,0.40804238368501516,0.3394499715983399,0.4571178125079147,0.41196571352275596,0.41168333445790883,0.4080159828893173,0.415492755859292,0.6908329906194731,1.030483281165577,11899.167863137925,2682.4697719848555,65239.645796277684,0.8,UB&PB,66564
0,0.0,0.0,0.0,0.0,0.0,0.0,0.0,0.0,0.0,0.0,0.0,0.0,0.0,0.0,0.0,0.0,0.0,0.0,0.0,0.0,0.0,0.0,0.0,0.0,0.0,0.0,0.0,0.0,0.0,0.0,0.0,0.0,0.0,0.0,0.0,0.85,UB&PB,66564
2500,1.1265785423550352,0.8466664722078602,0.7574583624448479,0.931297014175336,0.028643725543002,0.009948761451288295,0.056163689758731435,0.7307039381881686,0.6031977030595391,0.8511104292760048,0.2349275053304902,0.7650724946695093,0.35046602629076445,0.3782381914299367,0.26533980727207324,0.4258459983238611,0.12840250455190294,0.5438902306343802,0.35680115244606175,0.3812121888484887,0.2754845685293075,0.4296949330103225,0.40636785510646656,0.41513073643621845,0.35230751137240435,0.4626088527004719,0.41850591561080064,0.4182099831087023,0.41445456461671565,0.4220723162971629,0.13409196652580524,0.43849355837543064,9262.420237750814,2276.5592543238117,48878.040942675616,0.85,UB&PB,66564
0,0.0,0.0,0.0,0.0,0.0,0.0,0.0,0.0,0.0,0.0,0.0,0.0,0.0,0.0,0.0,0.0,0.0,0.0,0.0,0.0,0.0,0.0,0.0,0.0,0.0,0.0,0.0,0.0,0.0,0.0,0.0,0.0,0.0,0.0,0.0,0.9,UB&PB,66564
2500,1.1407648470090441,0.8682535072941592,0.7851108262548878,0.9316880657973253,0.0283669517968912,0.009761729586317096,0.05586114248285137,0.6669221102773375,0.4909168219335885,0.786518273894107,0.17934470504619732,0.8206552949538021,0.3646005489984786,0.38701412549286146,0.30193094636547474,0.4226537354644419,0.15813811650994056,0.54159910162622,0.36980257214869594,0.3873940108466863,0.31049668727327007,0.4267808565705249,0.4037747233202764,0.40984062817692685,0.35377173395084677,0.4548852567359724,0.4119507594564922,0.41160026926695137,0.4078609270226671,0.41552957864817186,0.42717060250277233,0.8394042915403467,9520.218671317529,2217.9631004669714,52303.92133497251,0.9,UB&PB,66564
0,0.0,0.0,0.0,0.0,0.0,0.0,0.0,0.0,0.0,0.0,0.0,0.0,0.0,0.0,0.0,0.0,0.0,0.0,0.0,0.0,0.0,0.0,0.0,0.0,0.0,0.0,0.0,0.0,0.0,0.0,0.0,0.0,0.0,0.0,0.0,0.95,UB&PB,66564
2500,1.1632060882482838,0.8621154948522975,0.7586888935550903,0.9319099498696796,0.02816989147405113,0.00971874979864506,0.05536606032010839,0.665005425187118,0.5362387654799204,0.7822278287956982,0.15571286425017758,0.844287135749822,0.3853813432425207,0.3994392002835264,0.3381378408739809,0.4320226950704952,0.19670714332658001,0.5537928145963222,0.3901607940525938,0.3985057570053916,0.3451101176001151,0.4366816342952072,0.41144421652340496,0.4160275564531985,0.36341933424322914,0.460840423470689,0.4174780764686213,0.4171698570665675,0.41338575085642615,0.4210751368309218,0.5400154774595705,1.0373189509002516,8479.067669393826,2034.1319284360172,45536.07183610959,0.95,UB&PB,66564
0,0.0,0.0,0.0,0.0,0.0,0.0,0.0,0.0,0.0,0.0,0.0,0.0,0.0,0.0,0.0,0.0,0.0,0.0,0.0,0.0,0.0,0.0,0.0,0.0,0.0,0.0,0.0,0.0,0.0,0.0,0.0,0.0,0.0,0.0,0.0,0.05,UB&PB,41685
2500,0.9236772578126659,0.5561595648699796,0.37355770236817,0.7270664839410359,0.758015212112455,0.6198002994340984,0.8615957856367524,0.9192656046278971,0.8602612923044493,0.9634362667908027,0.9528173418621166,0.04718265813788211,0.09117199497275638,0.029731709492757594,0.0067056420486935634,0.12141740348475108,0.0008433267349058409,0.3871078232190004,0.09928306058658634,0.03691648876866661,0.00884850128454356,0.13821107274208688,0.15776158571169147,0.111485360264125,0.04671122824530124,0.234602862310103,0.43092703954249334,0.43054133790891413,0.4235039670027907,0.437892929829034,0.08507017209275787,0.9955909262003412,9755.281132187096,5550.728542407018,17515.322636511613,0.05,UB&PB,41685
0,0.0,0.0,0.0,0.0,0.0,0.0,0.0,0.0,0.0,0.0,0.0,0.0,0.0,0.0,0.0,0.0,0.0,0.0,0.0,0.0,0.0,0.0,0.0,0.0,0.0,0.0,0.0,0.0,0.0,0.0,0.0,0.0,0.0,0.0,0.0,0.1,UB&PB,41685
2500,0.9360576111966715,0.5427692243509443,0.4224792755784798,0.6895041083030237,0.9040871177096601,0.8305272331384884,0.9553144928841755,0.8676753253721916,0.7655640103198387,0.9359267852073392,0.9612416488983659,0.03875835110163468,0.07852302864069564,0.02538390897137843,0.005241529899591682,0.10162610301052506,0.0004388368548489041,0.34022765986211867,0.08611025672618386,0.03236395772263896,0.00732903094016829,0.1163989816101491,0.1270967902828839,0.08839292008681293,0.03820717531573843,0.17921690407352844,0.4234261073670751,0.4230915209468077,0.416453904717193,0.42999283740542926,0.01790244921134423,0.6162585499849439,15843.510085619357,9731.978346988331,26309.864171197038,0.1,UB&PB,41685
0,0.0,0.0,0.0,0.0,0.0,0.0,0.0,0.0,0.0,0.0,0.0,0.0,0.0,0.0,0.0,0.0,0.0,0.0,0.0,0.0,0.0,0.0,0.0,0.0,0.0,0.0,0.0,0.0,0.0,0.0,0.0,0.0,0.0,0.0,0.0,0.15,UB&PB,41685
2500,0.9386868375481582,0.7038172980446092,0.531660465634282,0.8232473689662554,0.7855437490412404,0.6313299380693999,0.8893776445074377,0.897980989415515,0.8265524964483809,0.9516293495068793,0.9574100923951679,0.04258990760483301,0.08010474087690884,0.022482188230295724,0.004038475982124212,0.10567485737064822,0.00028509403124931466,0.3554868470089766,0.08505239298509495,0.02700382884882837,0.005321158123206764,0.11538889040037144,0.1366127734870149,0.09756538156994012,0.0410652880377149,0.19778547941287286,0.4113302290970371,0.4109544594401338,0.40501989961466645,0.4171420614109693,0.029439100046493267,0.3451187056364952,37097.77182309277,20939.665022042733,65987.21309050183,0.15,UB&PB,41685
0,0.0,0.0,0.0,0.0,0.0,0.0,0.0,0.0,0.0,0.0,0.0,0.0,0.0,0.0,0.0,0.0,0.0,0.0,0.0,0.0,0.0,0.0,0.0,0.0,0.0,0.0,0.0,0.0,0.0,0.0,0.0,0.0,0.0,0.0,0.0,0.2,UB&PB,41685
2500,0.9464970250364049,0.6766411895492616,0.5255593602343552,0.7952348123351838,0.5602003120534375,0.45385566659530185,0.6843898814484707,0.8249139033319182,0.7239892549058317,0.913401718159278,0.9599310589907603,0.04006894100923958,0.09041209940056749,0.03280001448732344,0.006571563167962458,0.13280041630349687,0.0005784853605325604,0.35573675371916363,0.09606103359163205,0.03908075604141469,0.00842133701726348,0.14368615645097646,0.1543623901595094,0.12131399332148755,0.06021289301320864,0.22490944903051496,0.40893129784506876,0.40851802878403704,0.40278737913030377,0.41446384721365304,0.0300936690944545,0.6644498250651261,18596.116051203244,10218.564027144808,35059.791629321546,0.2,UB&PB,41685
0,0.0,0.0,0.0,0.0,0.0,0.0,0.0,0.0,0.0,0.0,0.0,0.0,0.0,0.0,0.0,0.0,0.0,0.0,0.0,0.0,0.0,0.0,0.0,0.0,0.0,0.0,0.0,0.0,0.0,0.0,0.0,0.0,0.0,0.0,0.0,0.25,UB&PB,41685
2500,0.9665859278783132,0.537540571324457,0.37792308946953856,0.7268612381885405,0.18649395332402524,0.1105097273627828,0.29309164883466293,0.8435151978916094,0.7525101150219529,0.9172364594225877,0.9414228855721385,0.05857711442786074,0.16946333135136712,0.12715197953887566,0.04987702970950369,0.2618001255844891,0.010905020386598878,0.4441095868851162,0.1919547787308407,0.1591218393968397,0.06953274636491379,0.29317989355136276,0.26090103471628256,0.24888619740424583,0.14998643513294468,0.36964252595953656,0.41730908457725935,0.41676203177581667,0.40824544954380776,0.42569340111326165,0.14239097503530368,0.3368913356577529,6210.764800199516,2670.4118563164,16851.26856975053,0.25,UB&PB,41685
0,0.0,0.0,0.0,0.0,0.0,0.0,0.0,0.0,0.0,0.0,0.0,0.0,0.0,0.0,0.0,0.0,0.0,0.0,0.0,0.0,0.0,0.0,0.0,0.0,0.0,0.0,0.0,0.0,0.0,0.0,0.0,0.0,0.0,0.0,0.0,0.3,UB&PB,41685
2500,0.9736750755324458,0.58177812896472,0.4530697928560068,0.6925388951627414,0.1228518911471592,0.06729070615578453,0.19631606108865898,0.8658549523488513,0.7754282077032965,0.9338722699514509,0.9356886993603389,0.06431130063965883,0.1847277729766863,0.1459960242667427,0.0566797756354069,0.28993137487730425,0.012194679334051606,0.46031497092631807,0.20556764180617515,0.1764107219203576,0.07684366283872611,0.31739952092711826,0.28779430698663266,0.28789488552665443,0.1717878618596304,0.40408773781799273,0.4213434535605028,0.42096851598369,0.4142070314603814,0.4279676471310068,0.033703601758595964,0.3980622078410816,5056.789942773967,2256.1956769610424,13368.2413732513,0.3,UB&PB,41685
0,0.0,0.0,0.0,0.0,0.0,0.0,0.0,0.0,0.0,0.0,0.0,0.0,0.0,0.0,0.0,0.0,0.0,0.0,0.0,0.0,0.0,0.0,0.0,0.0,0.0,0.0,0.0,0.0,0.0,0.0,0.0,0.0,0.0,0.0,0.0,0.35,UB&PB,41685
2500,0.9772958963726212,0.8095727599205068,0.6593733807069057,0.9090000141389579,0.06497307476960523,0.029696809514739596,0.11600393947667616,0.8241093754468573,0.7107391967583061,0.9136113915628756,0.9101002132196171,0.08989978678038385,0.19079513469885762,0.15066561172203613,0.049137948332970895,0.30779691515397195,0.009653506171287442,0.4786267950953947,0.20005079474031942,0.1650976407536902,0.0582273822805065,0.32188399142987567,0.30910307033306045,0.3248088614480552,0.1753200142143165,0.44104665598006465,0.42220649983676506,0.4218918648546478,0.4175404944897268,0.4263996917826095,0.07409599166600363,0.5036611857816867,12688.460879366288,4381.7819411905475,43714.1735504482,0.35,UB&PB,41685
0,0.0,0.0,0.0,0.0,0.0,0.0,0.0,0.0,0.0,0.0,0.0,0.0,0.0,0.0,0.0,0.0,0.0,0.0,0.0,0.0,0.0,0.0,0.0,0.0,0.0,0.0,0.0,0.0,0.0,0.0,0.0,0.0,0.0,0.0,0.0,0.4,UB&PB,41685
2500,0.9947415572261095,0.669711996145871,0.5374251264563153,0.7852523851360992,0.05701325535532192,0.02584842708375683,0.09892471283876215,0.7614724762798556,0.672758397495038,0.8491524646129325,0.9040916844349688,0.09590831556503213,0.21999196652212402,0.19758343021894006,0.08469898170176078,0.3433983783912443,0.021120311548931597,0.4801252643990024,0.23758542525548984,0.22104753760003942,0.10515245025928303,0.3632834786406631,0.332149175538125,0.3562317261153798,0.22190420058602678,0.4421957334320807,0.4248548429514173,0.4245867283711006,0.4193488030728229,0.42998030602392356,0.10330484385695272,0.346024980767355,6451.152373461403,2402.998481333133,22173.90957536913,0.4,UB&PB,41685
0,0.0,0.0,0.0,0.0,0.0,0.0,0.0,0.0,0.0,0.0,0.0,0.0,0.0,0.0,0.0,0.0,0.0,0.0,0.0,0.0,0.0,0.0,0.0,0.0,0.0,0.0,0.0,0.0,0.0,0.0,0.0,0.0,0.0,0.0,0.0,0.45,UB&PB,41685
2500,0.9929842827828721,0.8553486920942301,0.7327935808353259,0.931337415141431,0.04969316032577572,0.020511966515249166,0.09251811175125856,0.7834347568092757,0.6725007817076701,0.8848817870015872,0.8899658848614069,0.11003411513859271,0.20427947096999474,0.17405436847634367,0.0602722712091325,0.3352201771476441,0.011426508426051989,0.4789828269515621,0.2118008425572572,0.18493621788891032,0.0681106664711298,0.3453556205844228,0.31950029702684657,0.3418627292293215,0.19484104796561103,0.441194293102722,0.4148598647075095,0.41455149025108595,0.41060397472242854,0.4186115308251764,0.04020760311343452,0.40063295785307956,14882.540223851225,4772.09023990994,56666.91077300958,0.45,UB&PB,41685
0,0.0,0.0,0.0,0.0,0.0,0.0,0.0,0.0,0.0,0.0,0.0,0.0,0.0,0.0,0.0,0.0,0.0,0.0,0.0,0.0,0.0,0.0,0.0,0.0,0.0,0.0,0.0,0.0,0.0,0.0,0.0,0.0,0.0,0.0,0.0,0.5,UB&PB,41685
2500,1.0146885198750681,0.7681147841632481,0.654964842799042,0.8643871345310712,0.03947876678319325,0.015402944239140704,0.07437924374813484,0.6622356482946865,0.556629946310849,0.7715164232477025,0.8696766169154233,0.1303233830845769,0.23929953756406525,0.2269954736966429,0.10558613328017094,0.37225531180506144,0.02682249949282783,0.48349165915597786,0.250947252338664,0.24074388533863353,0.12168160600131799,0.38208216149006863,0.34565078179324915,0.37542740715662815,0.2433636893598241,0.44613575511970616,0.416838189744647,0.4165766760230846,0.41237672167222644,0.42089927824877865,0.30209088071860646,0.6233668300269828,7738.264555423249,2652.64035459008,30478.118342355014,0.5,UB&PB,41685
0,0.0,0.0,0.0,0.0,0.0,0.0,0.0,0.0,0.0,0.0,0.0,0.0,0.0,0.0,0.0,0.0,0.0,0.0,0.0,0.0,0.0,0.0,0.0,0.0,0.0,0.0,0.0,0.0,0.0,0.0,0.0,0.0,0.0,0.0,0.0,0.55,UB&PB,41685
2500,1.0220273996473126,0.8658270789127769,0.7736822802165461,0.936891708605389,0.0364057580394315,0.013601860542795094,0.0712714961046603,0.7333566231665379,0.6160191417154545,0.8410659474153689,0.8517029140014215,0.14829708599857852,0.2389321937955163,0.22170646702549368,0.09472761095700288,0.38394038982133755,0.021689679854878335,0.4975389179261767,0.24638270133905368,0.23058802944722506,0.10520026640493112,0.38947257360188836,0.34728728643358303,0.37554310270053615,0.2335099704839356,0.4577281559462551,0.42023644654896947,0.41998429277869465,0.4162473731196719,0.4238384883075151,0.5508164199278782,0.816510603039226,14209.359663907271,4284.711175661628,62364.94792763493,0.55,UB&PB,41685
0,0.0,0.0,0.0,0.0,0.0,0.0,0.0,0.0,0.0,0.0,0.0,0.0,0.0,0.0,0.0,0.0,0.0,0.0,0.0,0.0,0.0,0.0,0.0,0.0,0.0,0.0,0.0,0.0,0.0,0.0,0.0,0.0,0.0,0.0,0.0,0.6,UB&PB,41685
2500,1.0415951990248253,0.8508034425567473,0.7592662479017328,0.9231827419431767,0.032017409631460166,0.0115431701476551,0.0627044223682526,0.6382279864506791,0.5135262687562527,0.7501952697103472,0.785154939587774,0.21484506041222437,0.26565743553395516,0.259635330382117,0.13674630185608208,0.4003689768918896,0.03468671269525138,0.5013865304328061,0.2740167620019274,0.26912517901637584,0.15040267593548373,0.4043912698834977,0.36261344562330816,0.3904970851919961,0.2679402787345983,0.45679132693016816,0.4174083064329138,0.4170981607657073,0.41333245228670173,0.4209977784320087,0.43892629861466353,0.8863838934306264,10893.881617409259,3296.4633424281537,49825.69523104524,0.6,UB&PB,41685
0,0.0,0.0,0.0,0.0,0.0,0.0,0.0,0.0,0.0,0.0,0.0,0.0,0.0,0.0,0.0,0.0,0.0,0.0,0.0,0.0,0.0,0.0,0.0,0.0,0.0,0.0,0.0,0.0,0.0,0.0,0.0,0.0,0.0,0.0,0.0,0.65,UB&PB,41685
2500,1.051733887936859,0.8927614084563131,0.8186622793030724,0.9495584838783753,0.03048575207436346,0.010745018943841387,0.06022936742612004,0.6518385826142487,0.5122473177599759,0.8043482627078131,0.6591030561478322,0.34089694385216807,0.27725501719038936,0.2736311850943164,0.14916867930295072,0.40996489741499903,0.03855868394297753,0.5164395375060462,0.2840334230378706,0.2818741283032968,0.15944248002925873,0.4123032014778156,0.37241005611675543,0.3972972949400779,0.28085002813009363,0.46442001889014256,0.41818336144317153,0.41794199971844653,0.4142589060608982,0.4216904535118289,0.061557541795391794,0.5693969297813695,14251.263363474314,3860.301392054653,70063.2213228229,0.65,UB&PB,41685
0,0.0,0.0,0.0,0.0,0.0,0.0,0.0,0.0,0.0,0.0,0.0,0.0,0.0,0.0,0.0,0.0,0.0,0.0,0.0,0.0,0.0,0.0,0.0,0.0,0.0,0.0,0.0,0.0,0.0,0.0,0.0,0.0,0.0,0.0,0.0,0.7,UB&PB,41685
2500,1.0796984604164095,0.8914795634540295,0.8071773122535402,0.9515335746329245,0.027765390912676612,0.009558701355197605,0.054757836482137286,0.5003551675093106,0.4015380541007043,0.6188503166481423,0.2727853589196864,0.7272146410803115,0.32511473752495157,0.3331176148590879,0.22935206100048436,0.42405504891671614,0.08839304094313591,0.5416643897462374,0.3325397466044215,0.3422388222829066,0.23969961198928386,0.42661249837821824,0.4054212772516771,0.4183986094629194,0.3466253448542316,0.4683776526648015,0.4227093743298,0.4224382984674838,0.4188240581228866,0.4261600631211247,0.3680447482053013,0.8217002268661429,11721.779082455718,2710.331708025181,64402.780847789894,0.7,UB&PB,41685
0,0.0,0.0,0.0,0.0,0.0,0.0,0.0,0.0,0.0,0.0,0.0,0.0,0.0,0.0,0.0,0.0,0.0,0.0,0.0,0.0,0.0,0.0,0.0,0.0,0.0,0.0,0.0,0.0,0.0,0.0,0.0,0.0,0.0,0.0,0.0,0.75,UB&PB,41685
2500,1.0935387886060444,0.8885577172351725,0.7965252019386864,0.9495515622208764,0.02722096141767059,0.009281743856117792,0.05354762986444952,0.5693834261893609,0.45520967377986954,0.7258939927531787,0.3560049751243781,0.6439950248756211,0.32350325400649554,0.337168234086705,0.2262658635820294,0.4193527240767567,0.09267947937776215,0.5316302615963704,0.3303718869091976,0.34518199522522697,0.23591890385220687,0.42185811364592807,0.39752787270177947,0.4117320625219781,0.3378347176538097,0.46032087604629496,0.41698095481441677,0.41669554686812066,0.41300574229274395,0.42051350178086216,0.23643105549356438,0.7526869733107835,10762.882674786893,2631.755986094972,57913.25466996984,0.75,UB&PB,41685
0,0.0,0.0,0.0,0.0,0.0,0.0,0.0,0.0,0.0,0.0,0.0,0.0,0.0,0.0,0.0,0.0,0.0,0.0,0.0,0.0,0.0,0.0,0.0,0.0,0.0,0.0,0.0,0.0,0.0,0.0,0.0,0.0,0.0,0.0,0.0,0.8,UB&PB,41685
2500,1.102109363274179,0.9026657884760708,0.8278049980852957,0.9540056476403622,0.02876524296644233,0.009950172921803804,0.05670141025242694,0.7001916098124485,0.5372490667320875,0.8220220590099001,0.2654115138592753,0.7345884861407251,0.32762056445082316,0.34820110895934053,0.22942557057853238,0.4169287125997847,0.10071957718756416,0.5353338166613599,0.33323177422454514,0.35341896865621436,0.23745581890684841,0.4194484950726334,0.39659733806271463,0.40803743112083973,0.33545210761173005,0.46002323663181,0.41279218689412556,0.41249679891439345,0.40884765549269436,0.4163199763394524,0.7786416876488772,1.0201904021835257,12640.112306908233,2857.458901603338,70076.1695657039,0.8,UB&PB,41685
0,0.0,0.0,0.0,0.0,0.0,0.0,0.0,0.0,0.0,0.0,0.0,0.0,0.0,0.0,0.0,0.0,0.0,0.0,0.0,0.0,0.0,0.0,0.0,0.0,0.0,0.0,0.0,0.0,0.0,0.0,0.0,0.0,0.0,0.0,0.0,0.85,UB&PB,41685
2500,1.1327089795603646,0.8903393399130991,0.8116244576037364,0.9484074840093155,0.028095274503874314,0.00974498702629475,0.054874057281784405,0.6841889390862148,0.5648201195511946,0.8004220019480127,0.22260412224591347,0.7773958777540873,0.35707477471346516,0.3843327806389624,0.2730655694489733,0.4321815652716062,0.13455157369863596,0.5502285101077179,0.36259039664592957,0.3865640780618594,0.2819576058825052,0.43567979444889,0.41243786739080135,0.4212943206208561,0.3579546199847937,0.4686300449979217,0.4242808067799648,0.42405292055257027,0.4204215641582125,0.42782586549251733,0.22263379987713483,0.5910703425192392,11268.01252284544,2566.659071515818,62120.30803916773,0.85,UB&PB,41685
0,0.0,0.0,0.0,0.0,0.0,0.0,0.0,0.0,0.0,0.0,0.0,0.0,0.0,0.0,0.0,0.0,0.0,0.0,0.0,0.0,0.0,0.0,0.0,0.0,0.0,0.0,0.0,0.0,0.0,0.0,0.0,0.0,0.0,0.0,0.0,0.9,UB&PB,41685
2500,1.1493632741923958,0.8661327277672928,0.777837001067672,0.9340205537669903,0.028695420156305666,0.009998498134452962,0.056209447411913055,0.7177687728834679,0.5497739144589553,0.8638305194260681,0.18210376687988614,0.8178962331201127,0.37434652855803585,0.3980794535918424,0.3092244809605278,0.4364205010842574,0.1608438774645796,0.5547222304449723,0.379665002709755,0.3984201095893385,0.31770754449804794,0.44080337455181856,0.4167381807515532,0.4232135397017688,0.36763351687168133,0.4675300878178177,0.42533741300232114,0.42515111514152315,0.42134902796865026,0.42903247132355676,0.025076593160735607,0.6559589909117153,9027.725921645948,2162.2548031132187,48194.85108726154,0.9,UB&PB,41685
0,0.0,0.0,0.0,0.0,0.0,0.0,0.0,0.0,0.0,0.0,0.0,0.0,0.0,0.0,0.0,0.0,0.0,0.0,0.0,0.0,0.0,0.0,0.0,0.0,0.0,0.0,0.0,0.0,0.0,0.0,0.0,0.0,0.0,0.0,0.0,0.95,UB&PB,41685
2500,1.1623956931014523,0.8464165209822437,0.7545040340731151,0.9252248278512938,0.027822110357174384,0.009510261061666865,0.05511559881879193,0.8326032298203948,0.70467251368462,0.9176818108421377,0.16708244491826574,0.8329175550817346,0.3806421032801661,0.39692401301243135,0.33093141215645944,0.4300878233441555,0.183744275433579,0.5513391713877391,0.3853636230977512,0.3959601682159726,0.33772661047141517,0.4347869067370009,0.4088664524318405,0.4142042455998677,0.36001463303020403,0.4584084210833346,0.41609968029169153,0.415755818311293,0.4120053225281462,0.4196445747077609,0.32380299406759067,1.0004769046388426,8443.980728424194,2054.458526401633,45278.06396803277,0.95,UB&PB,41685
0,0.0,0.0,0.0,0.0,0.0,0.0,0.0,0.0,0.0,0.0,0.0,0.0,0.0,0.0,0.0,0.0,0.0,0.0,0.0,0.0,0.0,0.0,0.0,0.0,0.0,0.0,0.0,0.0,0.0,0.0,0.0,0.0,0.0,0.0,0.0,0.05,UB&PB,43557
2500,0.9133131310882161,0.7876472215800954,0.6053925442980356,0.884537668823849,0.8907445082140942,0.7889787190645697,0.9490360517501228,0.8684181738356666,0.7714377371436464,0.9358290801293907,0.9562892679459859,0.04371073205401559,0.08107245115564463,0.01593623674710728,0.0020119589508391833,0.1012605683216678,1.8063705566399393e-5,0.38506575140381505,0.08437867753639851,0.017951173613486044,0.0022609540447490074,0.10803447665694493,0.1461674344445552,0.09288793277295254,0.029789931224806346,0.22850546739764446,0.4155915153968592,0.4152328256845927,0.41030351814822574,0.4203987194447582,0.06403811957591789,0.4758101495266319,38042.163230794795,19227.61368154998,74119.97054477443,0.05,UB&PB,43557
0,0.0,0.0,0.0,0.0,0.0,0.0,0.0,0.0,0.0,0.0,0.0,0.0,0.0,0.0,0.0,0.0,0.0,0.0,0.0,0.0,0.0,0.0,0.0,0.0,0.0,0.0,0.0,0.0,0.0,0.0,0.0,0.0,0.0,0.0,0.0,0.1,UB&PB,43557
2500,0.9369442188420912,0.26746811086993105,0.15915298684501847,0.3988394258527546,0.5536370647482126,0.3965155154054632,0.7076404240030274,0.8962269765156153,0.8152290158612305,0.9521501157264638,0.9603695806680879,0.03963041933191192,0.11092201234080544,0.06378175180532974,0.023092094895907078,0.15882826375020942,0.0049555336347845745,0.36737114707523943,0.13871231440762544,0.0966115935538868,0.03859173714818773,0.20461548348645467,0.16461126340013638,0.13600695006507488,0.08776519938485515,0.21098014493871936,0.4287504598267442,0.42818389336384766,0.4094415271186126,0.447494600002756,0.023574212956841225,0.5960631052220366,2305.37650175094,1569.1634632082464,3474.8411874946473,0.1,UB&PB,43557
0,0.0,0.0,0.0,0.0,0.0,0.0,0.0,0.0,0.0,0.0,0.0,0.0,0.0,0.0,0.0,0.0,0.0,0.0,0.0,0.0,0.0,0.0,0.0,0.0,0.0,0.0,0.0,0.0,0.0,0.0,0.0,0.0,0.0,0.0,0.0,0.15,UB&PB,43557
2500,0.9400058493983524,0.7415673570172094,0.5147859128773372,0.8773773379022535,0.7567379221288201,0.6170927732168072,0.8552843371504383,0.8381791233148386,0.7273720831730416,0.9202839369477972,0.9601954513148536,0.039804548685145734,0.08093788308323425,0.024290047912287314,0.0040989277176378,0.10813180770749758,0.00024810274946297545,0.35323730434881323,0.08507520475196374,0.027938976806634184,0.004903649208176345,0.1163423531961953,0.13759083426455082,0.09925761014301776,0.042218182254618195,0.19887228923703126,0.41652634282767304,0.4161871938259999,0.4105230417669094,0.42201231831757735,0.021678510592641864,0.44126211371181184,37881.00528019201,22752.63176180693,64080.667392003976,0.15,UB&PB,43557
0,0.0,0.0,0.0,0.0,0.0,0.0,0.0,0.0,0.0,0.0,0.0,0.0,0.0,0.0,0.0,0.0,0.0,0.0,0.0,0.0,0.0,0.0,0.0,0.0,0.0,0.0,0.0,0.0,0.0,0.0,0.0,0.0,0.0,0.0,0.0,0.2,UB&PB,43557
2500,0.9620268967622595,0.3711209764260593,0.2390085219042518,0.5265208066603745,0.3981929164854501,0.26383451674148045,0.571206862362593,0.8500318435887602,0.7720891126288216,0.916825694044665,0.9586396588486146,0.04136034115138592,0.1375350053895606,0.09367230610581406,0.03500129335443548,0.20906322747620473,0.006705030900082648,0.39759025948205945,0.1667739432607422,0.132643158955959,0.055819396310213105,0.2532209445135044,0.20351516449387264,0.17983037029313453,0.11995909563902044,0.26933816428764396,0.42831764062047556,0.4275755987793361,0.4129684544317286,0.44286419170202534,0.12030168761126157,1.2751679666166145,2773.466958870094,1776.3568979103386,4412.286406529412,0.2,UB&PB,43557
0,0.0,0.0,0.0,0.0,0.0,0.0,0.0,0.0,0.0,0.0,0.0,0.0,0.0,0.0,0.0,0.0,0.0,0.0,0.0,0.0,0.0,0.0,0.0,0.0,0.0,0.0,0.0,0.0,0.0,0.0,0.0,0.0,0.0,0.0,0.0,0.25,UB&PB,43557
2500,0.962777608219024,0.46742784293251083,0.3263128864750222,0.5996099125578058,0.2020999821559549,0.1382254214678348,0.29578962192678726,0.8708395957627851,0.7915361341221724,0.9375188871650677,0.9471215351812375,0.05287846481876332,0.1628932186276332,0.12104468004112304,0.04745357546120814,0.25264006182108534,0.010146356034594458,0.4309054966981083,0.1903713461105302,0.16040194176622763,0.0704961427531496,0.29126364507104524,0.2486040741489916,0.23495587107828853,0.14649272679010242,0.3448282125192344,0.41274035130774644,0.4121858036674192,0.4024712449462806,0.4222916647272851,0.06051712525605569,0.2598345557979658,2830.8546328170614,1541.201633106612,6248.376462453977,0.25,UB&PB,43557
0,0.0,0.0,0.0,0.0,0.0,0.0,0.0,0.0,0.0,0.0,0.0,0.0,0.0,0.0,0.0,0.0,0.0,0.0,0.0,0.0,0.0,0.0,0.0,0.0,0.0,0.0,0.0,0.0,0.0,0.0,0.0,0.0,0.0,0.0,0.0,0.3,UB&PB,43557
2500,0.9661198488163625,0.6101671973425494,0.4152569754440677,0.7801813316336808,0.17310274050766108,0.10384157653884536,0.2575056766425012,0.8506039952183667,0.760453122821123,0.9235863863304319,0.9459246624022736,0.05407533759772551,0.15887936214169204,0.11161398839358097,0.03991236022385447,0.2505253769756161,0.010554181237383563,0.4361839632747592,0.17486962194872302,0.13548208042684626,0.05335377995531899,0.27366835376464116,0.252196353369547,0.2401442489666197,0.13670496720574632,0.3647739547617953,0.40428268858889216,0.40382778701839506,0.39736743685367937,0.4106141306649566,0.08671592547141181,0.39737452333293616,6009.808896035772,2861.967292257527,14471.015156692956,0.3,UB&PB,43557
0,0.0,0.0,0.0,0.0,0.0,0.0,0.0,0.0,0.0,0.0,0.0,0.0,0.0,0.0,0.0,0.0,0.0,0.0,0.0,0.0,0.0,0.0,0.0,0.0,0.0,0.0,0.0,0.0,0.0,0.0,0.0,0.0,0.0,0.0,0.0,0.35,UB&PB,43557
2500,0.982773660687017,0.6395067990637049,0.48277335931585474,0.7554919161865672,0.09228097139171054,0.04785110766434217,0.14890894698220344,0.7537425901827114,0.6397612775995283,0.8598805318412263,0.9299076048329783,0.07009239516702197,0.20196622296159233,0.1712532820924033,0.07268847195848757,0.3147893658180517,0.01696755493626023,0.4673293805584801,0.22061093663586456,0.19766564851074322,0.09300983904317782,0.33824650213562696,0.3096655214872848,0.3223738153530664,0.19526187841840503,0.42495496643889297,0.42299093539368815,0.4226523931636367,0.4170105133163747,0.4285324431967589,0.06547903688085431,0.28067462016366307,5488.4967960401455,2361.343125639233,15512.071470880386,0.35,UB&PB,43557
0,0.0,0.0,0.0,0.0,0.0,0.0,0.0,0.0,0.0,0.0,0.0,0.0,0.0,0.0,0.0,0.0,0.0,0.0,0.0,0.0,0.0,0.0,0.0,0.0,0.0,0.0,0.0,0.0,0.0,0.0,0.0,0.0,0.0,0.0,0.0,0.4,UB&PB,43557
2500,0.9850068002468069,0.7452363597080787,0.6173091569514343,0.8539578060517564,0.0676156466116352,0.031118429300015724,0.11829035612868236,0.7818956682740095,0.6860770873188831,0.8690380628489232,0.9087085998578536,0.09129140014214644,0.19574504847315202,0.16303526602181392,0.05857048873025927,0.3157969312518615,0.011412312398964132,0.46766244276675417,0.20642009818286994,0.178807753991295,0.0696608561350303,0.3309567239894545,0.30866411695372353,0.3275129657106275,0.1855470778028079,0.429385223059866,0.4127876684447349,0.41249665365456506,0.40807951731704234,0.417071395984267,0.29430137616570856,0.6940157434924775,8415.912374077989,3144.133313572669,27781.592463074765,0.4,UB&PB,43557
0,0.0,0.0,0.0,0.0,0.0,0.0,0.0,0.0,0.0,0.0,0.0,0.0,0.0,0.0,0.0,0.0,0.0,0.0,0.0,0.0,0.0,0.0,0.0,0.0,0.0,0.0,0.0,0.0,0.0,0.0,0.0,0.0,0.0,0.0,0.0,0.45,UB&PB,43557
2500,0.9967504550084682,0.8338728983468611,0.7299700579967584,0.9245462863914115,0.048530837297648025,0.019892917457383794,0.09104853894639868,0.744454479342251,0.597196522436153,0.8622455235768924,0.8939132906894105,0.10608670931059011,0.21213586995108716,0.18452918460437734,0.0677061310355649,0.34557194411022596,0.01418111202958914,0.48324847880288274,0.2200716372943197,0.19557043135424176,0.07684681808867866,0.35560272437312074,0.32647926831681356,0.351397590856731,0.2017626675230022,0.44776160996549613,0.4192824978095355,0.41901624326617337,0.4151261259713417,0.4230476302813791,0.5209119347642435,1.0140835057239563,13358.292570072259,4333.495323502879,52234.65551863959,0.45,UB&PB,43557
0,0.0,0.0,0.0,0.0,0.0,0.0,0.0,0.0,0.0,0.0,0.0,0.0,0.0,0.0,0.0,0.0,0.0,0.0,0.0,0.0,0.0,0.0,0.0,0.0,0.0,0.0,0.0,0.0,0.0,0.0,0.0,0.0,0.0,0.0,0.0,0.5,UB&PB,43557
2500,1.0059636236295397,0.860615060358342,0.7517084378288073,0.9345372921815828,0.04158237063584798,0.016165608595416353,0.0792860511543244,0.708322690929787,0.6015173311853541,0.8172743153007399,0.8657491115849324,0.13425088841506724,0.2250446981465982,0.2047375485278235,0.07878767460292486,0.36410725058838794,0.016556413301504324,0.49196471440350464,0.23277181847570455,0.21515570045524543,0.088278634532105,0.3717092254879511,0.3368029079316994,0.3631966276192113,0.21724111266018117,0.45211448080087197,0.41766651152380857,0.4173678236006704,0.4135181104933977,0.42131532080073203,0.028858721004529377,0.45104105654278415,13547.746941914467,4276.13904741835,55417.067083166745,0.5,UB&PB,43557
0,0.0,0.0,0.0,0.0,0.0,0.0,0.0,0.0,0.0,0.0,0.0,0.0,0.0,0.0,0.0,0.0,0.0,0.0,0.0,0.0,0.0,0.0,0.0,0.0,0.0,0.0,0.0,0.0,0.0,0.0,0.0,0.0,0.0,0.0,0.0,0.55,UB&PB,43557
2500,1.0209257564160343,0.8562410424940997,0.7370982374481143,0.936696334572346,0.03593698713618299,0.013634036884207308,0.06814375133781557,0.7415317550186211,0.6033584546195361,0.8543462525701169,0.847257995735608,0.15274200426439238,0.23555998374689152,0.21874616350175552,0.09629325041048319,0.37445003913506686,0.023284789141289314,0.4875177236302304,0.24368245550676015,0.22849481683582973,0.1076320813738625,0.38026386541322565,0.3389716386450341,0.3671116820038441,0.22884732967465318,0.4458713336929062,0.409066488516764,0.40875075322953824,0.4048307955976248,0.41277783794334616,0.4383446059933631,0.698146920338035,11893.8435925608,3689.135143273441,51658.80146043046,0.55,UB&PB,43557
0,0.0,0.0,0.0,0.0,0.0,0.0,0.0,0.0,0.0,0.0,0.0,0.0,0.0,0.0,0.0,0.0,0.0,0.0,0.0,0.0,0.0,0.0,0.0,0.0,0.0,0.0,0.0,0.0,0.0,0.0,0.0,0.0,0.0,0.0,0.0,0.6,UB&PB,43557
2500,1.034913143936223,0.8255041545652587,0.7135136263926065,0.9058500037086552,0.03387040670772794,0.012710311524417655,0.06513169244059898,0.688626356875311,0.5868853099740206,0.7854205922085435,0.7596012793176973,0.24039872068230295,0.2556198618353383,0.24536084353653426,0.12924314793465308,0.3900406929194213,0.03458142111221973,0.48948638280164253,0.26514402782949736,0.2563333017602476,0.14386471013846566,0.39466412481864727,0.3536039653605416,0.37989779215542485,0.2635112747631989,0.4441613511608778,0.40967711570226295,0.40937550972512626,0.40535119330731734,0.4135564203543494,0.6969660663904349,0.9184185461640851,9921.97690053496,3079.413199064246,43644.49791580406,0.6,UB&PB,43557
0,0.0,0.0,0.0,0.0,0.0,0.0,0.0,0.0,0.0,0.0,0.0,0.0,0.0,0.0,0.0,0.0,0.0,0.0,0.0,0.0,0.0,0.0,0.0,0.0,0.0,0.0,0.0,0.0,0.0,0.0,0.0,0.0,0.0,0.0,0.0,0.65,UB&PB,43557
2500,1.0512991218807408,0.8707040031755579,0.7799045084235661,0.937208455716788,0.028797197446250613,0.010007054801869572,0.05660052920955848,0.6289559559729992,0.5134633072415955,0.7476203641585851,0.69804406538735,0.3019559346126508,0.2760183131253212,0.2707387846616661,0.15088007182688457,0.4055887466609559,0.045121247772296876,0.5116802129482052,0.2836554608792468,0.2796321069100202,0.1629807437257863,0.40832293459003743,0.36855444800863296,0.39435963319800577,0.2764264093374841,0.4597041193436734,0.4137755042529875,0.41350172636783417,0.4097334116660564,0.4173579304347614,0.5128634714491767,0.8246950763267483,11415.111689540452,3242.6107001686255,55817.20302105443,0.65,UB&PB,43557
0,0.0,0.0,0.0,0.0,0.0,0.0,0.0,0.0,0.0,0.0,0.0,0.0,0.0,0.0,0.0,0.0,0.0,0.0,0.0,0.0,0.0,0.0,0.0,0.0,0.0,0.0,0.0,0.0,0.0,0.0,0.0,0.0,0.0,0.0,0.0,0.7,UB&PB,43557
2500,1.0756694655216892,0.8776121691594082,0.7991067888182665,0.937848542004993,0.028491634197650367,0.009869350106138866,0.05593055585941011,0.6801930446083709,0.562651047608696,0.7853514309866358,0.5673454157782514,0.43265458422174885,0.2981787174708905,0.29900932096711086,0.18252314487853435,0.41728574279550845,0.06309086880535533,0.5240705846872812,0.30531135163909134,0.30858411109155465,0.19287390056256928,0.4193528667170534,0.3845935573891664,0.4060273446772316,0.30530428476834454,0.4652317183685259,0.41989292006411305,0.4196098012913309,0.4159219842326294,0.4234065137678829,0.6655788122017321,0.909137010541749,11802.578336396413,3155.0139237119656,60053.74325259869,0.7,UB&PB,43557
0,0.0,0.0,0.0,0.0,0.0,0.0,0.0,0.0,0.0,0.0,0.0,0.0,0.0,0.0,0.0,0.0,0.0,0.0,0.0,0.0,0.0,0.0,0.0,0.0,0.0,0.0,0.0,0.0,0.0,0.0,0.0,0.0,0.0,0.0,0.0,0.75,UB&PB,43557
2500,1.0934735541912637,0.8998700334631194,0.8226890974691028,0.9536658784886599,0.028664402257651933,0.009924038610846725,0.056252028372745164,0.5402542457126868,0.4317723451710957,0.651145921571844,0.251410803127221,0.7485891968727789,0.330440738276878,0.3435746241836517,0.23924936252131906,0.42037582403063517,0.10647567879295343,0.535061527039827,0.3369820286281275,0.35102931688899314,0.24780610591622734,0.4230301200724661,0.4027750638671249,0.41368630580023485,0.3486183525206135,0.4606948892403829,0.4173186887702069,0.4170265489254248,0.41337962020939,0.4208421060901569,0.17141994895046167,0.6369702647687316,11499.52695345552,2618.9259232109757,63584.997587724094,0.75,UB&PB,43557
0,0.0,0.0,0.0,0.0,0.0,0.0,0.0,0.0,0.0,0.0,0.0,0.0,0.0,0.0,0.0,0.0,0.0,0.0,0.0,0.0,0.0,0.0,0.0,0.0,0.0,0.0,0.0,0.0,0.0,0.0,0.0,0.0,0.0,0.0,0.0,0.8,UB&PB,43557
2500,1.1023014351926708,0.8771733530562814,0.7816425587418793,0.9416373298907682,0.029286103128081598,0.010269575692304378,0.05788636597430162,0.7616280526423227,0.6356341053042904,0.8713528388654769,0.2793667377398724,0.7206332622601295,0.3249363134124476,0.3473694025484585,0.22344962797571097,0.4172302634725079,0.09300680877277555,0.5361737455243112,0.3315187035507836,0.35386037009961896,0.23288035046552394,0.4201256284514189,0.39632450583858403,0.4083338339759609,0.33433205464518245,0.46010344010154985,0.41323670257578793,0.41294841610786326,0.4091693742259423,0.41689060145240653,0.2031261079787376,0.6338244044765431,10759.714739247062,2566.208642621248,57342.547319936246,0.8,UB&PB,43557
0,0.0,0.0,0.0,0.0,0.0,0.0,0.0,0.0,0.0,0.0,0.0,0.0,0.0,0.0,0.0,0.0,0.0,0.0,0.0,0.0,0.0,0.0,0.0,0.0,0.0,0.0,0.0,0.0,0.0,0.0,0.0,0.0,0.0,0.0,0.0,0.85,UB&PB,43557
2500,1.123183810476452,0.8467841007119041,0.7507297258671384,0.9276676305667135,0.027361095685810563,0.009421418584270754,0.053874599721385405,0.6243037318327583,0.47947612103811704,0.7882547545144706,0.21799360341151405,0.7820063965884856,0.3487284366151199,0.37475488310995214,0.2720061956042587,0.4166874100013174,0.13672143068808051,0.5327034650784485,0.3548533693275164,0.37681552162737986,0.28142450402259506,0.420716183474658,0.39850182727520206,0.4062692984752793,0.3500354731346743,0.44917930504283227,0.4089467798595713,0.4086062527620403,0.4048010639793763,0.41256457777484407,0.04929096804273872,0.49643970273042337,8633.778543004159,2105.5184266199753,46310.67298801934,0.85,UB&PB,43557
0,0.0,0.0,0.0,0.0,0.0,0.0,0.0,0.0,0.0,0.0,0.0,0.0,0.0,0.0,0.0,0.0,0.0,0.0,0.0,0.0,0.0,0.0,0.0,0.0,0.0,0.0,0.0,0.0,0.0,0.0,0.0,0.0,0.0,0.0,0.0,0.9,UB&PB,43557
2500,1.1450466274529336,0.8528765035459588,0.7470309085945969,0.9222910635149925,0.028161159049436505,0.009682777956529932,0.055867719275731385,0.817376527870741,0.706945878750661,0.8983611740179291,0.17673631840795986,0.8232636815920404,0.3611442137145694,0.3834712250897596,0.29501533451387957,0.4233005318519499,0.15100673915587912,0.5446569109973558,0.3667161695267365,0.38368077792208805,0.30425753220160945,0.42806675836427194,0.4038827522577875,0.4108021586600383,0.35438046189991573,0.45480347254837494,0.41325595907897666,0.4129500332367804,0.4090726459949633,0.4169589421825752,0.1052207864077086,0.4296205936820544,8333.390544516988,2044.0834225988742,43853.815715790195,0.9,UB&PB,43557
0,0.0,0.0,0.0,0.0,0.0,0.0,0.0,0.0,0.0,0.0,0.0,0.0,0.0,0.0,0.0,0.0,0.0,0.0,0.0,0.0,0.0,0.0,0.0,0.0,0.0,0.0,0.0,0.0,0.0,0.0,0.0,0.0,0.0,0.0,0.0,0.95,UB&PB,43557
2500,1.16111413779274,0.8941813480640974,0.8021405850805234,0.9515944560524,0.02951555380741214,0.010332207685853944,0.05794169067751165,0.7683434876492944,0.6539387443782355,0.8663225876654856,0.14644776119402989,0.8535522388059719,0.3845347940235422,0.4012607794007409,0.3307910271310266,0.4360099857392978,0.18834851337515396,0.557830485525351,0.3887230029967996,0.4000036354047106,0.337519566755976,0.4400779301209914,0.41478939231040285,0.4198151008920906,0.3617132503006969,0.4672573803087611,0.4219967673756012,0.42174026146206656,0.41801426365814076,0.42563858916825736,0.024516018753291003,1.0096454835550752,9957.507825918872,2267.5090278442012,54751.66610432044,0.95,UB&PB,43557
0,0.0,0.0,0.0,0.0,0.0,0.0,0.0,0.0,0.0,0.0,0.0,0.0,0.0,0.0,0.0,0.0,0.0,0.0,0.0,0.0,0.0,0.0,0.0,0.0,0.0,0.0,0.0,0.0,0.0,0.0,0.0,0.0,0.0,0.0,0.0,0.05,UB&PB,19969
2500,0.9198005010047328,0.6004805952640536,0.44186829080784373,0.7229435640494402,0.8675855052799913,0.7670641311500846,0.9360582155001064,0.9072500617265911,0.8307825311054446,0.9570220977186451,0.9560881307746975,0.04391186922530211,0.08533532117170199,0.02286591715618834,0.0034923603191799202,0.11093846332001907,0.00021897448120168308,0.38110127060930066,0.09219425860765647,0.02847358518969719,0.00469361458940413,0.12531772259361706,0.14695574201653744,0.098121069212583,0.03791307855639133,0.21884556319940737,0.42512562105985063,0.4247281828417056,0.417958460797044,0.4318160575247446,0.024501288288750846,0.5400074025677379,21646.028193421414,11293.166447468746,41570.921555410496,0.05,UB&PB,19969
0,0.0,0.0,0.0,0.0,0.0,0.0,0.0,0.0,0.0,0.0,0.0,0.0,0.0,0.0,0.0,0.0,0.0,0.0,0.0,0.0,0.0,0.0,0.0,0.0,0.0,0.0,0.0,0.0,0.0,0.0,0.0,0.0,0.0,0.0,0.0,0.1,UB&PB,19969
2500,0.930041094683475,0.5854870650434907,0.42862801376000625,0.7232587061165872,0.7870597283869086,0.6433111598317933,0.903616412869231,0.8833575603999674,0.7938572339691602,0.9470244732945599,0.9557149964463383,0.044285003553660184,0.08159773797163208,0.023880860881844983,0.005197154253027728,0.10502070970349499,0.00041230811125918444,0.3613026626748893,0.0882694756593465,0.029998249754275765,0.006953660961516928,0.11882900751411139,0.1385409437145996,0.09479406584321291,0.0407960673928565,0.19841475159741312,0.40808558692396396,0.40759964370100854,0.40151755861305943,0.4139823132866564,0.04970328048530794,0.32293512265404845,10688.193520716142,6523.083237936778,17927.202912185156,0.1,UB&PB,19969
0,0.0,0.0,0.0,0.0,0.0,0.0,0.0,0.0,0.0,0.0,0.0,0.0,0.0,0.0,0.0,0.0,0.0,0.0,0.0,0.0,0.0,0.0,0.0,0.0,0.0,0.0,0.0,0.0,0.0,0.0,0.0,0.0,0.0,0.0,0.0,0.15,UB&PB,19969
2500,0.9463114018013226,0.558981962484005,0.4169432912030425,0.7287075492778043,0.7512547589968807,0.6195179962213081,0.8533066398274874,0.8588230564239238,0.7523215732414494,0.936688175484421,0.9605657427149962,0.03943425728500357,0.0854374301142707,0.03231193269698651,0.007257882251409183,0.11892647527490453,0.0007911687918311179,0.34366193036996073,0.09544005288183095,0.043411769420606185,0.01137222909846197,0.1366048535516572,0.13726050535884726,0.10436335895253114,0.051819936219618286,0.18939341552531394,0.4232335554099087,0.4227440950702856,0.41436050116220663,0.4314730550683601,0.05348221440652898,0.23644773603065078,16667.572611047828,10505.150571162827,27035.90620924851,0.15,UB&PB,19969
0,0.0,0.0,0.0,0.0,0.0,0.0,0.0,0.0,0.0,0.0,0.0,0.0,0.0,0.0,0.0,0.0,0.0,0.0,0.0,0.0,0.0,0.0,0.0,0.0,0.0,0.0,0.0,0.0,0.0,0.0,0.0,0.0,0.0,0.0,0.0,0.2,UB&PB,19969
2500,0.9478452528283084,0.6262275797505634,0.45435933441151555,0.7642993480934357,0.4080786426987218,0.31088594159670624,0.5212433880048978,0.8295728249533285,0.7492899020922787,0.9009632025216632,0.959537313432835,0.04046268656716429,0.11005630642341092,0.053617631686116565,0.015936567030938025,0.16410473031977638,0.001952794244975941,0.38946203523878503,0.11946157650652837,0.06623032498289716,0.020908739101287835,0.18070479438665174,0.18586581879948763,0.1541668723673381,0.08438745774415891,0.2688416809309066,0.4086579783898106,0.40818468362354204,0.4020458203882388,0.4146123527889477,0.0914933241822437,0.44311100831048456,11754.659715629195,6642.737793534867,21514.231254173144,0.2,UB&PB,19969
0,0.0,0.0,0.0,0.0,0.0,0.0,0.0,0.0,0.0,0.0,0.0,0.0,0.0,0.0,0.0,0.0,0.0,0.0,0.0,0.0,0.0,0.0,0.0,0.0,0.0,0.0,0.0,0.0,0.0,0.0,0.0,0.0,0.0,0.0,0.0,0.25,UB&PB,19969
2500,0.9644225088255233,0.6262076123511898,0.49648956931346533,0.7463164582969635,0.19090141566060118,0.1103808084339334,0.28770605235111846,0.8148927413673052,0.7068765259688042,0.9118340218055146,0.9433574982231702,0.05664250177683016,0.16286940403728936,0.11448345912403593,0.03898064890993324,0.2568268191688281,0.007368299122934644,0.44967003620569806,0.17691888994208382,0.1361725104498543,0.050060406601839524,0.27806812899463373,0.26546767215552713,0.25736081703698327,0.14544467237558956,0.3818740594173494,0.42706193234863604,0.4267345382189298,0.4211605896547544,0.43251737591088374,0.15724191284788114,0.5364759271354201,6623.073047127535,3002.1943620225284,17200.737635641748,0.25,UB&PB,19969
0,0.0,0.0,0.0,0.0,0.0,0.0,0.0,0.0,0.0,0.0,0.0,0.0,0.0,0.0,0.0,0.0,0.0,0.0,0.0,0.0,0.0,0.0,0.0,0.0,0.0,0.0,0.0,0.0,0.0,0.0,0.0,0.0,0.0,0.0,0.0,0.3,UB&PB,19969
2500,0.9667056422790006,0.5746224952498731,0.4632682348009839,0.6979658423159348,0.14313642561669837,0.08479122191715291,0.21343506653988176,0.8685423601723989,0.7768052315725952,0.9367905991318745,0.9434804548685156,0.05651954513148543,0.1687066523048083,0.12892057878916022,0.047448542450834505,0.2657764761298195,0.0091341081220066,0.4399549410675231,0.18668408530211975,0.15512463355378414,0.06365586939471539,0.2917459291357422,0.2694136346278403,0.2687489435342195,0.155019552245633,0.38212396452854724,0.4072260778952779,0.4068397620784392,0.4008885030905874,0.4130218572430273,0.326878461189152,0.8054049575832325,5935.965673905118,2995.6630422399453,13016.577737925116,0.3,UB&PB,19969
0,0.0,0.0,0.0,0.0,0.0,0.0,0.0,0.0,0.0,0.0,0.0,0.0,0.0,0.0,0.0,0.0,0.0,0.0,0.0,0.0,0.0,0.0,0.0,0.0,0.0,0.0,0.0,0.0,0.0,0.0,0.0,0.0,0.0,0.0,0.0,0.35,UB&PB,19969
2500,0.9771311230356579,0.8275151395067812,0.7289954988883376,0.9034392151957518,0.07800764206815582,0.03617571231115693,0.13495908113192787,0.8494259619733048,0.7393771263056833,0.9298451547621931,0.9158322672352507,0.0841677327647476,0.18215552286005485,0.1381845168010097,0.042980232097397715,0.29438106454573254,0.008146873488673786,0.4737295240914127,0.18919559470869907,0.14944737014050047,0.04918276499781358,0.30485952415845086,0.2972707766843694,0.30303665108397543,0.164239531964294,0.4302585408364664,0.4183805022130589,0.41811423372593265,0.4140828469148162,0.4222409892407645,0.34003071617525055,0.5562610394019065,17407.458612733775,6137.993501958544,56999.905313936666,0.35,UB&PB,19969
0,0.0,0.0,0.0,0.0,0.0,0.0,0.0,0.0,0.0,0.0,0.0,0.0,0.0,0.0,0.0,0.0,0.0,0.0,0.0,0.0,0.0,0.0,0.0,0.0,0.0,0.0,0.0,0.0,0.0,0.0,0.0,0.0,0.0,0.0,0.0,0.4,UB&PB,19969
2500,0.9895907563372367,0.8603443428628494,0.7354325052244365,0.9320502262590856,0.062012031511546335,0.02752191805238249,0.11328996634937755,0.7165558667617233,0.6096492720771383,0.8341866425166193,0.9203169864960888,0.07968301350390897,0.2006256786766202,0.16437362704302572,0.06051626666467463,0.3222955443494581,0.01627665555499555,0.47754714227618195,0.20801008044681502,0.17602679947691083,0.06788492217478254,0.33246339482792986,0.31310942793391106,0.3289974888586047,0.18314121607033526,0.4412648542124933,0.41806202251532004,0.4177366968840883,0.41371154437980084,0.42194298177665274,0.1336987405583851,0.743498313911063,16030.893804464919,5256.763290320272,59339.19798221375,0.4,UB&PB,19969
0,0.0,0.0,0.0,0.0,0.0,0.0,0.0,0.0,0.0,0.0,0.0,0.0,0.0,0.0,0.0,0.0,0.0,0.0,0.0,0.0,0.0,0.0,0.0,0.0,0.0,0.0,0.0,0.0,0.0,0.0,0.0,0.0,0.0,0.0,0.0,0.45,UB&PB,19969
2500,1.001100822398712,0.8106994142967445,0.6981446226405222,0.9051910034562337,0.046005761771473204,0.018179527614540846,0.08814949901479273,0.768819460508384,0.6659837616245374,0.8623867694582185,0.8855245202558644,0.11447547974413654,0.21483650585261205,0.19060268105044886,0.07111029861199704,0.34844610885779137,0.013950639032509392,0.4840840131807173,0.22404128855174704,0.2029615940250328,0.08212240325011243,0.35977955851569965,0.328710470942993,0.3561723947646744,0.20536087118166765,0.4473757159934577,0.4186278048736746,0.4183680201601928,0.41434843841401514,0.4225274674666879,0.44295751873243194,0.7093287142928658,11075.831734700063,3616.154648805691,43380.26036325218,0.45,UB&PB,19969
0,0.0,0.0,0.0,0.0,0.0,0.0,0.0,0.0,0.0,0.0,0.0,0.0,0.0,0.0,0.0,0.0,0.0,0.0,0.0,0.0,0.0,0.0,0.0,0.0,0.0,0.0,0.0,0.0,0.0,0.0,0.0,0.0,0.0,0.0,0.0,0.5,UB&PB,19969
2500,1.009531811430527,0.8250713716928851,0.7278488634710144,0.9023819161348126,0.043281754277798894,0.01726878324286361,0.08204173265757322,0.687382478050631,0.5647826383394583,0.7948204479829128,0.8771791044776119,0.12282089552238791,0.23056637871095656,0.21343940992545027,0.08872656184747693,0.36816731064178126,0.020853616619717994,0.4859835644043287,0.23956995668607192,0.22488862974750748,0.10064802452804594,0.37655419346332886,0.3393191263407675,0.3663213116051998,0.22597158784550475,0.44922818398386233,0.4185612251371814,0.4182878616693847,0.41431562754500734,0.4223963541039675,0.0657399413689097,0.48104605770964837,11436.46251002873,3703.632979259976,46478.82853024114,0.5,UB&PB,19969
0,0.0,0.0,0.0,0.0,0.0,0.0,0.0,0.0,0.0,0.0,0.0,0.0,0.0,0.0,0.0,0.0,0.0,0.0,0.0,0.0,0.0,0.0,0.0,0.0,0.0,0.0,0.0,0.0,0.0,0.0,0.0,0.0,0.0,0.0,0.0,0.55,UB&PB,19969
2500,1.0224885482298571,0.8347795922014133,0.7366061887171512,0.9145760854688604,0.0401962695424299,0.015872519662684,0.07618678933209312,0.7036521452299097,0.5674950108344496,0.8276701309079609,0.8291066098081029,0.1708933901918976,0.24141158816857577,0.225287617778327,0.10226807109284244,0.3832238718597874,0.02368128252257863,0.49331443421131255,0.24995331896234885,0.23599503922420456,0.11405358686959834,0.3894048126611223,0.3483334511944367,0.3754542984976113,0.24252036260525234,0.45367405146818424,0.4195092565857039,0.41927376389257476,0.41540524074082685,0.42329059270388797,0.05809891462411082,0.5039055820842261,11719.650497600685,3739.2630418751564,48500.42010630575,0.55,UB&PB,19969
0,0.0,0.0,0.0,0.0,0.0,0.0,0.0,0.0,0.0,0.0,0.0,0.0,0.0,0.0,0.0,0.0,0.0,0.0,0.0,0.0,0.0,0.0,0.0,0.0,0.0,0.0,0.0,0.0,0.0,0.0,0.0,0.0,0.0,0.0,0.0,0.6,UB&PB,19969
2500,1.0417541275755924,0.883155199498085,0.7906086052844926,0.9460063837469087,0.030643985818748182,0.010915555494761609,0.06064419157924419,0.6658650940271533,0.5480365221865373,0.7962134054156791,0.7499175550817339,0.2500824449182659,0.2651706598878077,0.2567584140402544,0.13011805977900942,0.4055559500384585,0.0313091069547956,0.5133859678147079,0.2729494889050216,0.2654495293372944,0.14228438889137562,0.40898122381106333,0.3673492465769882,0.39585969005212535,0.26596281184475146,0.46628161055690676,0.42333138754233696,0.4230232763678786,0.4193267985900965,0.4268463386470026,0.14284314443216728,0.5430295248569591,13193.535796980428,3758.7104549199266,62734.889249619075,0.6,UB&PB,19969
0,0.0,0.0,0.0,0.0,0.0,0.0,0.0,0.0,0.0,0.0,0.0,0.0,0.0,0.0,0.0,0.0,0.0,0.0,0.0,0.0,0.0,0.0,0.0,0.0,0.0,0.0,0.0,0.0,0.0,0.0,0.0,0.0,0.0,0.0,0.0,0.65,UB&PB,19969
2500,1.0456271225743408,0.8893598306758881,0.8017248968461999,0.9509647637328488,0.030591476196819574,0.010826037996452265,0.059971560401704004,0.6881716829969255,0.554577545270648,0.8227497617710202,0.654670220326936,0.34532977967306194,0.26359365681476743,0.25437292544701107,0.13726469567063526,0.39455278659239706,0.037295917975094676,0.5025842015008082,0.2703166548338546,0.2626982866684923,0.14753493525322584,0.39696854811778237,0.3578328400428351,0.3824345388319365,0.2648203289723095,0.44893227885104064,0.40398888704034247,0.4036824102481077,0.39995898487431863,0.407526391456289,0.1814096582972115,0.5122610707942612,13535.785045153145,3680.422773596411,66414.3602638386,0.65,UB&PB,19969
0,0.0,0.0,0.0,0.0,0.0,0.0,0.0,0.0,0.0,0.0,0.0,0.0,0.0,0.0,0.0,0.0,0.0,0.0,0.0,0.0,0.0,0.0,0.0,0.0,0.0,0.0,0.0,0.0,0.0,0.0,0.0,0.0,0.0,0.0,0.0,0.7,UB&PB,19969
2500,1.069530897328922,0.8751059651993858,0.7787001884257376,0.9434153019922827,0.029095132349468453,0.010039083377434121,0.05708746333994911,0.8633804308361597,0.7634560621752408,0.9347105791486467,0.7191314854299928,0.2808685145700075,0.27743113617520404,0.271687535585249,0.1479535478473987,0.4111256324691387,0.04131934542784498,0.5163162900382533,0.28425550752439926,0.2818124125681026,0.1581744115389447,0.4128946608104205,0.36813566419021543,0.39405598611120063,0.27225943337560965,0.462070172332274,0.41702133609688014,0.4167333490980851,0.4130591548909572,0.4205776018048363,0.08035713569055539,0.37496116223317205,12478.821763825783,3525.588291780611,60212.87562498293,0.7,UB&PB,19969
0,0.0,0.0,0.0,0.0,0.0,0.0,0.0,0.0,0.0,0.0,0.0,0.0,0.0,0.0,0.0,0.0,0.0,0.0,0.0,0.0,0.0,0.0,0.0,0.0,0.0,0.0,0.0,0.0,0.0,0.0,0.0,0.0,0.0,0.0,0.0,0.75,UB&PB,19969
2500,1.0806310927652025,0.8794850029789426,0.7720581802800761,0.946329515323972,0.027636168807489234,0.009350232461876119,0.05454968708752797,0.5906071677398311,0.4707674402671028,0.7270470914051692,0.31561904761904774,0.6843809523809534,0.3102237680599751,0.3217509556879256,0.21399355675931991,0.40428643998244906,0.08489327463771862,0.5189213319033109,0.31710339168105267,0.3302761042062523,0.22330056449935728,0.4069175522077274,0.38342866242377116,0.3962331281279431,0.32394582055549964,0.44568385414601674,0.40226595441326246,0.4019258840557142,0.3980755591549173,0.4058929501076157,0.05889348619520622,0.38464858365895255,10330.298530756396,2556.0714595085255,54407.75584744107,0.75,UB&PB,19969
0,0.0,0.0,0.0,0.0,0.0,0.0,0.0,0.0,0.0,0.0,0.0,0.0,0.0,0.0,0.0,0.0,0.0,0.0,0.0,0.0,0.0,0.0,0.0,0.0,0.0,0.0,0.0,0.0,0.0,0.0,0.0,0.0,0.0,0.0,0.0,0.8,UB&PB,19969
2500,1.1112349293726091,0.8770308815160798,0.7905050859840618,0.943373544474393,0.02827663468795629,0.009722272683251905,0.05574794220575697,0.6277619992656276,0.4849600949539671,0.8009809891694204,0.2773802416488979,0.7226197583511001,0.33935984878207287,0.3642836054004317,0.24660239144144708,0.42496776595468233,0.10761508691876427,0.5407190290302156,0.3459460398479315,0.37012476489979845,0.256076917982038,0.4280622405426213,0.4047182133541639,0.4156975810934236,0.3493560689791687,0.46322657837458076,0.41999774200394335,0.4196807023682996,0.4160001105289021,0.4235288179030089,0.28558258435359746,0.6695989867176578,10022.898337552555,2425.273636765997,53804.339927962435,0.8,UB&PB,19969
0,0.0,0.0,0.0,0.0,0.0,0.0,0.0,0.0,0.0,0.0,0.0,0.0,0.0,0.0,0.0,0.0,0.0,0.0,0.0,0.0,0.0,0.0,0.0,0.0,0.0,0.0,0.0,0.0,0.0,0.0,0.0,0.0,0.0,0.0,0.0,0.85,UB&PB,19969
2500,1.1280231627089923,0.8828623018702841,0.8055196728555796,0.9423018656798929,0.028397512592580457,0.009748220956863878,0.056164579361201415,0.7416037288550988,0.5891223111443534,0.8464507295376429,0.20032977967306315,0.7996702203269371,0.350508723366452,0.37701307246946236,0.2648795758135259,0.4263943553367909,0.12845793553672433,0.5466396326860932,0.3559957503523403,0.3790476850459545,0.2736656617426126,0.42986703127681825,0.4078250108949458,0.4162633383200415,0.35415707864591706,0.46367051745331866,0.41911440536941535,0.41886570447165294,0.4151568071082563,0.42267132471202673,0.26587062945666984,0.8755756085278509,10859.87364931283,2470.659861280489,60036.171278045054,0.85,UB&PB,19969
0,0.0,0.0,0.0,0.0,0.0,0.0,0.0,0.0,0.0,0.0,0.0,0.0,0.0,0.0,0.0,0.0,0.0,0.0,0.0,0.0,0.0,0.0,0.0,0.0,0.0,0.0,0.0,0.0,0.0,0.0,0.0,0.0,0.0,0.0,0.0,0.9,UB&PB,19969
2500,1.1447963774735115,0.858591337608137,0.7680321818583025,0.9309581653488267,0.027042650328157534,0.009176793961162093,0.05324989692489815,0.7173970156088834,0.5328891383224922,0.8474427721440234,0.15369225302061126,0.8463077469793884,0.3665187007550549,0.3885548594174587,0.30366770413166944,0.4256346217635087,0.1571471502211321,0.5485218106260917,0.37184236835014717,0.3886060094759456,0.3119262372214476,0.43020600204610526,0.4074079084472881,0.413401097333606,0.3603332549196072,0.45641969763226226,0.4153413064856763,0.4150624591194355,0.41131230083385156,0.41894658410156776,0.2959026772576604,0.9336238378098899,8558.149335343176,2041.0263731073107,46240.5401565021,0.9,UB&PB,19969
0,0.0,0.0,0.0,0.0,0.0,0.0,0.0,0.0,0.0,0.0,0.0,0.0,0.0,0.0,0.0,0.0,0.0,0.0,0.0,0.0,0.0,0.0,0.0,0.0,0.0,0.0,0.0,0.0,0.0,0.0,0.0,0.0,0.0,0.0,0.0,0.95,UB&PB,19969
2500,1.1613206312602127,0.890039877105783,0.7926371159978198,0.952493621279946,0.027700633790064558,0.00951336946798146,0.054502613238219595,0.6297359073549892,0.46020546399879797,0.8082923932300747,0.15297441364605588,0.847025586353945,0.38301483940565306,0.39890239458028975,0.3342103825688559,0.4297028521157226,0.19491173339124448,0.5499013151134213,0.3871890595939026,0.3979611954227624,0.34066083904532646,0.4335977092133989,0.408745207385928,0.4134409625360169,0.35959620890107785,0.45794444248217986,0.41503001525236155,0.41476600751483883,0.411016217400597,0.41861920157320504,0.1889994127320287,0.4745597617718236,9629.479028765785,2200.197158295634,53776.34157682949,0.95,UB&PB,19969
0,0.0,0.0,0.0,0.0,0.0,0.0,0.0,0.0,0.0,0.0,0.0,0.0,0.0,0.0,0.0,0.0,0.0,0.0,0.0,0.0,0.0,0.0,0.0,0.0,0.0,0.0,0.0,0.0,0.0,0.0,0.0,0.0,0.0,0.0,0.0,0.05,UB&PB,349
2500,0.9186285012072186,0.5389052416504904,0.4406424306420845,0.6430691578841914,0.7694777637501031,0.6345560529001737,0.8748243113476939,0.8973145186884721,0.8251850101038579,0.9504073870849319,0.9579381663112992,0.04206183368869928,0.08845345742965063,0.029083700092731007,0.006043671055352013,0.11640108595544504,0.0006248729798030892,0.37827189117667925,0.09774559546541826,0.0380939828257179,0.008787159717267512,0.13492496327797612,0.15207279370084595,0.10683037201750108,0.04574062074149981,0.2229001744683677,0.41568092596967054,0.41529021400618565,0.4082931572242104,0.42258353331961307,0.01247869330577448,0.5392433754527652,16479.75758849002,8696.772476298238,31387.138307067282,0.05,UB&PB,349
0,0.0,0.0,0.0,0.0,0.0,0.0,0.0,0.0,0.0,0.0,0.0,0.0,0.0,0.0,0.0,0.0,0.0,0.0,0.0,0.0,0.0,0.0,0.0,0.0,0.0,0.0,0.0,0.0,0.0,0.0,0.0,0.0,0.0,0.0,0.0,0.1,UB&PB,349
2500,0.9345721104136704,0.46049879406279287,0.36229860152886617,0.5713097798585296,0.757941544383454,0.6064949605140484,0.8572459242286601,0.8713760403190993,0.7954433447459025,0.9348744205932653,0.9548941009239532,0.04510589907604835,0.08988487796927408,0.03756462554419861,0.01035354640506859,0.12220434137118741,0.0017778331209431964,0.3545272843900682,0.10347225500304795,0.052406219501980995,0.016370462092811,0.14713762653087234,0.14426599599223444,0.10833941493656969,0.05496382670690325,0.19833743708336893,0.4186250671214316,0.41821725472301474,0.4098809013439393,0.4268521903684833,0.03778780239111505,0.41743931341410173,6206.165097624307,3981.2382120479956,9941.351463689072,0.1,UB&PB,349
0,0.0,0.0,0.0,0.0,0.0,0.0,0.0,0.0,0.0,0.0,0.0,0.0,0.0,0.0,0.0,0.0,0.0,0.0,0.0,0.0,0.0,0.0,0.0,0.0,0.0,0.0,0.0,0.0,0.0,0.0,0.0,0.0,0.0,0.0,0.0,0.15,UB&PB,349
2500,0.9483839779138225,0.4856761810409849,0.33788461433110484,0.6622658183869747,0.8004112748291646,0.6645450955795197,0.8959890261952436,0.8307344537721768,0.7380552140753349,0.9076897197118444,0.9617803837953093,0.038219616204690804,0.08480470740845356,0.036221203907881985,0.009012966280342592,0.1158923122899019,0.0008728348036366009,0.3334951427648747,0.09578988045320863,0.0474972554730789,0.013410070003198667,0.1363861938657493,0.13281179172975124,0.10188318839969536,0.05460807452658028,0.17776047804768544,0.4241844259048594,0.42367516284648354,0.4156880868623534,0.4320058277417434,0.10530343148806041,0.4211480397021091,6860.272569429337,4698.13217112112,10275.91975716198,0.15,UB&PB,349
0,0.0,0.0,0.0,0.0,0.0,0.0,0.0,0.0,0.0,0.0,0.0,0.0,0.0,0.0,0.0,0.0,0.0,0.0,0.0,0.0,0.0,0.0,0.0,0.0,0.0,0.0,0.0,0.0,0.0,0.0,0.0,0.0,0.0,0.0,0.0,0.2,UB&PB,349
2500,0.9570053650207865,0.454122911780441,0.29696524238787847,0.6064654453380339,0.19350424644104566,0.12384758357336204,0.2772997402243475,0.8947214752833318,0.8166602367632863,0.9523926168490515,0.9409751243781086,0.059024875621890426,0.16924618394253596,0.13038020895473243,0.052629562447104906,0.25707123384051433,0.012404134459324393,0.43694121997414076,0.1993796438442366,0.1718535594648159,0.07911855592136949,0.2990651101127288,0.2585356081913295,0.2513031393349703,0.15545657661992335,0.354485117684595,0.41865381760642517,0.4180252156285967,0.40624577599647455,0.43024717910710913,0.28958590619454394,0.6665633978753651,2949.467870554242,1487.6945301916141,6923.046287154683,0.2,UB&PB,349
0,0.0,0.0,0.0,0.0,0.0,0.0,0.0,0.0,0.0,0.0,0.0,0.0,0.0,0.0,0.0,0.0,0.0,0.0,0.0,0.0,0.0,0.0,0.0,0.0,0.0,0.0,0.0,0.0,0.0,0.0,0.0,0.0,0.0,0.0,0.0,0.25,UB&PB,349
2500,0.9594435920324662,0.5799898875748065,0.4234732632294674,0.7601251819961091,0.23025286534902534,0.15221499335099486,0.3239337287806695,0.8494108427497367,0.7518851722808684,0.9267422350338957,0.9518621179815221,0.04813788201847892,0.1501912887035551,0.0996970270997653,0.033058741742344785,0.23592191500523588,0.005177012846957465,0.4367281242650702,0.16720403150015076,0.12513493946830892,0.046034579089120564,0.26152356167269003,0.24243084319094052,0.2240424494970153,0.13001194206678893,0.34856233617799603,0.41990610649964594,0.4193644349669214,0.41223206274288204,0.4268489247317896,0.06644759419861136,0.487449500793833,7404.383245651636,3573.6029219504767,17261.27771930842,0.25,UB&PB,349
0,0.0,0.0,0.0,0.0,0.0,0.0,0.0,0.0,0.0,0.0,0.0,0.0,0.0,0.0,0.0,0.0,0.0,0.0,0.0,0.0,0.0,0.0,0.0,0.0,0.0,0.0,0.0,0.0,0.0,0.0,0.0,0.0,0.0,0.0,0.0,0.3,UB&PB,349
2500,0.9688960806497178,0.6321472609083579,0.4474645015783855,0.7732788681651194,0.11680761201765713,0.06577161985430854,0.1828724635317026,0.8571504296320124,0.7650031061794946,0.9286090586039732,0.9409140014214624,0.059085998578535956,0.17649263759200112,0.13436172756549974,0.048275606197959856,0.2796923938634781,0.011400216150374289,0.4555362187696961,0.19388275566267987,0.16038755160227458,0.06392903892932153,0.30464280999304794,0.2816295707469379,0.28230927691114643,0.1598534572520013,0.40350065928418893,0.41700166087491103,0.4166451515987341,0.41038373873854284,0.42312272565695663,0.16459837360275842,0.34237322330677195,6485.033956371271,2748.9912848527238,17791.065888074856,0.3,UB&PB,349
0,0.0,0.0,0.0,0.0,0.0,0.0,0.0,0.0,0.0,0.0,0.0,0.0,0.0,0.0,0.0,0.0,0.0,0.0,0.0,0.0,0.0,0.0,0.0,0.0,0.0,0.0,0.0,0.0,0.0,0.0,0.0,0.0,0.0,0.0,0.0,0.35,UB&PB,349
2500,0.9801874663046815,0.6404130604502982,0.506693029355487,0.7672262109621024,0.09331657544019217,0.04926296963042302,0.15024596926746447,0.7800616953591207,0.6844216131322767,0.8756700468551969,0.9249203980099493,0.0750796019900499,0.19236527287658609,0.16083645443357833,0.06187874897900035,0.30208782229482883,0.014299452372980949,0.46003748042786125,0.20837507376919728,0.18478963428729855,0.07823558707722157,0.32431223511191776,0.29895589573557757,0.3106367859530759,0.18246740936245,0.4143835826184846,0.4128047123252909,0.41243429247551383,0.4071040079986322,0.4179716003012755,0.7176442872731708,0.9712633241731619,4895.306707955884,2118.0020404933985,14169.749180613519,0.35,UB&PB,349
0,0.0,0.0,0.0,0.0,0.0,0.0,0.0,0.0,0.0,0.0,0.0,0.0,0.0,0.0,0.0,0.0,0.0,0.0,0.0,0.0,0.0,0.0,0.0,0.0,0.0,0.0,0.0,0.0,0.0,0.0,0.0,0.0,0.0,0.0,0.0,0.4,UB&PB,349
2500,0.9848284425007432,0.8091312692592277,0.6933080170817858,0.8909977590373653,0.06704880078739042,0.03064830581152293,0.11521847904178573,0.793690922221236,0.6864646993396696,0.8833776879934776,0.9064854299928913,0.09351457000710732,0.19513213515038053,0.158560602877367,0.051274060628448984,0.31975144178090154,0.011399006700005281,0.47765032875820523,0.2037275440074015,0.17185331273316334,0.059551813729755494,0.3317884749333516,0.31148559162310424,0.3262200498923724,0.18310799255620694,0.4386466232179819,0.4198510284368075,0.41959593918603,0.4154685747895588,0.42384243812446587,0.08473008601214291,0.3368589513525207,14937.306725768754,5009.791975679999,54422.290012698744,0.4,UB&PB,349
0,0.0,0.0,0.0,0.0,0.0,0.0,0.0,0.0,0.0,0.0,0.0,0.0,0.0,0.0,0.0,0.0,0.0,0.0,0.0,0.0,0.0,0.0,0.0,0.0,0.0,0.0,0.0,0.0,0.0,0.0,0.0,0.0,0.0,0.0,0.0,0.45,UB&PB,349
2500,0.9888590992197425,0.8577926546549388,0.7422189256643767,0.9300923295604674,0.054337699384759484,0.02357396229277831,0.09768170624758345,0.7770990799542278,0.6828986605510404,0.8751673654547093,0.9009132906894101,0.09908670931058991,0.19816470168381942,0.16547044058710905,0.05611486348396218,0.3277622845778391,0.010899786182336375,0.47198010932020273,0.2056576115307731,0.17619573379606454,0.06415022647140983,0.33768798494863167,0.31152073798305724,0.3300385168399312,0.1885424002611942,0.43320958606414994,0.40883478608138624,0.4085002161344713,0.40447319101254486,0.4126608955762762,0.1875982746379302,0.6159627750121223,16524.45123258884,5413.7967788174665,61600.05338384618,0.45,UB&PB,349
0,0.0,0.0,0.0,0.0,0.0,0.0,0.0,0.0,0.0,0.0,0.0,0.0,0.0,0.0,0.0,0.0,0.0,0.0,0.0,0.0,0.0,0.0,0.0,0.0,0.0,0.0,0.0,0.0,0.0,0.0,0.0,0.0,0.0,0.0,0.0,0.5,UB&PB,349
2500,1.0108394026269754,0.8359740490553943,0.7198182048113457,0.9201328694490413,0.03558147613340127,0.013532893984843749,0.06754398551671939,0.6524215034308253,0.5279535851616486,0.7826673484650812,0.8650810234541587,0.13491897654584234,0.23686469351313372,0.22368703322958378,0.09424450073346509,0.3729487090080679,0.022001274478380455,0.49263332072595356,0.2459487128435103,0.23491798410372156,0.10685980607561951,0.3812470632002433,0.3457996130973241,0.3766839950684982,0.23332748413408455,0.4540205670941303,0.41792620603684577,0.4176755335402082,0.4137568305836886,0.42167272802114475,0.622887224444034,0.9230461947638013,10867.56803161882,3422.2057131478086,46550.71234346109,0.5,UB&PB,349
0,0.0,0.0,0.0,0.0,0.0,0.0,0.0,0.0,0.0,0.0,0.0,0.0,0.0,0.0,0.0,0.0,0.0,0.0,0.0,0.0,0.0,0.0,0.0,0.0,0.0,0.0,0.0,0.0,0.0,0.0,0.0,0.0,0.0,0.0,0.0,0.55,UB&PB,349
2500,1.0151811262902375,0.8731187391611986,0.7713607994240709,0.9409666877021537,0.04027637509214385,0.015479284429191303,0.07706937053616962,0.7479822969917728,0.6313261395391916,0.856946922128536,0.8460689410092386,0.15393105899076015,0.22874382363216633,0.20584238527698626,0.08284964415306253,0.3743301110129785,0.018317928922083147,0.4929557712922606,0.2356500567409243,0.21430643112452444,0.09205923076463618,0.37975457845408483,0.3371946576824392,0.36288183018919085,0.21972064249200232,0.45191439583110465,0.4139482842782737,0.4137283405437269,0.4099277802587985,0.4176671843200416,0.2704079541770548,0.5619465995858178,14383.63861691629,4433.834938402005,60291.75625377268,0.55,UB&PB,349
0,0.0,0.0,0.0,0.0,0.0,0.0,0.0,0.0,0.0,0.0,0.0,0.0,0.0,0.0,0.0,0.0,0.0,0.0,0.0,0.0,0.0,0.0,0.0,0.0,0.0,0.0,0.0,0.0,0.0,0.0,0.0,0.0,0.0,0.0,0.0,0.6,UB&PB,349
2500,1.035990566716446,0.8861091114623735,0.7777918821678871,0.9487336620086337,0.03062213944718626,0.010902707057926151,0.05984067580396577,0.7165189134678727,0.5952476768268917,0.8244522510451535,0.7661499644633976,0.23385003553660288,0.2527456180523353,0.24058341906393743,0.1179136155053972,0.3918325484947075,0.029762061339440767,0.5008337085614724,0.26003645434326794,0.2486169196702021,0.12943370825940434,0.3951334417194474,0.3532233311422246,0.38080977300005187,0.25065537961334294,0.4525923785034771,0.41094576594793025,0.4106618522643115,0.40689929817911663,0.4145648081742835,0.10968534924082325,0.3323896551402213,13666.848833758626,3893.208509455059,64860.74482217603,0.6,UB&PB,349
0,0.0,0.0,0.0,0.0,0.0,0.0,0.0,0.0,0.0,0.0,0.0,0.0,0.0,0.0,0.0,0.0,0.0,0.0,0.0,0.0,0.0,0.0,0.0,0.0,0.0,0.0,0.0,0.0,0.0,0.0,0.0,0.0,0.0,0.0,0.0,0.65,UB&PB,349
2500,1.0613224865371953,0.8495408309284641,0.7568235266340094,0.9199658953098169,0.02931999553644504,0.010350766952891246,0.05739973776301904,0.5409094967535234,0.44264264690469657,0.6490864494914814,0.6565046197583488,0.34349538024164916,0.2980636178077747,0.2993129984085851,0.18355193127439665,0.417858048566344,0.06348880292949126,0.521325574500408,0.30683769278478135,0.30911077850715907,0.1972500398586814,0.42081136569991545,0.3850386993573579,0.40848923960620837,0.3036285779207084,0.4684128101378622,0.42368680764080163,0.4234017572591243,0.4195967249301144,0.4273314218956344,0.12452286661581256,0.6211046516604432,9920.087570011923,2877.7097997556184,47887.895153678364,0.65,UB&PB,349
0,0.0,0.0,0.0,0.0,0.0,0.0,0.0,0.0,0.0,0.0,0.0,0.0,0.0,0.0,0.0,0.0,0.0,0.0,0.0,0.0,0.0,0.0,0.0,0.0,0.0,0.0,0.0,0.0,0.0,0.0,0.0,0.0,0.0,0.0,0.0,0.7,UB&PB,349
2500,1.072956254680239,0.8628306779816813,0.7587868496598686,0.9346429524004071,0.02850069542006775,0.009850019851189133,0.05616879061129462,0.7028873134806758,0.5693691335668687,0.8039003499936084,0.6426801705756936,0.35731982942430757,0.2938275035783997,0.2947986561374656,0.17504941382229336,0.41600203756671833,0.05669704470776786,0.5210151419019522,0.3016225083781732,0.3054622922922242,0.1866543507046125,0.418097633268374,0.3799544276258675,0.40298323508841266,0.29692598064858544,0.4641477036657388,0.41926504556469574,0.41900837467873925,0.4151791765417409,0.4229378480492253,0.4514502042398829,0.8750150730224706,10431.852924859957,2943.6390775708223,51105.36136082202,0.7,UB&PB,349
0,0.0,0.0,0.0,0.0,0.0,0.0,0.0,0.0,0.0,0.0,0.0,0.0,0.0,0.0,0.0,0.0,0.0,0.0,0.0,0.0,0.0,0.0,0.0,0.0,0.0,0.0,0.0,0.0,0.0,0.0,0.0,0.0,0.0,0.0,0.0,0.75,UB&PB,349
2500,1.1030714067767595,0.8647983681317546,0.7714246763279676,0.9347451844892753,0.027860672993221425,0.009564072171195336,0.054847803480498565,0.5511675299399487,0.41868462981835486,0.7045492034050949,0.24189410092395178,0.7581058990760479,0.34212737136510263,0.359498837265334,0.25232731359174543,0.43090783713708536,0.10896600721170698,0.5467194775126503,0.34980974511561164,0.36774360525178557,0.26234292789630953,0.4342609103529238,0.4131149736079539,0.4238424349834674,0.36194719690744503,0.4685917186766965,0.42713614654660514,0.4268308769124781,0.42315278316707056,0.4306597701724253,0.4128051244117853,0.8408105579072266,9648.831881792254,2302.908825568397,51951.87858928358,0.75,UB&PB,349
0,0.0,0.0,0.0,0.0,0.0,0.0,0.0,0.0,0.0,0.0,0.0,0.0,0.0,0.0,0.0,0.0,0.0,0.0,0.0,0.0,0.0,0.0,0.0,0.0,0.0,0.0,0.0,0.0,0.0,0.0,0.0,0.0,0.0,0.0,0.0,0.8,UB&PB,349
2500,1.1174120878742109,0.862289078682029,0.7744065914618181,0.9332479336147447,0.027091207860318916,0.00916490870353387,0.05371908597573009,0.6575065257056293,0.5367457352855557,0.7669504294361427,0.24184648187633262,0.7581535181236686,0.34270287106016356,0.3648737771855364,0.25252892599329674,0.4259954908959149,0.11477383696508024,0.546790727887124,0.349461524999987,0.37031578934482895,0.261843504165859,0.42938685026849593,0.4071425377010846,0.4176730310822762,0.35313456668625587,0.463982947818204,0.4212947642959148,0.421017563376362,0.417366602259872,0.42481698147324076,0.7209708797895892,1.0198451088881306,9667.522879433118,2329.5882797820027,51960.835410887375,0.8,UB&PB,349
0,0.0,0.0,0.0,0.0,0.0,0.0,0.0,0.0,0.0,0.0,0.0,0.0,0.0,0.0,0.0,0.0,0.0,0.0,0.0,0.0,0.0,0.0,0.0,0.0,0.0,0.0,0.0,0.0,0.0,0.0,0.0,0.0,0.0,0.0,0.0,0.85,UB&PB,349
2500,1.1298955086553812,0.8769854531620473,0.7763322582026451,0.9435260697459054,0.02753054968627865,0.009398053699239588,0.0546082255172843,0.6713148521767672,0.5020260063424231,0.8443157070219739,0.170265813788202,0.8297341862117992,0.353535626572481,0.379332797321572,0.27318601215511096,0.4249472687564966,0.1367319928671351,0.5449323868678106,0.35947444282528135,0.38130227248872206,0.28225212910790226,0.42896964845867375,0.40804343752921646,0.41527397949708156,0.35928932558332416,0.4587661483284743,0.41775725523537893,0.41749612656136276,0.41376231987796436,0.42137385720955234,0.8345917223383309,1.0201267375255523,9539.174385887694,2214.233680400502,52142.961734319724,0.85,UB&PB,349
0,0.0,0.0,0.0,0.0,0.0,0.0,0.0,0.0,0.0,0.0,0.0,0.0,0.0,0.0,0.0,0.0,0.0,0.0,0.0,0.0,0.0,0.0,0.0,0.0,0.0,0.0,0.0,0.0,0.0,0.0,0.0,0.0,0.0,0.0,0.0,0.9,UB&PB,349
2500,1.1511852010482264,0.8889794860281056,0.812355849389186,0.948439101694552,0.028408578806672764,0.00987280245491368,0.05550935675960032,0.7039388483271658,0.5399224858558791,0.8361688320858858,0.15102985074626885,0.848970149253731,0.37368155923467566,0.3964054105145326,0.30860597213186775,0.43364585902254305,0.163423932934043,0.5574245904460894,0.3785394188455808,0.3963651909174747,0.31631801206878346,0.4376011370485631,0.41518010180813103,0.42128371600551484,0.3641809306699037,0.46702059272093016,0.42326283173592005,0.42295696634920077,0.41933725979895003,0.4267175133454138,0.8147583119865391,1.0218339244780548,10942.077003648576,2408.484165421018,62127.064236189246,0.9,UB&PB,349
0,0.0,0.0,0.0,0.0,0.0,0.0,0.0,0.0,0.0,0.0,0.0,0.0,0.0,0.0,0.0,0.0,0.0,0.0,0.0,0.0,0.0,0.0,0.0,0.0,0.0,0.0,0.0,0.0,0.0,0.0,0.0,0.0,0.0,0.0,0.0,0.95,UB&PB,349
2500,1.1629286851608407,0.8834054574329756,0.7893463728723324,0.9481834750854037,0.028058605210360302,0.009740167983291012,0.05508319564061157,0.8490173754139573,0.7555807714375753,0.9213841053411514,0.1440966595593459,0.8559033404406537,0.37942618625172697,0.3972516418292633,0.3258481541093023,0.43207306466345047,0.17855486274242552,0.5549147921909774,0.3832792666969379,0.39567445797345424,0.3322964426333509,0.4360594980810367,0.41119380383906706,0.41646586318413575,0.3594849291296513,0.46277616724645937,0.4184797403444681,0.4181746322946608,0.4145366273910781,0.4219640491737889,0.09006659787129202,0.9987655473534692,10292.755072514825,2315.6461495126573,57510.51162248244,0.95,UB&PB,349
0,0.0,0.0,0.0,0.0,0.0,0.0,0.0,0.0,0.0,0.0,0.0,0.0,0.0,0.0,0.0,0.0,0.0,0.0,0.0,0.0,0.0,0.0,0.0,0.0,0.0,0.0,0.0,0.0,0.0,0.0,0.0,0.0,0.0,0.0,0.0,0.05,UB&PB,66769
2500,0.9176102321120257,0.46743858559923157,0.3292524258688823,0.6808457616028744,0.8395921893488392,0.7496864934099162,0.9192884179474616,0.8974028757231861,0.8235867147112544,0.9509304245999697,0.9585003553660273,0.04149964463397295,0.07963007989648005,0.02070746059997844,0.0028624480801867722,0.10124227743149848,0.00015483991909225888,0.3602186544336207,0.08812998098151294,0.027949373680680824,0.004494242559899925,0.11901919239449882,0.13665486047749828,0.09162088154492366,0.0375637170566278,0.1959226460185415,0.42578584775827993,0.4254161309023001,0.4168713859710712,0.4342890224010251,0.04861418971980035,0.46694028605716664,9038.136137330643,5387.9899595890065,15531.8334845466,0.05,UB&PB,66769
0,0.0,0.0,0.0,0.0,0.0,0.0,0.0,0.0,0.0,0.0,0.0,0.0,0.0,0.0,0.0,0.0,0.0,0.0,0.0,0.0,0.0,0.0,0.0,0.0,0.0,0.0,0.0,0.0,0.0,0.0,0.0,0.0,0.0,0.0,0.0,0.1,UB&PB,66769
2500,0.9301199619630592,0.5587599453647683,0.3523961290767542,0.7132272623020266,0.7969606256334841,0.6972256979178324,0.8789146659060292,0.8739181624225725,0.7891638008545869,0.9408240822004098,0.9587128642501778,0.04128713574982229,0.08058260644199636,0.024217324476860577,0.004403682757480223,0.10565794467244771,0.00034842147977812556,0.35416638772410425,0.08897639921797956,0.03208108065658468,0.006502991684474868,0.12245825475232766,0.13391760702120675,0.09388576652989786,0.03986408094406152,0.18926368845711286,0.41721101723162335,0.41663941569394525,0.4078010173130775,0.4258898353623715,0.007451025671432643,0.5467322000871788,13826.766646407428,8409.86404237252,23114.41154373025,0.1,UB&PB,66769
0,0.0,0.0,0.0,0.0,0.0,0.0,0.0,0.0,0.0,0.0,0.0,0.0,0.0,0.0,0.0,0.0,0.0,0.0,0.0,0.0,0.0,0.0,0.0,0.0,0.0,0.0,0.0,0.0,0.0,0.0,0.0,0.0,0.0,0.0,0.0,0.15,UB&PB,66769
2500,0.9471452324963548,0.5229548500259734,0.36436812962271337,0.726926765686167,0.7776272322064396,0.6459436346376835,0.8769615587393461,0.8457246328463942,0.7587680755645861,0.916634752010667,0.9616361051883431,0.038363894811656016,0.08439735252587355,0.032750792699758065,0.007975276261562927,0.11375681138191132,0.0010667932701918033,0.34266989068222686,0.0933054298276336,0.04213894989218153,0.011133769448018787,0.13028875460623543,0.13509029321591742,0.10262840785757826,0.05008083409696594,0.18384637917970345,0.42311964779603123,0.42263472282283254,0.41524650927982265,0.43040963778953295,0.04835677979132024,0.9623126794332838,11711.52089938465,7506.298019516799,18714.519172358625,0.15,UB&PB,66769
0,0.0,0.0,0.0,0.0,0.0,0.0,0.0,0.0,0.0,0.0,0.0,0.0,0.0,0.0,0.0,0.0,0.0,0.0,0.0,0.0,0.0,0.0,0.0,0.0,0.0,0.0,0.0,0.0,0.0,0.0,0.0,0.0,0.0,0.0,0.0,0.2,UB&PB,66769
2500,0.9527536189883484,0.4692936744020572,0.3393935816281805,0.5993526803036989,0.31156660285135607,0.22061994912153057,0.42749393887937126,0.8809138859413046,0.8005970235965371,0.9452168831384982,0.9530504619758347,0.046949538024164836,0.13900181474993822,0.09291051846550462,0.0343522703910274,0.2101359039424341,0.007691994953482332,0.4080562274073238,0.16185404635485176,0.12469150523735342,0.051956211195017185,0.24448937126434156,0.2189504726380478,0.19822409098811294,0.1216387570657126,0.302978353719375,0.41511010882646965,0.41457094613685647,0.40584913129814554,0.4236758366656912,0.08915583964532837,0.3586387335110432,3801.357130393621,2256.1438707608136,6826.507544272466,0.2,UB&PB,66769
0,0.0,0.0,0.0,0.0,0.0,0.0,0.0,0.0,0.0,0.0,0.0,0.0,0.0,0.0,0.0,0.0,0.0,0.0,0.0,0.0,0.0,0.0,0.0,0.0,0.0,0.0,0.0,0.0,0.0,0.0,0.0,0.0,0.0,0.0,0.0,0.25,UB&PB,66769
2500,0.9639710302931134,0.5082926588677332,0.3338940691988521,0.7262450439568281,0.1957244484714302,0.12012397378401497,0.28497820624964687,0.8204429985657311,0.7224089023061986,0.8964122593258275,0.9408706467661689,0.05912935323383091,0.1688230009839389,0.1278873709744445,0.05315204738858857,0.2582241321004692,0.01323946391699356,0.4374196943816619,0.1922607587287348,0.16053259407380455,0.0750855944732913,0.28942046333622906,0.25924579100614203,0.24920192708005726,0.15207209378204767,0.36234751983199737,0.41329343653079476,0.4127350487217413,0.4043357120227065,0.42157977505390154,0.06361792892860857,0.2616351680676497,4711.205905827895,2257.717075085825,11224.607693266564,0.25,UB&PB,66769
0,0.0,0.0,0.0,0.0,0.0,0.0,0.0,0.0,0.0,0.0,0.0,0.0,0.0,0.0,0.0,0.0,0.0,0.0,0.0,0.0,0.0,0.0,0.0,0.0,0.0,0.0,0.0,0.0,0.0,0.0,0.0,0.0,0.0,0.0,0.0,0.3,UB&PB,66769
2500,0.9720803706212311,0.6789658034048389,0.5025146238023335,0.8049033229372983,0.1727583182781915,0.10810607234037514,0.2596131369067859,0.8116542528422909,0.7089225621633247,0.8969490400912418,0.929048329779672,0.0709516702203271,0.16925061356261772,0.1252067466763112,0.040900194491293305,0.27040535793018283,0.006558824392014225,0.45177822439184673,0.18258529093615808,0.1458720797070414,0.051409801509532616,0.2905835524898307,0.2721801157235979,0.2688528999139425,0.15294053421727258,0.3868766653035513,0.4220955355447489,0.42171562668815,0.4160356352811148,0.4276426515677308,0.220533847088716,0.5287796876402365,8362.618399733132,3464.4899133538997,23909.298181501617,0.3,UB&PB,66769
0,0.0,0.0,0.0,0.0,0.0,0.0,0.0,0.0,0.0,0.0,0.0,0.0,0.0,0.0,0.0,0.0,0.0,0.0,0.0,0.0,0.0,0.0,0.0,0.0,0.0,0.0,0.0,0.0,0.0,0.0,0.0,0.0,0.0,0.0,0.0,0.35,UB&PB,66769
2500,0.9793870850907007,0.7681210856457052,0.6311735141867156,0.8683586384382311,0.07279662021445081,0.03508123010378525,0.12542011991736512,0.8767944291835382,0.7885502821697314,0.937868654677363,0.9198507462686561,0.08014925373134338,0.1870749948189488,0.14680659132708793,0.04847568859714086,0.3034805600639054,0.009503593702358737,0.4701086581515094,0.19780805844736052,0.16286447757633934,0.058596664207553294,0.31965499599729913,0.3022723093042004,0.31404508620483695,0.17355132215147356,0.43074323318797797,0.4200681615448473,0.4197949681859597,0.41511847356249965,0.4245983909100707,0.06482244326814769,0.5772930951572782,12319.189810578211,4374.798527615246,40951.07186073386,0.35,UB&PB,66769
0,0.0,0.0,0.0,0.0,0.0,0.0,0.0,0.0,0.0,0.0,0.0,0.0,0.0,0.0,0.0,0.0,0.0,0.0,0.0,0.0,0.0,0.0,0.0,0.0,0.0,0.0,0.0,0.0,0.0,0.0,0.0,0.0,0.0,0.0,0.0,0.4,UB&PB,66769
2500,0.9850266754749041,0.8213773445107003,0.6898112663027168,0.9069552579353486,0.06035842888824566,0.025869863259626695,0.11142789622692542,0.8165770333378657,0.7022437930009349,0.9021445228510109,0.904077469793888,0.09592253020611255,0.19557899800203746,0.1595053108524339,0.051980805927836465,0.31949523599123314,0.010716507877552408,0.4770641473442474,0.2042193086239317,0.17315045931951528,0.0599439950021752,0.33195606408577505,0.3110232696531606,0.3279099847341121,0.17929299796146383,0.4393865918658581,0.4178761394945405,0.41758503599370483,0.4133137477696146,0.42196585453112767,0.010912720502610933,0.5192951095200482,13758.087862856679,4613.216443596449,49210.73696418403,0.4,UB&PB,66769
0,0.0,0.0,0.0,0.0,0.0,0.0,0.0,0.0,0.0,0.0,0.0,0.0,0.0,0.0,0.0,0.0,0.0,0.0,0.0,0.0,0.0,0.0,0.0,0.0,0.0,0.0,0.0,0.0,0.0,0.0,0.0,0.0,0.0,0.0,0.0,0.45,UB&PB,66769
2500,1.0041880300122754,0.7549792804842002,0.6379317338130363,0.8516114429339418,0.04852729585843712,0.01996827755941028,0.09038055067577604,0.7029757034480898,0.5866340943794633,0.8236807531119955,0.8809040511727079,0.11909594882729214,0.22701683100454326,0.20791982834475956,0.08839689291169908,0.35795692817766844,0.020303809515242563,0.4854522051108427,0.23892833131846777,0.2235983126424933,0.10339796865212769,0.371032849437041,0.33960567696254734,0.3667199028018743,0.2278522429515185,0.449614853810039,0.42403604928054395,0.423776074433923,0.4195232623617401,0.42817594763161543,0.13162632269002378,0.47062484072002614,8121.173731951176,2865.714345626279,29567.874007891896,0.45,UB&PB,66769
0,0.0,0.0,0.0,0.0,0.0,0.0,0.0,0.0,0.0,0.0,0.0,0.0,0.0,0.0,0.0,0.0,0.0,0.0,0.0,0.0,0.0,0.0,0.0,0.0,0.0,0.0,0.0,0.0,0.0,0.0,0.0,0.0,0.0,0.0,0.0,0.5,UB&PB,66769
2500,1.005452110476648,0.8997914587654225,0.8184534452690073,0.9547619272932576,0.03885288421655491,0.015005045496669684,0.07412674290820698,0.6618484241555315,0.5315350032786963,0.7613997836274429,0.8484562899786774,0.151543710021322,0.2298199498609175,0.21227996299818966,0.08218487349353273,0.36872159532956106,0.01796169970484074,0.4939207374785305,0.23645405467651942,0.22107215697166085,0.09032907609726909,0.3757153049830122,0.341626187098057,0.36901620321300815,0.22349755035765542,0.456301169465644,0.41868761720155767,0.4183691147527402,0.41470612559533326,0.4222040107098989,0.3640374111083968,0.6212336693710573,16970.07395263021,5077.412384194,74364.71799409803,0.5,UB&PB,66769
0,0.0,0.0,0.0,0.0,0.0,0.0,0.0,0.0,0.0,0.0,0.0,0.0,0.0,0.0,0.0,0.0,0.0,0.0,0.0,0.0,0.0,0.0,0.0,0.0,0.0,0.0,0.0,0.0,0.0,0.0,0.0,0.0,0.0,0.0,0.0,0.55,UB&PB,66769
2500,1.0167627040819207,0.8748541012893207,0.7856877324522489,0.9431041853074522,0.037789024682279716,0.014440307532837477,0.07298195583940602,0.7669546141148512,0.6325599489255734,0.867393750010378,0.8323930348258712,0.16760696517412912,0.22940325874521533,0.2080087172117456,0.08465008024260874,0.3735637903407022,0.01926602778420044,0.49074733270479254,0.23628111446075012,0.21642018375420932,0.09371226349952232,0.3787773279317132,0.33732522219297734,0.3645562680979367,0.2222978222113808,0.44914485589831005,0.4118199840410883,0.41153637482104827,0.40775517941050116,0.4154590350671417,0.306608858661374,0.8108878531836272,15171.285488281477,4535.963437041117,65883.0156346619,0.55,UB&PB,66769
0,0.0,0.0,0.0,0.0,0.0,0.0,0.0,0.0,0.0,0.0,0.0,0.0,0.0,0.0,0.0,0.0,0.0,0.0,0.0,0.0,0.0,0.0,0.0,0.0,0.0,0.0,0.0,0.0,0.0,0.0,0.0,0.0,0.0,0.0,0.0,0.6,UB&PB,66769
2500,1.0382625936720815,0.8659305314307053,0.7470972346175883,0.9381394004212474,0.03483156082262551,0.01301015702312431,0.06639209222497147,0.7815912196850872,0.6758466602263404,0.8701742685904656,0.7774662402274333,0.2225337597725657,0.25087857759746274,0.23454353960520669,0.11567334053326069,0.3917911458428595,0.029395884669678348,0.5004020075924153,0.25878963129902904,0.24391528567867865,0.12809126943460478,0.3956374309271676,0.35178901347010816,0.3785535736238026,0.24869615445372384,0.4526821614088658,0.41440887620496036,0.4140993177655753,0.41026399763278726,0.4180570852235794,0.3085740735021332,0.7420463812029441,12873.963564130045,3768.5746419909087,58866.38425697983,0.6,UB&PB,66769
0,0.0,0.0,0.0,0.0,0.0,0.0,0.0,0.0,0.0,0.0,0.0,0.0,0.0,0.0,0.0,0.0,0.0,0.0,0.0,0.0,0.0,0.0,0.0,0.0,0.0,0.0,0.0,0.0,0.0,0.0,0.0,0.0,0.0,0.0,0.0,0.65,UB&PB,66769
2500,1.0507695226284341,0.856764903606046,0.7780808256633671,0.923965286457727,0.03258955041911787,0.01188869764642568,0.06350881867224697,0.7400745106861988,0.6379323797889898,0.8482145810766437,0.7731407249466953,0.22685927505330514,0.2648271414342848,0.25232671265407003,0.13580561978977806,0.4019836086085007,0.03651337249584305,0.5047962067007857,0.27223680089643026,0.2617789142426574,0.14694409068159783,0.40458439489579023,0.35970328636784477,0.3852934362984556,0.2615734518463457,0.45794615819215934,0.4142064586895458,0.41395342580658734,0.41012862942212097,0.4178378511499762,0.04465479315674059,0.39919664606040006,12724.317316371278,3751.4183856203367,58913.49980531975,0.65,UB&PB,66769
0,0.0,0.0,0.0,0.0,0.0,0.0,0.0,0.0,0.0,0.0,0.0,0.0,0.0,0.0,0.0,0.0,0.0,0.0,0.0,0.0,0.0,0.0,0.0,0.0,0.0,0.0,0.0,0.0,0.0,0.0,0.0,0.0,0.0,0.0,0.0,0.7,UB&PB,66769
2500,1.0686492261181955,0.8968158649194279,0.806146191344847,0.9532170212552388,0.02833281642853397,0.009758067987432542,0.05593896152643647,0.8266365112579387,0.7069638805151405,0.9074805436089248,0.49660056858564283,0.5033994314143574,0.2850264621678215,0.28289872075599753,0.16265856597548023,0.4103413273768748,0.04683545078387512,0.5246452341310971,0.2918011528270347,0.29343754638241315,0.17211886565746332,0.41231431081002706,0.3776120291307916,0.3991551329753843,0.2972976690885966,0.4589046119028994,0.4135421414667169,0.4132579592652212,0.4095457593323328,0.4170756984226751,0.13913831944269575,0.3887405021810558,12723.100718999789,3268.30245609397,64730.7008205581,0.7,UB&PB,66769
0,0.0,0.0,0.0,0.0,0.0,0.0,0.0,0.0,0.0,0.0,0.0,0.0,0.0,0.0,0.0,0.0,0.0,0.0,0.0,0.0,0.0,0.0,0.0,0.0,0.0,0.0,0.0,0.0,0.0,0.0,0.0,0.0,0.0,0.0,0.0,0.75,UB&PB,66769
2500,1.085671431576625,0.8804524413355428,0.7975442826798477,0.940824776601753,0.027095449110313162,0.009199780722203383,0.05349390271007592,0.6408319533656435,0.5232046015825162,0.760406376735183,0.33762686567164285,0.6623731343283598,0.3147456445028383,0.3266850333735171,0.2127940952686922,0.41510273672363357,0.08039858509172244,0.5314353014611906,0.32163111246444076,0.33572910047420323,0.2219700010993892,0.4175060002055067,0.3929580926239936,0.4074904802142167,0.33068434665130475,0.45903301483130704,0.41324022784462916,0.4129781476124235,0.40924129583722285,0.416874365127064,0.19351193988173088,0.7293632830522705,11097.634274017648,2695.9818384717714,59625.726891212355,0.75,UB&PB,66769
0,0.0,0.0,0.0,0.0,0.0,0.0,0.0,0.0,0.0,0.0,0.0,0.0,0.0,0.0,0.0,0.0,0.0,0.0,0.0,0.0,0.0,0.0,0.0,0.0,0.0,0.0,0.0,0.0,0.0,0.0,0.0,0.0,0.0,0.0,0.0,0.8,UB&PB,66769
2500,1.1078146608377777,0.8782568710382117,0.8026746866988003,0.938829060821068,0.027190872725383924,0.009214036968163454,0.05371959677999885,0.7311219184077996,0.5648950386520996,0.8348578961404688,0.22939943141435684,0.7706005685856439,0.333518273938194,0.3579718919150425,0.2377780015030782,0.4196882673191849,0.10396405119740987,0.5386126352157371,0.33996166788224635,0.3632434730033112,0.2468891135393423,0.42278618069294005,0.40094892439775864,0.41140714319316246,0.34644005817988355,0.45750619706256634,0.4151353341625776,0.4148049237321526,0.4110825238507093,0.4186721618728042,0.18511406710210604,0.5482377972071985,10642.135910459881,2456.9856905173187,58593.76046892108,0.8,UB&PB,66769
0,0.0,0.0,0.0,0.0,0.0,0.0,0.0,0.0,0.0,0.0,0.0,0.0,0.0,0.0,0.0,0.0,0.0,0.0,0.0,0.0,0.0,0.0,0.0,0.0,0.0,0.0,0.0,0.0,0.0,0.0,0.0,0.0,0.0,0.0,0.0,0.85,UB&PB,66769
2500,1.1265891282491687,0.8358382961209329,0.7303321733016773,0.913861086421211,0.027790234131622814,0.009554178089723921,0.05416438515932123,0.7396611757623207,0.604775773005621,0.8436817049710834,0.20517199715707168,0.7948280028429281,0.3481092504548475,0.37409099755299996,0.2681774876538597,0.41934032973303537,0.13281795259069762,0.5373997047895449,0.35484123053614186,0.3762698389528103,0.27902016737436247,0.42387195527581056,0.400862115794805,0.40924445328368897,0.3524262647532504,0.45190085053252904,0.41221668303882664,0.4118868744907254,0.40797835530517773,0.4159295792640995,0.27452406898841647,0.834669894927658,8026.76779151816,1993.5024198233132,42533.85726597875,0.85,UB&PB,66769
0,0.0,0.0,0.0,0.0,0.0,0.0,0.0,0.0,0.0,0.0,0.0,0.0,0.0,0.0,0.0,0.0,0.0,0.0,0.0,0.0,0.0,0.0,0.0,0.0,0.0,0.0,0.0,0.0,0.0,0.0,0.0,0.0,0.0,0.0,0.0,0.9,UB&PB,66769
2500,1.1428267351240418,0.8653153395628304,0.7760122066424747,0.9361966550938849,0.02736243115659759,0.009217151546947865,0.05449120696097116,0.815236601775266,0.6943626955251512,0.9106284152421034,0.16852594171997162,0.8314740582800281,0.36221640220955625,0.38521466082387185,0.2955609952665256,0.4245491007697912,0.15272651610469307,0.5448444200079027,0.36732584286563263,0.38511333867428477,0.3040017547433764,0.42905647469794805,0.4054677654943013,0.4121853129128664,0.35504810273616205,0.4568794473899357,0.414539627772791,0.41425943773249735,0.4104777395502971,0.4181890206361675,0.08912562805948795,0.6561223803162495,9997.20874150642,2285.1115037934314,55216.68524773773,0.9,UB&PB,66769
0,0.0,0.0,0.0,0.0,0.0,0.0,0.0,0.0,0.0,0.0,0.0,0.0,0.0,0.0,0.0,0.0,0.0,0.0,0.0,0.0,0.0,0.0,0.0,0.0,0.0,0.0,0.0,0.0,0.0,0.0,0.0,0.0,0.0,0.0,0.0,0.95,UB&PB,66769
2500,1.1703119998820306,0.7800838150900894,0.6725269786730996,0.8883924894664047,0.028362659862798706,0.009952971550359997,0.055061504143244955,0.7742250525043615,0.6334995445235442,0.8843123037217446,0.1624150675195451,0.8375849324804553,0.390448627620469,0.4060586960733594,0.34616864486753046,0.436988153821844,0.20272985596495283,0.5505321907855231,0.39652220920005216,0.4061767376360235,0.3536225939370172,0.4438009171647552,0.41392935601962066,0.41875651282553344,0.3704960262587346,0.45889076007304985,0.42046895095952297,0.42015619486913536,0.41606463672640503,0.42441833423604924,0.4828311754416107,0.897557014487585,6101.260130166281,1651.8529632524928,30461.154519818487,0.95,UB&PB,66769
0,0.0,0.0,0.0,0.0,0.0,0.0,0.0,0.0,0.0,0.0,0.0,0.0,0.0,0.0,0.0,0.0,0.0,0.0,0.0,0.0,0.0,0.0,0.0,0.0,0.0,0.0,0.0,0.0,0.0,0.0,0.0,0.0,0.0,0.0,0.0,0.05,UB&PB,98331
2500,0.91910461543431,0.7275623148296424,0.5301744089961058,0.8579619249120869,0.8409330705737699,0.7310282241549418,0.9247022068560228,0.9039853507393988,0.8198739919541685,0.9583616455503049,0.9516396588486155,0.04836034115138592,0.08399540879432778,0.018975846526740333,0.003423269567904279,0.10618623793471502,0.00011705455976482562,0.38760502945284536,0.08806780263623042,0.0216613474224519,0.003924493613274171,0.11519584722903649,0.15106490904984085,0.10051409993412191,0.0345389633241493,0.23227839435576295,0.4294488080271609,0.4291523148049532,0.42415631203885623,0.4343505212563178,0.06266170445131412,0.4650961237339044,33707.633525311656,17575.018083542986,64399.9061819883,0.05,UB&PB,98331
0,0.0,0.0,0.0,0.0,0.0,0.0,0.0,0.0,0.0,0.0,0.0,0.0,0.0,0.0,0.0,0.0,0.0,0.0,0.0,0.0,0.0,0.0,0.0,0.0,0.0,0.0,0.0,0.0,0.0,0.0,0.0,0.0,0.0,0.0,0.0,0.1,UB&PB,98331
2500,0.9288882200441656,0.4334019944699133,0.25240232781501576,0.6405022048861976,0.6935420497111912,0.5894515144569734,0.7927947876369216,0.8690434886752844,0.7704789378387054,0.939343486904906,0.9578002842928218,0.04219971570717845,0.0848650876136034,0.03014386192825174,0.007141765390359195,0.11521339119671223,0.0005588642561421193,0.34895058531660206,0.09733108951896838,0.04338230511455596,0.01145679227860949,0.13909170485870612,0.13971342352339486,0.10093899432487126,0.051374362857031806,0.19543025066493563,0.41264697252562466,0.4120196386513211,0.40125163707598194,0.4232708372020893,0.10150482026459381,1.3714241571695998,6129.718251996345,3770.208674561771,10331.892474601022,0.1,UB&PB,98331
0,0.0,0.0,0.0,0.0,0.0,0.0,0.0,0.0,0.0,0.0,0.0,0.0,0.0,0.0,0.0,0.0,0.0,0.0,0.0,0.0,0.0,0.0,0.0,0.0,0.0,0.0,0.0,0.0,0.0,0.0,0.0,0.0,0.0,0.0,0.0,0.15,UB&PB,98331
2500,0.9472409278129227,0.4812326861204595,0.3701251028181612,0.601849696430513,0.8667367363068523,0.7165246518844638,0.9441689993806566,0.879579602525417,0.8031209231162382,0.9424309225785485,0.9615934612651037,0.03840653873489695,0.08066936464970917,0.034145974168678594,0.007572343833834089,0.1102659787044932,0.0005204369706007662,0.3176373499066411,0.09107191053590262,0.04536082377511975,0.011434806703698428,0.12956526438261684,0.12648362707035488,0.09859168986140225,0.048962292250467776,0.17163690787838562,0.4186061005149318,0.41825348166952414,0.41049072647462975,0.42627950168441175,0.05114214762671102,1.1353890293611661,7548.888129272993,5167.2067840877,11363.25343169718,0.15,UB&PB,98331
0,0.0,0.0,0.0,0.0,0.0,0.0,0.0,0.0,0.0,0.0,0.0,0.0,0.0,0.0,0.0,0.0,0.0,0.0,0.0,0.0,0.0,0.0,0.0,0.0,0.0,0.0,0.0,0.0,0.0,0.0,0.0,0.0,0.0,0.0,0.0,0.2,UB&PB,98331
2500,0.9597611553313882,0.42412336640345855,0.2463642116571039,0.601021961121566,0.24106417210136272,0.15856923827279149,0.3430092889798772,0.8851231149491204,0.8027671049387677,0.9435106190109563,0.9498343994314148,0.05016560056858562,0.1623406187456377,0.12022113560866976,0.04898140453230199,0.24763904852779917,0.011233998049457143,0.4333131834215096,0.1930387638969813,0.16386618873840797,0.07430666749624121,0.291642486594538,0.24555468446631237,0.22657616623842228,0.14530149825668506,0.33807052870210774,0.4250529994389155,0.42453913612734057,0.4138121318517581,0.43579371606623357,0.006970409958146705,0.7750768823834223,2177.7396940171784,1342.557417181949,3914.466234266735,0.2,UB&PB,98331
0,0.0,0.0,0.0,0.0,0.0,0.0,0.0,0.0,0.0,0.0,0.0,0.0,0.0,0.0,0.0,0.0,0.0,0.0,0.0,0.0,0.0,0.0,0.0,0.0,0.0,0.0,0.0,0.0,0.0,0.0,0.0,0.0,0.0,0.0,0.0,0.25,UB&PB,98331
2500,0.954200955793235,0.7128230040252049,0.5708664599024736,0.8271718535179734,0.16522056015766065,0.10316022217502309,0.2535998991910208,0.8171657438534523,0.7197641127088972,0.9031865498303544,0.9358130774697938,0.0641869225302062,0.1549686393397771,0.10055344083177016,0.03342730402748619,0.24569959779623193,0.006330416200805657,0.4491914115232921,0.16734697981327332,0.11934309977716077,0.043517039350852604,0.26333560320811805,0.2579688995750994,0.24381282391434547,0.1340120794051274,0.3808458748089775,0.41632246343972545,0.41593706930785607,0.4103370382510166,0.42178994359389593,0.037951541126119405,0.3038363078593325,18396.06341067552,7868.757850640542,46822.37682074088,0.25,UB&PB,98331
0,0.0,0.0,0.0,0.0,0.0,0.0,0.0,0.0,0.0,0.0,0.0,0.0,0.0,0.0,0.0,0.0,0.0,0.0,0.0,0.0,0.0,0.0,0.0,0.0,0.0,0.0,0.0,0.0,0.0,0.0,0.0,0.0,0.0,0.0,0.0,0.3,UB&PB,98331
2500,0.9798182591307253,0.4257973495841452,0.2749871363548745,0.5839659381336603,0.16049218083924782,0.10375311694899926,0.23486691197842546,0.8553775045613264,0.7708498074742262,0.9276642640524969,0.945212508884151,0.05478749111584926,0.1928269125909442,0.16490119299207884,0.0770513415817638,0.29074300403223635,0.021558076166239688,0.44198569527725334,0.2259287992433925,0.20980810961232643,0.11058952740891058,0.3320259441850137,0.2773992841467759,0.2744991266504025,0.18378894969240905,0.3679277923278739,0.4130870154499255,0.4125873695429764,0.40222260929870673,0.42331883379733215,0.7491826727962841,1.1361572729379,1816.0737805288356,1106.1488123105917,3536.4960171808475,0.3,UB&PB,98331
0,0.0,0.0,0.0,0.0,0.0,0.0,0.0,0.0,0.0,0.0,0.0,0.0,0.0,0.0,0.0,0.0,0.0,0.0,0.0,0.0,0.0,0.0,0.0,0.0,0.0,0.0,0.0,0.0,0.0,0.0,0.0,0.0,0.0,0.0,0.0,0.35,UB&PB,98331
2500,0.9716544088908606,0.7199497113574761,0.547476838497615,0.8581629130803603,0.10199096166353103,0.052123993915909966,0.1692393708229383,0.8597220658613631,0.7764594681900825,0.926043216281063,0.9279950248756225,0.07200497512437823,0.1722355680527593,0.12795119521617757,0.04241582555090688,0.2771861261490735,0.009203769273702096,0.4528639326606929,0.1832512485442102,0.14508020658302526,0.05182360481873297,0.2947261423727027,0.27943338450131616,0.2816505918472585,0.15550918232337954,0.40340912305593063,0.4076324819344518,0.40731151137412736,0.40234608505033814,0.4124555773855384,0.13365321070247863,0.528946588852803,9160.206528978568,3634.4215230202444,27184.76131078373,0.35,UB&PB,98331
0,0.0,0.0,0.0,0.0,0.0,0.0,0.0,0.0,0.0,0.0,0.0,0.0,0.0,0.0,0.0,0.0,0.0,0.0,0.0,0.0,0.0,0.0,0.0,0.0,0.0,0.0,0.0,0.0,0.0,0.0,0.0,0.0,0.0,0.0,0.0,0.4,UB&PB,98331
2500,0.9797972139412319,0.8039728944849633,0.694967842319139,0.900838732271245,0.06309051328780173,0.02730630466388097,0.11619813336730102,0.7878788786364943,0.6842478479800249,0.8818708281441516,0.9165252309879189,0.0834747690120824,0.18818248240307192,0.15030399771892886,0.04757677963380449,0.30853348826641114,0.008824793373239036,0.4677162666614676,0.1959425825736973,0.1629413755993093,0.05467657786862926,0.3201220397171253,0.30212247231961464,0.31718289159840296,0.17197519544343254,0.4301325834586373,0.4094221429790273,0.4091425308113071,0.4050877570679895,0.4133310976326411,0.2682900577486696,0.47911570709961887,13477.87855441002,4659.885408016787,46660.612909147676,0.4,UB&PB,98331
0,0.0,0.0,0.0,0.0,0.0,0.0,0.0,0.0,0.0,0.0,0.0,0.0,0.0,0.0,0.0,0.0,0.0,0.0,0.0,0.0,0.0,0.0,0.0,0.0,0.0,0.0,0.0,0.0,0.0,0.0,0.0,0.0,0.0,0.0,0.0,0.45,UB&PB,98331
2500,0.9974059663731678,0.7428532756235805,0.6335343733132887,0.8487190631488085,0.052385394009606547,0.022303938070326854,0.09395471792226685,0.8127723210581026,0.6861172523054325,0.9074335248221096,0.8997981520966595,0.10020184790334029,0.20963181541643972,0.1840308491617712,0.07074507014756898,0.33963957441763054,0.014787351287623249,0.4714593900578632,0.2215154287814871,0.19947390453473743,0.08451859712525571,0.3525463830777019,0.320732566440598,0.3445371977101405,0.20743365029809196,0.4337619367134478,0.4121537765312087,0.4117799440245012,0.40740957085922763,0.4163911295358969,0.5566074587779636,0.8487514462221126,10015.139405685282,3459.3258961315373,36162.66917317205,0.45,UB&PB,98331
0,0.0,0.0,0.0,0.0,0.0,0.0,0.0,0.0,0.0,0.0,0.0,0.0,0.0,0.0,0.0,0.0,0.0,0.0,0.0,0.0,0.0,0.0,0.0,0.0,0.0,0.0,0.0,0.0,0.0,0.0,0.0,0.0,0.0,0.0,0.0,0.5,UB&PB,98331
2500,1.0108540341794656,0.8074402792214839,0.6792966423174968,0.9122282082267967,0.04109811014121396,0.015834150008204068,0.07842351778845046,0.7073748664482409,0.5784579345957538,0.8267370850750534,0.8780746268656717,0.1219253731343284,0.23165730065132756,0.21457836801837196,0.09041590294374674,0.3708939084704813,0.01999276193217404,0.4866353630293946,0.24178918377560654,0.22724656341532723,0.10366242473182984,0.3800205026814524,0.34185433807289467,0.37041728003674407,0.23202639892010518,0.44908592808883663,0.42031580959673814,0.4200755289248584,0.4159508882288616,0.42435587516210627,0.1292681089063656,0.6143502851551819,9507.254467340983,3179.988439524074,37359.638931609166,0.5,UB&PB,98331
0,0.0,0.0,0.0,0.0,0.0,0.0,0.0,0.0,0.0,0.0,0.0,0.0,0.0,0.0,0.0,0.0,0.0,0.0,0.0,0.0,0.0,0.0,0.0,0.0,0.0,0.0,0.0,0.0,0.0,0.0,0.0,0.0,0.0,0.0,0.0,0.55,UB&PB,98331
2500,1.0225788885003058,0.8442124086191449,0.7409425234580883,0.9224804320714144,0.03509599353049317,0.013133005366338765,0.0676451767130242,0.7133007928781765,0.5928567266884657,0.8167052448751535,0.8500262970859991,0.14997370291400194,0.2408107420008901,0.225576440490829,0.09960750785592648,0.3832902917170622,0.024956995953807314,0.492179233534232,0.24950535795380474,0.2359848520372608,0.11211838501831588,0.3893880645649289,0.3472761604535352,0.3768387038541968,0.23933006006159518,0.45283546790541584,0.41711197623947494,0.41687812894296955,0.4129488014834001,0.4209291511213162,0.21811086684128728,0.7002972809053759,12247.8624544499,3743.988695982047,53889.85112862688,0.55,UB&PB,98331
0,0.0,0.0,0.0,0.0,0.0,0.0,0.0,0.0,0.0,0.0,0.0,0.0,0.0,0.0,0.0,0.0,0.0,0.0,0.0,0.0,0.0,0.0,0.0,0.0,0.0,0.0,0.0,0.0,0.0,0.0,0.0,0.0,0.0,0.0,0.0,0.6,UB&PB,98331
2500,1.0431117791126616,0.85202877651377,0.7540047737983628,0.9301486112431143,0.03460216831254055,0.012720113945663,0.06815158269084479,0.7960286980431623,0.6805925491601685,0.8838289481417789,0.8105024875621877,0.1894975124378111,0.2564791004832272,0.23976677609895145,0.1160920339662235,0.40523149675854025,0.02828937973972629,0.5092971408562251,0.264616670384715,0.2495829093346258,0.12791111159613547,0.4093248763537509,0.36152889171474356,0.3901537210391047,0.25616035810708343,0.4655789493361961,0.42788587525582555,0.42764279314543424,0.42387933257784927,0.43152633522556194,0.10318264953125819,0.43817012785511383,12822.368104766852,3865.1014029726157,56707.7054552601,0.6,UB&PB,98331
0,0.0,0.0,0.0,0.0,0.0,0.0,0.0,0.0,0.0,0.0,0.0,0.0,0.0,0.0,0.0,0.0,0.0,0.0,0.0,0.0,0.0,0.0,0.0,0.0,0.0,0.0,0.0,0.0,0.0,0.0,0.0,0.0,0.0,0.0,0.0,0.65,UB&PB,98331
2500,1.0581142007536397,0.8446109486893779,0.7531107430041528,0.9263460726504682,0.028834829344618923,0.010065218689888373,0.05691552038111909,0.6528159157003897,0.5325416948260261,0.7652264670910603,0.671213219616205,0.32878678038379555,0.2843909327532689,0.28149157710625006,0.16026344035718654,0.41528304029979834,0.044185193490488966,0.5207811699346961,0.2930688293413606,0.29213052507242454,0.17418942332618192,0.4180409055461399,0.3788761080394445,0.4051206092055491,0.2923778701939701,0.4667433488827062,0.42284590909693837,0.42255017835552344,0.4187445477631546,0.42650054702486784,0.11853493132379678,0.47817589502455593,9956.847954565834,2882.626528720223,47534.383789615546,0.65,UB&PB,98331
0,0.0,0.0,0.0,0.0,0.0,0.0,0.0,0.0,0.0,0.0,0.0,0.0,0.0,0.0,0.0,0.0,0.0,0.0,0.0,0.0,0.0,0.0,0.0,0.0,0.0,0.0,0.0,0.0,0.0,0.0,0.0,0.0,0.0,0.0,0.0,0.7,UB&PB,98331
2500,1.0753189721692018,0.8212348853962769,0.7273005202273201,0.8968716717389426,0.028775873554142305,0.009988130995440677,0.05647218194913733,0.6849013070340848,0.5359704470952054,0.8075494003535916,0.4997114427860691,0.5002885572139298,0.3025295629028934,0.3073152759692059,0.19419515652204028,0.41555473951229793,0.06527144752924549,0.5216179070701474,0.311486384421383,0.3190132001836147,0.207065488722762,0.41847587524319424,0.38652858047633126,0.40632796972193136,0.3188692894841697,0.457529542717089,0.4172827595502702,0.41701414944911525,0.4130909744945346,0.42106604495633604,0.49876388240174213,1.0208298049515103,8948.862443209468,2440.0879708302114,44474.25834427362,0.7,UB&PB,98331
0,0.0,0.0,0.0,0.0,0.0,0.0,0.0,0.0,0.0,0.0,0.0,0.0,0.0,0.0,0.0,0.0,0.0,0.0,0.0,0.0,0.0,0.0,0.0,0.0,0.0,0.0,0.0,0.0,0.0,0.0,0.0,0.0,0.0,0.0,0.0,0.75,UB&PB,98331
2500,1.085448208722118,0.8838716548195809,0.790112431429164,0.9451457085600262,0.02729779399242767,0.009234153915910606,0.05419222662347717,0.8055507776895572,0.6755456475019392,0.9013434324298071,0.44572778962331266,0.5542722103766878,0.30397663794105045,0.3150228052608045,0.18929556842445558,0.4151674591658664,0.0633333869843296,0.5297962609576534,0.31057197377010065,0.32400185226234474,0.1988033080679475,0.41708330580015324,0.38627787924941,0.4047765100481493,0.31253309870092977,0.4615138326927817,0.41426728290634207,0.4139756695290622,0.4102692566025048,0.4177909840027564,0.22948970876403976,0.5585928363428716,11761.362419927733,2954.953871831655,61504.99204406077,0.75,UB&PB,98331
0,0.0,0.0,0.0,0.0,0.0,0.0,0.0,0.0,0.0,0.0,0.0,0.0,0.0,0.0,0.0,0.0,0.0,0.0,0.0,0.0,0.0,0.0,0.0,0.0,0.0,0.0,0.0,0.0,0.0,0.0,0.0,0.0,0.0,0.0,0.0,0.8,UB&PB,98331
2500,1.1161113140602037,0.8565454013890269,0.7706249291306012,0.9274341458097993,0.02699497560115894,0.00915661169540659,0.053268238251738244,0.7106045437763799,0.5586808200265512,0.835717148654605,0.30026936744847205,0.6997306325515273,0.3383517185644905,0.3626111154408459,0.2435173056768591,0.4254394657814854,0.10694296091538166,0.5422187743517086,0.34516099811223716,0.36792533758523693,0.25305245441222196,0.42870899908683247,0.40412575546073565,0.41625352575495317,0.34845915237036607,0.4631179460360456,0.42065752580496923,0.4203606947782814,0.4166505229268542,0.4242441910247521,0.23960885952130423,0.7152110760082928,9687.938821796708,2371.185181285453,51577.693289242554,0.8,UB&PB,98331
0,0.0,0.0,0.0,0.0,0.0,0.0,0.0,0.0,0.0,0.0,0.0,0.0,0.0,0.0,0.0,0.0,0.0,0.0,0.0,0.0,0.0,0.0,0.0,0.0,0.0,0.0,0.0,0.0,0.0,0.0,0.0,0.0,0.0,0.0,0.0,0.85,UB&PB,98331
2500,1.1261444934976033,0.7973863074546016,0.700940411867485,0.8795772993248971,0.02735979266498423,0.009444368075593481,0.05352979119631779,0.6461204654424304,0.5149422254293019,0.7696531576940213,0.24309665955934656,0.7569033404406542,0.3516064176745249,0.37558106304026145,0.27768649091839875,0.4187952536065269,0.1413780516404296,0.5334744314462002,0.35920618873618576,0.37835602279865715,0.28938824997134954,0.42405046959960196,0.4002956996778021,0.4082765327474785,0.3548316805992098,0.4494589195834606,0.4109185038607844,0.41059158547180363,0.4064910601399135,0.41483672265588556,0.450932340723951,0.9420199051129814,6850.167384616687,1808.1555793646228,34954.57594936269,0.85,UB&PB,98331
0,0.0,0.0,0.0,0.0,0.0,0.0,0.0,0.0,0.0,0.0,0.0,0.0,0.0,0.0,0.0,0.0,0.0,0.0,0.0,0.0,0.0,0.0,0.0,0.0,0.0,0.0,0.0,0.0,0.0,0.0,0.0,0.0,0.0,0.0,0.0,0.9,UB&PB,98331
2500,1.1370550047348327,0.8770830010155853,0.7726084010574444,0.9418533740075624,0.028855249338982782,0.010011386606197626,0.056695598610259565,0.8205757006473899,0.7143409491871104,0.9110457152627793,0.2020284292821606,0.7979715707178413,0.355439422610284,0.3810560927388877,0.2839263721335852,0.41941529178336734,0.14451755716079537,0.5392527914407161,0.3604139590602383,0.38146777555143013,0.29243172384937033,0.4234179746925266,0.39906661180217606,0.40627249722389097,0.34423398192812715,0.4538297062524535,0.4094091563588032,0.40910899806560874,0.40529871748551216,0.4130518653797721,0.40689444124576374,0.9907666057187282,9780.438867644003,2310.912315462996,52568.91383099482,0.9,UB&PB,98331
0,0.0,0.0,0.0,0.0,0.0,0.0,0.0,0.0,0.0,0.0,0.0,0.0,0.0,0.0,0.0,0.0,0.0,0.0,0.0,0.0,0.0,0.0,0.0,0.0,0.0,0.0,0.0,0.0,0.0,0.0,0.0,0.0,0.0,0.0,0.0,0.95,UB&PB,98331
2500,1.1543081910555708,0.8418955540644533,0.7501986403877868,0.921067127546063,0.027798848562203292,0.009426205823105108,0.05483378072977119,0.734754791047149,0.6195146741895915,0.8285616225020298,0.15492537313432825,0.8450746268656716,0.3770502695699412,0.39373587413148947,0.33072178236194183,0.4244193213039411,0.1844581631656614,0.542264534858628,0.38170110189653766,0.3929466278590963,0.3375361955953165,0.4290924225235139,0.403424063908843,0.4084356220210695,0.356666470427359,0.4508248290937032,0.4101261961641287,0.4098421066524418,0.4060176746268711,0.41378593553709053,0.6646745053627461,1.0014909719837746,7863.39136659732,1951.378832588237,41237.4573562424,0.95,UB&PB,98331
0,0.0,0.0,0.0,0.0,0.0,0.0,0.0,0.0,0.0,0.0,0.0,0.0,0.0,0.0,0.0,0.0,0.0,0.0,0.0,0.0,0.0,0.0,0.0,0.0,0.0,0.0,0.0,0.0,0.0,0.0,0.0,0.0,0.0,0.0,0.0,0.05,UB&PB,79359
2500,0.9136906339486754,0.6845778702959248,0.5323076824777888,0.8135263545889416,0.8183973966651941,0.7273948059053292,0.8950770938545269,0.8813417474460771,0.8019521376909036,0.942706336139729,0.9610078180525947,0.03899218194740574,0.08117540919986538,0.019849990325728973,0.0027308099792145517,0.10431118161996596,0.00018131377778117432,0.37432465293328276,0.08533487651026966,0.022787658929794664,0.003245982336690075,0.11327704617813289,0.14704081853724085,0.09910435047024578,0.03423010380234602,0.22949075525963303,0.4073519166126591,0.4069791584142462,0.4018643672212098,0.41232099271379474,0.06842791670023456,0.8793463579888151,25304.936535747485,13326.390340081629,48212.50485562657,0.05,UB&PB,79359
0,0.0,0.0,0.0,0.0,0.0,0.0,0.0,0.0,0.0,0.0,0.0,0.0,0.0,0.0,0.0,0.0,0.0,0.0,0.0,0.0,0.0,0.0,0.0,0.0,0.0,0.0,0.0,0.0,0.0,0.0,0.0,0.0,0.0,0.0,0.0,0.1,UB&PB,79359
2500,0.9316896793066086,0.48495255239683854,0.3173942052982039,0.6512769553311145,0.8383166405017763,0.7407036481327977,0.914685822879377,0.8426491420293254,0.7640703971484558,0.9102216770822775,0.9610270078180521,0.038972992181947365,0.07316972875691738,0.022797169470719924,0.00479152548248796,0.09274185515545612,0.0007780753203498009,0.3183714136125192,0.08349300869507523,0.03262663623284982,0.007631486793850364,0.11267974281208784,0.11866021949250317,0.08256318183255754,0.03842910429840461,0.1620635230310532,0.42005956579588616,0.41974975349240135,0.41087241942587144,0.42893027829896585,0.06247395411796105,0.403904890346117,8372.313789890928,5462.22763301572,13188.045550738014,0.1,UB&PB,79359
0,0.0,0.0,0.0,0.0,0.0,0.0,0.0,0.0,0.0,0.0,0.0,0.0,0.0,0.0,0.0,0.0,0.0,0.0,0.0,0.0,0.0,0.0,0.0,0.0,0.0,0.0,0.0,0.0,0.0,0.0,0.0,0.0,0.0,0.0,0.0,0.15,UB&PB,79359
2500,0.9481897925637871,0.29070805739218597,0.1681517015966223,0.45572395214065076,0.34050307578645606,0.24788261738791878,0.44584648647393266,0.8925435091377254,0.815021589868141,0.9504400893894207,0.9537846481876341,0.04621535181236681,0.14234242393554175,0.09982919644386681,0.040879238878947045,0.2113581322303859,0.010013176326643253,0.4027101941306993,0.1786037682010349,0.14801183109172344,0.06782924917846642,0.2635490465450634,0.20880798071355913,0.18493556290431057,0.13059678682949022,0.26780757715088493,0.4210272894323948,0.4202313145930575,0.40135838511644084,0.43983146133748124,0.06184330489072195,0.7117057882495041,2169.871717293844,1391.28057275423,3620.099583336914,0.15,UB&PB,79359
0,0.0,0.0,0.0,0.0,0.0,0.0,0.0,0.0,0.0,0.0,0.0,0.0,0.0,0.0,0.0,0.0,0.0,0.0,0.0,0.0,0.0,0.0,0.0,0.0,0.0,0.0,0.0,0.0,0.0,0.0,0.0,0.0,0.0,0.0,0.0,0.2,UB&PB,79359
2500,0.9519400123740199,0.718559338995856,0.5882720265144233,0.8241352102552675,0.6210758958504842,0.4424408670293622,0.7343536496582819,0.8761591448602132,0.7856992356043343,0.9364585967137224,0.957994314143568,0.04200568585643215,0.10200024561862471,0.045689706524524434,0.012386484047467063,0.14612445693703954,0.0023587512223066974,0.38438869248647617,0.11015113593374341,0.05608731763024452,0.017510434843278973,0.15921765845730632,0.16852876709283382,0.13509332389722223,0.06984184173720172,0.23957987647343482,0.4171116336938323,0.41673345183038135,0.411178757017155,0.42255354326768435,0.05625004474728025,0.27055721675263217,51219.830276753986,26719.938858611764,96417.63035181497,0.2,UB&PB,79359
0,0.0,0.0,0.0,0.0,0.0,0.0,0.0,0.0,0.0,0.0,0.0,0.0,0.0,0.0,0.0,0.0,0.0,0.0,0.0,0.0,0.0,0.0,0.0,0.0,0.0,0.0,0.0,0.0,0.0,0.0,0.0,0.0,0.0,0.0,0.0,0.25,UB&PB,79359
2500,0.9595270587494052,0.7443983109119375,0.6019821586737877,0.859809436326862,0.6655926029151047,0.5186598916848298,0.7844384814497977,0.8588225943046844,0.7743760049227811,0.9284809602112291,0.9592480454868522,0.04075195451314858,0.09102622938293299,0.036571448078851314,0.006967265107825336,0.13042759779069663,0.00030483651256003083,0.3576205604948401,0.09413959116396338,0.03990799678594887,0.008009961563037658,0.13656999406392517,0.15168456009885392,0.12231908720998147,0.05892609113815962,0.21581698424370782,0.4144513733085026,0.41406786388174166,0.4092892532028326,0.4190178700508143,0.23886692164244508,0.7753774842738266,31696.856724883342,18492.433503526616,54931.94252071337,0.25,UB&PB,79359
0,0.0,0.0,0.0,0.0,0.0,0.0,0.0,0.0,0.0,0.0,0.0,0.0,0.0,0.0,0.0,0.0,0.0,0.0,0.0,0.0,0.0,0.0,0.0,0.0,0.0,0.0,0.0,0.0,0.0,0.0,0.0,0.0,0.0,0.0,0.0,0.3,UB&PB,79359
2500,0.9725303050642287,0.6045075447939681,0.42924422525032263,0.8193940314410362,0.1119290877115997,0.06371924475041815,0.17330006837211073,0.8601932384715885,0.7718022874134154,0.9272026232931306,0.9373710021321967,0.06262899786780379,0.185535211260983,0.14742827739651276,0.05353172702465399,0.29258788897345234,0.010760523384730382,0.4652361270172864,0.20508321611216596,0.17644458218201436,0.07180845304212834,0.3197939237636214,0.29066246425000763,0.29254649026973706,0.16961014714269093,0.4105868756194367,0.4237048910336958,0.42313214313373204,0.415730951856557,0.43093477561301474,0.01824494684099335,0.3368517272589529,5706.191908540345,2321.057741195402,17445.143883696677,0.3,UB&PB,79359
0,0.0,0.0,0.0,0.0,0.0,0.0,0.0,0.0,0.0,0.0,0.0,0.0,0.0,0.0,0.0,0.0,0.0,0.0,0.0,0.0,0.0,0.0,0.0,0.0,0.0,0.0,0.0,0.0,0.0,0.0,0.0,0.0,0.0,0.0,0.0,0.35,UB&PB,79359
2500,0.9802799610817772,0.6928035655758598,0.5421881361272884,0.8224033838305772,0.06676999952926246,0.03175288469493229,0.11393815656884368,0.8019316930861229,0.6933341001308929,0.894770432056034,0.9118770433546555,0.08812295664534481,0.19827045064713056,0.1659625403089988,0.061946624023301894,0.314872051039586,0.012834420323602947,0.4714276436516441,0.2126585257498324,0.1870643448443453,0.07684284618912396,0.33546994170502137,0.31370280136390066,0.33494481598849857,0.19059792528374908,0.4346919541935305,0.4213266616605032,0.42102859769919304,0.4160939747343873,0.4261390709972296,0.5787045675324963,0.7748829757445624,6425.567560677766,2489.0215087548913,20666.134095426503,0.35,UB&PB,79359
0,0.0,0.0,0.0,0.0,0.0,0.0,0.0,0.0,0.0,0.0,0.0,0.0,0.0,0.0,0.0,0.0,0.0,0.0,0.0,0.0,0.0,0.0,0.0,0.0,0.0,0.0,0.0,0.0,0.0,0.0,0.0,0.0,0.0,0.0,0.0,0.4,UB&PB,79359
2500,0.9943761931447833,0.6818445309195652,0.535611732702443,0.8482914310795013,0.06221580232945277,0.028507127616186588,0.1105544620701593,0.850441025091688,0.7589708245214227,0.9274899362211328,0.8879687277896232,0.11203127221037672,0.20741331885576283,0.17931548554711438,0.06942583311893348,0.33223501321538823,0.015691536052067842,0.4762784051990221,0.2221857677621886,0.19946624532100443,0.08528277398719127,0.35154557293618655,0.3211117672227091,0.3442347130584299,0.20404534621004827,0.43677073360491847,0.4217706768796253,0.4214759032290741,0.4165610610528293,0.42654548837282685,0.07570117693283165,0.5002409146938656,6711.107424310754,2485.4943962587954,22875.104388884964,0.4,UB&PB,79359
0,0.0,0.0,0.0,0.0,0.0,0.0,0.0,0.0,0.0,0.0,0.0,0.0,0.0,0.0,0.0,0.0,0.0,0.0,0.0,0.0,0.0,0.0,0.0,0.0,0.0,0.0,0.0,0.0,0.0,0.0,0.0,0.0,0.0,0.0,0.0,0.45,UB&PB,79359
2500,0.994066834454523,0.8202721842296273,0.7012324893261183,0.9062834801299311,0.052147374329316265,0.021646357731733297,0.09802964784611348,0.7879625344671942,0.653758735671235,0.8956909899963699,0.9044896943852163,0.09551030561478305,0.20621463164602227,0.1758805995378993,0.06327247032103542,0.3385402733882248,0.012130467419694839,0.4782144803832813,0.21502951743280901,0.18832767270270903,0.07323859738604416,0.34904079601676263,0.3198329586757904,0.34032987841292284,0.1969543245551009,0.44081403897872296,0.4164796775732647,0.41617274872685106,0.4121244507812176,0.4203998707725814,0.26133777691598015,0.7350751343007835,13498.587383517455,4463.613239480979,49828.099333836,0.45,UB&PB,79359
0,0.0,0.0,0.0,0.0,0.0,0.0,0.0,0.0,0.0,0.0,0.0,0.0,0.0,0.0,0.0,0.0,0.0,0.0,0.0,0.0,0.0,0.0,0.0,0.0,0.0,0.0,0.0,0.0,0.0,0.0,0.0,0.0,0.0,0.0,0.0,0.5,UB&PB,79359
2500,1.000834435725912,0.8411291029973549,0.7359125207885598,0.9266857816859626,0.04270027456179395,0.017060743002056948,0.07960057439965498,0.7534944591186705,0.6639070977898044,0.8480128629432631,0.8693276474768998,0.130672352523099,0.2129376866406611,0.1893105984622567,0.06861163759038809,0.3514468324041111,0.012992715692075333,0.47716185503919123,0.22055180331760332,0.1993791541840801,0.07785752686983918,0.35929821875082135,0.3234165524266236,0.3495715964201279,0.20329368553548133,0.43891521705099423,0.40681586556741334,0.40650370141545233,0.40259945602623304,0.410559214077616,0.23732237300417622,0.7581100275190938,13391.706123993665,4190.635063477452,55295.049241927045,0.5,UB&PB,79359
0,0.0,0.0,0.0,0.0,0.0,0.0,0.0,0.0,0.0,0.0,0.0,0.0,0.0,0.0,0.0,0.0,0.0,0.0,0.0,0.0,0.0,0.0,0.0,0.0,0.0,0.0,0.0,0.0,0.0,0.0,0.0,0.0,0.0,0.0,0.0,0.55,UB&PB,79359
2500,1.027008071873839,0.8285858531163138,0.7188575308535547,0.9122031421537731,0.037143800191254184,0.014184983400947945,0.07091599618284442,0.7418184141318115,0.6261545268533004,0.8358043450197057,0.8198564321250893,0.18014356787491098,0.2442098990511187,0.22931827404845112,0.10428113156844551,0.388116501728136,0.024156627653683326,0.4950521669224318,0.2533288640578361,0.23995797756274276,0.11737106680128462,0.3942315194293867,0.3515458632657984,0.3809231363519672,0.24825280836465924,0.45416144926329305,0.4199123593219743,0.4196153859988978,0.4157108046065071,0.42365517865897917,0.5517114749441174,1.0450519902670694,10272.54424585246,3253.568804984184,43516.87060708424,0.55,UB&PB,79359
0,0.0,0.0,0.0,0.0,0.0,0.0,0.0,0.0,0.0,0.0,0.0,0.0,0.0,0.0,0.0,0.0,0.0,0.0,0.0,0.0,0.0,0.0,0.0,0.0,0.0,0.0,0.0,0.0,0.0,0.0,0.0,0.0,0.0,0.0,0.0,0.6,UB&PB,79359
2500,1.037049917272986,0.887372997388224,0.8121129862608056,0.9469292531992526,0.029948499047036274,0.010579266051669428,0.058666247043222194,0.6481967300934048,0.5209715067661587,0.7531719909849355,0.7195046197583519,0.28049538024164855,0.26392612356276957,0.2568324852846237,0.1290350586518771,0.40151517192847697,0.03153430551051247,0.5117738007033934,0.27106087068135676,0.2646858714868724,0.14033621522274303,0.4049188302479048,0.3652421021204215,0.39354251822318936,0.2637390275158543,0.46336456448935986,0.417919079371777,0.41761769426829093,0.41394925578809527,0.42141336884944003,0.3151857179004834,0.6011433955786685,14123.586599348066,3883.3547774368744,69332.53803087038,0.6,UB&PB,79359
0,0.0,0.0,0.0,0.0,0.0,0.0,0.0,0.0,0.0,0.0,0.0,0.0,0.0,0.0,0.0,0.0,0.0,0.0,0.0,0.0,0.0,0.0,0.0,0.0,0.0,0.0,0.0,0.0,0.0,0.0,0.0,0.0,0.0,0.0,0.0,0.65,UB&PB,79359
2500,1.0488457126848238,0.8908922279288853,0.8158335830766039,0.9484932664948532,0.03004644229262814,0.010750442990011167,0.0585925578907973,0.7785670056949607,0.6547595822475538,0.8747963782801449,0.6749566453447049,0.3250433546552954,0.26327119762194906,0.25242361673897634,0.12995832730365509,0.4024627116889018,0.03145274964510325,0.509211771860793,0.2698896149417584,0.2614103073207683,0.13986408930218655,0.40449205800558724,0.36239274156605644,0.3882513729651191,0.2676001098650021,0.45652838454417327,0.41245849604618434,0.4120958838403581,0.4084134802919173,0.415908373204965,0.3446521106244145,0.8966321475497087,14779.871765599013,4019.1982299014953,72531.70936671807,0.65,UB&PB,79359
0,0.0,0.0,0.0,0.0,0.0,0.0,0.0,0.0,0.0,0.0,0.0,0.0,0.0,0.0,0.0,0.0,0.0,0.0,0.0,0.0,0.0,0.0,0.0,0.0,0.0,0.0,0.0,0.0,0.0,0.0,0.0,0.0,0.0,0.0,0.0,0.7,UB&PB,79359
2500,1.0712238270093186,0.8685469382620464,0.7658075822753226,0.9413214626743366,0.02883713790061865,0.010052928309031704,0.0565175835259677,0.6510842682109085,0.5237990787583295,0.7813554696548437,0.4788336886993598,0.52116631130064,0.299148563628632,0.30244218723837063,0.1883734085635391,0.4145667345069459,0.06276515126209918,0.521959829167667,0.3068054655788578,0.3127389897595294,0.1990213935031931,0.4168666808028059,0.38682738033195574,0.40573936022723606,0.3176154630619364,0.4591132699581839,0.4165981664428343,0.4163100429909085,0.4125011226932254,0.4202345956378145,0.023159360914344056,0.7657005167313072,10588.566243062302,2812.4126327766926,53153.39997225927,0.7,UB&PB,79359
0,0.0,0.0,0.0,0.0,0.0,0.0,0.0,0.0,0.0,0.0,0.0,0.0,0.0,0.0,0.0,0.0,0.0,0.0,0.0,0.0,0.0,0.0,0.0,0.0,0.0,0.0,0.0,0.0,0.0,0.0,0.0,0.0,0.0,0.0,0.0,0.75,UB&PB,79359
2500,1.0912122207313621,0.8590979973187396,0.7770440609543608,0.9256015356004139,0.028358018999812377,0.00977250048193322,0.056253791199072346,0.62430243085675,0.4798237458591098,0.756187602759481,0.2865664534470505,0.7134335465529483,0.3217192334652419,0.3351808291302903,0.2259990876269624,0.4164720402661715,0.0913288746599897,0.5326877848138131,0.3289174500827317,0.3435582251159867,0.2356145672743037,0.41914999811051573,0.3970926789089573,0.4096641407765292,0.34098410856344863,0.4575003749436918,0.41424438132720004,0.4139851065588977,0.4102188472367158,0.4178721680337534,0.21609744397217573,0.8508110878566403,9699.043457540207,2386.2672187353373,51140.08882319532,0.75,UB&PB,79359
0,0.0,0.0,0.0,0.0,0.0,0.0,0.0,0.0,0.0,0.0,0.0,0.0,0.0,0.0,0.0,0.0,0.0,0.0,0.0,0.0,0.0,0.0,0.0,0.0,0.0,0.0,0.0,0.0,0.0,0.0,0.0,0.0,0.0,0.0,0.0,0.8,UB&PB,79359
2500,1.1110457680340586,0.8653563461382932,0.7751109384861169,0.9337581001884183,0.02694583303519387,0.00909330091162582,0.0539654577299259,0.7040934771403555,0.5535941623668726,0.8489638181289729,0.2659495380241649,0.7340504619758356,0.33576088331035014,0.3602992004453096,0.24144282036492218,0.4230649905320062,0.10125776958850126,0.5415685119731418,0.3425356201697313,0.365942989769061,0.2510940830159562,0.4262024156900573,0.40300048522775084,0.4143674738208517,0.346944327869534,0.46178722704164804,0.4183628843544547,0.41805033867733643,0.4143126907806548,0.4218764691199109,0.14089661589372093,0.7485010475707238,9652.574448149035,2340.3318315073675,51743.79272765024,0.8,UB&PB,79359
0,0.0,0.0,0.0,0.0,0.0,0.0,0.0,0.0,0.0,0.0,0.0,0.0,0.0,0.0,0.0,0.0,0.0,0.0,0.0,0.0,0.0,0.0,0.0,0.0,0.0,0.0,0.0,0.0,0.0,0.0,0.0,0.0,0.0,0.0,0.0,0.85,UB&PB,79359
2500,1.1287198678846675,0.8898162907837892,0.8051949181568396,0.9496676672758163,0.029022423070155914,0.010061406678628532,0.05756707471911193,0.6956760087543303,0.588176164980119,0.8072042447631526,0.16747690120824454,0.8325230987917543,0.35045102007940293,0.37511302512686795,0.26649058343963045,0.42398053714582745,0.13362923458697795,0.5457796838452986,0.35586100623227174,0.3769252261565217,0.27505041872128055,0.4274738635530672,0.40662649532827144,0.41420799870597547,0.3536821349804971,0.4610537301158498,0.41675969607495356,0.41646265242799013,0.41281197984245543,0.4202713618192282,0.12671687010239702,0.6187127179168265,10880.827620719063,2430.7667028319925,60164.53966983666,0.85,UB&PB,79359
0,0.0,0.0,0.0,0.0,0.0,0.0,0.0,0.0,0.0,0.0,0.0,0.0,0.0,0.0,0.0,0.0,0.0,0.0,0.0,0.0,0.0,0.0,0.0,0.0,0.0,0.0,0.0,0.0,0.0,0.0,0.0,0.0,0.0,0.0,0.0,0.9,UB&PB,79359
2500,1.1510085692832854,0.8711445014599364,0.7858477918919884,0.9388589157165744,0.0287246359066442,0.009994741625528684,0.055975563781738805,0.7138225895436189,0.6003562201264405,0.8186299882638677,0.17869154228855752,0.8213084577114429,0.3708599628352624,0.393431382498441,0.3042520464096265,0.4323435359663423,0.16307003788078311,0.5522201361974985,0.37611159793793436,0.3937377027058434,0.3127693457524863,0.43670738523616986,0.4131412963731381,0.4195392151367445,0.3629252590796042,0.46476183157190465,0.4216113093499908,0.4213722737321733,0.41762682179729727,0.4252355813939873,0.5008212195346794,0.9467695643430846,9625.282314181595,2239.614223201552,52646.72915603871,0.9,UB&PB,79359
0,0.0,0.0,0.0,0.0,0.0,0.0,0.0,0.0,0.0,0.0,0.0,0.0,0.0,0.0,0.0,0.0,0.0,0.0,0.0,0.0,0.0,0.0,0.0,0.0,0.0,0.0,0.0,0.0,0.0,0.0,0.0,0.0,0.0,0.0,0.0,0.95,UB&PB,79359
2500,1.1646603923635583,0.8834961951241782,0.7861245100408669,0.9473310678080974,0.029654317634373362,0.010454749601486348,0.05822832345256407,0.7951553607136196,0.6305154350609452,0.904962226977283,0.14402700781805255,0.8559729921819473,0.3874531633708821,0.40471253292481835,0.3356699894761961,0.4394982926851708,0.18751896298243018,0.5599132868442159,0.39169545205739537,0.40355796114474757,0.34230234046317365,0.4438018626673187,0.4181110227631961,0.4230740621013892,0.36722011715767505,0.46954178700145965,0.42463763241116126,0.4244484244826611,0.42069025841724134,0.4283019983609639,0.49192682654800285,0.9281817574840775,9695.307239941818,2220.060704720523,53272.47607473058,0.95,UB&PB,79359
0,0.0,0.0,0.0,0.0,0.0,0.0,0.0,0.0,0.0,0.0,0.0,0.0,0.0,0.0,0.0,0.0,0.0,0.0,0.0,0.0,0.0,0.0,0.0,0.0,0.0,0.0,0.0,0.0,0.0,0.0,0.0,0.0,0.0,0.0,0.0,0.05,UB&PB,79994
2500,0.9177768341088114,0.47670755074638804,0.31092757547180616,0.6358862174489287,0.824679092007272,0.706617989669659,0.915693260357675,0.9121158272598313,0.8468142142549248,0.9604083293960497,0.9593212508884157,0.0406787491115849,0.08468496695584249,0.027235083430130015,0.004917834650854361,0.11169111315943317,0.000631618614356919,0.36489350630866274,0.09474583183307633,0.036591783514284215,0.007513458950819591,0.13206948383497216,0.14301526846074014,0.099312668973052,0.04267843464690646,0.20836370271844548,0.41266607603423217,0.41210176843622937,0.4022770131589911,0.42242915761797667,0.057793633241942845,0.31575585661319333,6339.197990834798,3840.5488144778874,10752.930937205027,0.05,UB&PB,79994
0,0.0,0.0,0.0,0.0,0.0,0.0,0.0,0.0,0.0,0.0,0.0,0.0,0.0,0.0,0.0,0.0,0.0,0.0,0.0,0.0,0.0,0.0,0.0,0.0,0.0,0.0,0.0,0.0,0.0,0.0,0.0,0.0,0.0,0.0,0.0,0.1,UB&PB,79994
2500,0.9291750191353593,0.5435211366152206,0.4041616121597827,0.6805175931326121,0.8750926850040255,0.7641353761639291,0.9403196313945463,0.8696741843527452,0.7778117757790449,0.9341690612767966,0.9571158493248052,0.04288415067519547,0.07356069935472527,0.021754580602801242,0.003699771004379241,0.09257560702845301,0.00032054214095357357,0.32936416777588856,0.08063222982568034,0.028003558302090677,0.005307261803447381,0.10710280841456127,0.12290480426643074,0.08438776194978694,0.03587194439979368,0.17291714754776846,0.4042735016882712,0.4039057667992137,0.39731297867028426,0.41070384657094045,0.04030090855153264,0.25031728623928345,9105.068542850413,5933.243044972565,14449.020485516201,0.1,UB&PB,79994
0,0.0,0.0,0.0,0.0,0.0,0.0,0.0,0.0,0.0,0.0,0.0,0.0,0.0,0.0,0.0,0.0,0.0,0.0,0.0,0.0,0.0,0.0,0.0,0.0,0.0,0.0,0.0,0.0,0.0,0.0,0.0,0.0,0.0,0.0,0.0,0.15,UB&PB,79994
2500,0.9476200157046741,0.3946240571416243,0.25414072391320347,0.553977682537219,0.30198225981728555,0.221950579358615,0.3946047781570808,0.9001636308902359,0.8280079242220456,0.9530776211696329,0.9517526652452025,0.04824733475479746,0.14245192391835043,0.09633405615303962,0.03723641744541445,0.21439681863926371,0.008011316769974472,0.41282339693184467,0.17082416395849342,0.13494637376691587,0.05835955264536185,0.257301588390225,0.22163058800999014,0.19985953734727332,0.12549414622764038,0.30525817213792483,0.426638254178718,0.42601552140127014,0.4137746702731822,0.43877052754074003,0.3071956101910439,2.060476215922132,2775.312975896498,1725.436091311055,4847.379187527729,0.15,UB&PB,79994
0,0.0,0.0,0.0,0.0,0.0,0.0,0.0,0.0,0.0,0.0,0.0,0.0,0.0,0.0,0.0,0.0,0.0,0.0,0.0,0.0,0.0,0.0,0.0,0.0,0.0,0.0,0.0,0.0,0.0,0.0,0.0,0.0,0.0,0.0,0.0,0.2,UB&PB,79994
2500,0.9547216459642313,0.35521565317203474,0.22344086619083506,0.5333132348256328,0.38425798155937535,0.26221287328595017,0.5416010057672976,0.87479019629148,0.7859297890795581,0.9378093108300873,0.9600078180525944,0.03999218194740585,0.12871552589091806,0.0841813729086855,0.03148736096387532,0.1961400258058679,0.005612803748848385,0.3807552090689417,0.1566613858649389,0.12130054040831124,0.05028538179355412,0.23881212455387682,0.19237274303810822,0.16906983276328014,0.1105060197842114,0.25737383679128506,0.4117483835508843,0.4110663420771201,0.39775740213466965,0.4249185795272788,0.09713343367545264,1.5387197560770434,2221.108524873683,1475.8041012654273,3476.8291142862677,0.2,UB&PB,79994
0,0.0,0.0,0.0,0.0,0.0,0.0,0.0,0.0,0.0,0.0,0.0,0.0,0.0,0.0,0.0,0.0,0.0,0.0,0.0,0.0,0.0,0.0,0.0,0.0,0.0,0.0,0.0,0.0,0.0,0.0,0.0,0.0,0.0,0.0,0.0,0.25,UB&PB,79994
2500,0.9567978417100169,0.7567683744359373,0.5835477241393675,0.8874473386417477,0.514238735030468,0.3934269804808661,0.6118085762804165,0.7866403038263067,0.6922967611520445,0.8740152269580063,0.9518820184790342,0.048117981520966635,0.11026079994645163,0.05643276793107054,0.014922057355960685,0.1670131133141449,0.00209313962539496,0.37988287948050775,0.11468826127956806,0.0625277557390463,0.01707930715331994,0.17466045220529558,0.18454231472222432,0.16126791672143775,0.08224651270132538,0.26917304990037794,0.41018595140630704,0.4097746786283604,0.40496433146160393,0.41477696007699966,0.021248281064487638,0.7098763158533166,23910.216395398882,13370.335911230615,46931.09335549795,0.25,UB&PB,79994
0,0.0,0.0,0.0,0.0,0.0,0.0,0.0,0.0,0.0,0.0,0.0,0.0,0.0,0.0,0.0,0.0,0.0,0.0,0.0,0.0,0.0,0.0,0.0,0.0,0.0,0.0,0.0,0.0,0.0,0.0,0.0,0.0,0.0,0.0,0.0,0.3,UB&PB,79994
2500,0.9658877373929268,0.6743358668639796,0.5490819188464591,0.7848034656766433,0.10939312095737615,0.05734592960497677,0.17867328222275097,0.865475384129973,0.7788322107074125,0.9343856781361596,0.9262210376687997,0.07377896233120111,0.16866014602036306,0.1251632030753231,0.03940708749144553,0.2686355067576636,0.0069247198455395145,0.450749304648701,0.18069410141005438,0.14368781394742222,0.049645677082172185,0.28838709414466307,0.27762137219808014,0.2808680818379817,0.15152286232326778,0.40241680963629844,0.4089157394313178,0.4085316471307345,0.4035612671253859,0.4136991633132153,0.06697205118398722,0.44298152923279965,7231.165632556498,2970.8772024340237,20218.4599611679,0.3,UB&PB,79994
0,0.0,0.0,0.0,0.0,0.0,0.0,0.0,0.0,0.0,0.0,0.0,0.0,0.0,0.0,0.0,0.0,0.0,0.0,0.0,0.0,0.0,0.0,0.0,0.0,0.0,0.0,0.0,0.0,0.0,0.0,0.0,0.0,0.0,0.0,0.0,0.35,UB&PB,79994
2500,0.978595690639815,0.8428381952316755,0.7207725156081132,0.9241042912784224,0.09315001259430503,0.047526344212335224,0.15971353636356905,0.8461470529394346,0.7481276937010182,0.9207014369944905,0.9294911158493255,0.0705088841506751,0.1801949882573841,0.12980160696879658,0.04161391583960269,0.2930993772341788,0.008302916428804388,0.47938918988397067,0.18686897249111786,0.14082791003033013,0.04690636433294035,0.3036711570995279,0.2959690759819496,0.29654765817867235,0.1624880892745298,0.43203903532187643,0.42802816337138033,0.42777252778246994,0.42367082668753103,0.4320116177758755,0.1297680166844211,0.40566281806498866,21321.045902949063,7906.804744238391,65497.461761199185,0.35,UB&PB,79994
0,0.0,0.0,0.0,0.0,0.0,0.0,0.0,0.0,0.0,0.0,0.0,0.0,0.0,0.0,0.0,0.0,0.0,0.0,0.0,0.0,0.0,0.0,0.0,0.0,0.0,0.0,0.0,0.0,0.0,0.0,0.0,0.0,0.0,0.0,0.0,0.4,UB&PB,79994
2500,0.9923797434696364,0.6820559845373994,0.5599927831966072,0.8036693002763665,0.059642471997292675,0.026318959733438407,0.10617071656211187,0.7211720293371078,0.6024944170388901,0.8309138892604762,0.9128073916133614,0.08719260838663823,0.21542407973145364,0.19372092452783946,0.08164727981065735,0.33688294802091456,0.018670544430519364,0.47249689600800016,0.23050278990110662,0.2142454985157566,0.09926879698138447,0.3548365072003829,0.32614956291898306,0.35033860284371887,0.21443082035845562,0.4367924352975693,0.4197472077952204,0.4194517817115233,0.41470834921256766,0.42438118709385186,0.06345273332018646,0.5317376846624892,5668.31559919629,2228.3620154660375,18247.05613242497,0.4,UB&PB,79994
0,0.0,0.0,0.0,0.0,0.0,0.0,0.0,0.0,0.0,0.0,0.0,0.0,0.0,0.0,0.0,0.0,0.0,0.0,0.0,0.0,0.0,0.0,0.0,0.0,0.0,0.0,0.0,0.0,0.0,0.0,0.0,0.0,0.0,0.0,0.0,0.45,UB&PB,79994
2500,0.9967289393459529,0.8436917647237376,0.7478101227975026,0.9242460929608867,0.05084280817407704,0.020796823530732218,0.09479957074976307,0.8097926476572694,0.6862747363752568,0.899855801671383,0.8985181236673775,0.10148187633262241,0.20859072344481483,0.1775758183843622,0.05858427971169162,0.3448090065410679,0.011476619927832174,0.4907385104860976,0.21602026781696315,0.18844480897020585,0.06621386717029731,0.3546088216143086,0.32546266629644216,0.3472965329685905,0.1952867390280858,0.4521285649423975,0.4236535254120181,0.42340727761046804,0.4195405775012726,0.4274023299054067,0.052440161937111415,0.5105414131107763,15101.833568923312,4881.365218059881,57865.25337622758,0.45,UB&PB,79994
0,0.0,0.0,0.0,0.0,0.0,0.0,0.0,0.0,0.0,0.0,0.0,0.0,0.0,0.0,0.0,0.0,0.0,0.0,0.0,0.0,0.0,0.0,0.0,0.0,0.0,0.0,0.0,0.0,0.0,0.0,0.0,0.0,0.0,0.0,0.0,0.5,UB&PB,79994
2500,1.0075619688373452,0.8388827223452148,0.7235457794389549,0.9262450925072674,0.04311526599335325,0.017210492445253356,0.08031625510834517,0.6549732964528705,0.5612688491120137,0.7523795257170488,0.8879147121535169,0.11208528784648171,0.2259305615421448,0.20850481876223656,0.08619245472789284,0.3591232345506037,0.022299930830856653,0.4793740026071787,0.23425701269601368,0.21910952921973376,0.09705755953699348,0.3675220232038935,0.33284484887905313,0.3586192033455346,0.21972108842679325,0.4438581232487639,0.411518219755401,0.41120028119904517,0.40723762727584384,0.41528958679573785,0.33763056010524883,0.8567372777007576,12673.501740471766,4042.5234476466535,52211.303707618776,0.5,UB&PB,79994
0,0.0,0.0,0.0,0.0,0.0,0.0,0.0,0.0,0.0,0.0,0.0,0.0,0.0,0.0,0.0,0.0,0.0,0.0,0.0,0.0,0.0,0.0,0.0,0.0,0.0,0.0,0.0,0.0,0.0,0.0,0.0,0.0,0.0,0.0,0.0,0.55,UB&PB,79994
2500,1.0168229040265249,0.8508717514916077,0.7578865051760283,0.9198344571991083,0.03510477911112371,0.013091093422182948,0.06849627285535409,0.6524172531491933,0.5079985858155799,0.7795297355939778,0.8250668088130779,0.1749331911869227,0.24330790835976365,0.2319982194167451,0.10889454107965466,0.3793358712436897,0.0252271610834451,0.48574011200226386,0.2520422089508206,0.2426593023190587,0.12198345343056367,0.3853441048938417,0.3463443802514602,0.3748142179070051,0.2449845003944469,0.44649996897678645,0.4101435274296681,0.4098488725491426,0.4059185607445096,0.4139165912148377,0.17197635168019956,0.46379019769657714,12615.812677128823,3780.594058219702,56977.18313864238,0.55,UB&PB,79994
0,0.0,0.0,0.0,0.0,0.0,0.0,0.0,0.0,0.0,0.0,0.0,0.0,0.0,0.0,0.0,0.0,0.0,0.0,0.0,0.0,0.0,0.0,0.0,0.0,0.0,0.0,0.0,0.0,0.0,0.0,0.0,0.0,0.0,0.0,0.0,0.6,UB&PB,79994
2500,1.0413267760824434,0.8591718630029193,0.771906959102862,0.9314691415151402,0.030647580324341568,0.010953242976955527,0.05965958907271023,0.6303791118489066,0.4895128387879409,0.7602916198978349,0.7386105188343998,0.2613894811656007,0.2708516307009263,0.26572935434008166,0.1410379540185852,0.4061390987152788,0.035975949182957684,0.5109608895224852,0.2791678719504979,0.27533295431200794,0.15447308448974523,0.4099571839226683,0.36932970421917904,0.39665060939236924,0.27316197176329393,0.4636417566111148,0.42198705484005844,0.42169493168507594,0.41795738307450064,0.42560346958501993,0.16440602126548837,0.463298239973322,11472.294583420235,3282.5383228956657,55026.483665745094,0.6,UB&PB,79994
0,0.0,0.0,0.0,0.0,0.0,0.0,0.0,0.0,0.0,0.0,0.0,0.0,0.0,0.0,0.0,0.0,0.0,0.0,0.0,0.0,0.0,0.0,0.0,0.0,0.0,0.0,0.0,0.0,0.0,0.0,0.0,0.0,0.0,0.0,0.0,0.65,UB&PB,79994
2500,1.055562577887228,0.8893089236844774,0.8049110846808972,0.9497217685513163,0.028311661210534512,0.00979006829695537,0.0560215429701393,0.6383545799476773,0.4954965820434351,0.8081018858505281,0.5778649609097372,0.4221350390902633,0.28286485905359243,0.2790734791988428,0.16133020335106862,0.40977918642756955,0.04736489814442576,0.5188610784864435,0.2900957023170561,0.28787076056150557,0.17198301602257393,0.41207660421405057,0.3773071393294682,0.40176061079414377,0.2934475445978732,0.4628569436646185,0.416536185905865,0.4162258191978967,0.41253846284710344,0.4200472985715496,0.25356178228569004,0.497984216848051,12782.233414994538,3387.592478548452,64572.27932515369,0.65,UB&PB,79994
0,0.0,0.0,0.0,0.0,0.0,0.0,0.0,0.0,0.0,0.0,0.0,0.0,0.0,0.0,0.0,0.0,0.0,0.0,0.0,0.0,0.0,0.0,0.0,0.0,0.0,0.0,0.0,0.0,0.0,0.0,0.0,0.0,0.0,0.0,0.0,0.7,UB&PB,79994
2500,1.076477502644385,0.8453175658635634,0.7429991389543588,0.9151961624401617,0.02989756080305962,0.010566298575252328,0.05796343125730083,0.6673007358422192,0.5526821873505072,0.7839475817570428,0.5097469793887701,0.4902530206112293,0.30037563622947117,0.30198721462835393,0.18966200923660922,0.416313365818924,0.06503638900849677,0.5240101908571826,0.30876930832715804,0.3134426241831477,0.2013578293045035,0.4189127120822925,0.3861588428676707,0.40584609315153974,0.31340435326285493,0.46156315576197926,0.41838064982516887,0.41812086970477386,0.41429412387114795,0.42206861728251427,0.36787191308276146,0.6508743600979762,9589.232224368148,2678.4757891623203,46685.69417469044,0.7,UB&PB,79994
0,0.0,0.0,0.0,0.0,0.0,0.0,0.0,0.0,0.0,0.0,0.0,0.0,0.0,0.0,0.0,0.0,0.0,0.0,0.0,0.0,0.0,0.0,0.0,0.0,0.0,0.0,0.0,0.0,0.0,0.0,0.0,0.0,0.0,0.0,0.0,0.75,UB&PB,79994
2500,1.0910638524182437,0.8719284230076275,0.787186952875406,0.940415303318994,0.0271621133077614,0.00923614594279996,0.05378576273205271,0.6600986860815548,0.5323368020181203,0.7967110310647639,0.23663041933191176,0.763369580668087,0.3209092689782549,0.3339348064671311,0.22163978679260532,0.417713854502471,0.08628221672134087,0.5380071898044321,0.32798783643979323,0.34293000938074125,0.23106587941885345,0.4203458233127831,0.3995896329063055,0.41157474591030113,0.3426040631353834,0.46024131404548857,0.4155612593969445,0.41527204137248375,0.4115633085742454,0.41913138027270475,0.30595465035880925,0.7460706037902826,10897.220767515551,2522.609738821193,59508.38595923973,0.75,UB&PB,79994
0,0.0,0.0,0.0,0.0,0.0,0.0,0.0,0.0,0.0,0.0,0.0,0.0,0.0,0.0,0.0,0.0,0.0,0.0,0.0,0.0,0.0,0.0,0.0,0.0,0.0,0.0,0.0,0.0,0.0,0.0,0.0,0.0,0.0,0.0,0.0,0.8,UB&PB,79994
2500,1.1030659486348688,0.8634769952282204,0.7695799441391451,0.934269437240408,0.027526447609537725,0.009309213737333634,0.05470143424795536,0.8128196403330793,0.6742710712968908,0.9103732915311072,0.4090007107320535,0.5909992892679466,0.31828279300944917,0.339370858287146,0.2134734386509414,0.41425028008621906,0.08739201462083737,0.5290625346670493,0.32444687741145395,0.34575683029093107,0.22274629538275648,0.41658858430684276,0.3882662688011715,0.40366724687413924,0.32147924328098393,0.456443649587805,0.41115440607518655,0.41085088526407976,0.4071396024413894,0.4146986251130084,0.7585144446388907,1.0137056235870618,10471.667022249903,2697.0468740814613,54009.349470290756,0.8,UB&PB,79994
0,0.0,0.0,0.0,0.0,0.0,0.0,0.0,0.0,0.0,0.0,0.0,0.0,0.0,0.0,0.0,0.0,0.0,0.0,0.0,0.0,0.0,0.0,0.0,0.0,0.0,0.0,0.0,0.0,0.0,0.0,0.0,0.0,0.0,0.0,0.0,0.85,UB&PB,79994
2500,1.1357760318166223,0.8820698673761321,0.7857510989813687,0.944584975968322,0.02734089585104582,0.009279856217630954,0.05380617012361715,0.6813384892348904,0.5389023098009105,0.8064021300200889,0.2037569296375267,0.7962430703624733,0.35886580265423673,0.38399786548896725,0.28039513445790526,0.42966959938014565,0.1429147021936236,0.5480207109695956,0.3648179599722955,0.38637045042835305,0.28920261206921316,0.4337054808435109,0.4115033358869227,0.4194270431062214,0.36274851963640115,0.46253452081292346,0.4220516755043457,0.4218214770262195,0.4180619609707241,0.4256854156493465,0.46945856646187134,1.0219976497491279,9377.328433887724,2210.3248540750596,51254.369323062085,0.85,UB&PB,79994
0,0.0,0.0,0.0,0.0,0.0,0.0,0.0,0.0,0.0,0.0,0.0,0.0,0.0,0.0,0.0,0.0,0.0,0.0,0.0,0.0,0.0,0.0,0.0,0.0,0.0,0.0,0.0,0.0,0.0,0.0,0.0,0.0,0.0,0.0,0.0,0.9,UB&PB,79994
2500,1.1388526416633558,0.8672781299181964,0.7637035364855802,0.942932049891453,0.027746491117371097,0.009530750431709142,0.05426081860891417,0.6314957464735597,0.5059474987020971,0.7836550293856002,0.157862117981521,0.8421378820184793,0.36016009011678685,0.38118530063049505,0.298372059209331,0.4171528835097275,0.15649483084252933,0.5407174352039658,0.3653201428110957,0.3814810590472477,0.30664678899773434,0.4213363056885202,0.3992623713009479,0.4049510575986758,0.3503426796117955,0.44972136201356677,0.40681637713093216,0.40649292635982515,0.40266396688819905,0.41043971573905424,0.059802653140794367,0.4357503630038057,8831.391774121104,2093.055611097495,47859.618070458826,0.9,UB&PB,79994
0,0.0,0.0,0.0,0.0,0.0,0.0,0.0,0.0,0.0,0.0,0.0,0.0,0.0,0.0,0.0,0.0,0.0,0.0,0.0,0.0,0.0,0.0,0.0,0.0,0.0,0.0,0.0,0.0,0.0,0.0,0.0,0.0,0.0,0.0,0.0,0.95,UB&PB,79994
2500,1.1562818477268078,0.8990454296474081,0.8125578031280368,0.9538919166327348,0.027753600527978765,0.009527087502904773,0.05491194826691986,0.6762690587856929,0.5519052966643013,0.7865194645978719,0.12630063965884863,0.8736993603411517,0.3794016841563781,0.3948336318826554,0.3279892468720589,0.4281690954608995,0.18683530025479853,0.5544186238065516,0.3833474751010713,0.39350068162010443,0.33426622245204146,0.43184669575317114,0.4079937668026473,0.4128774978940369,0.3565234493907782,0.4593786908926487,0.4144951115266188,0.4141990327342927,0.41047259034898265,0.41803516258725615,0.4000183154965001,1.0640334623978414,10568.751409315226,2314.7921775979607,59817.611116794316,0.95,UB&PB,79994
0,0.0,0.0,0.0,0.0,0.0,0.0,0.0,0.0,0.0,0.0,0.0,0.0,0.0,0.0,0.0,0.0,0.0,0.0,0.0,0.0,0.0,0.0,0.0,0.0,0.0,0.0,0.0,0.0,0.0,0.0,0.0,0.0,0.0,0.0,0.0,0.05,UB&PB,39534
2500,0.9146372367150073,0.6825215675158716,0.533045347362241,0.8491379081019481,0.8242284727715329,0.7117261222120038,0.9132251180853824,0.8724324232600044,0.7862009122246789,0.9387454274711691,0.9554299928926786,0.044570007107320536,0.08391178899911234,0.019137802956217764,0.002099214773692166,0.10811006701733382,0.00011136543565263106,0.38681080719021876,0.08896218677869122,0.02307077765525205,0.0029364284400451206,0.11888441835669704,0.15063727812379574,0.09965782734588519,0.036124694510886735,0.23180862983642175,0.4185832854581531,0.4181380964987641,0.41214628526347924,0.4244071214702016,0.04324315742911001,0.8819013850544524,39419.25789749718,19936.502550108875,76557.41581488441,0.05,UB&PB,39534
0,0.0,0.0,0.0,0.0,0.0,0.0,0.0,0.0,0.0,0.0,0.0,0.0,0.0,0.0,0.0,0.0,0.0,0.0,0.0,0.0,0.0,0.0,0.0,0.0,0.0,0.0,0.0,0.0,0.0,0.0,0.0,0.0,0.0,0.0,0.0,0.1,UB&PB,39534
2500,0.9278801102418625,0.6853631950037393,0.5240655444587229,0.8235107383564394,0.7141341544353977,0.6095661962810189,0.8140181081948381,0.8949558764719786,0.8235164186212781,0.9507947157802448,0.9560632551528072,0.04393674484719265,0.08285028912064225,0.022153516854843926,0.003303928652196763,0.1100168568218462,0.00020270946954985736,0.3689584038932284,0.08762008404310259,0.026238933662874664,0.004185124319027704,0.11961695305656159,0.14614107266177354,0.10417806122250295,0.039583211292033973,0.21955510750949161,0.41274211531400357,0.4123248572002012,0.40670112220824817,0.41814352975300484,0.05089927668379734,0.7523398733284788,32753.98994356644,16731.64701632307,65502.1289674991,0.1,UB&PB,39534
0,0.0,0.0,0.0,0.0,0.0,0.0,0.0,0.0,0.0,0.0,0.0,0.0,0.0,0.0,0.0,0.0,0.0,0.0,0.0,0.0,0.0,0.0,0.0,0.0,0.0,0.0,0.0,0.0,0.0,0.0,0.0,0.0,0.0,0.0,0.0,0.15,UB&PB,39534
2500,0.9421856527087739,0.529091228191406,0.33236863768792513,0.6745584831280523,0.6815766688856912,0.5406367289757495,0.7919732471420344,0.8758043456302157,0.7837532991414381,0.9422330259554429,0.9604477611940295,0.03955223880597015,0.08752102729137858,0.03529121065108059,0.008849747932619967,0.12111470323100956,0.0009850954654645901,0.34539565778970194,0.09928493104540621,0.04823494963285151,0.013653957669858139,0.14340369761031876,0.1420998006749937,0.10919376736263316,0.05786005618352729,0.19447846485479747,0.4154467377956818,0.41477550030808347,0.40645694977386204,0.42355446165947197,0.003604328291058445,0.6238952063546073,8808.425527031835,5671.399817550134,14132.123296621725,0.15,UB&PB,39534
0,0.0,0.0,0.0,0.0,0.0,0.0,0.0,0.0,0.0,0.0,0.0,0.0,0.0,0.0,0.0,0.0,0.0,0.0,0.0,0.0,0.0,0.0,0.0,0.0,0.0,0.0,0.0,0.0,0.0,0.0,0.0,0.0,0.0,0.0,0.0,0.2,UB&PB,39534
2500,0.9554576888172336,0.5278367674908907,0.4009103262984562,0.6521728765320446,0.6295878291349611,0.5118908249608625,0.7482011365180774,0.8696172297450739,0.761067031861187,0.9420838631727119,0.9624868514570025,0.03751314854299926,0.09720210770632697,0.04794152175304752,0.013629323954456221,0.1433586194690892,0.0017656300630256106,0.3445185291983874,0.10780502034532369,0.06060183021648231,0.0186611695700712,0.16197452965792467,0.15594940816770425,0.12874095449238326,0.07130432556070194,0.21919338708181954,0.41435943336672165,0.4139694026521704,0.40693121252083064,0.42127766008547823,0.0706215366637026,0.5872013687985568,7236.414295760873,4535.114099223561,12133.998710404545,0.2,UB&PB,39534
0,0.0,0.0,0.0,0.0,0.0,0.0,0.0,0.0,0.0,0.0,0.0,0.0,0.0,0.0,0.0,0.0,0.0,0.0,0.0,0.0,0.0,0.0,0.0,0.0,0.0,0.0,0.0,0.0,0.0,0.0,0.0,0.0,0.0,0.0,0.0,0.25,UB&PB,39534
2500,0.973184614247236,0.4001328960463265,0.29837676353206816,0.511498943377495,0.24292883816366925,0.16441206696095456,0.33143114919289834,0.8759231959982486,0.7716471201526356,0.9444647587770361,0.9486019900497513,0.051398009950248784,0.17578484817309076,0.14312391957643691,0.06135843543458089,0.26743288791689024,0.01624286968779566,0.43148293553985473,0.20962556772027457,0.18996711462492727,0.09295201780596107,0.3115675214477692,0.2582296499896472,0.24551975679945653,0.1700960377722096,0.3397875724347389,0.4263103489493201,0.42595244643694297,0.4162283496558222,0.43599766792885364,0.21210494800543866,1.5858419743708563,1740.340327331189,1184.0522541385044,2774.8478999195468,0.25,UB&PB,39534
0,0.0,0.0,0.0,0.0,0.0,0.0,0.0,0.0,0.0,0.0,0.0,0.0,0.0,0.0,0.0,0.0,0.0,0.0,0.0,0.0,0.0,0.0,0.0,0.0,0.0,0.0,0.0,0.0,0.0,0.0,0.0,0.0,0.0,0.0,0.0,0.3,UB&PB,39534
2500,0.9635208829984226,0.7881063050096484,0.6295018510489687,0.9041394407863577,0.10747351877148385,0.055469687419795986,0.1818695033271577,0.841650248560666,0.7405747699306395,0.9288231438565405,0.930562189054727,0.06943781094527365,0.16626811034552677,0.11292592829380077,0.03465527097129446,0.26787769390377736,0.006091234609142488,0.46269932092961413,0.17478083509150497,0.12675138385379306,0.041179723888289436,0.28109818827057487,0.2773688075652307,0.27337388755258085,0.14250554643517924,0.41345773544491665,0.4148107204942554,0.4144287224881601,0.4097533265272837,0.41929941293265655,0.24947437275548348,0.7700301270024992,17314.23643767107,6212.557724590886,54238.80521858002,0.3,UB&PB,39534
0,0.0,0.0,0.0,0.0,0.0,0.0,0.0,0.0,0.0,0.0,0.0,0.0,0.0,0.0,0.0,0.0,0.0,0.0,0.0,0.0,0.0,0.0,0.0,0.0,0.0,0.0,0.0,0.0,0.0,0.0,0.0,0.0,0.0,0.0,0.0,0.35,UB&PB,39534
2500,0.9762256532525024,0.7778011074014263,0.6310491237078566,0.8901039666142191,0.07495984943652455,0.036558299307283215,0.12596841082823895,0.7538831172884483,0.6502958464329192,0.8454423143893222,0.9170248756218906,0.0829751243781095,0.19246729357110617,0.15652980772131403,0.053815758214592606,0.30768610610113334,0.010890795180991482,0.47275103150415965,0.20279887438551042,0.17259329337927581,0.06383380418581291,0.32232338569601426,0.3080078378683412,0.3229888801135431,0.1818394782459862,0.4327843239818129,0.4194901014460693,0.4191870667063635,0.4146874371076782,0.4238536099656134,0.061072063632968666,0.35772151072080394,10730.37947102131,3962.488364937503,35901.91387194394,0.35,UB&PB,39534
0,0.0,0.0,0.0,0.0,0.0,0.0,0.0,0.0,0.0,0.0,0.0,0.0,0.0,0.0,0.0,0.0,0.0,0.0,0.0,0.0,0.0,0.0,0.0,0.0,0.0,0.0,0.0,0.0,0.0,0.0,0.0,0.0,0.0,0.0,0.0,0.4,UB&PB,39534
2500,0.984419702863928,0.8097899940206666,0.6805660214335092,0.9135701576118654,0.06168076600624137,0.026903691239822097,0.11496943727043449,0.7339335909296515,0.638347594805132,0.8369703124555994,0.9055401563610526,0.09445984363894805,0.1967236398393286,0.16330936271799085,0.05643888502102602,0.31654661378044147,0.011892271599498766,0.4736887511799885,0.2051227455530998,0.1763870081218812,0.06506960595290326,0.3284313419023807,0.31017534603069274,0.32712426909625336,0.1815376338363596,0.43596522146776917,0.4126363732786319,0.4123020346262554,0.40821029511627954,0.416570884519176,0.11018161882261282,0.3880617870890242,13228.979078217038,4554.634989261072,46394.4774897817,0.4,UB&PB,39534
0,0.0,0.0,0.0,0.0,0.0,0.0,0.0,0.0,0.0,0.0,0.0,0.0,0.0,0.0,0.0,0.0,0.0,0.0,0.0,0.0,0.0,0.0,0.0,0.0,0.0,0.0,0.0,0.0,0.0,0.0,0.0,0.0,0.0,0.0,0.0,0.45,UB&PB,39534
2500,1.000852070121784,0.8028943448598074,0.692193075891961,0.8821953448800506,0.0455266714922397,0.018684399165659643,0.08425892553230913,0.7495799772465638,0.6387364808982057,0.8460193093756923,0.8804470504619757,0.11955294953802414,0.219460971104764,0.19766361675803917,0.07889166365583787,0.350329972933212,0.017238826856817203,0.48309704009745097,0.22983860437021492,0.21165764775158574,0.09129287763802763,0.3623548941339585,0.33249157455752804,0.3599124355792406,0.2155286003953938,0.44586128804035546,0.41757954070190967,0.4172464735057877,0.4131308838212934,0.42153358315823863,0.3309736585692855,0.5753765429084232,10327.76415608613,3379.7577570553376,41428.62731858816,0.45,UB&PB,39534
0,0.0,0.0,0.0,0.0,0.0,0.0,0.0,0.0,0.0,0.0,0.0,0.0,0.0,0.0,0.0,0.0,0.0,0.0,0.0,0.0,0.0,0.0,0.0,0.0,0.0,0.0,0.0,0.0,0.0,0.0,0.0,0.0,0.0,0.0,0.0,0.5,UB&PB,39534
2500,1.003751234626389,0.8665782376002573,0.778686693656174,0.9335687415307028,0.043043741728282216,0.017168030774171297,0.08174794678481313,0.7211027563261831,0.6193114407127572,0.8204347696431843,0.8882707889125799,0.11172921108742001,0.2168863637685781,0.1942469605838675,0.073109646326521,0.35501871199023527,0.015326279834647908,0.47868226868238495,0.22390703172070717,0.20335770939059444,0.08217496018502388,0.36224811181477,0.3268069974508786,0.3519790580607116,0.20711632453957174,0.4426575539251012,0.4101188720616504,0.40987386708431484,0.4060413665278697,0.4138232935036014,0.08163721865150525,0.37129875521807704,15724.438757596634,4900.591466958378,64412.27061370182,0.5,UB&PB,39534
0,0.0,0.0,0.0,0.0,0.0,0.0,0.0,0.0,0.0,0.0,0.0,0.0,0.0,0.0,0.0,0.0,0.0,0.0,0.0,0.0,0.0,0.0,0.0,0.0,0.0,0.0,0.0,0.0,0.0,0.0,0.0,0.0,0.0,0.0,0.0,0.55,UB&PB,39534
2500,1.020921885991254,0.8822425386165508,0.7760427282176912,0.9476182502193109,0.03839791059184689,0.014430477467708824,0.07481186031206812,0.7952140248777865,0.6758172322932904,0.8922858340941955,0.8609474058280024,0.1390525941719971,0.23010557684308414,0.20790503591947457,0.08388626962938356,0.37637963277266834,0.01959919403637397,0.49436122882751093,0.23678617921949344,0.2160961605735328,0.09291840637109061,0.3815377524721923,0.33788502018953087,0.36436109896744096,0.21861415274086668,0.45326422068714517,0.4153493933921919,0.4150280031753715,0.41134454514732494,0.4188467299046154,0.02260301196346201,0.6339606910634057,16012.92462356909,4815.617286774548,69037.5126192993,0.55,UB&PB,39534
0,0.0,0.0,0.0,0.0,0.0,0.0,0.0,0.0,0.0,0.0,0.0,0.0,0.0,0.0,0.0,0.0,0.0,0.0,0.0,0.0,0.0,0.0,0.0,0.0,0.0,0.0,0.0,0.0,0.0,0.0,0.0,0.0,0.0,0.0,0.0,0.6,UB&PB,39534
2500,1.0332475488750097,0.8765274296817551,0.774786742227444,0.9458763174600697,0.032215677385230394,0.011776148335393742,0.06217623652292355,0.6230989386520618,0.5075512135296409,0.7454375727739275,0.7618578535891963,0.2381421464108031,0.2585993253539671,0.2498752261387273,0.12615132680024085,0.39476538561322855,0.033917144954607514,0.5005946358782839,0.26601841758245537,0.2579769667929313,0.13784575435279778,0.39863605655071616,0.35774278740871146,0.3849522462715686,0.2576448367081801,0.45572773053265614,0.4128434178839868,0.4125597051140459,0.408791436265511,0.4164569080035886,0.062087723691554395,0.5461952556175882,12856.075279306458,3754.8202315369417,59916.66124606084,0.6,UB&PB,39534
0,0.0,0.0,0.0,0.0,0.0,0.0,0.0,0.0,0.0,0.0,0.0,0.0,0.0,0.0,0.0,0.0,0.0,0.0,0.0,0.0,0.0,0.0,0.0,0.0,0.0,0.0,0.0,0.0,0.0,0.0,0.0,0.0,0.0,0.0,0.0,0.65,UB&PB,39534
2500,1.0621978174983449,0.8248369238973002,0.7225094898514498,0.9108998430304123,0.02945269080090006,0.010348375340108632,0.057759603184874234,0.6366917129347295,0.5123768109887391,0.7911946450118018,0.5954307036247346,0.4045692963752667,0.2904154367136457,0.289293145730403,0.17422334747505897,0.4155137228539932,0.04983558122983876,0.5200243142146505,0.2997421695135511,0.3011526366653146,0.18815868966433916,0.41853193753279777,0.3831610238198865,0.40648969880956604,0.30672540371087303,0.4634093554499698,0.421375597704075,0.4210898697224645,0.4172354936845908,0.4250873574981195,0.2568620179016569,0.69569753805817,9087.825337565124,2638.031727377878,43153.69371287176,0.65,UB&PB,39534
0,0.0,0.0,0.0,0.0,0.0,0.0,0.0,0.0,0.0,0.0,0.0,0.0,0.0,0.0,0.0,0.0,0.0,0.0,0.0,0.0,0.0,0.0,0.0,0.0,0.0,0.0,0.0,0.0,0.0,0.0,0.0,0.0,0.0,0.0,0.0,0.7,UB&PB,39534
2500,1.0717899985562296,0.8642842419038045,0.7821955848963169,0.9332203442450264,0.028690133295333865,0.009903094445155466,0.05670663821767344,0.6543708012048881,0.5233349381001418,0.769662650106083,0.5207619047619039,0.4792380952380951,0.29768927545856744,0.30041261069441805,0.18411957714030228,0.41391894915311217,0.06274144304158912,0.5225818432078879,0.30491597697201916,0.3097279046416991,0.195153779927093,0.4161844413132131,0.38332506920167625,0.4039790247984863,0.3065087603572525,0.4613369148198826,0.4158582697800676,0.4155818964092814,0.41189839767122666,0.41941316433096004,0.6407885413431478,0.9416406691730083,11173.094050050167,2965.976430127375,56300.3617524605,0.7,UB&PB,39534
0,0.0,0.0,0.0,0.0,0.0,0.0,0.0,0.0,0.0,0.0,0.0,0.0,0.0,0.0,0.0,0.0,0.0,0.0,0.0,0.0,0.0,0.0,0.0,0.0,0.0,0.0,0.0,0.0,0.0,0.0,0.0,0.0,0.0,0.0,0.0,0.75,UB&PB,39534
2500,1.0925608647717304,0.8447916620897657,0.7371463405771036,0.922593623331899,0.0271498744827292,0.009199306677768684,0.053779271781476894,0.7701175200509631,0.6507162098757725,0.8783358070414171,0.4077299218194741,0.5922700781805252,0.3121275296974378,0.3241913804613659,0.2058992662039275,0.41839475549613653,0.07503416840868236,0.5315882342962162,0.31997463459193004,0.3342702779000783,0.21696832186201093,0.4211099248450358,0.3921118216569874,0.4093792800423195,0.3286567832387125,0.4596229947593613,0.41693780513748957,0.41666957766782003,0.41282864770189875,0.42064516607547353,0.556321416672518,0.8808743902877711,9118.40934825314,2401.8921562148457,46263.509092747554,0.75,UB&PB,39534
0,0.0,0.0,0.0,0.0,0.0,0.0,0.0,0.0,0.0,0.0,0.0,0.0,0.0,0.0,0.0,0.0,0.0,0.0,0.0,0.0,0.0,0.0,0.0,0.0,0.0,0.0,0.0,0.0,0.0,0.0,0.0,0.0,0.0,0.0,0.0,0.8,UB&PB,39534
2500,1.110333568962643,0.8911286193751208,0.8079353344512619,0.9514998772549329,0.027117815873911554,0.00926210628005319,0.053472245451257804,0.5833181307160409,0.47351808736265844,0.711156472951629,0.23330987917555104,0.7666901208244491,0.3409024709784728,0.36305289280646064,0.25299525354064,0.42207954094589145,0.11642362478025364,0.5399988024511946,0.34705864194935077,0.3681402437211663,0.26132111039523975,0.4251168700784117,0.4037538266071768,0.4134051387138079,0.3500738743759579,0.45958555956613095,0.4169132059035502,0.4166208847104005,0.41298838853765574,0.42039843260696086,0.20736664497553972,0.7330712813443497,11030.367907849675,2494.022109087109,61904.413188284634,0.8,UB&PB,39534
0,0.0,0.0,0.0,0.0,0.0,0.0,0.0,0.0,0.0,0.0,0.0,0.0,0.0,0.0,0.0,0.0,0.0,0.0,0.0,0.0,0.0,0.0,0.0,0.0,0.0,0.0,0.0,0.0,0.0,0.0,0.0,0.0,0.0,0.0,0.0,0.85,UB&PB,39534
2500,1.1319132480782776,0.85387126381664,0.7731731875754152,0.9234150541438524,0.028671305052238184,0.009832899951333554,0.056846990729716926,0.7820814133351495,0.6428625929520811,0.8903552362214254,0.21713646055437114,0.7828635394456288,0.35267649055017997,0.38048171901056055,0.2659109703819457,0.42858573187541305,0.12989682941575761,0.5486447986943238,0.35894731962936516,0.38301236091318386,0.27610771738642675,0.43255061932119687,0.4095327379837174,0.41811042177050795,0.35591260917505185,0.4655372420574647,0.4212774258688543,0.42102694767085097,0.41727750195961916,0.4248768958597533,0.7695107661284418,1.02540207928113,9971.5719531971,2325.9970051823166,54132.40191038629,0.85,UB&PB,39534
0,0.0,0.0,0.0,0.0,0.0,0.0,0.0,0.0,0.0,0.0,0.0,0.0,0.0,0.0,0.0,0.0,0.0,0.0,0.0,0.0,0.0,0.0,0.0,0.0,0.0,0.0,0.0,0.0,0.0,0.0,0.0,0.0,0.0,0.0,0.0,0.9,UB&PB,39534
2500,1.1389677396616245,0.8744679815887408,0.7948668531557818,0.9385535656695856,0.02854281059549829,0.009812922095850088,0.056659672261355286,0.8336248339985742,0.7171159357565802,0.919540442224534,0.17205614783226716,0.8279438521677335,0.3576090316136579,0.38129824615401564,0.2856445193414101,0.42400587072745316,0.14171789343165833,0.548106793635448,0.36237926158577866,0.3810665040720959,0.29425373761782503,0.42776599481157224,0.40474034308786216,0.4116285034447255,0.35080480675775033,0.4596280179248291,0.414486206841398,0.414189535946513,0.4104800122006283,0.4180325054484927,0.2330943009976189,0.9106552090916941,10212.638132915808,2346.662344663718,55578.691111910906,0.9,UB&PB,39534
0,0.0,0.0,0.0,0.0,0.0,0.0,0.0,0.0,0.0,0.0,0.0,0.0,0.0,0.0,0.0,0.0,0.0,0.0,0.0,0.0,0.0,0.0,0.0,0.0,0.0,0.0,0.0,0.0,0.0,0.0,0.0,0.0,0.0,0.0,0.0,0.95,UB&PB,39534
2500,1.1601356348031124,0.8688295225319024,0.7783682755534842,0.9377801562481606,0.028563454350765242,0.009909405736696844,0.05606771862016518,0.7815933205314666,0.6737985235532857,0.8783808854524848,0.14581520966595612,0.8541847903340439,0.3771697542741081,0.39443846373346647,0.3257260772677415,0.42703850069906596,0.182090548111173,0.5488537795796349,0.3814044881587459,0.39333592406402645,0.3323689207128337,0.43131740841166366,0.40660235819519863,0.411686740908067,0.35708068849564956,0.4564378625694749,0.41362060043615445,0.41323978940378087,0.40956807019862135,0.4170770815550109,0.7807145134692506,1.0288314705995627,9267.919995382656,2159.9577212821396,50458.85953115387,0.95,UB&PB,39534
0,0.0,0.0,0.0,0.0,0.0,0.0,0.0,0.0,0.0,0.0,0.0,0.0,0.0,0.0,0.0,0.0,0.0,0.0,0.0,0.0,0.0,0.0,0.0,0.0,0.0,0.0,0.0,0.0,0.0,0.0,0.0,0.0,0.0,0.0,0.0,0.05,UB&PB,58454
2500,0.9191031494836913,0.5957469343553711,0.47775264818093843,0.7083921746410049,0.8158406137631034,0.7149643712026902,0.8968433766500032,0.8740845703693911,0.7914270302421725,0.9353230307383742,0.9573240938166314,0.042675906183368834,0.08603384979695612,0.023839695929046573,0.004677833996587654,0.11204602424256732,0.0004011450374068369,0.38112429843426054,0.09187420621629386,0.0286254356972689,0.005620488103677552,0.12479693519318297,0.15088912974953397,0.10336727682506965,0.04195041559996493,0.2251599004109912,0.42184895020351665,0.42142936953232263,0.41570740234550535,0.4274043578308543,0.04623539670538362,0.3632845380935517,13814.45297175759,7748.163527392895,24779.927359972906,0.05,UB&PB,58454
0,0.0,0.0,0.0,0.0,0.0,0.0,0.0,0.0,0.0,0.0,0.0,0.0,0.0,0.0,0.0,0.0,0.0,0.0,0.0,0.0,0.0,0.0,0.0,0.0,0.0,0.0,0.0,0.0,0.0,0.0,0.0,0.0,0.0,0.0,0.0,0.1,UB&PB,58454
2500,0.928791952196691,0.8301803248592187,0.6227271106464151,0.9209414352456642,0.8909427989204018,0.8043436385356642,0.9481975211525819,0.8803469426608804,0.7928459137048041,0.9468643123554433,0.9580440653873492,0.041955934612651055,0.07702396837067851,0.016835556790879325,0.0018608840872415778,0.091684728245986,3.403295753210644e-5,0.3700529447876406,0.07975800408594226,0.018559509191404342,0.002067995817254968,0.09741493932039566,0.13457791241775455,0.08783018386241404,0.030560677499786276,0.19654567401758122,0.41820355452241975,0.4177928128463171,0.4129659065303285,0.4228479245957323,0.05563844000482141,0.7057225351734167,52185.4045285665,29478.301841698714,93138.53081826688,0.1,UB&PB,58454
0,0.0,0.0,0.0,0.0,0.0,0.0,0.0,0.0,0.0,0.0,0.0,0.0,0.0,0.0,0.0,0.0,0.0,0.0,0.0,0.0,0.0,0.0,0.0,0.0,0.0,0.0,0.0,0.0,0.0,0.0,0.0,0.0,0.0,0.0,0.0,0.15,UB&PB,58454
2500,0.9467288906962219,0.38709884696601843,0.17510513739341016,0.5831649357873011,0.4705764133867122,0.3561652084104094,0.6051218504538584,0.866404932089633,0.7834842699492471,0.9353501476074928,0.9567455579246623,0.043254442075337615,0.12074897352316921,0.07524062058118978,0.027533725027163145,0.17743364746404064,0.004450845935212455,0.37969256931704276,0.1460761302211105,0.10746104332111292,0.044930917765239595,0.21658022647151268,0.18299837246528122,0.158068071769329,0.09723246174254979,0.24555584639599043,0.423021678177066,0.4220400431156322,0.4063700682793081,0.43859790683585126,0.09311584831794713,0.33694276802128764,3285.0665988554774,2159.7194751314164,5225.031578471843,0.15,UB&PB,58454
0,0.0,0.0,0.0,0.0,0.0,0.0,0.0,0.0,0.0,0.0,0.0,0.0,0.0,0.0,0.0,0.0,0.0,0.0,0.0,0.0,0.0,0.0,0.0,0.0,0.0,0.0,0.0,0.0,0.0,0.0,0.0,0.0,0.0,0.0,0.0,0.2,UB&PB,58454
2500,0.9555110683466846,0.40192421260169536,0.2766508612268412,0.5484724494374197,0.31943095423541534,0.23824607157498293,0.4133788185197468,0.8869856546888313,0.8045518203379727,0.9490563369222477,0.9558791755508169,0.0441208244491827,0.13612508607783783,0.09146818233864194,0.03517982841015431,0.20795050803369436,0.007945299687718769,0.3897394843667468,0.16398325574260167,0.12917879590491047,0.05507129104238802,0.24964399713813135,0.20878965908825703,0.1882836386484347,0.1218154649896476,0.2823979537965594,0.4167213669438919,0.41619970730426753,0.404755767821718,0.42814062356103855,0.004342726238069261,0.7804190379323729,2399.63488691203,1538.0554206044494,4097.8595766782155,0.2,UB&PB,58454
0,0.0,0.0,0.0,0.0,0.0,0.0,0.0,0.0,0.0,0.0,0.0,0.0,0.0,0.0,0.0,0.0,0.0,0.0,0.0,0.0,0.0,0.0,0.0,0.0,0.0,0.0,0.0,0.0,0.0,0.0,0.0,0.0,0.0,0.0,0.0,0.25,UB&PB,58454
2500,0.9617904327186092,0.5082013435140461,0.3298357799819359,0.6917623735909265,0.5317075033843632,0.4027108203693244,0.6570408945142389,0.8083492423707554,0.7063907546602308,0.8950197809467034,0.9616609808102352,0.038339019189765504,0.11179060135724127,0.06591289243918746,0.01943692150610738,0.1693483311337741,0.0033696200176130506,0.3597295675895022,0.1261962179961836,0.08409526967530627,0.02816792713674542,0.19166472486239358,0.17300781652143696,0.1501480697916458,0.08739955273525436,0.23963615076498884,0.41105513678287986,0.41043900036182823,0.4004935175292191,0.4208053008101849,0.0911654342135386,0.4471466068344697,7346.223918778547,4285.62570440929,13528.810669013126,0.25,UB&PB,58454
0,0.0,0.0,0.0,0.0,0.0,0.0,0.0,0.0,0.0,0.0,0.0,0.0,0.0,0.0,0.0,0.0,0.0,0.0,0.0,0.0,0.0,0.0,0.0,0.0,0.0,0.0,0.0,0.0,0.0,0.0,0.0,0.0,0.0,0.0,0.0,0.3,UB&PB,58454
2500,0.9718801717222201,0.551462355666261,0.4049177469766457,0.6973190797928868,0.13562904806734324,0.07530629045735873,0.21151120569985551,0.8379952438636413,0.7417390361443471,0.917081346485232,0.943234541577824,0.05676545842217483,0.18326189282499805,0.14573401890011975,0.058915210531003695,0.285319637519502,0.014491401460191702,0.45313258144111646,0.2062473981850521,0.17908299418061516,0.08129676923639245,0.31503386405485645,0.28011378170102114,0.27705287243399,0.16663183102355159,0.3931283011261498,0.41347101563485633,0.4130490347799532,0.4055015901398425,0.4208796610441276,0.4034623336962761,0.8314335623915284,4583.729266300144,2130.150004760235,11556.966765768604,0.3,UB&PB,58454
0,0.0,0.0,0.0,0.0,0.0,0.0,0.0,0.0,0.0,0.0,0.0,0.0,0.0,0.0,0.0,0.0,0.0,0.0,0.0,0.0,0.0,0.0,0.0,0.0,0.0,0.0,0.0,0.0,0.0,0.0,0.0,0.0,0.0,0.0,0.0,0.35,UB&PB,58454
2500,0.9761789645717983,0.7475966497468296,0.5817624460449606,0.8610643977302664,0.10727620446497672,0.057977659967754544,0.16751996452681447,0.8639744367274211,0.7652258550907599,0.9351785318680332,0.9317171286425004,0.06828287135749803,0.17687692643480502,0.13015233469975218,0.04370683886304983,0.2869048665622859,0.009770366655844149,0.46341883465287065,0.1875696829558146,0.14655970132261092,0.053074109729175416,0.30309985058195177,0.2866848288649845,0.28732001571554283,0.16064730651179698,0.4133832620029187,0.4185428343522322,0.41818048644365435,0.4132139909470095,0.4233676547980115,0.15710382358326214,0.7397835632159392,10406.65645121439,4151.144276571527,30416.411120675737,0.35,UB&PB,58454
0,0.0,0.0,0.0,0.0,0.0,0.0,0.0,0.0,0.0,0.0,0.0,0.0,0.0,0.0,0.0,0.0,0.0,0.0,0.0,0.0,0.0,0.0,0.0,0.0,0.0,0.0,0.0,0.0,0.0,0.0,0.0,0.0,0.0,0.0,0.0,0.4,UB&PB,58454
2500,0.9856783012350948,0.8198275328645156,0.707732553365425,0.9032359350085692,0.05669217993527152,0.024907727903399086,0.10354413448277182,0.7687108192915273,0.6669586486416049,0.870077382472013,0.8950660980810229,0.1049339019189766,0.1983789631563502,0.16376657510609985,0.0577515352907438,0.31953255035065,0.013584044076564602,0.4768018691780025,0.20620107077058922,0.17604245463871335,0.06522214192191048,0.33136447980367323,0.31428485262013395,0.3343118263176354,0.18429140580064587,0.4403678761656105,0.4163646640067674,0.4160967912677666,0.41213695451184246,0.4202113126244528,0.14187135779115195,0.41612844966548623,13111.031955472941,4342.035136188665,48387.683888196036,0.4,UB&PB,58454
0,0.0,0.0,0.0,0.0,0.0,0.0,0.0,0.0,0.0,0.0,0.0,0.0,0.0,0.0,0.0,0.0,0.0,0.0,0.0,0.0,0.0,0.0,0.0,0.0,0.0,0.0,0.0,0.0,0.0,0.0,0.0,0.0,0.0,0.0,0.0,0.45,UB&PB,58454
2500,1.0041874597500482,0.8249665193170866,0.706204551745478,0.9142015909202632,0.04609783998654465,0.018713561771303892,0.0855323409659344,0.7635547237093627,0.6547025744032925,0.8705112368132402,0.8768002842928215,0.1231997157071784,0.22115691751899147,0.19636822705061685,0.07454047957020155,0.35847355162294015,0.015987608928598462,0.49451445346167283,0.23015272654403032,0.20866239862214853,0.08436631549189334,0.36909008572067137,0.33908581344060873,0.36614912136215894,0.21772588207301774,0.45715794199544496,0.429218631676371,0.42892412299840094,0.42500241698255287,0.43299159071060966,0.026783913228948984,0.395702599860604,11903.153586467779,3878.9804844637365,46523.14970435347,0.45,UB&PB,58454
0,0.0,0.0,0.0,0.0,0.0,0.0,0.0,0.0,0.0,0.0,0.0,0.0,0.0,0.0,0.0,0.0,0.0,0.0,0.0,0.0,0.0,0.0,0.0,0.0,0.0,0.0,0.0,0.0,0.0,0.0,0.0,0.0,0.0,0.0,0.0,0.5,UB&PB,58454
2500,1.015498988161637,0.7726515149251098,0.6534421749070228,0.8682167130603297,0.045128453712259736,0.01835738794109602,0.08453644771628181,0.7122140775839695,0.5894895638886094,0.8252872050815271,0.8673681592039801,0.13263184079602,0.23839862987823943,0.22256828558111136,0.09712893889733935,0.377900543314145,0.02235062792502047,0.4938499603180587,0.2507690715695831,0.2385093117825348,0.11413156935801531,0.3886818864530775,0.34764920456308607,0.37583110700035693,0.23965472213571007,0.4547039874434346,0.42586545676684634,0.4256348375319494,0.42123973711029106,0.43016862885335544,0.0765535206159378,0.39323363970642006,8853.468950541997,2965.161347313602,34762.78144084491,0.5,UB&PB,58454
0,0.0,0.0,0.0,0.0,0.0,0.0,0.0,0.0,0.0,0.0,0.0,0.0,0.0,0.0,0.0,0.0,0.0,0.0,0.0,0.0,0.0,0.0,0.0,0.0,0.0,0.0,0.0,0.0,0.0,0.0,0.0,0.0,0.0,0.0,0.0,0.55,UB&PB,58454
2500,1.0265286912857385,0.8519667395117394,0.7536950813901246,0.9256392858287962,0.03386833228807704,0.012432876826263284,0.06605673347174715,0.5569099368707572,0.44613285548809284,0.6801429335880084,0.8006190476190476,0.1993809523809524,0.26093336018433894,0.2560377060210563,0.1299489140081618,0.39317095798323515,0.033833935059657025,0.5008935672119993,0.2696985492899052,0.26565688481440447,0.14346171518268852,0.39899546564523775,0.36199104310332403,0.3898326091393339,0.26331423841541524,0.45932100853211266,0.42063943539337445,0.4203260068961133,0.41652878103387947,0.42433386131493345,0.10360113786852973,0.3446593473988294,11529.731258735832,3504.391294813337,51742.56289982818,0.55,UB&PB,58454
0,0.0,0.0,0.0,0.0,0.0,0.0,0.0,0.0,0.0,0.0,0.0,0.0,0.0,0.0,0.0,0.0,0.0,0.0,0.0,0.0,0.0,0.0,0.0,0.0,0.0,0.0,0.0,0.0,0.0,0.0,0.0,0.0,0.0,0.0,0.0,0.6,UB&PB,58454
2500,1.039823398766742,0.8662907957539444,0.7857356042570882,0.9309365055308958,0.03047235740304575,0.010814341758547053,0.060117063946303735,0.6596624999428767,0.5438496440522514,0.8063038387826688,0.7923475479744139,0.20765245202558644,0.26135754482385215,0.25268524534917697,0.12642750414662512,0.4004335175131387,0.03178651899211489,0.5075961988699528,0.26911955998234893,0.26128631272386477,0.13855621193544532,0.404418246070477,0.36111367098268016,0.38988219969916466,0.25726824130824266,0.4621851765731446,0.418127249251987,0.41783762845980477,0.4140791851617265,0.4217359687348624,0.4100942290780128,0.7204946835580843,12482.452380873789,3630.3994993063857,58944.25581223809,0.6,UB&PB,58454
0,0.0,0.0,0.0,0.0,0.0,0.0,0.0,0.0,0.0,0.0,0.0,0.0,0.0,0.0,0.0,0.0,0.0,0.0,0.0,0.0,0.0,0.0,0.0,0.0,0.0,0.0,0.0,0.0,0.0,0.0,0.0,0.0,0.0,0.0,0.0,0.65,UB&PB,58454
2500,1.0585117629870637,0.8806684945347727,0.7831347901007205,0.9430353576087706,0.03009673770784732,0.010605165595400938,0.05957837381791836,0.5739206951402206,0.4520552492763523,0.7091908502317887,0.5299587775408672,0.47004122245913277,0.29390761581890357,0.29457466178776426,0.1794046236761656,0.41589885506493385,0.0561659749471383,0.5217830321707316,0.3017877975320921,0.30378711743716347,0.19116681227097607,0.41869617298440476,0.3863826066400725,0.4076329628876753,0.3113066004413358,0.4640255041495124,0.421258247972927,0.4209912530842654,0.41727129361560195,0.4248305524297547,0.021161812377790305,0.5545899492594892,11520.113115236518,3027.279997650376,58271.0295380118,0.65,UB&PB,58454
0,0.0,0.0,0.0,0.0,0.0,0.0,0.0,0.0,0.0,0.0,0.0,0.0,0.0,0.0,0.0,0.0,0.0,0.0,0.0,0.0,0.0,0.0,0.0,0.0,0.0,0.0,0.0,0.0,0.0,0.0,0.0,0.0,0.0,0.0,0.0,0.7,UB&PB,58454
2500,1.0762033853664217,0.8547775969777074,0.7751571154291569,0.9260346152024159,0.02874422537473003,0.010022595862514206,0.056258063565911634,0.5848350623777991,0.44897325090772944,0.7100319279602628,0.4379459843638955,0.5620540156361051,0.3075210659089035,0.3148111592868916,0.20225957807837716,0.41634649009221003,0.07218156805679625,0.5224528246337873,0.315221398138047,0.3245685821859037,0.2132883224979702,0.4186891288751925,0.39022514854778695,0.4085150716736266,0.3253889174204905,0.4590140346740412,0.4169274460145191,0.41665574182185783,0.41290193158515986,0.42053845535518,0.7316892400899129,1.003273925156686,10211.004045289375,2661.807709951842,51897.95010876226,0.7,UB&PB,58454
0,0.0,0.0,0.0,0.0,0.0,0.0,0.0,0.0,0.0,0.0,0.0,0.0,0.0,0.0,0.0,0.0,0.0,0.0,0.0,0.0,0.0,0.0,0.0,0.0,0.0,0.0,0.0,0.0,0.0,0.0,0.0,0.0,0.0,0.0,0.0,0.75,UB&PB,58454
2500,1.0914080994147104,0.853220562126611,0.7517498852866416,0.9293102391490207,0.027035261425082443,0.009161879938641567,0.05373295851038654,0.6875307379599003,0.5554867822158276,0.7969169135912265,0.3503638948116559,0.6496361051883445,0.31553148098408795,0.3275777061505071,0.21736154056729595,0.4141520810489068,0.08498445919228492,0.5267112244857886,0.3230391527917063,0.33668753612819674,0.2276117379282773,0.41696168362437025,0.3915431005808863,0.40645265299610467,0.3333888662907135,0.4536225165515687,0.41250616811558816,0.41217500084718767,0.4083485587363447,0.41613423332602456,0.33492468734940345,0.8460693963216164,9201.687754096003,2357.4386088496503,47633.797612127935,0.75,UB&PB,58454
0,0.0,0.0,0.0,0.0,0.0,0.0,0.0,0.0,0.0,0.0,0.0,0.0,0.0,0.0,0.0,0.0,0.0,0.0,0.0,0.0,0.0,0.0,0.0,0.0,0.0,0.0,0.0,0.0,0.0,0.0,0.0,0.0,0.0,0.0,0.0,0.8,UB&PB,58454
2500,1.1203576235661412,0.795260475228271,0.7035677423840317,0.8773019818468607,0.02745268197569272,0.009428233754261254,0.054005951472575614,0.4973701869962733,0.3606483906895062,0.6379308266625815,0.24891329068941068,0.7510867093105901,0.35516636221628195,0.37557593985874344,0.28106246005401553,0.42542857443508525,0.1428744041978211,0.5387154599348275,0.36348755006757544,0.3811531194703602,0.29205591684708887,0.4304608202425203,0.4075280268293713,0.41591098694784623,0.3628163205792025,0.45645143940099,0.4184646760414299,0.4181660554906114,0.41422627205612184,0.422251443181359,0.2835107871591597,0.8411515652920819,6443.521335674172,1748.5463898720373,32207.98414092732,0.8,UB&PB,58454
0,0.0,0.0,0.0,0.0,0.0,0.0,0.0,0.0,0.0,0.0,0.0,0.0,0.0,0.0,0.0,0.0,0.0,0.0,0.0,0.0,0.0,0.0,0.0,0.0,0.0,0.0,0.0,0.0,0.0,0.0,0.0,0.0,0.0,0.0,0.0,0.85,UB&PB,58454
2500,1.1292830672944325,0.9056540241618289,0.8287514094343029,0.9560196902008394,0.02814324227231008,0.009627063316201735,0.05558102185876695,0.7302435061466144,0.5999714068226119,0.8558432433240923,0.23779388770433588,0.7622061122956658,0.35001383213995974,0.3770977082648524,0.2618313612306062,0.42727084727841025,0.12788974692547164,0.5461169676029127,0.35533817972747966,0.37923042552748526,0.27017781810238606,0.4304981871857011,0.40730254620459605,0.4165342289735954,0.35071536359383526,0.4653176960802212,0.42014582720682503,0.41982181594144896,0.41610673932743897,0.4236761213331721,0.5064399614542245,0.8765255750289785,11484.555691064119,2613.3346070843895,64167.762457614925,0.85,UB&PB,58454
0,0.0,0.0,0.0,0.0,0.0,0.0,0.0,0.0,0.0,0.0,0.0,0.0,0.0,0.0,0.0,0.0,0.0,0.0,0.0,0.0,0.0,0.0,0.0,0.0,0.0,0.0,0.0,0.0,0.0,0.0,0.0,0.0,0.0,0.0,0.0,0.9,UB&PB,58454
2500,1.1409356508201778,0.901733738864121,0.8286178405815396,0.9564227719258138,0.0285606833898821,0.009875565707367669,0.05642176904013411,0.8494311714757667,0.7038144627646158,0.9315589517960262,0.1586332622601278,0.8413667377398713,0.3587365847317247,0.3823970251574366,0.2865839772291792,0.4242852377609523,0.14426988073756472,0.5488370469903342,0.36296716056040407,0.38198349311275914,0.2942973763206849,0.42752530745169626,0.4059054981094201,0.4125854703948942,0.3507402588268382,0.4617961233494221,0.4152847577130212,0.4149848059150796,0.4113887965987893,0.41872712170711246,0.6086816568255773,1.0420229446386915,12267.25852876095,2638.9719217060897,69893.4280017352,0.9,UB&PB,58454
0,0.0,0.0,0.0,0.0,0.0,0.0,0.0,0.0,0.0,0.0,0.0,0.0,0.0,0.0,0.0,0.0,0.0,0.0,0.0,0.0,0.0,0.0,0.0,0.0,0.0,0.0,0.0,0.0,0.0,0.0,0.0,0.0,0.0,0.0,0.0,0.95,UB&PB,58454
2500,1.1697973012611345,0.84819562683926,0.7502896233083033,0.9214168924961783,0.02900784548058401,0.010139342307501438,0.056790112957803784,0.7914993331744241,0.6142304344016545,0.8893898870886418,0.1507178393745556,0.8492821606254438,0.3924413254170281,0.40887328032555975,0.3455161431712749,0.4400022947397211,0.19908817695935258,0.5580947411607028,0.3977053055186614,0.4082957959801036,0.3526091810038102,0.4454134384643308,0.4184265962796582,0.4231372284504938,0.3722856408570358,0.46533800786759844,0.4248106198516655,0.42451910762037975,0.42065447167605236,0.4285051731177432,0.04690871410437096,0.6062016708241803,7600.774562336448,1892.4143782879703,39964.868863607204,0.95,UB&PB,58454
0,0.0,0.0,0.0,0.0,0.0,0.0,0.0,0.0,0.0,0.0,0.0,0.0,0.0,0.0,0.0,0.0,0.0,0.0,0.0,0.0,0.0,0.0,0.0,0.0,0.0,0.0,0.0,0.0,0.0,0.0,0.0,0.0,0.0,0.0,0.0,0.05,UB&PB,72910
2500,0.9130870187088431,0.4323863013352966,0.3264671939422274,0.5757187057462759,0.8616256244951204,0.7446380323771381,0.9324971238885623,0.8765499205504228,0.7978652390457015,0.9415839177943616,0.9600817341862139,0.03991826581378822,0.08087513529505191,0.022336162691746965,0.004042808593648632,0.10398469649641766,0.0003326785253053475,0.3595720048817029,0.09092582305246033,0.0313701667035282,0.0064268386481637785,0.12465116168365013,0.13739292434988581,0.09368070521946432,0.03818937001999702,0.1984103368413313,0.410020519826392,0.40961686740994374,0.40064699413295235,0.41882744502791264,0.04118082351587321,0.2866281031844471,6599.536402326393,3998.7550056535583,11097.082240450009,0.05,UB&PB,72910
0,0.0,0.0,0.0,0.0,0.0,0.0,0.0,0.0,0.0,0.0,0.0,0.0,0.0,0.0,0.0,0.0,0.0,0.0,0.0,0.0,0.0,0.0,0.0,0.0,0.0,0.0,0.0,0.0,0.0,0.0,0.0,0.0,0.0,0.0,0.0,0.1,UB&PB,72910
2500,0.9322464337520626,0.6406249780716566,0.45056665289262304,0.8014884490621381,0.8286497562642914,0.7102641158658001,0.9016875490045844,0.8470628732337032,0.7470768145442122,0.922407738936163,0.9578287135749817,0.04217128642501777,0.08074301926283264,0.0234673976108026,0.003959799177101915,0.10357804148386245,0.00017377400858945802,0.36176700424969427,0.08697107483876035,0.029109663701432382,0.005293381648051028,0.11617912714778078,0.13530649617415957,0.09322031441545937,0.03931109780418634,0.19122947875317908,0.42392061123685976,0.4234957385074824,0.4165963202372329,0.4307263455239926,0.018769366126236538,0.3711464634899259,25670.287667058517,14951.34845825691,44636.35805183499,0.1,UB&PB,72910
0,0.0,0.0,0.0,0.0,0.0,0.0,0.0,0.0,0.0,0.0,0.0,0.0,0.0,0.0,0.0,0.0,0.0,0.0,0.0,0.0,0.0,0.0,0.0,0.0,0.0,0.0,0.0,0.0,0.0,0.0,0.0,0.0,0.0,0.0,0.0,0.15,UB&PB,72910
2500,0.9439421189206288,0.3143405378124428,0.19830766503986397,0.4490368346996124,0.43232092036900993,0.34704078421951684,0.5281079450485608,0.8925710518056054,0.8225987047118906,0.9494189546487056,0.9560589907604821,0.04394100923951676,0.12294837629370192,0.0810997444530334,0.03225820287554884,0.17863095507385013,0.008322392548908585,0.3695870005262347,0.15395253417375854,0.12058786127478846,0.05523732927761245,0.22432665373417426,0.17917757646976615,0.15459013698970914,0.10675575794580039,0.22675183666693313,0.409595274229,0.4087216950533393,0.3894688433481348,0.4286792994703037,0.04795234311737298,0.4376203609493357,3512.296011637998,2312.9026440092425,5561.917043529603,0.15,UB&PB,72910
0,0.0,0.0,0.0,0.0,0.0,0.0,0.0,0.0,0.0,0.0,0.0,0.0,0.0,0.0,0.0,0.0,0.0,0.0,0.0,0.0,0.0,0.0,0.0,0.0,0.0,0.0,0.0,0.0,0.0,0.0,0.0,0.0,0.0,0.0,0.0,0.2,UB&PB,72910
2500,0.9494812992342736,0.7023712387965846,0.48905470407165186,0.8617154500857043,0.7546544176872686,0.6393731450806892,0.8554324317855033,0.8142248620844237,0.7031186176557772,0.9062344104563397,0.9635230987917545,0.03647690120824446,0.08263872137197141,0.031581829315404784,0.006703983376932323,0.11326510583307166,0.0008710407013566098,0.3360073859595503,0.08856915445565523,0.03824941187694852,0.009027177587501255,0.12403830970248451,0.13507965618692233,0.10579488862816332,0.05005190843837647,0.18697658088194125,0.4095790242766077,0.40888850970040236,0.4019215018921892,0.41619910149380507,0.04031987799302769,0.5008439380972732,28634.90777156313,17912.50826043671,46653.010413795724,0.2,UB&PB,72910
0,0.0,0.0,0.0,0.0,0.0,0.0,0.0,0.0,0.0,0.0,0.0,0.0,0.0,0.0,0.0,0.0,0.0,0.0,0.0,0.0,0.0,0.0,0.0,0.0,0.0,0.0,0.0,0.0,0.0,0.0,0.0,0.0,0.0,0.0,0.0,0.25,UB&PB,72910
2500,0.961621970169346,0.5664102530075923,0.44797872771567837,0.6702901688571858,0.14804841756359377,0.09390069157926063,0.22197530082298558,0.8803257562628128,0.804977192367733,0.9397787540648049,0.9390803127221043,0.06091968727789618,0.17762291827269153,0.13481541434937266,0.05566784867160665,0.27395065635360977,0.013708441930862063,0.45538885821059016,0.2033853381011014,0.1702398835128863,0.08125893256648255,0.3062283464614841,0.27496746195621014,0.26649853761831155,0.16326823901501422,0.3844902896846669,0.4194463416292924,0.419026906145837,0.4096877634381401,0.42872975222264137,0.11182132619246145,0.31409595743054414,12876.354737632999,4882.774420156443,37154.9357280612,0.25,UB&PB,72910
0,0.0,0.0,0.0,0.0,0.0,0.0,0.0,0.0,0.0,0.0,0.0,0.0,0.0,0.0,0.0,0.0,0.0,0.0,0.0,0.0,0.0,0.0,0.0,0.0,0.0,0.0,0.0,0.0,0.0,0.0,0.0,0.0,0.0,0.0,0.0,0.3,UB&PB,72910
2500,0.9738654052576906,0.6925279876286973,0.567960784318827,0.7961303024293581,0.07798772470337664,0.03844734817250661,0.1305981114552826,0.801902606043045,0.7009804886732375,0.9043052997484645,0.9144832977967311,0.08551670220326948,0.19219446757064593,0.1545539943117278,0.05813130736291379,0.3023230504485376,0.01165296472996656,0.4720820509005272,0.20614889914308432,0.1753748928454046,0.07192264634572182,0.3224865556953296,0.3094551014403269,0.32488357945647084,0.18531950690352564,0.4331455393806521,0.4249970045043756,0.424699818461662,0.41985017286168475,0.4297264260632121,0.25655748682980745,0.4783337458137106,7784.1499261282415,2994.65968748181,23958.875771102557,0.3,UB&PB,72910
0,0.0,0.0,0.0,0.0,0.0,0.0,0.0,0.0,0.0,0.0,0.0,0.0,0.0,0.0,0.0,0.0,0.0,0.0,0.0,0.0,0.0,0.0,0.0,0.0,0.0,0.0,0.0,0.0,0.0,0.0,0.0,0.0,0.0,0.0,0.0,0.35,UB&PB,72910
2500,0.9692604326162707,0.816968389754278,0.6995953540517278,0.9014584951508792,0.2162656624719197,0.1379641698453485,0.31136251062013925,0.8566123091579427,0.7721797194838946,0.924143041383823,0.9461357498223172,0.053864250177682975,0.14196086643609404,0.08251257354546117,0.024086139318140354,0.22762914416254718,0.003769398118483623,0.4403800765364403,0.14611503039900237,0.08906369279045337,0.02667545341988363,0.2343533450694745,0.2374695457970964,0.21569660064659724,0.11715325953835724,0.3548832601126039,0.40620408455130624,0.40591132606748637,0.40158964047364487,0.4103421717439734,0.03312939430849934,0.38943399724946104,26795.382666456582,11281.258021717567,70598.82285751378,0.35,UB&PB,72910
0,0.0,0.0,0.0,0.0,0.0,0.0,0.0,0.0,0.0,0.0,0.0,0.0,0.0,0.0,0.0,0.0,0.0,0.0,0.0,0.0,0.0,0.0,0.0,0.0,0.0,0.0,0.0,0.0,0.0,0.0,0.0,0.0,0.0,0.0,0.0,0.4,UB&PB,72910
2500,0.985313895876916,0.7880125945442132,0.6412624917226035,0.9128741531434547,0.05314709820411698,0.02272466443826777,0.09791268951177656,0.7245145318618795,0.6308123842218598,0.8332776059252328,0.9073830845771134,0.09261691542288551,0.20340552043781815,0.1739406668345529,0.06336611016232169,0.3260027117021576,0.014268726496482488,0.47347525878667635,0.2134022403907443,0.18857795158102186,0.07343050925377771,0.33953289488570754,0.31764789928680104,0.34158401594707544,0.19306149958684649,0.4377817554077183,0.41512408287276364,0.4147950131495126,0.4104720204432722,0.4192865650872805,0.2825957980836454,0.6993052020936823,10191.442838656383,3515.769292279012,37001.32463338331,0.4,UB&PB,72910
0,0.0,0.0,0.0,0.0,0.0,0.0,0.0,0.0,0.0,0.0,0.0,0.0,0.0,0.0,0.0,0.0,0.0,0.0,0.0,0.0,0.0,0.0,0.0,0.0,0.0,0.0,0.0,0.0,0.0,0.0,0.0,0.0,0.0,0.0,0.0,0.45,UB&PB,72910
2500,0.998286262889745,0.8015401352497158,0.6792966470111312,0.9015896772354944,0.05163756306382483,0.021950174166891927,0.09414153933699641,0.8062343312300543,0.6900083490568293,0.8999783941011311,0.8952544420753371,0.10474555792466231,0.2085185626298581,0.1791314765393696,0.06748473764899249,0.3392000832164142,0.017047017155302154,0.47584432534061993,0.21772651613745736,0.19199106556248935,0.07763429206979608,0.35097985106852414,0.32076300160842375,0.34270675275359813,0.20056238793682288,0.4387456988439304,0.415843800348845,0.4155391042383821,0.4113948041185226,0.4198218029195335,0.0590497813354241,0.3420432813686484,11355.659363309001,3864.727127401515,41439.39784258022,0.45,UB&PB,72910
0,0.0,0.0,0.0,0.0,0.0,0.0,0.0,0.0,0.0,0.0,0.0,0.0,0.0,0.0,0.0,0.0,0.0,0.0,0.0,0.0,0.0,0.0,0.0,0.0,0.0,0.0,0.0,0.0,0.0,0.0,0.0,0.0,0.0,0.0,0.0,0.5,UB&PB,72910
2500,1.0059705531923047,0.8048328277875493,0.6847796053066065,0.9043814197544368,0.04550725586222747,0.018762925915533312,0.08399644574842427,0.8086246749262259,0.6970037660957739,0.8990419507821585,0.8988102345415778,0.10118976545842207,0.2143967983081887,0.19001820487534246,0.07057712143427675,0.35449330732323586,0.013623966741634722,0.4754433656817962,0.2233154356726615,0.20134536589195048,0.08138586545334446,0.36356260364721105,0.32512558179598283,0.35106354735748746,0.20963098020301243,0.43845233102607123,0.41380628102491324,0.41350221374993074,0.4094263517400383,0.41773516642686565,0.21122728311124123,0.581322524078117,11258.57170180024,3741.7747105580274,43038.23217187923,0.5,UB&PB,72910
0,0.0,0.0,0.0,0.0,0.0,0.0,0.0,0.0,0.0,0.0,0.0,0.0,0.0,0.0,0.0,0.0,0.0,0.0,0.0,0.0,0.0,0.0,0.0,0.0,0.0,0.0,0.0,0.0,0.0,0.0,0.0,0.0,0.0,0.0,0.0,0.55,UB&PB,72910
2500,1.014962235215802,0.8892766260015595,0.8101295229884062,0.9489421873382942,0.03564526069705676,0.013313208116084132,0.06995245017269683,0.7465001848366944,0.6289491578429898,0.8509793687620738,0.849838663823738,0.15016133617626132,0.22959763391492402,0.20953652740348158,0.08082920274451409,0.3764596981417719,0.016253439731067854,0.49484742435711765,0.23625278437232994,0.21739418237266245,0.08970822361608274,0.38168326880340425,0.33924943520443573,0.366727770150717,0.2212996770567795,0.45297771700373335,0.414622802538225,0.41432487128706447,0.4106317146831586,0.4181523531967673,0.12281385863869015,0.4332300234801411,16078.81931635696,4762.415450490916,70918.46275847268,0.55,UB&PB,72910
0,0.0,0.0,0.0,0.0,0.0,0.0,0.0,0.0,0.0,0.0,0.0,0.0,0.0,0.0,0.0,0.0,0.0,0.0,0.0,0.0,0.0,0.0,0.0,0.0,0.0,0.0,0.0,0.0,0.0,0.0,0.0,0.0,0.0,0.0,0.0,0.6,UB&PB,72910
2500,1.0327944862679175,0.833291785601707,0.7353673249862751,0.9139363451522193,0.034682345575578026,0.012937420339153948,0.06715094823783123,0.8044495815291313,0.6572446263127938,0.906089780127126,0.7983752665245212,0.20162473347547966,0.24591596430920465,0.22950984896042542,0.11204097468025964,0.38904377345419117,0.02371856625452364,0.4908144648515176,0.2544767824825729,0.2403815628951108,0.12475541158426985,0.393143723686702,0.3486483433901868,0.3764534542770668,0.2502120592412045,0.44721145504271176,0.41222152298647363,0.41198468471427513,0.4079806834461851,0.41607346936114514,0.4143904658329407,0.7609678662429538,10348.223766845096,3224.0173110990872,44504.60269097761,0.6,UB&PB,72910
0,0.0,0.0,0.0,0.0,0.0,0.0,0.0,0.0,0.0,0.0,0.0,0.0,0.0,0.0,0.0,0.0,0.0,0.0,0.0,0.0,0.0,0.0,0.0,0.0,0.0,0.0,0.0,0.0,0.0,0.0,0.0,0.0,0.0,0.0,0.0,0.65,UB&PB,72910
2500,1.0516654477003256,0.8636722097766211,0.7676274571146067,0.9346358945968066,0.02791264799071898,0.009612663439837464,0.05487653215711367,0.6200034514861584,0.4740546793815602,0.7859700054961559,0.6243638948116568,0.37563610518834323,0.2811183607084861,0.27977266333979933,0.16116253464564914,0.406790921278999,0.04543189395129703,0.5126116835487747,0.2892535961566736,0.2896472001449298,0.1736994087918692,0.40953391414253537,0.373589162954135,0.39836097871161824,0.29075828103240453,0.45745934637597974,0.41413197159362003,0.4138564532470949,0.4100950392378343,0.41776059673783206,0.02500021761462393,0.5347615585258972,10945.135654659647,3002.552981892016,54691.06318452772,0.65,UB&PB,72910
0,0.0,0.0,0.0,0.0,0.0,0.0,0.0,0.0,0.0,0.0,0.0,0.0,0.0,0.0,0.0,0.0,0.0,0.0,0.0,0.0,0.0,0.0,0.0,0.0,0.0,0.0,0.0,0.0,0.0,0.0,0.0,0.0,0.0,0.0,0.0,0.7,UB&PB,72910
2500,1.0748999783518314,0.8853938832858145,0.8134142179427122,0.9406161887145452,0.02911500288894198,0.010114943003702526,0.05748970930583089,0.6297861987366824,0.49477135891681256,0.7478511729878112,0.4289339019189768,0.5710660980810225,0.30528513354396597,0.3081951400133421,0.19484583314780432,0.4172287782287642,0.06992166287575335,0.5312659652875573,0.31220065505857714,0.31739529381389564,0.20495404923225474,0.4193814462481854,0.39057366521711917,0.4088688013872279,0.31694525435474824,0.46628092308488567,0.41843402198309665,0.4182083163700004,0.4145503750643141,0.42195964393929675,0.17809647446253332,0.7479758209061548,12748.759251907655,3140.17901119904,67224.7958331865,0.7,UB&PB,72910
0,0.0,0.0,0.0,0.0,0.0,0.0,0.0,0.0,0.0,0.0,0.0,0.0,0.0,0.0,0.0,0.0,0.0,0.0,0.0,0.0,0.0,0.0,0.0,0.0,0.0,0.0,0.0,0.0,0.0,0.0,0.0,0.0,0.0,0.0,0.0,0.75,UB&PB,72910
2500,1.0971185409824187,0.8564193045485374,0.7578733338272762,0.931473931866449,0.028118729093171185,0.009747102744895403,0.05516397741011669,0.7468244768014887,0.6274217273064283,0.8489385951108152,0.35849893390191845,0.6415010660980798,0.32026252410611455,0.3333781868580247,0.21550267062724243,0.4237696521912794,0.08286954343964022,0.5383268996628493,0.3280082676809989,0.34317327483490767,0.22581621925563566,0.4267591277534487,0.39996874193283805,0.4150714634960423,0.33690487221926657,0.46608017879183933,0.42203960894025216,0.42176838542390616,0.41795428021883757,0.42568999222352527,0.08695958123571147,0.42160723640471653,10203.140226291973,2552.7171021253007,53538.09397057008,0.75,UB&PB,72910
0,0.0,0.0,0.0,0.0,0.0,0.0,0.0,0.0,0.0,0.0,0.0,0.0,0.0,0.0,0.0,0.0,0.0,0.0,0.0,0.0,0.0,0.0,0.0,0.0,0.0,0.0,0.0,0.0,0.0,0.0,0.0,0.0,0.0,0.0,0.0,0.8,UB&PB,72910
2500,1.1206196038083736,0.8449840867335229,0.7494212121430406,0.9210876271844846,0.029428303311506854,0.01023673826223031,0.057696103481422165,0.774134241953156,0.6553116398342207,0.8770342201390963,0.3249737029140018,0.6750262970859989,0.3384694547052021,0.3627272852241812,0.23821076304214184,0.43127026941960295,0.10427392193964212,0.5441914683564214,0.3457024968743944,0.3689304633009067,0.24814851857850467,0.4347538699884029,0.40770553206657706,0.4203262787906669,0.3489484189719223,0.4688696222495573,0.42667478370521467,0.42637735177672964,0.42263079217244054,0.4302673696549191,0.073464935544887,0.4295250738671662,9228.04495346555,2370.1051822618983,47143.039686413416,0.8,UB&PB,72910
0,0.0,0.0,0.0,0.0,0.0,0.0,0.0,0.0,0.0,0.0,0.0,0.0,0.0,0.0,0.0,0.0,0.0,0.0,0.0,0.0,0.0,0.0,0.0,0.0,0.0,0.0,0.0,0.0,0.0,0.0,0.0,0.0,0.0,0.0,0.0,0.85,UB&PB,72910
2500,1.1303180294994566,0.8820631968445758,0.8072349099076752,0.9400512579233006,0.028846111178925278,0.01004183271774173,0.05664540451717038,0.7183102588023662,0.5719241559502547,0.8449183395461927,0.1848351101634688,0.815164889836533,0.35323851608418166,0.3787095643962666,0.2686336664687382,0.4277213584893353,0.1346501204704905,0.5489066681682772,0.3588782922320316,0.38119913509024334,0.27764652337559675,0.43127691974828375,0.4095420680334389,0.41757995679799514,0.3552660006640277,0.4652780918074455,0.4206900780681084,0.42038106526487024,0.4167176693903482,0.42418307063368016,0.40879114406748557,0.8179445405370395,11004.351185397249,2492.407191345791,59964.419087327224,0.85,UB&PB,72910
0,0.0,0.0,0.0,0.0,0.0,0.0,0.0,0.0,0.0,0.0,0.0,0.0,0.0,0.0,0.0,0.0,0.0,0.0,0.0,0.0,0.0,0.0,0.0,0.0,0.0,0.0,0.0,0.0,0.0,0.0,0.0,0.0,0.0,0.0,0.0,0.9,UB&PB,72910
2500,1.148498896890247,0.8645726641436443,0.7786296309700106,0.932196380277835,0.027688580168993396,0.00944518556128243,0.05466016176059083,0.7021623978430092,0.5875013663233101,0.8099723249951752,0.13823240938166279,0.8617675906183371,0.3708465246940151,0.3938930601366355,0.30656595920615404,0.4299775521505871,0.16256389327471196,0.5527907981654798,0.37623113260609775,0.3941006050449788,0.3150569728694139,0.4346364139746331,0.41147738442487747,0.4175443976618624,0.36223933594171803,0.4613694037348716,0.419665878471323,0.4194136228860323,0.41565710472357864,0.4232741119529473,0.21365141187497652,0.7001165910980819,9445.094420373145,2157.0971278076095,52323.71203418795,0.9,UB&PB,72910
0,0.0,0.0,0.0,0.0,0.0,0.0,0.0,0.0,0.0,0.0,0.0,0.0,0.0,0.0,0.0,0.0,0.0,0.0,0.0,0.0,0.0,0.0,0.0,0.0,0.0,0.0,0.0,0.0,0.0,0.0,0.0,0.0,0.0,0.0,0.0,0.95,UB&PB,72910
2500,1.1624867600222164,0.8796557368096136,0.7863340815737435,0.9460691257889132,0.028614258166677183,0.009954351622131704,0.05594438401671705,0.801605846849527,0.6945848547653234,0.8864182011901577,0.1415309168443495,0.8584690831556504,0.38315028393950745,0.3993899787416491,0.332764627158344,0.4326680952741568,0.18995562421435638,0.5525379914055117,0.3872155236070338,0.3977834213709469,0.33898490643460427,0.43689991161108116,0.4118793202433861,0.41656594254387924,0.362462366747576,0.4617588851931067,0.4183657929372631,0.4180664215190052,0.4143545117070098,0.42194622151767,0.5198194013992936,1.034396119388017,9995.798231879768,2267.1667493889613,55759.513605266715,0.95,UB&PB,72910
0,0.0,0.0,0.0,0.0,0.0,0.0,0.0,0.0,0.0,0.0,0.0,0.0,0.0,0.0,0.0,0.0,0.0,0.0,0.0,0.0,0.0,0.0,0.0,0.0,0.0,0.0,0.0,0.0,0.0,0.0,0.0,0.0,0.0,0.0,0.0,0.05,UB&PB,82131
2500,0.9126584006310874,0.508626643123604,0.39370892311034233,0.6422869480095236,0.8775242487152711,0.7830191238481287,0.943559851904458,0.8695251345037761,0.7864794344579348,0.9351118263633915,0.9628926794598431,0.03710732054015645,0.07641983650975243,0.01770506727284554,0.0024017959708203356,0.0952818407348024,0.0001386527562375107,0.3551328549461745,0.08388394269922515,0.023815522454865096,0.0036224956348608075,0.11109800004425481,0.13285654001427202,0.08647579718864293,0.033287086733093614,0.19509050136378966,0.41582124168238854,0.4154501908787718,0.4074937516842868,0.42367193913471024,0.1448968460848336,0.8959329712581307,10348.277868522791,6202.4171887451475,17609.89800939766,0.05,UB&PB,82131
0,0.0,0.0,0.0,0.0,0.0,0.0,0.0,0.0,0.0,0.0,0.0,0.0,0.0,0.0,0.0,0.0,0.0,0.0,0.0,0.0,0.0,0.0,0.0,0.0,0.0,0.0,0.0,0.0,0.0,0.0,0.0,0.0,0.0,0.0,0.0,0.1,UB&PB,82131
2500,0.9300493025861712,0.2891554889165341,0.18773196336888745,0.4154253380884864,0.49780068667481076,0.3999042011932902,0.602908899184499,0.8950156365078333,0.8231495005301029,0.9510115235257148,0.9609580668088115,0.039041933191187046,0.10581910040642765,0.05670008347193707,0.020029885720131375,0.15095038283921813,0.003920371417471474,0.3623652846143076,0.13357588409114035,0.09067551417850055,0.03446868463196049,0.19787248673944574,0.16219366261931661,0.13239716413921346,0.08700811079293791,0.20590119711958318,0.4146817149155942,0.4140090142851478,0.3975674059040384,0.4309879243872226,0.05051001823191972,0.24116499104978875,2023.7227757018813,1426.2419660304126,2951.720117102782,0.1,UB&PB,82131
0,0.0,0.0,0.0,0.0,0.0,0.0,0.0,0.0,0.0,0.0,0.0,0.0,0.0,0.0,0.0,0.0,0.0,0.0,0.0,0.0,0.0,0.0,0.0,0.0,0.0,0.0,0.0,0.0,0.0,0.0,0.0,0.0,0.0,0.0,0.0,0.15,UB&PB,82131
2500,0.9395006612614529,0.21063392209217968,0.11354884572077506,0.36294062346224404,0.4017593490770405,0.2831816652449694,0.5434617831944846,0.8621929842065299,0.7730988500305034,0.9341630915173205,0.9645927505330484,0.0354072494669509,0.12627207955834144,0.08547996915774646,0.034295423247501816,0.18653278225414008,0.0078912244653629,0.3673300884850995,0.16407057932044153,0.13324199459510458,0.06052958181746466,0.24285558337013374,0.1776994413517465,0.15588325606676492,0.11262265349958979,0.21903199727591632,0.4034546846274612,0.402361953079865,0.3741010892691756,0.4311272295779419,0.25260174121906437,0.9481068417386629,1526.5242042046978,1088.1491929021881,2169.9619345744195,0.15,UB&PB,82131
0,0.0,0.0,0.0,0.0,0.0,0.0,0.0,0.0,0.0,0.0,0.0,0.0,0.0,0.0,0.0,0.0,0.0,0.0,0.0,0.0,0.0,0.0,0.0,0.0,0.0,0.0,0.0,0.0,0.0,0.0,0.0,0.0,0.0,0.0,0.0,0.2,UB&PB,82131
2500,0.953368139791503,0.484916513069594,0.30185489987699216,0.6757969344071675,0.7364253100164312,0.6130383844542864,0.8402331816349233,0.8569858760840742,0.7657410711836512,0.9335433039282608,0.9628770433546543,0.037122956645344714,0.08558296729895729,0.042509425743594266,0.010970646378255525,0.12156996147201583,0.0008120164155205245,0.3112682779986802,0.09670860911079657,0.05522516888440608,0.01636979672505728,0.14100595449076736,0.13380446038106103,0.11081888897481801,0.06047802928792995,0.18006785206313347,0.4056142873549805,0.4049890640895391,0.3958205340136251,0.41462729515546604,0.04441103502425425,0.941339591164203,7126.645852448409,4745.991941160235,11125.764428977622,0.2,UB&PB,82131
0,0.0,0.0,0.0,0.0,0.0,0.0,0.0,0.0,0.0,0.0,0.0,0.0,0.0,0.0,0.0,0.0,0.0,0.0,0.0,0.0,0.0,0.0,0.0,0.0,0.0,0.0,0.0,0.0,0.0,0.0,0.0,0.0,0.0,0.0,0.0,0.25,UB&PB,82131
2500,0.9535720982109532,0.7710815487050803,0.6184001852746714,0.8907656666323577,0.18332805397363902,0.12651654514929053,0.26075263472109833,0.8455176360458506,0.7559403829113215,0.9192735989756177,0.9371343283582081,0.06286567164179103,0.14599036396818346,0.08984538427519277,0.02520668406008082,0.2300987621155958,0.004015908710227819,0.4437834334153063,0.15364791287602406,0.10193812477757087,0.030917705119299702,0.2418362822451671,0.2498826681760218,0.2374444631313758,0.12217774495139333,0.3712995737346144,0.41303354840940537,0.41268667862781283,0.40786367297581727,0.4176931845716041,0.10914810062154251,0.6728569599516833,23606.448813782394,10885.492674015308,56987.291932039676,0.25,UB&PB,82131
0,0.0,0.0,0.0,0.0,0.0,0.0,0.0,0.0,0.0,0.0,0.0,0.0,0.0,0.0,0.0,0.0,0.0,0.0,0.0,0.0,0.0,0.0,0.0,0.0,0.0,0.0,0.0,0.0,0.0,0.0,0.0,0.0,0.0,0.0,0.0,0.3,UB&PB,82131
2500,0.9700809351444595,0.6249821376359784,0.4770037245940753,0.7514327235275297,0.1549593736897701,0.09392662371632103,0.2513233649130188,0.8785170094239908,0.7803748794113463,0.9430741293422749,0.9470653873489691,0.052934612651030576,0.16727307996221658,0.12080780573405694,0.04045277175945047,0.26830621481623984,0.006365794677285385,0.45054435914326696,0.18364026488233454,0.14562425586000122,0.05381307483409687,0.292640746180931,0.26812170679010416,0.2607046222567413,0.1485861169383717,0.38747106743010673,0.42099146252137387,0.42073583962783895,0.4146212835540065,0.42703057296813113,0.053903437574525696,0.31160530366507744,7843.44614967983,3075.2089856362118,23079.868434750348,0.3,UB&PB,82131
0,0.0,0.0,0.0,0.0,0.0,0.0,0.0,0.0,0.0,0.0,0.0,0.0,0.0,0.0,0.0,0.0,0.0,0.0,0.0,0.0,0.0,0.0,0.0,0.0,0.0,0.0,0.0,0.0,0.0,0.0,0.0,0.0,0.0,0.0,0.0,0.35,UB&PB,82131
2500,0.9803839763799712,0.6583437478623917,0.5485902638473987,0.7688930854911317,0.09512649919504525,0.04973813293908398,0.15725170215596274,0.8252391503100864,0.725538027468251,0.9111255493771986,0.9188365316275762,0.08116346837242379,0.1956697432951334,0.15876331317485648,0.06372112698384036,0.3070413765755875,0.015661359618384798,0.4731455467420969,0.21253596534641123,0.18287839957986157,0.08115057807142345,0.32815926425948744,0.30369397610747456,0.3114481565471809,0.1840293283138334,0.4224444109052991,0.42228409933253175,0.4220322735048478,0.4160747689318137,0.4281342486807055,0.20783721191374804,0.4783958132197304,9444.606388095854,3768.9861058490824,27863.863257782417,0.35,UB&PB,82131
0,0.0,0.0,0.0,0.0,0.0,0.0,0.0,0.0,0.0,0.0,0.0,0.0,0.0,0.0,0.0,0.0,0.0,0.0,0.0,0.0,0.0,0.0,0.0,0.0,0.0,0.0,0.0,0.0,0.0,0.0,0.0,0.0,0.0,0.0,0.0,0.4,UB&PB,82131
2500,0.9878121546738231,0.8113739816445833,0.6955169731417706,0.894051102299687,0.05604166651299526,0.024305955750757644,0.10077109643922079,0.8013361992321013,0.7055355853075581,0.8824083326023413,0.8935785358919691,0.10642146410803137,0.1995070090574639,0.16631492006569604,0.05734355281060585,0.3227090173967003,0.012702595439892113,0.4779146639232447,0.20837790411076665,0.17956223782331712,0.06627937184787164,0.3355838930245728,0.31687589875051525,0.33786778257345845,0.18958356315520217,0.44096409079115706,0.41923395138357644,0.418902493177221,0.4148508624532485,0.42313005510010937,0.33973421422336963,0.7737676556629588,12939.875074190682,4316.284463061875,47844.63997072215,0.4,UB&PB,82131
0,0.0,0.0,0.0,0.0,0.0,0.0,0.0,0.0,0.0,0.0,0.0,0.0,0.0,0.0,0.0,0.0,0.0,0.0,0.0,0.0,0.0,0.0,0.0,0.0,0.0,0.0,0.0,0.0,0.0,0.0,0.0,0.0,0.0,0.0,0.0,0.45,UB&PB,82131
2500,0.9885785089257655,0.853029512233339,0.7662879091379948,0.923073784622291,0.05686605608321582,0.02389472905207045,0.1073321475091619,0.6911253467769118,0.5502221261223872,0.8719334654562978,0.9063823738450605,0.09361762615493963,0.2026219882232033,0.17059079102097766,0.059497834588857365,0.3326080380860468,0.011217049288046918,0.4739535429444162,0.20976897306630865,0.1813973972920869,0.06734806806342664,0.3412763275714158,0.31360845790560743,0.33139021566757704,0.18923152105267402,0.43694231761205515,0.41113460300604193,0.41085970415277984,0.40688381077526636,0.4149805129244004,0.2174386872404163,0.4930229248080192,16504.95414459178,5346.075476912919,62221.9241035346,0.45,UB&PB,82131
0,0.0,0.0,0.0,0.0,0.0,0.0,0.0,0.0,0.0,0.0,0.0,0.0,0.0,0.0,0.0,0.0,0.0,0.0,0.0,0.0,0.0,0.0,0.0,0.0,0.0,0.0,0.0,0.0,0.0,0.0,0.0,0.0,0.0,0.0,0.0,0.5,UB&PB,82131
2500,1.0173227964129474,0.751907663060405,0.6388325337308366,0.872597448912857,0.04155480320791849,0.01655788716941703,0.0776078395453636,0.7065354574356022,0.5951322831274131,0.8228485271475654,0.8723496801705743,0.12765031982942404,0.2389538626359967,0.22418852166462766,0.0990107863709851,0.3788673715644082,0.022494577689835628,0.4911246906991268,0.2509858191521991,0.2388933865694705,0.11504060450049895,0.3891976028185375,0.34942931299716573,0.3796039144142104,0.2442100280768829,0.45377993355366847,0.425181100683417,0.42492152718675835,0.42069856262475097,0.42928755131939533,0.09958644145001039,0.36927231132242827,7939.448102631364,2707.6265324070614,31495.708496550782,0.5,UB&PB,82131
0,0.0,0.0,0.0,0.0,0.0,0.0,0.0,0.0,0.0,0.0,0.0,0.0,0.0,0.0,0.0,0.0,0.0,0.0,0.0,0.0,0.0,0.0,0.0,0.0,0.0,0.0,0.0,0.0,0.0,0.0,0.0,0.0,0.0,0.0,0.0,0.55,UB&PB,82131
2500,1.027554918740657,0.8729617462658191,0.7795946762501397,0.9434504561309965,0.03334253363203941,0.012330121814941825,0.06452948849809785,0.6758395885177934,0.5674282150303241,0.7895132377996876,0.8293766879886282,0.17062331201137176,0.24769728372077324,0.2345712485650939,0.1042195823016286,0.3906441370818423,0.02670037584564222,0.5041221132539799,0.2553328250292008,0.24334367464231546,0.1152049706634269,0.39622397033038376,0.35463984086707034,0.3845022081904029,0.24311355241277632,0.46268410306189217,0.4229945644348494,0.4226912302672323,0.4190274976373991,0.4265200704787311,0.26711678016426843,0.6723100618411217,13642.910533657992,4055.9056575981062,61950.70637867248,0.55,UB&PB,82131
0,0.0,0.0,0.0,0.0,0.0,0.0,0.0,0.0,0.0,0.0,0.0,0.0,0.0,0.0,0.0,0.0,0.0,0.0,0.0,0.0,0.0,0.0,0.0,0.0,0.0,0.0,0.0,0.0,0.0,0.0,0.0,0.0,0.0,0.0,0.0,0.6,UB&PB,82131
2500,1.0389274409704186,0.8594163910276882,0.7503051235149242,0.9339269936247185,0.03038934734040959,0.010846215611880173,0.05924571138746256,0.6063836396133069,0.509148410205564,0.7096525059690049,0.6694633972992192,0.3305366027007818,0.27092737872061756,0.2655338078970638,0.1438449899659436,0.40347673055356104,0.03774680463707675,0.5118826242074628,0.2797594800485734,0.2751457618474802,0.15763980413554735,0.4074368953859059,0.3708291749333983,0.3972420323133572,0.27995161391815787,0.4610130798307234,0.4180270437719866,0.4177347381527705,0.41384832038316605,0.42172634244290613,0.11523983787054215,0.49288711801000223,10617.29027714185,3029.1135261832374,50946.78044560624,0.6,UB&PB,82131
0,0.0,0.0,0.0,0.0,0.0,0.0,0.0,0.0,0.0,0.0,0.0,0.0,0.0,0.0,0.0,0.0,0.0,0.0,0.0,0.0,0.0,0.0,0.0,0.0,0.0,0.0,0.0,0.0,0.0,0.0,0.0,0.0,0.0,0.0,0.0,0.65,UB&PB,82131
2500,1.0550139538095649,0.8628254215167829,0.7735806154787438,0.9328284860962002,0.029899900481595385,0.010630764173044455,0.05815333683938449,0.6807375605690963,0.5743618015998421,0.7782280827233583,0.7219822316986497,0.2780177683013501,0.27608682962587744,0.26993908682717055,0.15252027302000998,0.4066917051092312,0.04649769822771184,0.5073960863795226,0.2839894418940084,0.2799964346889927,0.1647976748161559,0.4095127933479453,0.3687687390322564,0.3944770576606932,0.2795688164048267,0.4582215407212441,0.4162669414949362,0.4159725417487584,0.41216348271688685,0.4199154673740754,0.7381994125960502,1.0210529804316664,11180.435151876025,3250.1632285784412,53265.780378858,0.65,UB&PB,82131
0,0.0,0.0,0.0,0.0,0.0,0.0,0.0,0.0,0.0,0.0,0.0,0.0,0.0,0.0,0.0,0.0,0.0,0.0,0.0,0.0,0.0,0.0,0.0,0.0,0.0,0.0,0.0,0.0,0.0,0.0,0.0,0.0,0.0,0.0,0.0,0.7,UB&PB,82131
2500,1.0742602451428083,0.8480532297363423,0.7466514967979329,0.9282640670099621,0.02835425929332753,0.009842220589638535,0.05525697655437093,0.6779808523463404,0.569526461116229,0.7845380538227806,0.537450604122247,0.4625493958777549,0.29776806069454054,0.2989878923199686,0.18566759415286457,0.4152084301531919,0.06235916283295404,0.5214474589620189,0.30603444777293143,0.31029030790994283,0.1975495200580371,0.41778677701900696,0.3839270640154107,0.404938658655134,0.31041983648328486,0.459710383815118,0.4178084726981354,0.41750545039957976,0.41369230241330923,0.4214730214084106,0.45089792399841083,0.9396869516753821,9812.372058665323,2708.20099524497,48549.54447574666,0.7,UB&PB,82131
0,0.0,0.0,0.0,0.0,0.0,0.0,0.0,0.0,0.0,0.0,0.0,0.0,0.0,0.0,0.0,0.0,0.0,0.0,0.0,0.0,0.0,0.0,0.0,0.0,0.0,0.0,0.0,0.0,0.0,0.0,0.0,0.0,0.0,0.0,0.0,0.75,UB&PB,82131
2500,1.1015349357691966,0.7809555515797273,0.6929425399303335,0.8661628897365732,0.027346851602203327,0.009456898876886173,0.05338595709492609,0.65331208258014,0.5418999513633301,0.7610904420167959,0.4030419331911875,0.5969580668088139,0.32624680440056186,0.3404926147206138,0.23422697735530376,0.4200640279317276,0.09813909606529532,0.5285993907601094,0.3360815997700317,0.35156138378225615,0.24741319407989915,0.42419030654727347,0.3965894037239458,0.4110327129291344,0.3422028042319877,0.4557317585987642,0.4171769751881113,0.41689664934457754,0.4128618039396172,0.4210675631087423,0.046659194117253125,0.48003131149814104,6816.444823721979,1884.0092634644163,33992.322804050986,0.75,UB&PB,82131
0,0.0,0.0,0.0,0.0,0.0,0.0,0.0,0.0,0.0,0.0,0.0,0.0,0.0,0.0,0.0,0.0,0.0,0.0,0.0,0.0,0.0,0.0,0.0,0.0,0.0,0.0,0.0,0.0,0.0,0.0,0.0,0.0,0.0,0.0,0.0,0.8,UB&PB,82131
2500,1.120898238205121,0.8558138449173596,0.7651403729519278,0.9274821895046971,0.027465480857729478,0.009371511376015546,0.054061850966870904,0.6320682484720522,0.5038099170882235,0.7302214585351593,0.18549324804548684,0.8145067519545133,0.345177392834206,0.36723826518796965,0.2605331958617083,0.42305154514717996,0.12170999947216736,0.5451176943314737,0.35215511111239983,0.3725739398298707,0.26972753980457004,0.42679366597938123,0.4061989481276742,0.4149834994248042,0.35622066001144465,0.4580393761170764,0.4180559085257879,0.4177446695347092,0.41399422891760407,0.42161985818658826,0.3742342917186455,0.7855143971524009,9062.217560288587,2138.6049178327658,48981.51774818092,0.8,UB&PB,82131
0,0.0,0.0,0.0,0.0,0.0,0.0,0.0,0.0,0.0,0.0,0.0,0.0,0.0,0.0,0.0,0.0,0.0,0.0,0.0,0.0,0.0,0.0,0.0,0.0,0.0,0.0,0.0,0.0,0.0,0.0,0.0,0.0,0.0,0.0,0.0,0.85,UB&PB,82131
2500,1.137442504348629,0.8644355578711984,0.7809124540175821,0.9302335715914319,0.0271835331490071,0.009233626411705262,0.053718061178509385,0.6001242407034805,0.46519221372428343,0.7317033964331866,0.1527420042643926,0.8472579957356086,0.3645326121495877,0.3894437040309404,0.28985366179483946,0.4321651673508885,0.14688839051282457,0.5541175380022748,0.370958223189695,0.3919355275354627,0.2990852853504053,0.43673037793288055,0.4151058509492166,0.4220132774707011,0.3681214396641615,0.46424096595905334,0.42409392844480925,0.4238051100702436,0.42005738148855143,0.42769276040402415,0.05743356830346965,0.576235280997715,8892.928630606672,2079.1367727487645,48709.47764852293,0.85,UB&PB,82131
0,0.0,0.0,0.0,0.0,0.0,0.0,0.0,0.0,0.0,0.0,0.0,0.0,0.0,0.0,0.0,0.0,0.0,0.0,0.0,0.0,0.0,0.0,0.0,0.0,0.0,0.0,0.0,0.0,0.0,0.0,0.0,0.0,0.0,0.0,0.0,0.9,UB&PB,82131
2500,1.146013265029446,0.810308127135374,0.7033885823920856,0.9034870876358532,0.02784813468190502,0.009658077779634159,0.05425195779846858,0.7377144192283821,0.6186857045270749,0.8641286814708342,0.195375977256574,0.8046240227434268,0.3624302521044813,0.3857487032977161,0.29877483329903615,0.42202447881377897,0.15550894164068182,0.5395763478648836,0.36893132049007354,0.3866023620321615,0.30905616674742903,0.427533586979912,0.4016590870270904,0.4087289163842204,0.35429903261277323,0.4507777382800863,0.4112952198025275,0.41096421105941444,0.4070226215339044,0.41509986574231733,0.42602232365339404,1.0028071988402163,6819.235586253458,1791.5325834455068,34794.44010161085,0.9,UB&PB,82131
0,0.0,0.0,0.0,0.0,0.0,0.0,0.0,0.0,0.0,0.0,0.0,0.0,0.0,0.0,0.0,0.0,0.0,0.0,0.0,0.0,0.0,0.0,0.0,0.0,0.0,0.0,0.0,0.0,0.0,0.0,0.0,0.0,0.0,0.0,0.0,0.95,UB&PB,82131
2500,1.1628567340469438,0.828345346648875,0.7201199560197196,0.9126362724537911,0.02917472019088304,0.010251077294101251,0.05705053144855611,0.6981602680323284,0.5345253145737038,0.8755355071861789,0.15360341151385956,0.8463965884861399,0.38565746933647904,0.400953763132229,0.34079064220176153,0.43125479351543644,0.1992347731012053,0.5464419252586674,0.3909436168133563,0.4007824753736343,0.3474841578976991,0.43676725804615435,0.409632780213075,0.4141441132668645,0.3645470635546905,0.4560543334348806,0.4157101299403725,0.4153985016290329,0.4114242359951093,0.4194998201747964,0.37159189211114024,1.008819479623542,7235.548727958152,1840.9984289777935,37776.923128714014,0.95,UB&PB,82131
0,0.0,0.0,0.0,0.0,0.0,0.0,0.0,0.0,0.0,0.0,0.0,0.0,0.0,0.0,0.0,0.0,0.0,0.0,0.0,0.0,0.0,0.0,0.0,0.0,0.0,0.0,0.0,0.0,0.0,0.0,0.0,0.0,0.0,0.0,0.0,0.05,UB&PB,64961
2500,0.9128433452376817,0.748193444344545,0.6001364836019633,0.8616794559919658,0.8849785618494461,0.8039426248916811,0.9433596719585214,0.8900509323069515,0.8069269726288943,0.9499713184255547,0.9571627576403703,0.04283724235963042,0.0795447871596606,0.017354187777563625,0.0022906140321642975,0.09906538321410532,9.687303816536681e-5,0.37317943558710837,0.08332703508494504,0.019834142649932825,0.0027541597070275185,0.10711760129300797,0.1437699175452501,0.09450843349759777,0.031043063790375757,0.22235647555372154,0.4080066911958392,0.40759787846660345,0.40265658513093366,0.41272450532637345,0.010708989893587212,0.428351854086738,56391.788149551605,26883.65068092525,114907.11714339427,0.05,UB&PB,64961
0,0.0,0.0,0.0,0.0,0.0,0.0,0.0,0.0,0.0,0.0,0.0,0.0,0.0,0.0,0.0,0.0,0.0,0.0,0.0,0.0,0.0,0.0,0.0,0.0,0.0,0.0,0.0,0.0,0.0,0.0,0.0,0.0,0.0,0.0,0.0,0.1,UB&PB,64961
2500,0.9290637242602137,0.7105851609873094,0.583572482925289,0.8359614105267599,0.8276829080073727,0.7189688286431277,0.9144155242735533,0.8905042580481627,0.8106761854063852,0.9511608796120773,0.9560092395167029,0.04399076048329774,0.07768977229427455,0.018273224284564595,0.00232422995849558,0.09538431772872165,8.905992415408665e-5,0.36440592687724416,0.08112378364313953,0.02084387552307313,0.002722408163059585,0.10293848277310497,0.1358964586772234,0.09114755033061926,0.03190848496273594,0.20075757653571208,0.4159288640414095,0.4155662273824096,0.4106212413515887,0.4206781928946757,0.1429124954234555,1.0435336481383186,37577.49930294464,21108.940682048345,67437.01939164537,0.1,UB&PB,64961
0,0.0,0.0,0.0,0.0,0.0,0.0,0.0,0.0,0.0,0.0,0.0,0.0,0.0,0.0,0.0,0.0,0.0,0.0,0.0,0.0,0.0,0.0,0.0,0.0,0.0,0.0,0.0,0.0,0.0,0.0,0.0,0.0,0.0,0.0,0.0,0.15,UB&PB,64961
2500,0.9403593435191322,0.6103266236065745,0.4131918348139519,0.792947789420456,0.8077023760711893,0.680659959713288,0.9005266580855886,0.8630814649584181,0.7706110560222534,0.9301887613950366,0.9615230987917562,0.038476901208244416,0.0777293746141556,0.024820958149667602,0.00513529186841064,0.10122491703307696,0.00038084651470728694,0.33674740639715356,0.08399441598646998,0.030745262320806866,0.006863403847079535,0.11391453256414241,0.1292182246386433,0.0948317101316198,0.04282970193327512,0.17942452496492747,0.40944271685223355,0.4089524206204877,0.40249791012625846,0.41572932038833843,0.1521036569331118,0.7562872708513872,14229.552017307604,8912.861119203797,23343.01525223125,0.15,UB&PB,64961
0,0.0,0.0,0.0,0.0,0.0,0.0,0.0,0.0,0.0,0.0,0.0,0.0,0.0,0.0,0.0,0.0,0.0,0.0,0.0,0.0,0.0,0.0,0.0,0.0,0.0,0.0,0.0,0.0,0.0,0.0,0.0,0.0,0.0,0.0,0.0,0.2,UB&PB,64961
2500,0.9601658817370314,0.3877288999491025,0.26210329631054435,0.5285739868534874,0.4917659990852864,0.37333325658654715,0.631136130572182,0.8324984002513416,0.7360164953445267,0.9079110283779065,0.9577960199004975,0.0422039800995026,0.12051622853583532,0.0790903039802641,0.028840448230142608,0.18155457260543467,0.005528336889769117,0.35677566561312085,0.14488940180308946,0.10905825479263222,0.04544336714570895,0.21763383832663055,0.17809549481639106,0.16165336775506092,0.10150396346973042,0.2361123447387617,0.41861974860590023,0.4176244592940371,0.40246228943072127,0.43361443801573796,0.06808003231682269,0.2629834172041908,3972.7320636694735,2279.364841885715,8179.113631933636,0.2,UB&PB,64961
0,0.0,0.0,0.0,0.0,0.0,0.0,0.0,0.0,0.0,0.0,0.0,0.0,0.0,0.0,0.0,0.0,0.0,0.0,0.0,0.0,0.0,0.0,0.0,0.0,0.0,0.0,0.0,0.0,0.0,0.0,0.0,0.0,0.0,0.0,0.0,0.25,UB&PB,64961
2500,0.9629630523968618,0.4736083033993498,0.31743001898718043,0.6942857196689426,0.18799808583166297,0.12382140499547287,0.26710962458664167,0.8681766153355411,0.7835420097983268,0.934892431864628,0.9462857142857144,0.05371428571428572,0.16874723151838747,0.12697136000879072,0.04942353441801358,0.2611469771814846,0.01136924531683057,0.44251404568865843,0.19516163405794307,0.16449822052311802,0.07353672013393486,0.29724194638074014,0.2592209383607499,0.247437549999909,0.15257033518918742,0.3622188970975238,0.41843948105945394,0.41811195548909563,0.4084386704904281,0.4280360884504771,0.06275557027439546,0.28862695216536455,4768.472678206245,2323.83676881288,11217.738845634387,0.25,UB&PB,64961
0,0.0,0.0,0.0,0.0,0.0,0.0,0.0,0.0,0.0,0.0,0.0,0.0,0.0,0.0,0.0,0.0,0.0,0.0,0.0,0.0,0.0,0.0,0.0,0.0,0.0,0.0,0.0,0.0,0.0,0.0,0.0,0.0,0.0,0.0,0.0,0.3,UB&PB,64961
2500,0.9668417866811069,0.7310874292940976,0.605855280787581,0.8273639933189916,0.2293300065685449,0.13571126610486967,0.33219814635644707,0.8990641205444768,0.8102371809303931,0.9532407596536008,0.9418081023454158,0.058191897654584185,0.1500768338964917,0.09656506867780928,0.02844859614285995,0.2385146396884018,0.005198254830344311,0.44495587254999264,0.15887374459886378,0.11010504430032991,0.03465898115385931,0.2537402414807692,0.24879310196999035,0.23508419292805535,0.12699821963518487,0.36539567719294863,0.4178579443062717,0.41748955807023386,0.41268966630179665,0.4224811423468306,0.06865566015520558,0.7225290510755049,18620.927175722652,9130.42649908531,40176.69135168867,0.3,UB&PB,64961
0,0.0,0.0,0.0,0.0,0.0,0.0,0.0,0.0,0.0,0.0,0.0,0.0,0.0,0.0,0.0,0.0,0.0,0.0,0.0,0.0,0.0,0.0,0.0,0.0,0.0,0.0,0.0,0.0,0.0,0.0,0.0,0.0,0.0,0.0,0.0,0.35,UB&PB,64961
2500,0.9761825832474201,0.7012066347962324,0.5524767209481941,0.831140071742653,0.10078721550873707,0.051915672890404184,0.168971913846984,0.818825232595477,0.7035124960532476,0.9119705767119942,0.9277398720682307,0.07226012793176959,0.1822808350906554,0.14168425248006145,0.04952765630438007,0.29353784066962973,0.010440692476869611,0.4612030978573651,0.19484117549421426,0.16021063451873951,0.06169101897536325,0.3111845918733894,0.29111371417306064,0.2950370551652152,0.16986032962039035,0.41353782084362234,0.4152039539385653,0.4148763194113081,0.4100041217718705,0.4199457487011097,0.1480787647752266,0.70592530375835,10074.692192403903,4113.114291359253,27670.545022106617,0.35,UB&PB,64961
0,0.0,0.0,0.0,0.0,0.0,0.0,0.0,0.0,0.0,0.0,0.0,0.0,0.0,0.0,0.0,0.0,0.0,0.0,0.0,0.0,0.0,0.0,0.0,0.0,0.0,0.0,0.0,0.0,0.0,0.0,0.0,0.0,0.0,0.0,0.0,0.4,UB&PB,64961
2500,0.9873790032428205,0.7613009470831449,0.6471078626940673,0.8715806403146812,0.07038458279006991,0.030487979034041678,0.1304861620505279,0.8481018044430597,0.7575702687584102,0.9171554671920853,0.9076950959488267,0.09230490405117288,0.1940388511849416,0.1581845153864339,0.05289823566257434,0.3172794995566629,0.00955674455105453,0.4746722454433407,0.20372602395919187,0.17279823079238937,0.06229846260682752,0.3321769260414826,0.30957758598450985,0.3264640061196967,0.1828203998271282,0.4335834881372228,0.42051132124992985,0.42015621303706435,0.4158996722805094,0.4246094628184848,0.061518868428196295,0.425084099539483,9712.114448339435,3510.8998098953384,32474.70682255412,0.4,UB&PB,64961
0,0.0,0.0,0.0,0.0,0.0,0.0,0.0,0.0,0.0,0.0,0.0,0.0,0.0,0.0,0.0,0.0,0.0,0.0,0.0,0.0,0.0,0.0,0.0,0.0,0.0,0.0,0.0,0.0,0.0,0.0,0.0,0.0,0.0,0.0,0.0,0.45,UB&PB,64961
2500,0.995126864863856,0.7899423859801431,0.6219283377814319,0.8932002028268887,0.05168898354641435,0.02188734189631689,0.09348161837879401,0.7571305355135735,0.6082816497934752,0.8888282338906844,0.8989253731343294,0.10107462686567152,0.2108347979215897,0.18515271578068382,0.06920020404307875,0.3425896877183113,0.013244783810926754,0.4772578457605531,0.22154141226963478,0.1998680999564573,0.08204758137454787,0.3552020714797297,0.32328263288092207,0.34805733370248954,0.2042686875411276,0.43973139744491835,0.41451564400168034,0.41419074379446985,0.4098788527687649,0.4186685812556502,0.024838589242240725,0.5145595459941069,8779.133725916368,3117.315313385004,31448.671471469515,0.45,UB&PB,64961
0,0.0,0.0,0.0,0.0,0.0,0.0,0.0,0.0,0.0,0.0,0.0,0.0,0.0,0.0,0.0,0.0,0.0,0.0,0.0,0.0,0.0,0.0,0.0,0.0,0.0,0.0,0.0,0.0,0.0,0.0,0.0,0.0,0.0,0.0,0.0,0.5,UB&PB,64961
2500,1.0150177287560205,0.7356080737778993,0.628719950318721,0.8421821552585597,0.03819975811783478,0.015057752493397657,0.07140280601702945,0.7308617148640564,0.6143825533874329,0.8331898903094911,0.875710021321961,0.12428997867803844,0.2359134945357439,0.22092228331137578,0.10101038556715662,0.37201445929728766,0.024286513080126308,0.4820341339010017,0.2486500287013655,0.23573306500397534,0.11876355538957911,0.38228207658410257,0.3429197067531691,0.37379856170284126,0.2417584454470741,0.4431494084869157,0.41617422876913546,0.41592134796887226,0.411535284182282,0.4204204958285748,0.4544662146616974,0.8784220963999024,6875.556383636069,2390.5972806531863,26999.32444804113,0.5,UB&PB,64961
0,0.0,0.0,0.0,0.0,0.0,0.0,0.0,0.0,0.0,0.0,0.0,0.0,0.0,0.0,0.0,0.0,0.0,0.0,0.0,0.0,0.0,0.0,0.0,0.0,0.0,0.0,0.0,0.0,0.0,0.0,0.0,0.0,0.0,0.0,0.0,0.55,UB&PB,64961
2500,1.0240872349084562,0.8411128403997592,0.7345376744063846,0.924357919001276,0.033885692719218895,0.012597876790586935,0.0651857032306105,0.6341854211607905,0.5180301608571506,0.7369967401092853,0.7998422174840093,0.2001577825159913,0.2509137881513455,0.2402424037836258,0.11561451547568291,0.3889144057900845,0.029261709769349643,0.4963499349591002,0.25980451890852524,0.2500443032919793,0.12867838475316754,0.39544403557116253,0.35654851230059936,0.3864665778265184,0.25586808443826636,0.4564472722646356,0.41866231902180345,0.41837441866603964,0.4145464200056934,0.4224096401444641,0.470329907202728,0.8012212194023488,11008.642257220115,3345.868405837405,49197.584215052535,0.55,UB&PB,64961
0,0.0,0.0,0.0,0.0,0.0,0.0,0.0,0.0,0.0,0.0,0.0,0.0,0.0,0.0,0.0,0.0,0.0,0.0,0.0,0.0,0.0,0.0,0.0,0.0,0.0,0.0,0.0,0.0,0.0,0.0,0.0,0.0,0.0,0.0,0.0,0.6,UB&PB,64961
2500,1.0368743775426714,0.8550651565495309,0.7562129011131098,0.9252574795690607,0.03550394871431547,0.01321664387253139,0.06882436754860181,0.6484117097510353,0.5384594843897679,0.7741382697368184,0.8143375977256583,0.18566240227434258,0.2584703406690428,0.24920903012571363,0.12619101058144006,0.3979078041662465,0.030588484674080645,0.4974347950580849,0.2666650608059356,0.25870139627024186,0.13878422881068952,0.4023604080053681,0.3581043376690395,0.3848556055570687,0.25863503176372654,0.4566692092293231,0.41902469839160744,0.4187543809188889,0.41492398922053586,0.42270239992890607,0.7245842261285947,0.9410513194110408,11370.997929769206,3510.68012596145,49948.277613614664,0.6,UB&PB,64961
0,0.0,0.0,0.0,0.0,0.0,0.0,0.0,0.0,0.0,0.0,0.0,0.0,0.0,0.0,0.0,0.0,0.0,0.0,0.0,0.0,0.0,0.0,0.0,0.0,0.0,0.0,0.0,0.0,0.0,0.0,0.0,0.0,0.0,0.0,0.0,0.65,UB&PB,64961
2500,1.056532485166991,0.8610556521484888,0.7762473443285856,0.9353331028996364,0.0297107477736903,0.010523528520364698,0.05806706469911794,0.7277803881027755,0.6248892164575579,0.8415702679009467,0.6750959488272916,0.32490405117270765,0.27411706777733497,0.2656890999758944,0.1453205705483006,0.4099813231540157,0.038299798605033936,0.5164216437556325,0.28193545767584804,0.27572461917398927,0.1574419723356896,0.41258416021837174,0.37138017217536284,0.3981206243525988,0.2798499806849373,0.4629099183258997,0.41942435437430653,0.4190540627467313,0.41536328837924874,0.42290676961499146,0.011907732214529365,0.6899390334713623,12031.225022760671,3337.0207618641125,58527.286449633255,0.65,UB&PB,64961
0,0.0,0.0,0.0,0.0,0.0,0.0,0.0,0.0,0.0,0.0,0.0,0.0,0.0,0.0,0.0,0.0,0.0,0.0,0.0,0.0,0.0,0.0,0.0,0.0,0.0,0.0,0.0,0.0,0.0,0.0,0.0,0.0,0.0,0.0,0.0,0.7,UB&PB,64961
2500,1.077306097527357,0.8633050358875608,0.7653069514137519,0.9314056591364973,0.028064932291389025,0.009676073526723143,0.0550645730963542,0.67939320495137,0.5591494917562938,0.7914685572396885,0.533813077469792,0.4661869225302063,0.3014182258540922,0.30470356480780453,0.18608044771082513,0.42051803351644873,0.05831540801774765,0.530705432906708,0.3092880049357728,0.31524453666856084,0.1977864812609408,0.422684604646098,0.3892184491125095,0.4102958107673383,0.31344058032928535,0.46758435026851713,0.4224696199434087,0.4222262680058075,0.4185034102657901,0.4260441967542188,0.35624268248136876,0.8846483634200814,10417.520692446536,2795.961481571634,52324.67231801079,0.7,UB&PB,64961
0,0.0,0.0,0.0,0.0,0.0,0.0,0.0,0.0,0.0,0.0,0.0,0.0,0.0,0.0,0.0,0.0,0.0,0.0,0.0,0.0,0.0,0.0,0.0,0.0,0.0,0.0,0.0,0.0,0.0,0.0,0.0,0.0,0.0,0.0,0.0,0.75,UB&PB,64961
2500,1.0808231065398097,0.8741546653940941,0.7676366520234248,0.9434108601285361,0.02799943162609485,0.009654259758127616,0.054922350631532425,0.7237243515752738,0.5582798480346868,0.8576871734009739,0.3601357498223163,0.6398642501776822,0.3076718113919119,0.3209375565294599,0.20133036201026355,0.41008862736864454,0.07281543390078846,0.5266087859943082,0.314637305844697,0.32967635473743656,0.2108041292649654,0.41231179975443244,0.3864627772536105,0.40174060866834527,0.321542159483034,0.4550337437309551,0.40859630531115093,0.40828854304212153,0.4044828590784299,0.41224807742099995,0.5852099068802359,1.0057339507240264,10662.576936167809,2660.3843231857504,56133.383490515174,0.75,UB&PB,64961
0,0.0,0.0,0.0,0.0,0.0,0.0,0.0,0.0,0.0,0.0,0.0,0.0,0.0,0.0,0.0,0.0,0.0,0.0,0.0,0.0,0.0,0.0,0.0,0.0,0.0,0.0,0.0,0.0,0.0,0.0,0.0,0.0,0.0,0.0,0.0,0.8,UB&PB,64961
2500,1.104960348136113,0.8793543885331412,0.7886762367376646,0.9429577408712881,0.02792805014339964,0.009555854429464833,0.05517597005311925,0.7858874189199216,0.652688339115821,0.8881272102326991,0.2480191897654585,0.751980810234541,0.3224786601393505,0.34428145007995103,0.22161275397547314,0.41423681213852415,0.09150031476131679,0.536482258351697,0.3286892429212663,0.3501541543469616,0.2301892245546193,0.4170061183251443,0.3943450271545078,0.4059960315441483,0.335227135158244,0.4558850492583187,0.4103842608281102,0.4100846233938684,0.40636770218450113,0.4139471960892444,0.09986003873735688,0.5424670386456497,11286.176449616843,2584.730963606698,62155.2797440383,0.8,UB&PB,64961
0,0.0,0.0,0.0,0.0,0.0,0.0,0.0,0.0,0.0,0.0,0.0,0.0,0.0,0.0,0.0,0.0,0.0,0.0,0.0,0.0,0.0,0.0,0.0,0.0,0.0,0.0,0.0,0.0,0.0,0.0,0.0,0.0,0.0,0.0,0.0,0.85,UB&PB,64961
2500,1.1275645257284734,0.8914421417589449,0.8085926670622643,0.9500886196800219,0.027623143667724278,0.009402873945677152,0.054541523981476915,0.7550119864668701,0.6413808071843238,0.8610697572324771,0.19911513859275035,0.8008848614072491,0.3469050766778247,0.374151008900286,0.259868433379021,0.4236675186975624,0.12406319919752785,0.5437721863505343,0.3522037249052878,0.37599463791551707,0.2680805180118667,0.4270513101507228,0.4050628012316374,0.4138615556397292,0.3517211213404631,0.46019784163468486,0.41694955631628544,0.4167206590351875,0.413049872689702,0.42048786255015314,0.7143527787879327,1.0204038467034158,10907.894946597133,2470.6688083856143,60382.65647235437,0.85,UB&PB,64961
0,0.0,0.0,0.0,0.0,0.0,0.0,0.0,0.0,0.0,0.0,0.0,0.0,0.0,0.0,0.0,0.0,0.0,0.0,0.0,0.0,0.0,0.0,0.0,0.0,0.0,0.0,0.0,0.0,0.0,0.0,0.0,0.0,0.0,0.0,0.0,0.9,UB&PB,64961
2500,1.1502730263796235,0.8432777704987955,0.7374606933314839,0.9231917086732909,0.0274196334454419,0.009456974797296677,0.053735664629736474,0.6762882495092708,0.5438983127512252,0.8218966863958601,0.1622530206112299,0.8377469793887704,0.3727390688009598,0.39420620917839716,0.31408670294901764,0.4293912385766979,0.16756907511834881,0.5490150533105684,0.3785067217308301,0.3944490342013229,0.32269426125587763,0.43458153042791825,0.41089855074427584,0.4168357953641381,0.36588950058593056,0.457878305354864,0.4186548605241611,0.4183880699311776,0.4145740518638973,0.4223077957649624,0.06098703874121001,0.5364141094286631,7909.249198260146,1940.5922200512848,41816.48635368855,0.9,UB&PB,64961
0,0.0,0.0,0.0,0.0,0.0,0.0,0.0,0.0,0.0,0.0,0.0,0.0,0.0,0.0,0.0,0.0,0.0,0.0,0.0,0.0,0.0,0.0,0.0,0.0,0.0,0.0,0.0,0.0,0.0,0.0,0.0,0.0,0.0,0.0,0.0,0.95,UB&PB,64961
2500,1.1642761182052503,0.8902465085286332,0.8110614773731576,0.9475560224062873,0.027375111170924674,0.009410542429062895,0.05376959852196188,0.8173916349986973,0.6699725906431756,0.9113510192640593,0.14208599857853568,0.857914001421463,0.38461432489563907,0.40175762219086675,0.33288786533872083,0.43480967294342604,0.1877813406421794,0.5577798990392432,0.38867856313859517,0.4004789713640887,0.3393919997566448,0.43887912844804056,0.41415058310914615,0.4193517665869595,0.3642161011477606,0.46442699215967254,0.421038490887362,0.42073951206345844,0.41708583135408983,0.4244958274041614,0.4623139304390621,0.9112165238304046,10540.526413738477,2326.185244456353,59755.690858511734,0.95,UB&PB,64961
0,0.0,0.0,0.0,0.0,0.0,0.0,0.0,0.0,0.0,0.0,0.0,0.0,0.0,0.0,0.0,0.0,0.0,0.0,0.0,0.0,0.0,0.0,0.0,0.0,0.0,0.0,0.0,0.0,0.0,0.0,0.0,0.0,0.0,0.0,0.0,0.05,UB&PB,21950
2500,0.917178855645617,0.7301101484692836,0.5604504240952634,0.8400908033658244,0.8747204066184829,0.7843271334140468,0.9379876400231362,0.8889633361239475,0.805802134241811,0.9473564771865993,0.9558180525941721,0.04418194740582794,0.0830216855946987,0.01940047182115934,0.0028544804733948606,0.10513696980692203,0.00017697581499541206,0.3827269399874961,0.08724859063182826,0.02254904318289254,0.003443294578258251,0.11419471326116541,0.14857283523086934,0.09973076878490326,0.033249702139991726,0.22911249362308614,0.4188186117669589,0.41843487706887045,0.4132995264810447,0.42380788957886284,0.07135277680882175,0.2954224785779421,33961.568407856015,17515.18775080035,65138.5098032385,0.05,UB&PB,21950
0,0.0,0.0,0.0,0.0,0.0,0.0,0.0,0.0,0.0,0.0,0.0,0.0,0.0,0.0,0.0,0.0,0.0,0.0,0.0,0.0,0.0,0.0,0.0,0.0,0.0,0.0,0.0,0.0,0.0,0.0,0.0,0.0,0.0,0.0,0.0,0.1,UB&PB,21950
2500,0.930579683032104,0.5169930657938302,0.3355282069397692,0.6942614077453989,0.8724002442965079,0.780559648474006,0.9398604056354402,0.8922478518474225,0.8152421604145961,0.9529537074137131,0.9611314854299924,0.038868514570007055,0.0793490780368332,0.023635642221126713,0.004560899473503183,0.10140226796714534,0.00032800504916727396,0.3513888151894224,0.08743614833498556,0.030995623982451415,0.006748811381850949,0.11774967484648606,0.1313451866208822,0.0924025152317328,0.039321935453581744,0.18365940560288202,0.41584638003694263,0.4152999052732965,0.4067798654336172,0.4242477194474479,0.05186442493369784,0.342928889798062,9189.602178312012,5765.259867232683,15099.8452906795,0.1,UB&PB,21950
0,0.0,0.0,0.0,0.0,0.0,0.0,0.0,0.0,0.0,0.0,0.0,0.0,0.0,0.0,0.0,0.0,0.0,0.0,0.0,0.0,0.0,0.0,0.0,0.0,0.0,0.0,0.0,0.0,0.0,0.0,0.0,0.0,0.0,0.0,0.0,0.15,UB&PB,21950
2500,0.9455716533371551,0.4039153876740059,0.25645955169427287,0.6067689756408782,0.41650012468143544,0.31484162267736093,0.5621039404595154,0.8643048335454127,0.7779494523975569,0.9349166879364662,0.9535366027007813,0.04646339729921818,0.12988201827437976,0.08275897456229195,0.030998635000447458,0.19279335231134617,0.006789587751431149,0.39827818388028974,0.15676268215062872,0.11856087110286388,0.05081145383060866,0.23251333502691507,0.19673746477660634,0.1685552875673758,0.10574025163359824,0.2662844943376292,0.42340864054163496,0.42278869464693924,0.4105215633344941,0.43560706740006294,0.481976154505704,0.7627927878955298,5502.2339411928,3583.6334166566226,8800.958275690808,0.15,UB&PB,21950
0,0.0,0.0,0.0,0.0,0.0,0.0,0.0,0.0,0.0,0.0,0.0,0.0,0.0,0.0,0.0,0.0,0.0,0.0,0.0,0.0,0.0,0.0,0.0,0.0,0.0,0.0,0.0,0.0,0.0,0.0,0.0,0.0,0.0,0.0,0.0,0.2,UB&PB,21950
2500,0.9561049157879136,0.49910450839121445,0.35772776666624545,0.6444455754961871,0.3919635828796997,0.28270390003041285,0.5087414615926835,0.8552963000309709,0.7572304192916859,0.92667652122961,0.9542061122956657,0.045793887704335456,0.13201125997225088,0.0853548141358568,0.032493553623182604,0.19660542724137658,0.007776908039230818,0.39885962028738814,0.1515624517223496,0.11174750327121749,0.04719569597641284,0.22608865177119572,0.2062301967655578,0.1835532557243694,0.110303829119853,0.28607451339624124,0.415019248267067,0.41451289787156326,0.40638415044079096,0.42296117384418497,0.028268269378703973,0.5401675215288987,5101.423340697067,3176.409444249233,8515.089662686665,0.2,UB&PB,21950
0,0.0,0.0,0.0,0.0,0.0,0.0,0.0,0.0,0.0,0.0,0.0,0.0,0.0,0.0,0.0,0.0,0.0,0.0,0.0,0.0,0.0,0.0,0.0,0.0,0.0,0.0,0.0,0.0,0.0,0.0,0.0,0.0,0.0,0.0,0.0,0.25,UB&PB,21950
2500,0.9610330624367291,0.6680425384549651,0.4929904086705735,0.8192735151406757,0.11892735429273381,0.06320089819255913,0.20140172341613952,0.8505425448330852,0.7663105297884816,0.9202993793174704,0.9294200426439232,0.07057995735607658,0.17127420992870232,0.12402699148149088,0.0400457616299181,0.27051641928295295,0.007311880421130485,0.4623062851518408,0.18588544845002944,0.14690772958436643,0.05268170399899196,0.29259820016333205,0.2819926901628771,0.28172783862943335,0.1518887561243662,0.41135876194185284,0.42231040715811496,0.42192743874201377,0.41612786814394237,0.42793943291208497,0.11498507535051078,0.6796253194198527,8564.210677991241,3353.2906973920417,24747.801767828554,0.25,UB&PB,21950
0,0.0,0.0,0.0,0.0,0.0,0.0,0.0,0.0,0.0,0.0,0.0,0.0,0.0,0.0,0.0,0.0,0.0,0.0,0.0,0.0,0.0,0.0,0.0,0.0,0.0,0.0,0.0,0.0,0.0,0.0,0.0,0.0,0.0,0.0,0.0,0.3,UB&PB,21950
2500,0.9706028529402654,0.513596969266279,0.38453898455809415,0.6547818700270134,0.14307399445831162,0.07995983363137499,0.22358417585273402,0.7907068365394886,0.6876287026416941,0.8791118692586367,0.942543710021322,0.057456289978678084,0.1843114894219162,0.15176427698214043,0.0635568088241408,0.2842965171954984,0.013704097437976645,0.4448766616760107,0.20879007681910874,0.1864556162370166,0.08878627923095676,0.3154544554089179,0.27936588697660625,0.27687191222022894,0.17231732562486374,0.38674893452060616,0.411134559790643,0.41073241043818925,0.4034160512377631,0.41830392868999705,0.09076061315018588,0.38273233671174006,3316.081440094364,1690.1221905927537,7519.509329546916,0.3,UB&PB,21950
0,0.0,0.0,0.0,0.0,0.0,0.0,0.0,0.0,0.0,0.0,0.0,0.0,0.0,0.0,0.0,0.0,0.0,0.0,0.0,0.0,0.0,0.0,0.0,0.0,0.0,0.0,0.0,0.0,0.0,0.0,0.0,0.0,0.0,0.0,0.0,0.35,UB&PB,21950
2500,0.9785809975702319,0.7764418138921241,0.6460827435618766,0.8854488761315037,0.0805965991362922,0.03714624042869797,0.1616316122543355,0.7915661667732795,0.6954130014664338,0.8858812889300486,0.9166275764036953,0.08337242359630388,0.18721370332318335,0.14592527063321298,0.053551120659530764,0.2963577879700298,0.012598660687628759,0.47064324822188675,0.1967010386854135,0.1606986566103038,0.06268909222173942,0.3102656437990496,0.2986238540774969,0.30892199662398495,0.16820094909425282,0.4264928975350469,0.41481871814232163,0.4144682416274267,0.4101385800655125,0.41897478891511447,0.15788401404914146,0.5176345131676738,12911.647899562848,4633.081818868746,40885.350876365366,0.35,UB&PB,21950
0,0.0,0.0,0.0,0.0,0.0,0.0,0.0,0.0,0.0,0.0,0.0,0.0,0.0,0.0,0.0,0.0,0.0,0.0,0.0,0.0,0.0,0.0,0.0,0.0,0.0,0.0,0.0,0.0,0.0,0.0,0.0,0.0,0.0,0.0,0.0,0.4,UB&PB,21950
2500,0.9824259412384256,0.8467265442380575,0.7276623205257883,0.9311278453201037,0.05257377280263894,0.02240755720085235,0.09478705489527778,0.7778924668201619,0.6773546787930793,0.878394342558735,0.9087420042643913,0.0912579957356078,0.19547845211848314,0.16072184546894572,0.0511822874200894,0.31918739203646984,0.009305271256916959,0.47619876378401643,0.2030417959005068,0.17280900903718818,0.058578525356252624,0.3303384516745934,0.3124033957815742,0.3335499572316404,0.1794822012290589,0.4406366726809855,0.4137343446673049,0.4133733152694706,0.40940536207379935,0.41753109835304225,0.15154452331580887,0.6789175489943983,14296.789921901922,4662.730921382325,54091.12015227894,0.4,UB&PB,21950
0,0.0,0.0,0.0,0.0,0.0,0.0,0.0,0.0,0.0,0.0,0.0,0.0,0.0,0.0,0.0,0.0,0.0,0.0,0.0,0.0,0.0,0.0,0.0,0.0,0.0,0.0,0.0,0.0,0.0,0.0,0.0,0.0,0.0,0.0,0.0,0.45,UB&PB,21950
2500,0.9978613452375935,0.8128147125150282,0.722644060062573,0.8916194356536621,0.04466646233764679,0.01772537541599299,0.08607781478369367,0.7162150328325244,0.6093880769578661,0.819876627741549,0.8750419331911866,0.12495806680881286,0.21760172810534598,0.19483397369944516,0.07466297355588139,0.34873968885789575,0.017591882452279193,0.4842343660972301,0.2266587973496103,0.20717669299492994,0.08531348986690468,0.3594890186333884,0.3317215227707188,0.35891460565764627,0.21241866397118095,0.4476077358381522,0.4170429745884571,0.416787891450453,0.41280087676596167,0.42088729021809224,0.04813793622010345,0.53400391393482,11872.540113206675,3801.7216627203347,47316.31548173237,0.45,UB&PB,21950
0,0.0,0.0,0.0,0.0,0.0,0.0,0.0,0.0,0.0,0.0,0.0,0.0,0.0,0.0,0.0,0.0,0.0,0.0,0.0,0.0,0.0,0.0,0.0,0.0,0.0,0.0,0.0,0.0,0.0,0.0,0.0,0.0,0.0,0.0,0.0,0.5,UB&PB,21950
2500,1.01293673834351,0.7979193290655007,0.649607095662869,0.9069631002280671,0.03917373894425377,0.01512485277688909,0.07471135892626668,0.717119164967979,0.6042213399422585,0.8136139092740649,0.8662459132906881,0.1337540867093103,0.23325615033533678,0.21822571710854305,0.09358333111776507,0.37026709499552934,0.02057482135158186,0.4881044043814529,0.24451564694910075,0.2317121129094644,0.10862964272078329,0.3803721640914564,0.34228529911377426,0.3727892497196491,0.23289426474712052,0.4480704817426415,0.4179009565469763,0.4175765159905757,0.413263152154297,0.4220319606714681,0.47607861452641337,0.9428452125448993,9162.129563462478,2957.3319319314855,38218.636125112185,0.5,UB&PB,21950
0,0.0,0.0,0.0,0.0,0.0,0.0,0.0,0.0,0.0,0.0,0.0,0.0,0.0,0.0,0.0,0.0,0.0,0.0,0.0,0.0,0.0,0.0,0.0,0.0,0.0,0.0,0.0,0.0,0.0,0.0,0.0,0.0,0.0,0.0,0.0,0.55,UB&PB,21950
2500,1.0261481504243037,0.8895120885525817,0.799487916836711,0.9470813427450985,0.034966841446632355,0.012865968138370825,0.0678978924338893,0.7579763192947676,0.5598239269528359,0.8720745796581948,0.8330732054015632,0.16692679459843643,0.24476095710831047,0.2287472097490262,0.09991897008492404,0.38997830907971615,0.021535130285514452,0.5051272600868162,0.25187411771747237,0.23750249670737542,0.11014119203620078,0.39500484487813947,0.3526954926747089,0.381589725358618,0.2385804166545319,0.4634967241693958,0.42378061423182595,0.42346221351917984,0.41981391421573355,0.42728266598751247,0.14353374762371268,0.38845664679792963,15670.999783690875,4570.643424125378,70325.4856705842,0.55,UB&PB,21950
0,0.0,0.0,0.0,0.0,0.0,0.0,0.0,0.0,0.0,0.0,0.0,0.0,0.0,0.0,0.0,0.0,0.0,0.0,0.0,0.0,0.0,0.0,0.0,0.0,0.0,0.0,0.0,0.0,0.0,0.0,0.0,0.0,0.0,0.0,0.0,0.6,UB&PB,21950
2500,1.0349330936454004,0.8700895343103732,0.7806005303189799,0.9363853898305536,0.03258818124052574,0.012124059461338575,0.0618333001880605,0.6653658964746424,0.5504183595650093,0.7738868190708622,0.7948507462686574,0.20514925373134327,0.2551409871714148,0.24468725430639063,0.12068350630530746,0.39364670188448636,0.030571952979277776,0.49950544026765376,0.26258076322508656,0.2528077852342072,0.1326606476613334,0.39773838114662213,0.35480986674456094,0.38242520039858663,0.25075836414841335,0.45501989245298397,0.41370147666519475,0.4134866941332545,0.40970687089001195,0.4173578618378162,0.2794243412928904,0.8304271720647317,12457.983056799643,3703.272964323724,58203.80316605438,0.6,UB&PB,21950
0,0.0,0.0,0.0,0.0,0.0,0.0,0.0,0.0,0.0,0.0,0.0,0.0,0.0,0.0,0.0,0.0,0.0,0.0,0.0,0.0,0.0,0.0,0.0,0.0,0.0,0.0,0.0,0.0,0.0,0.0,0.0,0.0,0.0,0.0,0.0,0.65,UB&PB,21950
2500,1.055478632526716,0.9003719163472161,0.8240119798921423,0.9556607150255731,0.031958131530898555,0.011556986773102969,0.061925681506133326,0.5628424257407023,0.4557287695941992,0.7190305748026639,0.5288251599147122,0.4711748400852883,0.2897948026056845,0.2886513118267092,0.17000781563050055,0.41379029102185416,0.053054054242044686,0.5225204974776233,0.296715463253535,0.29671716597992337,0.1802043810022986,0.4161789676425152,0.3833323201291026,0.4043908099119613,0.30140578939864776,0.4671794811035972,0.4201658465327249,0.4199136007108307,0.41628222820151717,0.42366485371459933,0.06432155609655113,0.5711294517966058,13761.138406477623,3570.539749463192,69202.88352214971,0.65,UB&PB,21950
0,0.0,0.0,0.0,0.0,0.0,0.0,0.0,0.0,0.0,0.0,0.0,0.0,0.0,0.0,0.0,0.0,0.0,0.0,0.0,0.0,0.0,0.0,0.0,0.0,0.0,0.0,0.0,0.0,0.0,0.0,0.0,0.0,0.0,0.0,0.0,0.7,UB&PB,21950
2500,1.0748899930742035,0.8755908229060011,0.786577929541814,0.94110356620155,0.028690488724164475,0.009947976705973516,0.05704482898966563,0.6636598338970653,0.5281072570633194,0.7890398616575793,0.4892189054726355,0.5107810945273632,0.30145017918067096,0.3051838020917468,0.18709209717478584,0.41926623279118025,0.06195954430480082,0.5281601558748689,0.3089790063850942,0.3152820695690267,0.1977892430392227,0.4215277425912455,0.38918278664485745,0.40944794412233776,0.3158661103479516,0.46546059658895483,0.42063243907449954,0.42029582076431243,0.416607620344008,0.42416408099413916,0.217915254064982,0.49665069175537385,11173.832642696729,2913.5280660316093,56985.24821646067,0.7,UB&PB,21950
0,0.0,0.0,0.0,0.0,0.0,0.0,0.0,0.0,0.0,0.0,0.0,0.0,0.0,0.0,0.0,0.0,0.0,0.0,0.0,0.0,0.0,0.0,0.0,0.0,0.0,0.0,0.0,0.0,0.0,0.0,0.0,0.0,0.0,0.0,0.0,0.75,UB&PB,21950
2500,1.0867692460239449,0.8543514402514153,0.7540339876582542,0.9278873041167193,0.02806091649333742,0.009660016311804355,0.05542320501889768,0.7157462605017219,0.588341811700213,0.8208338346522457,0.38778891257995746,0.6122110874200436,0.3118708534392724,0.3258465129358471,0.20678207696091938,0.4151710381581631,0.07754032036983023,0.5262449347868858,0.31917942654435544,0.3355511810075888,0.21701842057721218,0.4176011749922435,0.39035042147848364,0.40616948035664474,0.32732617403299635,0.4568153766751899,0.41342417250429664,0.41316332673578143,0.4093884892381463,0.417087331899871,0.7691777516204743,0.9816900425868982,9888.920488244828,2523.4929287641335,51137.66175977762,0.75,UB&PB,21950
0,0.0,0.0,0.0,0.0,0.0,0.0,0.0,0.0,0.0,0.0,0.0,0.0,0.0,0.0,0.0,0.0,0.0,0.0,0.0,0.0,0.0,0.0,0.0,0.0,0.0,0.0,0.0,0.0,0.0,0.0,0.0,0.0,0.0,0.0,0.0,0.8,UB&PB,21950
2500,1.0989436154822676,0.8596439648086877,0.7756885910791078,0.925402478362732,0.02888191971541041,0.010044612610067711,0.05718862290888984,0.7515558711375394,0.6149238795634732,0.8744115987060107,0.34971002132196155,0.6502899786780381,0.3193206676672229,0.3410602564357731,0.21659777998564764,0.41400997709742504,0.0905024500376488,0.5248256789083521,0.3255687706369452,0.3470284062555614,0.22530350305041708,0.4167689617522349,0.39022976418924854,0.40391548789806164,0.32912386741484556,0.45425061737098044,0.4099873511237434,0.40971321103356717,0.4059053663225419,0.4136888138769983,0.06169526916124236,0.5099008199351721,10247.379546359663,2612.5149548995632,52884.940686703754,0.8,UB&PB,21950
0,0.0,0.0,0.0,0.0,0.0,0.0,0.0,0.0,0.0,0.0,0.0,0.0,0.0,0.0,0.0,0.0,0.0,0.0,0.0,0.0,0.0,0.0,0.0,0.0,0.0,0.0,0.0,0.0,0.0,0.0,0.0,0.0,0.0,0.0,0.0,0.85,UB&PB,21950
2500,1.1272525773562951,0.8611622940523235,0.7682034838016355,0.9338568491494856,0.027463003632856774,0.009491257878334422,0.053746933749950924,0.5586721328744202,0.41804296364567833,0.7305089628003579,0.1607014925373131,0.8392985074626866,0.3552820996593514,0.37928317335932255,0.2836306504534845,0.41959520563187996,0.1453178765583792,0.5396362775895308,0.36133295394015424,0.3813154501383466,0.2923913300829137,0.4237113226635174,0.40264131973025774,0.40946996806698877,0.3556115412064529,0.45160309504931867,0.4115892283511709,0.41131358135958146,0.407574795846944,0.41518870673274505,0.4220523258872142,1.0093428272162632,8767.506583135591,2082.1139867422758,47639.21946329089,0.85,UB&PB,21950
0,0.0,0.0,0.0,0.0,0.0,0.0,0.0,0.0,0.0,0.0,0.0,0.0,0.0,0.0,0.0,0.0,0.0,0.0,0.0,0.0,0.0,0.0,0.0,0.0,0.0,0.0,0.0,0.0,0.0,0.0,0.0,0.0,0.0,0.0,0.0,0.9,UB&PB,21950
2500,1.1480910681695438,0.8582083682446238,0.7696527082300061,0.9269815811409224,0.02773609895442685,0.009553713370412654,0.054853255581261286,0.7319444453377683,0.6056201652477973,0.8291983816019423,0.16767803837953058,0.832321961620469,0.36965120709562155,0.39292781934582716,0.30449445066110176,0.4304320996793761,0.15864316850286458,0.5511669680908372,0.3750325788856669,0.392908300107545,0.31346025420717016,0.43493385610927127,0.4117930608868062,0.41790296710336605,0.3634656374537221,0.46184690818352425,0.4198817148979496,0.41963852570048304,0.41587984510318005,0.42349703581847475,0.08391445879112834,0.47828321015349184,9497.651258188496,2189.7764165555395,52195.654383560985,0.9,UB&PB,21950
0,0.0,0.0,0.0,0.0,0.0,0.0,0.0,0.0,0.0,0.0,0.0,0.0,0.0,0.0,0.0,0.0,0.0,0.0,0.0,0.0,0.0,0.0,0.0,0.0,0.0,0.0,0.0,0.0,0.0,0.0,0.0,0.0,0.0,0.0,0.0,0.95,UB&PB,21950
2500,1.1599259052212962,0.8601540996676404,0.759801964239294,0.9321240819950496,0.028373985110362997,0.009861761701465292,0.05580232646561241,0.7291136979669275,0.571261168045988,0.8388085603778495,0.15602274342572844,0.8439772565742704,0.380949235446894,0.3978527706956831,0.33238348541736445,0.4290579413613535,0.18683227411969988,0.5489988597585488,0.3854487166585694,0.39731207377912947,0.33892250291347337,0.43356296860837984,0.40774412177396774,0.4126960427688167,0.3594945535127479,0.4567163392104165,0.4143840628660015,0.4140953457344615,0.41030415115168034,0.417988183026623,0.44144712215595056,0.8856806847075568,8383.915739030062,2030.1944583715099,44993.94442035605,0.95,UB&PB,21950
0,0.0,0.0,0.0,0.0,0.0,0.0,0.0,0.0,0.0,0.0,0.0,0.0,0.0,0.0,0.0,0.0,0.0,0.0,0.0,0.0,0.0,0.0,0.0,0.0,0.0,0.0,0.0,0.0,0.0,0.0,0.0,0.0,0.0,0.0,0.0,0.05,UB&PB,95954
2500,0.917650486023041,0.6190703821744418,0.42633521940706964,0.7662312654989938,0.8172515512402169,0.6816508781776254,0.9158465351678176,0.891159031451725,0.8218281785249886,0.9451600794382579,0.9592416488983663,0.040758351101634636,0.08704771633384749,0.023798564623149936,0.004787388298208771,0.11327580390314913,0.0002834690099044762,0.38663786382371246,0.09459282941827953,0.030664001148946223,0.006728989840685417,0.12864765929134267,0.15101761353756807,0.1018868709513429,0.0411821047354085,0.22663454478122738,0.4191834179984994,0.41875069382532215,0.4113120530757121,0.4265097326808685,0.29677448434138076,0.8943525206550118,19618.659804127205,10164.344360061954,37876.25645320742,0.05,UB&PB,95954
0,0.0,0.0,0.0,0.0,0.0,0.0,0.0,0.0,0.0,0.0,0.0,0.0,0.0,0.0,0.0,0.0,0.0,0.0,0.0,0.0,0.0,0.0,0.0,0.0,0.0,0.0,0.0,0.0,0.0,0.0,0.0,0.0,0.0,0.0,0.0,0.1,UB&PB,95954
2500,0.9315629233331051,0.4281734536433878,0.2881324018420608,0.5943423908425408,0.8409321212954295,0.7109659403151619,0.9119786415548868,0.8481325040036822,0.7376582262559441,0.9220162057242925,0.9633297796730621,0.03667022032693675,0.07675095071590853,0.025365864818636646,0.0051253462806264945,0.10198612616376666,0.0005229191487030396,0.3248126067477775,0.08806605578528949,0.03649577005263734,0.00852409292498909,0.12421323126011394,0.12182795935952755,0.08612145411972479,0.040519371322566965,0.16655729598005758,0.41354164009177935,0.41304620470032444,0.4020197968005735,0.4244740994669497,0.02995859235958079,0.9836205662632598,7217.578782266711,4636.940213196601,11607.503730965691,0.1,UB&PB,95954
0,0.0,0.0,0.0,0.0,0.0,0.0,0.0,0.0,0.0,0.0,0.0,0.0,0.0,0.0,0.0,0.0,0.0,0.0,0.0,0.0,0.0,0.0,0.0,0.0,0.0,0.0,0.0,0.0,0.0,0.0,0.0,0.0,0.0,0.0,0.0,0.15,UB&PB,95954
2500,0.9456502445440528,0.2817741325559907,0.1806603517699643,0.39476045606928295,0.4207725993922566,0.32633670170889056,0.5253604179500613,0.8186188828953809,0.730995958073447,0.8965680277745085,0.9614932480454869,0.03850675195451316,0.12697591740594916,0.08647672129452381,0.034773575849311594,0.18854938306268973,0.006910245603148727,0.3688754066032261,0.16266488096975742,0.1319479753751743,0.06082861264878888,0.24045340747718214,0.18422377999909,0.16220481116521682,0.11631568195189845,0.2295273113533197,0.419332011844334,0.4186375070150503,0.4013487992342407,0.43653938649433116,0.35122037719659305,0.8063290885098793,1677.8075961117306,1232.3456060111841,2332.6031196155504,0.15,UB&PB,95954
0,0.0,0.0,0.0,0.0,0.0,0.0,0.0,0.0,0.0,0.0,0.0,0.0,0.0,0.0,0.0,0.0,0.0,0.0,0.0,0.0,0.0,0.0,0.0,0.0,0.0,0.0,0.0,0.0,0.0,0.0,0.0,0.0,0.0,0.0,0.0,0.2,UB&PB,95954
2500,0.9608883144800809,0.4835812506572327,0.32538732041988494,0.6309363602684761,0.2744067879596969,0.15717346511591623,0.3678696371748858,0.8686790401667135,0.7827154589729208,0.935463792378005,0.9460660980810228,0.053933901918976575,0.16118224778603515,0.11992545880450431,0.047713145482033426,0.24460345697941682,0.010756292674107215,0.4306046170823054,0.18603477849648112,0.15387144601788624,0.06835613888698464,0.28063032579792707,0.24927486518897168,0.24103698039000396,0.14340529391225615,0.34694893474763994,0.4230668330031437,0.4225873516262472,0.4131580196865789,0.4323998974080856,0.014555466728662031,0.4396296377136874,3168.9690348219374,1684.930896442267,7026.054263887695,0.2,UB&PB,95954
0,0.0,0.0,0.0,0.0,0.0,0.0,0.0,0.0,0.0,0.0,0.0,0.0,0.0,0.0,0.0,0.0,0.0,0.0,0.0,0.0,0.0,0.0,0.0,0.0,0.0,0.0,0.0,0.0,0.0,0.0,0.0,0.0,0.0,0.0,0.0,0.25,UB&PB,95954
2500,0.9642976959205312,0.5300024872397162,0.3372735720287892,0.6814893793121052,0.1726775417936729,0.10851837248912712,0.26006746521599045,0.8656370674538196,0.7743991933008855,0.9343738707309953,0.9442288557213926,0.0557711442786069,0.17009142526834414,0.12753193847741356,0.05162345209254724,0.26143034802146387,0.01391111060159426,0.44339088030514096,0.19425937162020343,0.1620762097925098,0.07346987185680913,0.29421452017123745,0.26125401656217234,0.25061370347089645,0.15122664543621267,0.3676031591976981,0.4135760781290677,0.4130070274240648,0.403403164453374,0.423035878586909,0.15481248911318646,0.502630888118509,3967.8251342303947,1984.8168179841434,9196.347185236857,0.25,UB&PB,95954
0,0.0,0.0,0.0,0.0,0.0,0.0,0.0,0.0,0.0,0.0,0.0,0.0,0.0,0.0,0.0,0.0,0.0,0.0,0.0,0.0,0.0,0.0,0.0,0.0,0.0,0.0,0.0,0.0,0.0,0.0,0.0,0.0,0.0,0.0,0.0,0.3,UB&PB,95954
2500,0.9722795686915895,0.6566883548745305,0.502768800266468,0.7864624998460066,0.21397861197367232,0.1266996252107117,0.3156220905058723,0.835450608978007,0.7291339840393084,0.9181502804862167,0.9375294953802409,0.06247050461975842,0.16707746473235094,0.1243168315080252,0.04235733825948399,0.26289447735860894,0.006843394714566162,0.4487816535534665,0.18050236544443457,0.14403856949210694,0.05400480761202737,0.28319389551844715,0.26766319400008837,0.2664917548933398,0.15286953119737898,0.3764239194285844,0.4249975327192284,0.4245900916527154,0.4190996466553973,0.43036140996963756,0.0849661195059096,0.42549627133938034,8045.087476805975,3745.203394950803,20012.39204012263,0.3,UB&PB,95954
0,0.0,0.0,0.0,0.0,0.0,0.0,0.0,0.0,0.0,0.0,0.0,0.0,0.0,0.0,0.0,0.0,0.0,0.0,0.0,0.0,0.0,0.0,0.0,0.0,0.0,0.0,0.0,0.0,0.0,0.0,0.0,0.0,0.0,0.0,0.0,0.35,UB&PB,95954
2500,0.9828842567026393,0.7397740679388082,0.6034653197592829,0.8411563028303604,0.07519417033391619,0.0344687645136156,0.1344885338687137,0.8567089290880254,0.7573745999486023,0.9341267452730969,0.9071556503198293,0.09284434968017054,0.19226701360185838,0.15269585813389686,0.054192167137255116,0.30815890123437584,0.011002465771914657,0.4778149439848541,0.20379374862617222,0.17066459466468065,0.06455478606908946,0.3259964742107894,0.30679891735753334,0.31916300313854984,0.17610283979516458,0.43593699771632033,0.42285342066369225,0.422516152693655,0.41790970469475,0.4273247679979176,0.14835181353500448,0.5907279757465598,8448.741271945868,3164.6450363070185,26596.55766234892,0.35,UB&PB,95954
0,0.0,0.0,0.0,0.0,0.0,0.0,0.0,0.0,0.0,0.0,0.0,0.0,0.0,0.0,0.0,0.0,0.0,0.0,0.0,0.0,0.0,0.0,0.0,0.0,0.0,0.0,0.0,0.0,0.0,0.0,0.0,0.0,0.0,0.0,0.0,0.4,UB&PB,95954
2500,0.9814515348576522,0.8367144025786719,0.7081554453160335,0.9222912458267012,0.08403074475965111,0.040869034929576754,0.14137269648967993,0.7731194643242576,0.6513888089744049,0.8774334473705778,0.9126183368869933,0.08738166311300623,0.18986171996833756,0.1494115469242974,0.04685099090315098,0.3120566115398693,0.008667779483044336,0.4781849735032033,0.19729677619107203,0.16144324958745598,0.053667076971543944,0.3228173966865545,0.30457808183807644,0.31367100516981083,0.17551943082188162,0.4328321591430326,0.42058331240261004,0.42035471795075036,0.41611177132128124,0.4246814706019706,0.15122401157857696,0.41006587013962403,15198.444186207385,5402.465304135513,51658.881332433215,0.4,UB&PB,95954
0,0.0,0.0,0.0,0.0,0.0,0.0,0.0,0.0,0.0,0.0,0.0,0.0,0.0,0.0,0.0,0.0,0.0,0.0,0.0,0.0,0.0,0.0,0.0,0.0,0.0,0.0,0.0,0.0,0.0,0.0,0.0,0.0,0.0,0.0,0.0,0.45,UB&PB,95954
2500,0.9950102867175362,0.8163881483315956,0.7062605360313003,0.9032537606356531,0.05260847687979125,0.021911904232419552,0.09717743155266151,0.8083962211793301,0.6781458911063488,0.8980404171393652,0.9034683724235972,0.09653162757640378,0.20645497065488083,0.1753888275086485,0.06179459777546424,0.3390246175815747,0.01217730620446806,0.4812462930749934,0.21501812609860843,0.18769369303933156,0.07113997918377826,0.349719094247206,0.3202304993303334,0.34216581822456943,0.193376539226756,0.44377174623694043,0.416956224383163,0.4166544225847479,0.41260127784053235,0.420851706920848,0.06638301740487905,0.4866929647372936,14057.088211121156,4547.608041482435,54193.43408717875,0.45,UB&PB,95954
0,0.0,0.0,0.0,0.0,0.0,0.0,0.0,0.0,0.0,0.0,0.0,0.0,0.0,0.0,0.0,0.0,0.0,0.0,0.0,0.0,0.0,0.0,0.0,0.0,0.0,0.0,0.0,0.0,0.0,0.0,0.0,0.0,0.0,0.0,0.0,0.5,UB&PB,95954
2500,1.006889493136043,0.8251124594389333,0.6948536614443943,0.9288874710327878,0.04165162528780172,0.01625354875596532,0.07953082056813049,0.7139285401683052,0.5958860829716738,0.8161962837637863,0.8746353944562905,0.12536460554371054,0.22442948148162442,0.2038228863503681,0.08188524694904328,0.36144018977603903,0.018216244995958107,0.48561723017386654,0.2333394226283791,0.21503940354230658,0.09317693893078419,0.3700756320119608,0.3338320645191429,0.3608869716396854,0.2184989467726474,0.44641940337816255,0.41345624145891313,0.41315001964237624,0.4091490619469846,0.4172913544009532,0.11256553372778301,0.43070758426674366,11362.06118578127,3702.131597880306,45268.7967647585,0.5,UB&PB,95954
0,0.0,0.0,0.0,0.0,0.0,0.0,0.0,0.0,0.0,0.0,0.0,0.0,0.0,0.0,0.0,0.0,0.0,0.0,0.0,0.0,0.0,0.0,0.0,0.0,0.0,0.0,0.0,0.0,0.0,0.0,0.0,0.0,0.0,0.0,0.0,0.55,UB&PB,95954
2500,1.0225029211275891,0.8292018011421798,0.7087647464281664,0.9184170976085266,0.03884219035224677,0.0151619727789403,0.07330350674506761,0.760411494145686,0.6430181110959403,0.868195059750187,0.8690326936744851,0.13096730632551526,0.2351102112786914,0.2162121954929733,0.093406499725465,0.3793908911137892,0.022081440257377558,0.4896295797238998,0.24394129480203305,0.22679336485459453,0.1058793746170408,0.38576260601775164,0.34143876524754846,0.3698561365797622,0.23082906483705035,0.44977931024350176,0.41652609258249906,0.41625002361556535,0.4122940840097696,0.42039288219049237,0.3034366990512326,0.6500014208788512,10708.08688039272,3446.449396199005,44552.22462479122,0.55,UB&PB,95954
0,0.0,0.0,0.0,0.0,0.0,0.0,0.0,0.0,0.0,0.0,0.0,0.0,0.0,0.0,0.0,0.0,0.0,0.0,0.0,0.0,0.0,0.0,0.0,0.0,0.0,0.0,0.0,0.0,0.0,0.0,0.0,0.0,0.0,0.0,0.0,0.6,UB&PB,95954
2500,1.0378396082374208,0.8816919414397638,0.7928099149309306,0.946573527143027,0.034184254143208824,0.012641568620350785,0.0664189080479356,0.6993904208925605,0.5960254759277909,0.8017289067653944,0.8147945984363882,0.18520540156361046,0.24978218121806542,0.23554314166405024,0.11404952137376802,0.388720974576573,0.03205517510169976,0.49435773166565605,0.25638131379830725,0.24291638873343505,0.12399213971073787,0.3923762294223759,0.3474061481753654,0.3739475062855058,0.24000096300366436,0.4513724972716494,0.41003900875439725,0.4096947308975921,0.40602120356158916,0.4135332506956608,0.41481413890109387,0.8769029409140735,14618.990469774322,4301.194063987165,66171.90045512178,0.6,UB&PB,95954
0,0.0,0.0,0.0,0.0,0.0,0.0,0.0,0.0,0.0,0.0,0.0,0.0,0.0,0.0,0.0,0.0,0.0,0.0,0.0,0.0,0.0,0.0,0.0,0.0,0.0,0.0,0.0,0.0,0.0,0.0,0.0,0.0,0.0,0.0,0.0,0.65,UB&PB,95954
2500,1.0496561129594753,0.8484539139309683,0.7244516036782067,0.9283686856139252,0.0297359744722003,0.01050307767988053,0.05820676161714857,0.6153615199343114,0.471173153904166,0.7596616673509645,0.7125451314854309,0.2874548685145701,0.2768235927525062,0.27514384336089237,0.15513297604433157,0.40278002742700714,0.04496287667371911,0.5051527459993214,0.2856088364770052,0.2862042819722395,0.16909663788960913,0.4058215897929483,0.3654823338228651,0.3903973986578694,0.2773478758382048,0.45372086509886395,0.41070961531430267,0.41040191121545266,0.40643931103259257,0.4144811914301065,0.6282921164701136,0.960649471133097,9903.417416732138,2901.6563591532995,46826.99844710957,0.65,UB&PB,95954
0,0.0,0.0,0.0,0.0,0.0,0.0,0.0,0.0,0.0,0.0,0.0,0.0,0.0,0.0,0.0,0.0,0.0,0.0,0.0,0.0,0.0,0.0,0.0,0.0,0.0,0.0,0.0,0.0,0.0,0.0,0.0,0.0,0.0,0.0,0.0,0.7,UB&PB,95954
2500,1.0716749912618972,0.8776955189436901,0.7843694424997394,0.9423041078896245,0.02888092135488509,0.010034664833781178,0.0565622696814725,0.6924835481534204,0.5659311189350147,0.8127162891240479,0.5226844349680169,0.47731556503198314,0.2945903650901247,0.29531707950677827,0.1799652774932999,0.4120206224437933,0.06001873987957262,0.5227853463458398,0.30175450284024635,0.3049761009531656,0.19034012310433274,0.4142181733163872,0.38111741483715306,0.40190785861292466,0.3032912484787304,0.46103787972904925,0.41459452661411345,0.4143030980969275,0.4105410136278203,0.41816994630524795,0.5249686876832952,0.9258519301005285,11571.369498435806,3067.344994117201,58352.31011738743,0.7,UB&PB,95954
0,0.0,0.0,0.0,0.0,0.0,0.0,0.0,0.0,0.0,0.0,0.0,0.0,0.0,0.0,0.0,0.0,0.0,0.0,0.0,0.0,0.0,0.0,0.0,0.0,0.0,0.0,0.0,0.0,0.0,0.0,0.0,0.0,0.0,0.0,0.0,0.75,UB&PB,95954
2500,1.0972684704870248,0.8813050896800867,0.8018461363202667,0.9411093478804073,0.02799713059440941,0.009540537605841115,0.055660718660292485,0.7017353736012493,0.5458600066575918,0.8395667672580375,0.3062324093816624,0.6937675906183363,0.3231180196792415,0.33648721743315935,0.22021462834918407,0.4240253664238626,0.08562267097283183,0.5409394435611724,0.32997226358692067,0.34483902116998016,0.22960154223137252,0.4264658341135367,0.4025527874161186,0.41652418991686274,0.34102474755821716,0.46702791478390315,0.4222422518015107,0.42198731459615696,0.41832001690589077,0.4257094678021611,0.5303378562548249,0.9427509531835245,11446.677413507621,2712.7926339968008,61755.27044812137,0.75,UB&PB,95954
0,0.0,0.0,0.0,0.0,0.0,0.0,0.0,0.0,0.0,0.0,0.0,0.0,0.0,0.0,0.0,0.0,0.0,0.0,0.0,0.0,0.0,0.0,0.0,0.0,0.0,0.0,0.0,0.0,0.0,0.0,0.0,0.0,0.0,0.0,0.0,0.8,UB&PB,95954
2500,1.107662628698037,0.8673689525203571,0.7766360083789368,0.9380260082326347,0.028563890691982032,0.009942952575919452,0.05591638933651945,0.6308736369688793,0.48951979982332794,0.7592441915606659,0.2393724235963043,0.7606275764036977,0.33449606136296023,0.356472280257939,0.24447896531067853,0.41773445826520356,0.11057241259311414,0.5339427697241846,0.3408792748129173,0.36190952986705277,0.2530241724728184,0.4208841244223572,0.3991412883377924,0.409137946234355,0.34529725946357637,0.4555259413356434,0.4127737164858762,0.4124659443694818,0.4087603889507872,0.4163136714446442,0.4446666433857999,0.9498649787447103,9987.826862101007,2390.930624804719,53533.401863433595,0.8,UB&PB,95954
0,0.0,0.0,0.0,0.0,0.0,0.0,0.0,0.0,0.0,0.0,0.0,0.0,0.0,0.0,0.0,0.0,0.0,0.0,0.0,0.0,0.0,0.0,0.0,0.0,0.0,0.0,0.0,0.0,0.0,0.0,0.0,0.0,0.0,0.0,0.0,0.85,UB&PB,95954
2500,1.1268023015759026,0.8232317567288194,0.7385703665895585,0.8960648539327969,0.02733166795710162,0.009348543323000712,0.05355237726310369,0.5937902347345072,0.46596307439647344,0.7185059635675238,0.2010241648898367,0.7989758351101636,0.3544991072039113,0.37990603066431605,0.28135564714497485,0.421204036476973,0.14397555459181657,0.5340172680027203,0.36137618254937176,0.38247314847592423,0.2912965132148511,0.4261380883385047,0.4035243710177254,0.4108166019305665,0.3592284254632337,0.4504474745792916,0.4132304829204725,0.41293119699365555,0.4090081929112005,0.41697857265709753,0.2723114435930865,0.9644911477526474,7489.00123294215,1910.0045459379535,39006.392223476054,0.85,UB&PB,95954
0,0.0,0.0,0.0,0.0,0.0,0.0,0.0,0.0,0.0,0.0,0.0,0.0,0.0,0.0,0.0,0.0,0.0,0.0,0.0,0.0,0.0,0.0,0.0,0.0,0.0,0.0,0.0,0.0,0.0,0.0,0.0,0.0,0.0,0.0,0.0,0.9,UB&PB,95954
2500,1.1344070680499476,0.8776942108444763,0.7964364321715759,0.942823967605014,0.027486823328667236,0.009369657178164723,0.05438115378989407,0.735886426635931,0.5992276297693435,0.8383115579542939,0.18216560056858583,0.8178343994314142,0.35382977452675135,0.37771351971574824,0.28650583878820607,0.4147018293455716,0.14834531925928013,0.534197318430374,0.35844593836200267,0.37790632353178577,0.29449342865039124,0.41839219950610473,0.3959401854085416,0.40282886178977934,0.34469011953211004,0.4478429272389737,0.4053869212660719,0.40508094363582803,0.401345805064038,0.4089335316256903,0.11130383603301358,0.47943733595910343,10122.4249312498,2309.461654641155,56042.48013416006,0.9,UB&PB,95954
0,0.0,0.0,0.0,0.0,0.0,0.0,0.0,0.0,0.0,0.0,0.0,0.0,0.0,0.0,0.0,0.0,0.0,0.0,0.0,0.0,0.0,0.0,0.0,0.0,0.0,0.0,0.0,0.0,0.0,0.0,0.0,0.0,0.0,0.0,0.0,0.95,UB&PB,95954
2500,1.161656581131111,0.8718040471261308,0.7797449734153716,0.9379473418517787,0.028115223444974097,0.009709889561565288,0.055436902034555736,0.8121019175536934,0.6692297007855136,0.9138115827254539,0.15929850746268687,0.8407014925373134,0.3831592697289793,0.39996033723522667,0.331502126757604,0.43377439597169265,0.18622595103367728,0.5549843853398957,0.3875269314388641,0.3987731488481888,0.3384239726930112,0.4381437248013898,0.41265391992618644,0.4180210875191348,0.3623400540829693,0.4635911330611157,0.41985576447275264,0.41958690343898725,0.41582325681432725,0.4234724677821,0.47054934788196673,1.0311904847141948,9267.419936279523,2167.99788944161,50232.246224573275,0.95,UB&PB,95954
0,0.0,0.0,0.0,0.0,0.0,0.0,0.0,0.0,0.0,0.0,0.0,0.0,0.0,0.0,0.0,0.0,0.0,0.0,0.0,0.0,0.0,0.0,0.0,0.0,0.0,0.0,0.0,0.0,0.0,0.0,0.0,0.0,0.0,0.0,0.0,0.05,UB&PB,10970
2500,0.9152084742830926,0.5773188252680469,0.4508830927809975,0.741327989214974,0.8285491838375333,0.7171857443883369,0.919154001428727,0.9037013910690678,0.8244562747032034,0.9558574301396202,0.9571826581378825,0.042817341862117976,0.0817129799692688,0.020164906667458102,0.003155845609120248,0.10516598571978535,0.00032971541672844397,0.37060377756914686,0.08837310553918379,0.02542174838572371,0.00446859036642687,0.11906058253233959,0.1438144174913929,0.09445947084943357,0.03544342065424921,0.21858800934728687,0.4172226859543947,0.4168295736147008,0.4101115388570516,0.42381462265657194,0.17384060802945203,0.8583186831991136,20828.60801480138,11238.064012210305,38646.12310557286,0.05,UB&PB,10970
0,0.0,0.0,0.0,0.0,0.0,0.0,0.0,0.0,0.0,0.0,0.0,0.0,0.0,0.0,0.0,0.0,0.0,0.0,0.0,0.0,0.0,0.0,0.0,0.0,0.0,0.0,0.0,0.0,0.0,0.0,0.0,0.0,0.0,0.0,0.0,0.1,UB&PB,10970
2500,0.9327159739849429,0.5577351036676897,0.377262660744268,0.756101850408639,0.8430082684786588,0.7371128853930953,0.9108079015916527,0.8375255288433299,0.7429988273677505,0.9152837944336477,0.961957356076759,0.03804264392324092,0.07876332361833258,0.02291721065075611,0.0036856441576014775,0.099969942998578,0.00033236938351169636,0.35270446357776775,0.08623888320480763,0.02987399370097722,0.005842317417400868,0.11489788870107502,0.12925054701821487,0.08823673107818895,0.03738474415461738,0.17921253981009713,0.4228271312808215,0.42247692868077824,0.41456963894340326,0.43065091332372196,0.03143435969644405,0.41148929054301897,13083.228601117915,8250.066709050287,21165.817220925343,0.1,UB&PB,10970
0,0.0,0.0,0.0,0.0,0.0,0.0,0.0,0.0,0.0,0.0,0.0,0.0,0.0,0.0,0.0,0.0,0.0,0.0,0.0,0.0,0.0,0.0,0.0,0.0,0.0,0.0,0.0,0.0,0.0,0.0,0.0,0.0,0.0,0.0,0.0,0.15,UB&PB,10970
2500,0.9508363721659836,0.2973530513536843,0.18277859847592245,0.4292281504860087,0.28827512767113905,0.20014014147394926,0.39598294138789064,0.8801264161540387,0.7972397450095078,0.9438523958762083,0.9498045486851463,0.05019545131485433,0.1598600488707529,0.12261434462250191,0.055247784960613715,0.23658067344228714,0.013464114746993116,0.41704541258410033,0.1993550022080637,0.1746326505804705,0.08860875147482429,0.2904535507458168,0.2305784864813828,0.21175079457492207,0.14885226614573524,0.29764447839517016,0.4211018258117505,0.4203410662261706,0.4028377426123976,0.43850227767170685,0.32123150385104104,1.4174081190684924,1441.2094146538545,1002.050211516389,2179.8790658899584,0.15,UB&PB,10970
0,0.0,0.0,0.0,0.0,0.0,0.0,0.0,0.0,0.0,0.0,0.0,0.0,0.0,0.0,0.0,0.0,0.0,0.0,0.0,0.0,0.0,0.0,0.0,0.0,0.0,0.0,0.0,0.0,0.0,0.0,0.0,0.0,0.0,0.0,0.0,0.2,UB&PB,10970
2500,0.9569477402733128,0.35828964035575966,0.21494457575298237,0.5090869830428145,0.3019084558188411,0.22121999248631388,0.4089066943191919,0.8887276593908283,0.8155138033646634,0.9463982947329665,0.957872778962331,0.04212722103766877,0.14904419987097456,0.11039414471140276,0.046537168383504156,0.2239650122919728,0.011225759995529362,0.4002356936625333,0.1827257614299428,0.15576145803524138,0.07425260815659523,0.27182984129654086,0.21839930514740433,0.1989190191680208,0.1342129387442062,0.289297342872212,0.4127049684556344,0.41200617024510006,0.39881681242296935,0.42578819796739636,0.01906925693373887,0.35696732016757693,1811.8674117273413,1260.2705055058836,2759.450043952371,0.2,UB&PB,10970
0,0.0,0.0,0.0,0.0,0.0,0.0,0.0,0.0,0.0,0.0,0.0,0.0,0.0,0.0,0.0,0.0,0.0,0.0,0.0,0.0,0.0,0.0,0.0,0.0,0.0,0.0,0.0,0.0,0.0,0.0,0.0,0.0,0.0,0.0,0.0,0.25,UB&PB,10970
2500,0.9529965740309982,0.695940989515557,0.5520017926340913,0.8112542224901099,0.20154318604864083,0.1305634161135599,0.29936684473956376,0.8303926549365948,0.729674149914306,0.9147082715281276,0.9457100213219617,0.05428997867803842,0.14248337349721715,0.08664323800329818,0.026987880635377295,0.22403107595687086,0.004276350447804049,0.43271160077213505,0.15210288152321425,0.10180636077716007,0.03396845352744564,0.23968586727019184,0.24118431382622504,0.2259208720685154,0.11803667285856242,0.3592705255922328,0.40808875031690506,0.40772348887771315,0.40267510035711485,0.4130051460225717,0.1919439743184819,1.1285861305827294,11300.597183053673,5193.294928402465,27061.89778139579,0.25,UB&PB,10970
0,0.0,0.0,0.0,0.0,0.0,0.0,0.0,0.0,0.0,0.0,0.0,0.0,0.0,0.0,0.0,0.0,0.0,0.0,0.0,0.0,0.0,0.0,0.0,0.0,0.0,0.0,0.0,0.0,0.0,0.0,0.0,0.0,0.0,0.0,0.0,0.3,UB&PB,10970
2500,0.9640612467547692,0.7618930402195313,0.6064277122762277,0.893963698297164,0.16025656289167262,0.08991445470370912,0.2354756316993719,0.8714971229361894,0.7791862022532128,0.9354201598059908,0.9361840796019909,0.06381592039800982,0.15517143182631696,0.09712340854031583,0.028081277555662087,0.25081099775908877,0.005559934882400141,0.455420031960521,0.16190420947999398,0.10830268718017329,0.032471298762885126,0.2621722729731514,0.2624523200558081,0.25065632667577936,0.13211163775114376,0.39281948424195345,0.41558701401035897,0.41529997735616236,0.4108112347417951,0.4198917064920714,0.048428061060959385,0.30881965244307913,15277.885102765871,6153.995704159792,42711.15362174065,0.3,UB&PB,10970
0,0.0,0.0,0.0,0.0,0.0,0.0,0.0,0.0,0.0,0.0,0.0,0.0,0.0,0.0,0.0,0.0,0.0,0.0,0.0,0.0,0.0,0.0,0.0,0.0,0.0,0.0,0.0,0.0,0.0,0.0,0.0,0.0,0.0,0.0,0.0,0.35,UB&PB,10970
2500,0.9728027555912299,0.7979119097191874,0.6621003036793112,0.8907195647701109,0.06367921968299722,0.02802379086453081,0.11197215557358334,0.7958400738781578,0.6899240496082043,0.8778834700687017,0.906637526652451,0.0933624733475479,0.1910044522062232,0.15368933890141365,0.04867308926046712,0.3081486103969048,0.009323418297887274,0.4752323014611762,0.201102604888684,0.16932229177500122,0.058093582911453216,0.3233360089077193,0.30980484440297046,0.32906067403639916,0.17839719052513808,0.4383189390687116,0.4198089322844082,0.4195058387822344,0.4151132124178067,0.42407002290529083,0.088796965093172,0.2988642177758845,12207.379134191106,4117.675991458269,44407.30213169051,0.35,UB&PB,10970
0,0.0,0.0,0.0,0.0,0.0,0.0,0.0,0.0,0.0,0.0,0.0,0.0,0.0,0.0,0.0,0.0,0.0,0.0,0.0,0.0,0.0,0.0,0.0,0.0,0.0,0.0,0.0,0.0,0.0,0.0,0.0,0.0,0.0,0.0,0.0,0.4,UB&PB,10970
2500,0.9870939109295893,0.7799940413080932,0.6515165766657205,0.8760654221996388,0.06721487858229083,0.029622082119573054,0.12208423853510551,0.8302636114836645,0.7278813291677741,0.9143338405957726,0.9125181236673768,0.08748187633262262,0.19534730513612122,0.15961721763065898,0.05448151345602644,0.31866946608112795,0.011616734570546969,0.474027206538636,0.20524501924348487,0.17460845112568738,0.06405942063325262,0.3328257934149138,0.30971684554220374,0.3256850544428907,0.18221156394559315,0.4353393581986391,0.4183559777461537,0.41803148409416635,0.4137200645844724,0.422570800049249,0.0656623611961662,0.35810941996553414,11863.120722295098,4151.917791635117,40317.60169198775,0.4,UB&PB,10970
0,0.0,0.0,0.0,0.0,0.0,0.0,0.0,0.0,0.0,0.0,0.0,0.0,0.0,0.0,0.0,0.0,0.0,0.0,0.0,0.0,0.0,0.0,0.0,0.0,0.0,0.0,0.0,0.0,0.0,0.0,0.0,0.0,0.0,0.0,0.0,0.45,UB&PB,10970
2500,0.9974889560079313,0.8076962021201579,0.7004567287829944,0.8905423498331783,0.0479419861424078,0.01999435844684029,0.08904759683984238,0.7587196601825675,0.6455636779549725,0.8876813563993384,0.8872885572139294,0.11271144278606973,0.21287055580863723,0.18812955345775512,0.06760871988144831,0.34672880523521676,0.014051029023615018,0.48198182583185845,0.22189896540271473,0.200711155872604,0.07841796786958624,0.35790755487258,0.32783621865514356,0.3547973228066026,0.2063150367675261,0.44487271899788583,0.418714396140196,0.41843880289774155,0.41440486175026525,0.4226266840152705,0.30333715121155896,0.6002984609097397,10414.806646192643,3517.1826579631997,39643.502525266915,0.45,UB&PB,10970
0,0.0,0.0,0.0,0.0,0.0,0.0,0.0,0.0,0.0,0.0,0.0,0.0,0.0,0.0,0.0,0.0,0.0,0.0,0.0,0.0,0.0,0.0,0.0,0.0,0.0,0.0,0.0,0.0,0.0,0.0,0.0,0.0,0.0,0.0,0.0,0.5,UB&PB,10970
2500,1.0049929264545137,0.8657898854636809,0.7614933333715181,0.9332805487535538,0.0463636609855963,0.018813074593028535,0.0875344403566342,0.7338184619553004,0.6210717045731893,0.8396813093822937,0.8952103766879889,0.10478962331201157,0.2159017065224023,0.19128723417847543,0.06953891213359165,0.35496770743276435,0.015969916008213507,0.4807303192186043,0.22325647527263914,0.20128952441285944,0.07817227306308573,0.36316292348910717,0.32636015335973634,0.3500501340192097,0.20561057647260764,0.4439899388042852,0.4144578353664674,0.4142171578688854,0.4102554840140445,0.41830793938865224,0.26502802725206903,0.5598867188880837,14770.820853603364,4687.562696162171,59435.525086258735,0.5,UB&PB,10970
0,0.0,0.0,0.0,0.0,0.0,0.0,0.0,0.0,0.0,0.0,0.0,0.0,0.0,0.0,0.0,0.0,0.0,0.0,0.0,0.0,0.0,0.0,0.0,0.0,0.0,0.0,0.0,0.0,0.0,0.0,0.0,0.0,0.0,0.0,0.0,0.55,UB&PB,10970
2500,1.0236290363156109,0.790753899329039,0.6833922781829045,0.8844294056151529,0.03996813497581768,0.015593981952876477,0.07562587444756605,0.7521459209944107,0.59007568266165,0.8635922793933153,0.8276425017768309,0.1723574982231701,0.24314654899507274,0.22796649537228283,0.10688941121227094,0.3853598895062699,0.02333125488570038,0.48903981358947424,0.25358022973336525,0.240778962593198,0.1219222278928328,0.3924449404083954,0.34908494214513447,0.37804096366761436,0.24834712895287178,0.44951397291579115,0.41919415125949044,0.41889952970051175,0.4147553729093503,0.4232099336627218,0.22826937457126856,0.4497931745047147,8447.648326149689,2825.031268860152,33881.94567770186,0.55,UB&PB,10970
0,0.0,0.0,0.0,0.0,0.0,0.0,0.0,0.0,0.0,0.0,0.0,0.0,0.0,0.0,0.0,0.0,0.0,0.0,0.0,0.0,0.0,0.0,0.0,0.0,0.0,0.0,0.0,0.0,0.0,0.0,0.0,0.0,0.0,0.0,0.0,0.6,UB&PB,10970
2500,1.0392441644149397,0.8218803274093529,0.7116821603189782,0.9092918385774225,0.03058128533456956,0.010888173211289844,0.060148864212666284,0.60890916217533,0.4758261342034808,0.7389743162315667,0.7731101634683724,0.2268898365316273,0.26639926680237663,0.2609298577278399,0.14129900311897478,0.39790774681179597,0.03683364369519555,0.5013338529673796,0.27608664968966073,0.27166623613688506,0.15654622765308868,0.4024856673723824,0.3623981670869309,0.3899737315908977,0.27106799014489197,0.45376852163517256,0.41393663184595425,0.4136628423984377,0.4096876046648099,0.4177511235355531,0.10270881318931531,0.4048117523895216,9325.483720407305,2822.9414087406526,42684.84787811386,0.6,UB&PB,10970
0,0.0,0.0,0.0,0.0,0.0,0.0,0.0,0.0,0.0,0.0,0.0,0.0,0.0,0.0,0.0,0.0,0.0,0.0,0.0,0.0,0.0,0.0,0.0,0.0,0.0,0.0,0.0,0.0,0.0,0.0,0.0,0.0,0.0,0.0,0.0,0.65,UB&PB,10970
2500,1.0594909790189644,0.8656594921595102,0.7658123308431439,0.9400765907410276,0.029813363866983637,0.010529059435614723,0.058228081393351665,0.7356814929249453,0.6087239441484048,0.8442860769221033,0.669791755508174,0.3302082444918263,0.2792031376976076,0.27147934096656706,0.15143993595737243,0.41514266721682197,0.04199051268412489,0.5202133958761445,0.28714558567111387,0.28160297028831566,0.16370716281565947,0.4176075171661089,0.37703127968175343,0.40394776310445324,0.2858019297141209,0.46851757521549003,0.4240320995673194,0.4237773848514999,0.42003881024145706,0.4276520099784363,0.08623494915827404,0.3580511615911972,12094.982949080755,3386.217968954232,58500.73881994462,0.65,UB&PB,10970
0,0.0,0.0,0.0,0.0,0.0,0.0,0.0,0.0,0.0,0.0,0.0,0.0,0.0,0.0,0.0,0.0,0.0,0.0,0.0,0.0,0.0,0.0,0.0,0.0,0.0,0.0,0.0,0.0,0.0,0.0,0.0,0.0,0.0,0.0,0.0,0.7,UB&PB,10970
2500,1.074734654760902,0.8956705289734658,0.8191637490831777,0.95057195843696,0.02577959493911662,0.008587094271952866,0.05114205804661874,0.5334320881702586,0.4325764926337146,0.6581135176944388,0.4096019900497518,0.5903980099502497,0.31147752955542835,0.317402271766508,0.20868548334792394,0.41814313084559407,0.07598883123688845,0.5303519057637941,0.3185036474857136,0.3262400868561952,0.21866624945736818,0.4203638903054956,0.3942128203613054,0.41163586850546374,0.3295871876691108,0.4627054287272851,0.4180667172358827,0.4178560703019288,0.41420960296858755,0.42161383119322315,0.03238649345700823,0.4044268154260734,12055.335702542936,2925.387724116194,66235.5965223204,0.7,UB&PB,10970
0,0.0,0.0,0.0,0.0,0.0,0.0,0.0,0.0,0.0,0.0,0.0,0.0,0.0,0.0,0.0,0.0,0.0,0.0,0.0,0.0,0.0,0.0,0.0,0.0,0.0,0.0,0.0,0.0,0.0,0.0,0.0,0.0,0.0,0.0,0.0,0.75,UB&PB,10970
2500,1.0947875368077649,0.8524325742258956,0.749857601566519,0.9236174123117165,0.028855084327332973,0.0099050929775062,0.057314967529519534,0.5909500303980665,0.45322069425323364,0.7335185890940277,0.27297583511016343,0.7270241648898345,0.32847965099573984,0.3443795484771917,0.23478896086020973,0.4221025691520232,0.09549592727153536,0.5332959075503331,0.3363032956608574,0.3536810966722748,0.2450368303429463,0.4253433291563338,0.40302891906390087,0.4151802682102453,0.35141077619651473,0.45948940401042826,0.41906910355174815,0.4188325327659662,0.41499396765079766,0.422770071469134,0.04833519691037842,0.3821302898589255,8830.51419576374,2223.716478919889,45575.079951893706,0.75,UB&PB,10970
0,0.0,0.0,0.0,0.0,0.0,0.0,0.0,0.0,0.0,0.0,0.0,0.0,0.0,0.0,0.0,0.0,0.0,0.0,0.0,0.0,0.0,0.0,0.0,0.0,0.0,0.0,0.0,0.0,0.0,0.0,0.0,0.0,0.0,0.0,0.0,0.8,UB&PB,10970
2500,1.1083128859622216,0.8778995838878056,0.8028433532635055,0.93955064568585,0.028224818317780356,0.009721339367154596,0.055264906516015976,0.5621484140327563,0.4522937922678569,0.689992309391629,0.25882515991471233,0.7411748400852873,0.3362859237449401,0.3558207702742508,0.24935699959570382,0.41714487327288063,0.11788636706498289,0.5327276844304077,0.34234850910632486,0.3609875623033852,0.2575861766448561,0.4202639134551337,0.3982933699551017,0.40811258951789947,0.342482886665861,0.4565517539005714,0.41180886112007337,0.411474885191647,0.4077764054309087,0.41535684198214173,0.27215166609571145,0.8702330059525573,10754.365018225093,2550.2062325023935,58282.90558904953,0.8,UB&PB,10970
0,0.0,0.0,0.0,0.0,0.0,0.0,0.0,0.0,0.0,0.0,0.0,0.0,0.0,0.0,0.0,0.0,0.0,0.0,0.0,0.0,0.0,0.0,0.0,0.0,0.0,0.0,0.0,0.0,0.0,0.0,0.0,0.0,0.0,0.0,0.0,0.85,UB&PB,10970
2500,1.1301495562881294,0.8692870047170586,0.7808458168133525,0.9347683879175587,0.028577905060249216,0.009912413093100658,0.05572153910988209,0.7375505859471987,0.5802895913495184,0.8623181782685656,0.21438308457711458,0.7856169154228866,0.3548357385151182,0.38373049500635653,0.26858355580653626,0.4316174717121064,0.13039884378103242,0.5468143090333109,0.36099212213253057,0.3863095154262003,0.2782321868140092,0.43560753932507923,0.41262596956353115,0.42140201934194943,0.362565618362452,0.46539710270884815,0.4243735941219334,0.42413889109188896,0.42036297560631286,0.4280586741356099,0.25936794757406106,0.8922682763925175,9551.597871527212,2278.741594868081,51398.36332942398,0.85,UB&PB,10970
0,0.0,0.0,0.0,0.0,0.0,0.0,0.0,0.0,0.0,0.0,0.0,0.0,0.0,0.0,0.0,0.0,0.0,0.0,0.0,0.0,0.0,0.0,0.0,0.0,0.0,0.0,0.0,0.0,0.0,0.0,0.0,0.0,0.0,0.0,0.0,0.9,UB&PB,10970
2500,1.148978181675101,0.8797243080870699,0.7919137978793982,0.9439887470708364,0.028135354752171365,0.009609129703134529,0.055618781059886616,0.7015402023557539,0.5126935809992262,0.8891098637198147,0.16335252309879142,0.8366474769012087,0.3740011518458447,0.3970461606241577,0.3103644170080253,0.4338235693351987,0.16343106402947966,0.5541534609115731,0.3791381832332533,0.3972152409755089,0.31849181554637523,0.4381804568096045,0.4148885065656458,0.42092103104751966,0.3659629508173413,0.46544837453031696,0.4228427445880942,0.42261008868155175,0.41886610662655066,0.42649572056500146,0.07484242746804873,1.0138550549643761,9741.330870836015,2235.1900228862337,54072.13996870088,0.9,UB&PB,10970
0,0.0,0.0,0.0,0.0,0.0,0.0,0.0,0.0,0.0,0.0,0.0,0.0,0.0,0.0,0.0,0.0,0.0,0.0,0.0,0.0,0.0,0.0,0.0,0.0,0.0,0.0,0.0,0.0,0.0,0.0,0.0,0.0,0.0,0.0,0.0,0.95,UB&PB,10970
2500,1.1577592214816805,0.8763133513785599,0.7889746884230128,0.9401697127079469,0.02939024931279203,0.010311935842843886,0.0576052513082612,0.7129240162922524,0.5996519165544802,0.8244372195333783,0.2052906894100922,0.7947093105899086,0.3803403058895953,0.3974379043436616,0.32692505824525303,0.4317539118586651,0.1867804971456146,0.5491445446073426,0.3844426094438397,0.39639359764798887,0.33375224745578874,0.4353514850606468,0.40918149279579735,0.4147416976482421,0.3561393875890489,0.46251929087762306,0.41704444170343613,0.4168318928562782,0.4130859570301266,0.4206820890642022,0.778538990717033,1.0299083761990897,9535.7810980387,2281.4873779534178,51335.29410483973,0.95,UB&PB,10970
0,0.0,0.0,0.0,0.0,0.0,0.0,0.0,0.0,0.0,0.0,0.0,0.0,0.0,0.0,0.0,0.0,0.0,0.0,0.0,0.0,0.0,0.0,0.0,0.0,0.0,0.0,0.0,0.0,0.0,0.0,0.0,0.0,0.0,0.0,0.0,0.05,UB&PB,69371
2500,0.9169068221844295,0.6335976124490411,0.5172953240954695,0.7500147302627167,0.8674923115476829,0.7522933353467601,0.940220876736397,0.89946784173103,0.8240227680196469,0.9530143989863669,0.9577071783937449,0.042292821606254416,0.08230175671716468,0.019699609380198765,0.002971658447456629,0.1042493801254941,8.466251629178402e-5,0.37804367651843845,0.08786617717110085,0.023955750928787652,0.0038387677192713242,0.11652884907246358,0.14595362251377209,0.0942895474685979,0.034751305721718806,0.22431667063998084,0.4205359669528612,0.4202041912173189,0.4146561072187451,0.42597166346928794,0.02168577981487071,0.4206975379898933,21028.131070690488,11187.443364203487,39630.59566903407,0.05,UB&PB,69371
0,0.0,0.0,0.0,0.0,0.0,0.0,0.0,0.0,0.0,0.0,0.0,0.0,0.0,0.0,0.0,0.0,0.0,0.0,0.0,0.0,0.0,0.0,0.0,0.0,0.0,0.0,0.0,0.0,0.0,0.0,0.0,0.0,0.0,0.0,0.0,0.1,UB&PB,69371
2500,0.9324534166518377,0.4400268188265133,0.3297121700877794,0.5564319031955516,0.6285865825662031,0.48788824673066916,0.7485080214771366,0.8534907583638867,0.754703244124946,0.9301636306112316,0.9571599147121544,0.04284008528784653,0.10113819934292374,0.047117422697504754,0.014600781761886561,0.14228380477888408,0.0020583891867756864,0.37494825332593246,0.12001375328914453,0.06966492052453857,0.02439470523814231,0.17525792470285037,0.16042989549898817,0.12429854039418192,0.07150984689369218,0.2155604556099084,0.4202661022920752,0.41984350199045617,0.4101626973348542,0.4298285846642707,0.09698980099041894,0.29597742470031585,5689.408549472343,3700.266770039687,8953.11262622041,0.1,UB&PB,69371
0,0.0,0.0,0.0,0.0,0.0,0.0,0.0,0.0,0.0,0.0,0.0,0.0,0.0,0.0,0.0,0.0,0.0,0.0,0.0,0.0,0.0,0.0,0.0,0.0,0.0,0.0,0.0,0.0,0.0,0.0,0.0,0.0,0.0,0.0,0.0,0.15,UB&PB,69371
2500,0.9467223851513016,0.3587462755813383,0.22443349062805407,0.4995717164624489,0.2809149927518495,0.1993152988151699,0.373852603624678,0.894803872778983,0.8181081529151991,0.9482543711460709,0.951132196162047,0.048867803837953076,0.15157393605754052,0.10949986554402256,0.049079421533141515,0.22385193981011955,0.012502342419346285,0.4147493268426529,0.18528049123612478,0.15412541209055824,0.0771044832010292,0.2710290009356002,0.226210449998895,0.20403657846317474,0.13679723006961456,0.30131125764786987,0.41638605900086795,0.4156478977043902,0.40083387607774246,0.4310918552694803,0.17702806063275203,0.6190199293027276,2703.90862753315,1619.6308805628528,4855.795545887537,0.15,UB&PB,69371
0,0.0,0.0,0.0,0.0,0.0,0.0,0.0,0.0,0.0,0.0,0.0,0.0,0.0,0.0,0.0,0.0,0.0,0.0,0.0,0.0,0.0,0.0,0.0,0.0,0.0,0.0,0.0,0.0,0.0,0.0,0.0,0.0,0.0,0.0,0.0,0.2,UB&PB,69371
2500,0.959878392630237,0.45296339514640926,0.31470344983159587,0.5951568349867266,0.24516576320823152,0.1608881372914512,0.34003197332876456,0.8838806428841168,0.8067352822295591,0.9446922472084326,0.9425081734186205,0.05749182658137873,0.16639263384934208,0.12743966094920645,0.054298405077539774,0.24955021267080213,0.012093119090109843,0.4349009193332019,0.1949860852511915,0.16660356132430976,0.08025848713566403,0.288505253804021,0.2536714409992544,0.24345526751020583,0.15343005997694706,0.3447630176006356,0.4249944276108078,0.4244116925988664,0.4142527037073412,0.4349643429403889,0.23921067216868375,0.7259639450856743,3817.406531813437,2170.100392607458,7247.411061256872,0.2,UB&PB,69371
0,0.0,0.0,0.0,0.0,0.0,0.0,0.0,0.0,0.0,0.0,0.0,0.0,0.0,0.0,0.0,0.0,0.0,0.0,0.0,0.0,0.0,0.0,0.0,0.0,0.0,0.0,0.0,0.0,0.0,0.0,0.0,0.0,0.0,0.0,0.0,0.25,UB&PB,69371
2500,0.9685059706040299,0.4422348392854362,0.30747993287798836,0.5850076452653741,0.15047094775778866,0.09179479990152328,0.2258125741037154,0.8288303229963874,0.7333448009843538,0.9066793771436226,0.9348251599147128,0.06517484008528779,0.1893053911038555,0.15618193394280602,0.06941451793143981,0.28657331860941043,0.02168784296331124,0.45084617468125554,0.22026797339463314,0.20023370921610376,0.0988925702929204,0.3269418442670059,0.28294935378779856,0.2777094323411233,0.18034385860305818,0.3842575189365304,0.4191826653083921,0.41875279028651874,0.4095058110384336,0.42835922964843054,0.1770806829654254,0.7000295692053788,2031.0398742191016,1191.4785117760025,4023.865412800365,0.25,UB&PB,69371
0,0.0,0.0,0.0,0.0,0.0,0.0,0.0,0.0,0.0,0.0,0.0,0.0,0.0,0.0,0.0,0.0,0.0,0.0,0.0,0.0,0.0,0.0,0.0,0.0,0.0,0.0,0.0,0.0,0.0,0.0,0.0,0.0,0.0,0.0,0.0,0.3,UB&PB,69371
2500,0.9623847706349922,0.7802237768150312,0.6467210808118211,0.8734654534461241,0.15002927033861782,0.08339176661139307,0.23098100072239058,0.8676979383541639,0.7837189295570324,0.9326388524712179,0.9315437100213201,0.06845628997867814,0.15844384956177243,0.10455089345888895,0.031742044671886106,0.25118117396314316,0.0059335216357321394,0.4584693854754204,0.1662192986680883,0.11645637455830983,0.038066574506883305,0.26441684743734084,0.26714471391781636,0.261162758423936,0.1385372778739607,0.3935433635181692,0.4159204373718989,0.4155687967937836,0.41113638699408933,0.4201591640523401,0.010529714868805752,0.6958344172062744,20386.646172922337,8313.652857998492,54904.93778463734,0.3,UB&PB,69371
0,0.0,0.0,0.0,0.0,0.0,0.0,0.0,0.0,0.0,0.0,0.0,0.0,0.0,0.0,0.0,0.0,0.0,0.0,0.0,0.0,0.0,0.0,0.0,0.0,0.0,0.0,0.0,0.0,0.0,0.0,0.0,0.0,0.0,0.0,0.0,0.35,UB&PB,69371
2500,0.9762984785332474,0.6895373495566726,0.5445017886471424,0.8147730372731201,0.09614032732564004,0.04965944630651191,0.1572915642655535,0.8322320453134407,0.7219824207280325,0.9168056160748682,0.9286318407960203,0.07136815920398,0.18593286466276693,0.14849496042890203,0.050817217054950556,0.2987500775176257,0.009255066483240752,0.4629739997728102,0.200851562487908,0.17075206974195786,0.06562117393929241,0.31859712672832396,0.29425132331524034,0.3010062408515427,0.17177202446563195,0.4164083753566136,0.41545103185385196,0.41506385847328375,0.4095878070728405,0.42077726717335295,0.10696019489504684,0.3176793988534581,8446.694222342383,3198.14958834625,26731.96950299181,0.35,UB&PB,69371
0,0.0,0.0,0.0,0.0,0.0,0.0,0.0,0.0,0.0,0.0,0.0,0.0,0.0,0.0,0.0,0.0,0.0,0.0,0.0,0.0,0.0,0.0,0.0,0.0,0.0,0.0,0.0,0.0,0.0,0.0,0.0,0.0,0.0,0.0,0.0,0.4,UB&PB,69371
2500,0.9888093469497136,0.7581680132908705,0.6204166282059066,0.8763074962788988,0.061939110821867795,0.027708861230005,0.10886396242435478,0.7257356599948379,0.6322057366685235,0.8163190997993851,0.9099971570717847,0.090002842928216,0.2074387299499047,0.1801899401115534,0.06623414936176829,0.3329988201955077,0.012670502540222648,0.477542262039078,0.2186744818135717,0.19644239565522978,0.07859374668720846,0.3477469113499786,0.3225889856667921,0.3448285587036038,0.20203375826739337,0.4415054293553424,0.4229648082604695,0.42263495058255635,0.41828246305405214,0.42717734594953793,0.29715242648185614,0.8171639434538864,9134.68619036747,3379.891989359585,30544.355020427305,0.4,UB&PB,69371
0,0.0,0.0,0.0,0.0,0.0,0.0,0.0,0.0,0.0,0.0,0.0,0.0,0.0,0.0,0.0,0.0,0.0,0.0,0.0,0.0,0.0,0.0,0.0,0.0,0.0,0.0,0.0,0.0,0.0,0.0,0.0,0.0,0.0,0.0,0.0,0.45,UB&PB,69371
2500,0.9973072464107788,0.697133646280425,0.5722812215395745,0.7976687664825148,0.05345082286750759,0.022833472040817735,0.09637084355032108,0.7174708429905368,0.6127474568837034,0.8229230119115832,0.8963340440653856,0.10366595593461247,0.22076706356829642,0.20244089338231652,0.08582724304252463,0.34923700682976055,0.019077671505367554,0.4722945056995604,0.2361579465569379,0.2224623912090642,0.10535993719265825,0.36533255460147496,0.3297548769492323,0.35626669876414935,0.2237516041780616,0.43528879559005584,0.41533587145681766,0.41507495307055836,0.41015164686128336,0.4201195536055463,0.30070195872264316,0.5499568399041147,5960.189971059869,2262.6939922128386,20685.339492225692,0.45,UB&PB,69371
0,0.0,0.0,0.0,0.0,0.0,0.0,0.0,0.0,0.0,0.0,0.0,0.0,0.0,0.0,0.0,0.0,0.0,0.0,0.0,0.0,0.0,0.0,0.0,0.0,0.0,0.0,0.0,0.0,0.0,0.0,0.0,0.0,0.0,0.0,0.0,0.5,UB&PB,69371
2500,1.007097261382216,0.8223335861855328,0.7282763823428672,0.8933047871442639,0.04142617766851593,0.01634918244578702,0.07791732600015004,0.7268698859626506,0.5927585909550819,0.8427858571660668,0.8651265103056144,0.1348734896943855,0.2293790789761372,0.2111775008356633,0.08609844937194124,0.36865829047641185,0.01825012611515985,0.4884129937340062,0.23939261218575247,0.22400148881103274,0.09940594447450525,0.3775902671485775,0.3408279959994963,0.3688862748360967,0.22733548570470133,0.451464274712767,0.41912750940209115,0.41883581844442974,0.41472740969272204,0.4231340034452728,0.05934093631910552,0.33632463901894905,12936.960926456633,3973.7043061022255,55271.59458877763,0.5,UB&PB,69371
0,0.0,0.0,0.0,0.0,0.0,0.0,0.0,0.0,0.0,0.0,0.0,0.0,0.0,0.0,0.0,0.0,0.0,0.0,0.0,0.0,0.0,0.0,0.0,0.0,0.0,0.0,0.0,0.0,0.0,0.0,0.0,0.0,0.0,0.0,0.0,0.55,UB&PB,69371
2500,1.0145451375207912,0.8674522675780023,0.7640251319574723,0.9387431074350772,0.03943443116122978,0.01535746267658894,0.07429407667565925,0.7608553901851809,0.6157214121315534,0.8662273418555758,0.857452025586354,0.142547974413646,0.2295201911222563,0.20862794859702946,0.08451888476171049,0.37377943528144814,0.017636398272772434,0.49086423366072357,0.2369983319747266,0.21788677834021256,0.09486356594719984,0.37935008535860865,0.33730488901766725,0.3629501833244889,0.22269683832745257,0.44989285565237125,0.41371754443009945,0.4134554411559032,0.40953622537164414,0.4175161080091224,0.14643781253870466,0.4201424225622417,14732.378395349408,4555.17212920563,62313.20939729884,0.55,UB&PB,69371
0,0.0,0.0,0.0,0.0,0.0,0.0,0.0,0.0,0.0,0.0,0.0,0.0,0.0,0.0,0.0,0.0,0.0,0.0,0.0,0.0,0.0,0.0,0.0,0.0,0.0,0.0,0.0,0.0,0.0,0.0,0.0,0.0,0.0,0.0,0.0,0.6,UB&PB,69371
2500,1.0429709580398943,0.8533080089612138,0.7466287182039598,0.9288416490540419,0.031259136585632695,0.011427093431238829,0.0608612701062951,0.7174108576712352,0.5693972864598127,0.8297957555076461,0.7910412224591323,0.20895877754086725,0.26464874718790754,0.25537372383017515,0.12943674539570085,0.40637866487265956,0.03052298362981338,0.511919650066852,0.2734486131413576,0.26585153983740945,0.14347998396093298,0.41026751265733136,0.36632385036282206,0.39537142074419673,0.2660300587361353,0.46545793500908367,0.42449492662178717,0.4242275965938809,0.42039063402636273,0.4282171216696068,0.34628731667998724,0.7419947763667681,11113.847563135485,3319.336691253127,50878.383318950226,0.6,UB&PB,69371
0,0.0,0.0,0.0,0.0,0.0,0.0,0.0,0.0,0.0,0.0,0.0,0.0,0.0,0.0,0.0,0.0,0.0,0.0,0.0,0.0,0.0,0.0,0.0,0.0,0.0,0.0,0.0,0.0,0.0,0.0,0.0,0.0,0.0,0.0,0.0,0.65,UB&PB,69371
2500,1.0576179961313095,0.8210537690539841,0.723093163946406,0.9042406168980669,0.02988105029324958,0.010607602631702748,0.058780278286142754,0.6255497236221741,0.5009430603655373,0.745621548104632,0.7089694385216765,0.29103056147832274,0.28373296828705535,0.282114098158133,0.16541069200434264,0.4092785915589677,0.05166464351696442,0.5082847166157453,0.293159816321072,0.29367057865929364,0.17989779350306156,0.41250303485653006,0.3727184909879082,0.39762303241520275,0.29012511762067245,0.45718289456624134,0.41701238743823554,0.41672170871645925,0.4127765296573473,0.4207805205342306,0.4333058545970938,0.936887954019381,9330.090382011873,2802.9988575505877,43161.40394246043,0.65,UB&PB,69371
0,0.0,0.0,0.0,0.0,0.0,0.0,0.0,0.0,0.0,0.0,0.0,0.0,0.0,0.0,0.0,0.0,0.0,0.0,0.0,0.0,0.0,0.0,0.0,0.0,0.0,0.0,0.0,0.0,0.0,0.0,0.0,0.0,0.0,0.0,0.0,0.7,UB&PB,69371
2500,1.071693516035413,0.8544947209866519,0.7685616135181351,0.9238928595677485,0.027983978783498124,0.009711108949120539,0.054542400513502225,0.6555153202227711,0.5568314542474415,0.7516347593421425,0.4260746268656708,0.5739253731343277,0.30020596343611033,0.30346933181389407,0.1920057248303137,0.4138694800271377,0.06180578955164258,0.5241914523472291,0.3082364792087631,0.3148801101489656,0.2030265927174082,0.41605419143506467,0.3882009871531395,0.40697094405924933,0.3231431145451356,0.45799637506451,0.4148383936791948,0.41455309588123784,0.4107837418899186,0.41845481645767485,0.6768325848289968,1.0637107145334372,9891.795801935554,2581.8037229800134,50183.5360150216,0.7,UB&PB,69371
0,0.0,0.0,0.0,0.0,0.0,0.0,0.0,0.0,0.0,0.0,0.0,0.0,0.0,0.0,0.0,0.0,0.0,0.0,0.0,0.0,0.0,0.0,0.0,0.0,0.0,0.0,0.0,0.0,0.0,0.0,0.0,0.0,0.0,0.0,0.0,0.75,UB&PB,69371
2500,1.0842761769576208,0.8727632451652415,0.785299344923544,0.9399159054757277,0.027781937869075277,0.009554678505361295,0.05458895876765968,0.6628736221041693,0.5176863858643888,0.7733025581623452,0.28960199004975073,0.7103980099502478,0.3137297641877261,0.3273559089118892,0.21245622537880227,0.4129107569704775,0.08048037600162201,0.528550897579429,0.3206389435475515,0.33630024088531923,0.2215494171931673,0.4153674959804696,0.392378470724093,0.4054455065179464,0.33317277923395816,0.4546120693094324,0.4109526955394285,0.4106220937164839,0.40691276179448266,0.41448801529429263,0.07251618240403193,0.41162631580610193,10739.272052411852,2583.813545062637,57178.917361191925,0.75,UB&PB,69371
0,0.0,0.0,0.0,0.0,0.0,0.0,0.0,0.0,0.0,0.0,0.0,0.0,0.0,0.0,0.0,0.0,0.0,0.0,0.0,0.0,0.0,0.0,0.0,0.0,0.0,0.0,0.0,0.0,0.0,0.0,0.0,0.0,0.0,0.0,0.0,0.8,UB&PB,69371
2500,1.1071289957968642,0.8802203807291333,0.7954078850640931,0.9422516493018288,0.025765075163454856,0.00852057327780156,0.05159525294633733,0.6608338217481473,0.5194757292665418,0.7694747744856661,0.25787206823027703,0.7421279317697219,0.3325045394257532,0.35441676555610085,0.23996858769837956,0.41767622821777467,0.1057446811139148,0.5364761542558598,0.3386553855499811,0.3595755982944198,0.2483474779428149,0.4205791554004918,0.39894189133710534,0.40969233741679784,0.3447098382310571,0.4559719084348193,0.4133323763111472,0.4130637848450061,0.4094228641410033,0.4168256291596723,0.6428270862846291,1.0276620033243486,10598.483894749395,2464.7305694424927,58808.17098865297,0.8,UB&PB,69371
0,0.0,0.0,0.0,0.0,0.0,0.0,0.0,0.0,0.0,0.0,0.0,0.0,0.0,0.0,0.0,0.0,0.0,0.0,0.0,0.0,0.0,0.0,0.0,0.0,0.0,0.0,0.0,0.0,0.0,0.0,0.0,0.0,0.0,0.0,0.0,0.85,UB&PB,69371
2500,1.126213562671662,0.8613851720224415,0.7680090103322385,0.9337559659290995,0.0270128487563284,0.009155876829204022,0.05351146956378793,0.7279008015314984,0.5801220365051141,0.8446556826920456,0.17932409381663073,0.8206759061833682,0.3487914713676359,0.375690451101065,0.2655364641152191,0.42175957765314726,0.12904196821450628,0.5428622517286747,0.35489012145647647,0.3781375598065403,0.2752448171724018,0.42567012595968123,0.40434689568119647,0.41235461813058644,0.3542479235588107,0.45668314949915767,0.4149084518721822,0.4146127474510588,0.4108349426798944,0.41852543938192144,0.4361278870878908,0.9246425509081218,9197.150914421607,2174.198853507469,49927.98897617673,0.85,UB&PB,69371
0,0.0,0.0,0.0,0.0,0.0,0.0,0.0,0.0,0.0,0.0,0.0,0.0,0.0,0.0,0.0,0.0,0.0,0.0,0.0,0.0,0.0,0.0,0.0,0.0,0.0,0.0,0.0,0.0,0.0,0.0,0.0,0.0,0.0,0.0,0.0,0.9,UB&PB,69371
2500,1.133433062045261,0.8757356644780073,0.7817878523797851,0.9415505536386196,0.028214040054727985,0.009735689435079822,0.05532914123197274,0.6555134177324058,0.517681942840919,0.8013868256499972,0.15587562189054752,0.8441243781094522,0.35470849989563524,0.3767653478761235,0.2911962510460036,0.412415999043459,0.15106555158723445,0.5330783896715107,0.35955426059921397,0.37675839552655216,0.29887251829096034,0.41632821550406923,0.3947389640594689,0.4005561859362017,0.3452640925345646,0.4453436619419175,0.4026081828068799,0.40230331459514224,0.39851871384745097,0.4062051011935205,0.24100976065159896,0.7466465932627432,9663.034270650716,2225.501963447144,53110.485758366696,0.9,UB&PB,69371
0,0.0,0.0,0.0,0.0,0.0,0.0,0.0,0.0,0.0,0.0,0.0,0.0,0.0,0.0,0.0,0.0,0.0,0.0,0.0,0.0,0.0,0.0,0.0,0.0,0.0,0.0,0.0,0.0,0.0,0.0,0.0,0.0,0.0,0.0,0.0,0.95,UB&PB,69371
2500,1.1715090681005844,0.8540901888145249,0.753699772081803,0.9293924998617841,0.028944950735446038,0.010093462926624426,0.05663363722816897,0.7161791967478598,0.601554446018289,0.8209234612422263,0.16775621890547274,0.8322437810945273,0.3909304110871532,0.4061667044696204,0.3424816672571915,0.43925197723447174,0.20269833332422987,0.5564778547481721,0.39578208469147386,0.40516452374786094,0.349375335004206,0.44444575818446175,0.417123301487749,0.42216034300649735,0.3692104318810554,0.46556970604482956,0.4239243817390264,0.42367417491408854,0.4198539578790594,0.4276142604106095,0.111110197678246,0.45567074109880445,7854.818250448078,1958.9513220272374,41178.68585957016,0.95,UB&PB,69371
0,0.0,0.0,0.0,0.0,0.0,0.0,0.0,0.0,0.0,0.0,0.0,0.0,0.0,0.0,0.0,0.0,0.0,0.0,0.0,0.0,0.0,0.0,0.0,0.0,0.0,0.0,0.0,0.0,0.0,0.0,0.0,0.0,0.0,0.0,0.0,0.05,UB&PB,10655
2500,0.9158328363331412,0.5079323207569675,0.3786720213718714,0.6541056552600892,0.8494930124948479,0.7534935908664167,0.9196139597070024,0.8616497296547189,0.7763308028704996,0.9273866671243812,0.9572430703624732,0.04275692963752665,0.07864352444447373,0.02152178005669255,0.003577294051702769,0.10061613608918119,0.00019797479992059877,0.3538145659257957,0.08662098467317783,0.02797364128992641,0.0052453245816789585,0.11730119256088298,0.135223348492146,0.09136822387684254,0.03635358834293561,0.19683974500476387,0.41923870653753925,0.4188602842240635,0.4111926458880947,0.42688804427486365,0.20288088634103607,0.8250848695625793,8317.006196934713,5084.255091060178,13973.735110964037,0.05,UB&PB,10655
0,0.0,0.0,0.0,0.0,0.0,0.0,0.0,0.0,0.0,0.0,0.0,0.0,0.0,0.0,0.0,0.0,0.0,0.0,0.0,0.0,0.0,0.0,0.0,0.0,0.0,0.0,0.0,0.0,0.0,0.0,0.0,0.0,0.0,0.0,0.0,0.1,UB&PB,10655
2500,0.9338658852128282,0.6614931360924811,0.40308987889263387,0.8195689055785951,0.7950897814301388,0.6480083076381415,0.9011437105457213,0.8830418278037405,0.8082113262701225,0.9406614082419283,0.9575863539445633,0.04241364605543704,0.08589237500290228,0.02681846335249264,0.005023187485238793,0.1121585942829743,0.0004838597944305998,0.37225100355698176,0.09259399769050186,0.033020934329516256,0.007121788392542215,0.12552304391222188,0.1453296331246213,0.1042137678019302,0.043288429507636936,0.2089750001352278,0.4265249467122696,0.4259827813299865,0.41901428134681923,0.4333527676336543,0.01837090466657719,0.3458121797576069,20789.318112140674,11603.59552528456,37614.27738507692,0.1,UB&PB,10655
0,0.0,0.0,0.0,0.0,0.0,0.0,0.0,0.0,0.0,0.0,0.0,0.0,0.0,0.0,0.0,0.0,0.0,0.0,0.0,0.0,0.0,0.0,0.0,0.0,0.0,0.0,0.0,0.0,0.0,0.0,0.0,0.0,0.0,0.0,0.0,0.15,UB&PB,10655
2500,0.9485951605104239,0.28730181053950127,0.15508533184262532,0.45382636732643306,0.39862813964403193,0.301240532099756,0.5022943697695404,0.8906692660893829,0.8087270363747144,0.9489544806637559,0.9619097370291403,0.03809026297085998,0.13513726287029432,0.09515367358003361,0.038411373069924176,0.19969466730431992,0.008353253595505922,0.3851370544056343,0.17167326406594252,0.1420581198366989,0.06555254793555466,0.2528246703142092,0.1948820306714798,0.17268651827979187,0.12310362507114282,0.24424276983113083,0.41966799353847445,0.41873594405053893,0.4016310373584488,0.43667171366985846,0.5341606683952386,1.7990784513515419,1680.2158859565068,1207.081731631065,2394.630766869501,0.15,UB&PB,10655
0,0.0,0.0,0.0,0.0,0.0,0.0,0.0,0.0,0.0,0.0,0.0,0.0,0.0,0.0,0.0,0.0,0.0,0.0,0.0,0.0,0.0,0.0,0.0,0.0,0.0,0.0,0.0,0.0,0.0,0.0,0.0,0.0,0.0,0.0,0.0,0.2,UB&PB,10655
2500,0.9481593634795213,0.7300653927677311,0.5962489247042583,0.8521659042438571,0.4742529546270824,0.36206213163648815,0.6108006671131906,0.8619310209662353,0.7730925123211652,0.9317721904074413,0.9534591329068944,0.04654086709310593,0.10592659430241004,0.043406977957722685,0.010223680954708525,0.15873668337505029,0.0013241330849534038,0.3983519725097194,0.11048519441061586,0.04845293285139248,0.011712554266988449,0.16772259711095505,0.1839966324602509,0.1505444007949921,0.07526818099278694,0.2749307012864086,0.41894706891771694,0.4186108161940969,0.41352841715956945,0.42388968494044826,0.07504559415636909,0.3002890525027043,28452.06890154456,13501.480369079956,63372.43626808907,0.2,UB&PB,10655
0,0.0,0.0,0.0,0.0,0.0,0.0,0.0,0.0,0.0,0.0,0.0,0.0,0.0,0.0,0.0,0.0,0.0,0.0,0.0,0.0,0.0,0.0,0.0,0.0,0.0,0.0,0.0,0.0,0.0,0.0,0.0,0.0,0.0,0.0,0.0,0.25,UB&PB,10655
2500,0.9682233049971986,0.4382736389115258,0.3178693291706829,0.5552292384376192,0.3404744253686876,0.22987385908610714,0.453366817122904,0.8582358387756734,0.766353647767726,0.9298565642334442,0.947056147832266,0.052943852167732765,0.1583590910178568,0.12204787637932443,0.05249537795106451,0.23811705467560415,0.012501079082789997,0.4112361227052277,0.18590675341482013,0.15937168726521345,0.07615011807010966,0.2766300027107928,0.23451714992699813,0.22306030680514743,0.14406695785479576,0.3123428374111938,0.42028188315478804,0.41989628435933674,0.4107489181250485,0.42937623095777083,0.01926131491682197,0.6375496069740236,3118.268061486673,2129.6814178646673,4812.322270105965,0.25,UB&PB,10655
0,0.0,0.0,0.0,0.0,0.0,0.0,0.0,0.0,0.0,0.0,0.0,0.0,0.0,0.0,0.0,0.0,0.0,0.0,0.0,0.0,0.0,0.0,0.0,0.0,0.0,0.0,0.0,0.0,0.0,0.0,0.0,0.0,0.0,0.0,0.0,0.3,UB&PB,10655
2500,0.9659801730104493,0.7385364641402467,0.5664022455481313,0.8607787084162377,0.1348874542027136,0.07698487600271223,0.21611813843000494,0.8574482925593961,0.7681136676821941,0.9284049377744846,0.93219118692253,0.06780881307746991,0.1629345329781251,0.11032949568150245,0.035316723263190825,0.2606768746334334,0.0063688985349213975,0.4580703460578597,0.17266759276705482,0.12607851628886482,0.04325470153100463,0.27574156302542013,0.269227237745029,0.25973275043144567,0.1407864474668382,0.39767427999802163,0.41683263216561045,0.41640540098212014,0.41144187043640595,0.42161575633753107,0.0747893866899995,0.4082424796615666,11978.751985907287,5055.109412731509,31268.951002537946,0.3,UB&PB,10655
0,0.0,0.0,0.0,0.0,0.0,0.0,0.0,0.0,0.0,0.0,0.0,0.0,0.0,0.0,0.0,0.0,0.0,0.0,0.0,0.0,0.0,0.0,0.0,0.0,0.0,0.0,0.0,0.0,0.0,0.0,0.0,0.0,0.0,0.0,0.0,0.35,UB&PB,10655
2500,0.9802613133012585,0.7333338896539672,0.609811742406372,0.8384039130954953,0.0673826676060442,0.030276494712637485,0.11888537093459951,0.8224224079631283,0.6966528895718306,0.9200096997070466,0.9176943852167718,0.08230561478322673,0.1935157077799758,0.1581320479093954,0.054269638213537114,0.30987234931369934,0.01121184866090525,0.47343943288363977,0.2050769838288321,0.17550138294502773,0.06608724585536796,0.3268851077807155,0.3096194986149989,0.32852431475182786,0.18065467915352715,0.4352699893994239,0.41879776114925343,0.41846749725723414,0.4140164304511446,0.4231302375036002,0.026472277661386847,0.3341490326501839,9039.054588076113,3335.9714949460113,29364.036160151685,0.35,UB&PB,10655
0,0.0,0.0,0.0,0.0,0.0,0.0,0.0,0.0,0.0,0.0,0.0,0.0,0.0,0.0,0.0,0.0,0.0,0.0,0.0,0.0,0.0,0.0,0.0,0.0,0.0,0.0,0.0,0.0,0.0,0.0,0.0,0.0,0.0,0.0,0.0,0.4,UB&PB,10655
2500,0.9806356323002827,0.7799804439450213,0.672740362228714,0.88301212622501,0.06448921800775935,0.029182456964104448,0.11661193080675393,0.8008100080533457,0.706697231888552,0.8836559644005443,0.9123269367448475,0.08767306325515291,0.18761404941491158,0.1513472665910591,0.049851112876237155,0.30639041806060796,0.009372447782857164,0.4624620576028661,0.19652140786259675,0.16497558280598248,0.05847081578643128,0.3194253689831416,0.29993745638442837,0.31492142623373026,0.17371773810720673,0.4244487379684415,0.4084462060544151,0.4081588153561979,0.40387377804211594,0.41260583182114924,0.03852856042919124,0.46278171041936456,12549.24117488439,4313.665212509009,44053.02864477819,0.4,UB&PB,10655
0,0.0,0.0,0.0,0.0,0.0,0.0,0.0,0.0,0.0,0.0,0.0,0.0,0.0,0.0,0.0,0.0,0.0,0.0,0.0,0.0,0.0,0.0,0.0,0.0,0.0,0.0,0.0,0.0,0.0,0.0,0.0,0.0,0.0,0.0,0.0,0.45,UB&PB,10655
2500,1.0026136967252526,0.69878982197711,0.5808390606156448,0.7866024337951091,0.05651041613212234,0.024839925843004637,0.10169176855979194,0.8758615100300756,0.7911610973855776,0.9427497620412277,0.8994570007107319,0.10054299928926794,0.21168171616432366,0.18428247299419487,0.07609781692545453,0.3418441575405507,0.01936412201072354,0.471014982038642,0.22677818088676846,0.20365985831591643,0.09318954163423442,0.35725451423605786,0.3200451948908931,0.3418837427772449,0.2097737885129436,0.43063927135915564,0.4144408472406811,0.4141591459628001,0.4092382667497354,0.4192327248346095,0.2389678762085863,0.6425460489101289,8063.469649396268,2978.250510606891,26683.93275429545,0.45,UB&PB,10655
0,0.0,0.0,0.0,0.0,0.0,0.0,0.0,0.0,0.0,0.0,0.0,0.0,0.0,0.0,0.0,0.0,0.0,0.0,0.0,0.0,0.0,0.0,0.0,0.0,0.0,0.0,0.0,0.0,0.0,0.0,0.0,0.0,0.0,0.0,0.0,0.5,UB&PB,10655
2500,1.0093748983946786,0.7858371200611928,0.6516871456751859,0.8805921060150373,0.04686119115369434,0.01884883213182646,0.08817885493587461,0.7342056488501989,0.6244719659549699,0.8408212587105474,0.8790575692963756,0.12094243070362472,0.22373513061249228,0.20428013581639706,0.08517472003596585,0.35818053061625527,0.019612431990958544,0.47954250801059184,0.23440266315642633,0.21757003741216344,0.09895992343311207,0.3681537561237131,0.3299066366760558,0.3556710397519573,0.21589352967545905,0.4404883062892588,0.4106267753267556,0.4103160489438358,0.4060077277397091,0.4147717595460618,0.14318200281310106,0.41672426857971095,8471.94282467074,2917.476851419233,32053.561948901934,0.5,UB&PB,10655
0,0.0,0.0,0.0,0.0,0.0,0.0,0.0,0.0,0.0,0.0,0.0,0.0,0.0,0.0,0.0,0.0,0.0,0.0,0.0,0.0,0.0,0.0,0.0,0.0,0.0,0.0,0.0,0.0,0.0,0.0,0.0,0.0,0.0,0.0,0.0,0.55,UB&PB,10655
2500,1.0236303802140405,0.8454952588977158,0.7515986956103539,0.9227861245720758,0.036865715071622875,0.014098374424370985,0.07055934110685533,0.7308239879923327,0.6070819794807794,0.8612090225796095,0.8364328358208944,0.16356716417910425,0.23768906646285523,0.22131849477227625,0.09826647534875387,0.3785530514664105,0.02260822343181513,0.4915670745122745,0.24586483119125072,0.2311328709838313,0.10976572375564901,0.38424894868004583,0.3426621706965547,0.37048036208235063,0.2317910433365665,0.44992099803842356,0.4135383669590834,0.41320706101906796,0.4093210893631611,0.41726129744053636,0.5105251518930081,1.0702079686475745,11920.809349409554,3670.1248934808914,51419.33737934829,0.55,UB&PB,10655
0,0.0,0.0,0.0,0.0,0.0,0.0,0.0,0.0,0.0,0.0,0.0,0.0,0.0,0.0,0.0,0.0,0.0,0.0,0.0,0.0,0.0,0.0,0.0,0.0,0.0,0.0,0.0,0.0,0.0,0.0,0.0,0.0,0.0,0.0,0.0,0.6,UB&PB,10655
2500,1.0324122395954924,0.8346234605334808,0.7416782810921114,0.9139174176412199,0.03229768423590335,0.01165083895137932,0.06321125980864553,0.6963440581163075,0.5766307161508823,0.8119822671411757,0.7667789623312016,0.23322103766879868,0.251691898422734,0.2397612093122059,0.11973390207288923,0.3894158285912779,0.028212933207520045,0.49488048666585766,0.2601426073089714,0.24924190439903163,0.1332074370492904,0.3936106573673836,0.3514866732712083,0.37975822754703903,0.25221897606672083,0.44892916081859324,0.4085157848809816,0.4082420329294898,0.40439537678664356,0.4122260789332422,0.08233144793139248,0.3240100838452497,10571.233443328469,3174.5144091883008,48037.42651381742,0.6,UB&PB,10655
0,0.0,0.0,0.0,0.0,0.0,0.0,0.0,0.0,0.0,0.0,0.0,0.0,0.0,0.0,0.0,0.0,0.0,0.0,0.0,0.0,0.0,0.0,0.0,0.0,0.0,0.0,0.0,0.0,0.0,0.0,0.0,0.0,0.0,0.0,0.0,0.65,UB&PB,10655
2500,1.048055855043795,0.879654068117387,0.7874489408169512,0.9451985379628268,0.031807439958051666,0.011386998811985344,0.06266962296513223,0.7607649377145885,0.6282790986448988,0.8721276225387813,0.6999722814498921,0.30002771855010657,0.2644010664617657,0.25364272610575084,0.1339416141290821,0.40262260716481263,0.03259007201647022,0.507085405129065,0.2713928042969396,0.2629338301842423,0.14434454195873112,0.4051243197693031,0.3628381304533295,0.38860234615901096,0.26698819747083397,0.45775891964341314,0.41389980411007177,0.4135808738365145,0.4098452210688855,0.41745766890800584,0.10315144272137738,0.47717365137420553,13390.364444192164,3745.296402252946,63673.85687213128,0.65,UB&PB,10655
0,0.0,0.0,0.0,0.0,0.0,0.0,0.0,0.0,0.0,0.0,0.0,0.0,0.0,0.0,0.0,0.0,0.0,0.0,0.0,0.0,0.0,0.0,0.0,0.0,0.0,0.0,0.0,0.0,0.0,0.0,0.0,0.0,0.0,0.0,0.0,0.7,UB&PB,10655
2500,1.081521099509619,0.8984754501271867,0.8250295753116161,0.9521328884864151,0.02880735947238534,0.009870737378335524,0.056754889819643106,0.5627632909369135,0.4524285844662062,0.6808098755980468,0.34629566453446975,0.6537043354655293,0.3169168394489854,0.32159090766727577,0.21376359634576586,0.42264519726886485,0.08148632320699982,0.5406418499076866,0.32389275193626893,0.3299928733452314,0.22381389649400832,0.424925929984365,0.39996501974155035,0.41597641418286413,0.33193868401704457,0.47089379239327345,0.4226856696103133,0.42239080686850494,0.41877599287697015,0.42614348540444086,0.49082041862874376,0.9866745755218593,12619.089115527899,2991.5225273360084,67898.4504322156,0.7,UB&PB,10655
0,0.0,0.0,0.0,0.0,0.0,0.0,0.0,0.0,0.0,0.0,0.0,0.0,0.0,0.0,0.0,0.0,0.0,0.0,0.0,0.0,0.0,0.0,0.0,0.0,0.0,0.0,0.0,0.0,0.0,0.0,0.0,0.0,0.0,0.0,0.0,0.75,UB&PB,10655
2500,1.0957569895657717,0.8520433834706327,0.7703485530574153,0.916516892458605,0.02754342323533066,0.009479024188470393,0.0542236158022523,0.6578128940808727,0.49831797753219037,0.8126511643707229,0.33621179815209773,0.6637882018479034,0.3229909661591449,0.33819366569344045,0.22213167009115764,0.42140236700250944,0.08898863374238679,0.5340892504773145,0.33053922675407993,0.34705747977148765,0.23270622760902862,0.42437611291688554,0.3987458303482922,0.4130988115645448,0.34013621114027914,0.4610780046691836,0.4187977686900797,0.41854032415884584,0.4147413296573666,0.42242208058688846,0.027871176092957237,0.5462968084842912,9660.757496917384,2432.806534512344,50238.007415169915,0.75,UB&PB,10655
0,0.0,0.0,0.0,0.0,0.0,0.0,0.0,0.0,0.0,0.0,0.0,0.0,0.0,0.0,0.0,0.0,0.0,0.0,0.0,0.0,0.0,0.0,0.0,0.0,0.0,0.0,0.0,0.0,0.0,0.0,0.0,0.0,0.0,0.0,0.0,0.8,UB&PB,10655
2500,1.1158541313360288,0.8741676696166224,0.7814200462884517,0.9408009478354942,0.027753836858277516,0.009541323725239447,0.05490474462016397,0.6083467223129452,0.48433769330132614,0.7447649158572357,0.274319829424306,0.7256801705756916,0.3440839242521813,0.3655829441794256,0.2532889875180935,0.42825069801701976,0.11685972701313953,0.5466894874992363,0.35074968019485725,0.37137905074359845,0.262238853342609,0.4314608067038894,0.4079456484240021,0.41883787225694197,0.3515930057071846,0.46746667969192246,0.42254556099334684,0.4222720415009371,0.41855618506299735,0.42611907224289963,0.07196278086869275,0.5122208667398418,9997.645462682764,2406.896081812543,53444.90399690774,0.8,UB&PB,10655
0,0.0,0.0,0.0,0.0,0.0,0.0,0.0,0.0,0.0,0.0,0.0,0.0,0.0,0.0,0.0,0.0,0.0,0.0,0.0,0.0,0.0,0.0,0.0,0.0,0.0,0.0,0.0,0.0,0.0,0.0,0.0,0.0,0.0,0.0,0.0,0.85,UB&PB,10655
2500,1.1294662407144693,0.8923537165922251,0.8068382994030708,0.951774704241312,0.026912055137722286,0.009082004734402462,0.05306812730420009,0.5767658673374716,0.45864508941925075,0.6917228100123939,0.1610156361051883,0.8389843638948115,0.35970934055223186,0.3842133349319844,0.28478737777710217,0.42666705305871117,0.1454663274244868,0.5483608780715317,0.3653642408137487,0.3862128944005058,0.2930549122275501,0.43042009664624237,0.41038623802004487,0.417028908611126,0.3622519684170758,0.46071271979083267,0.41888117155716037,0.4186170443468769,0.4149296931812279,0.4224388342555135,0.2368116693270483,0.8038807495962914,10433.147618190133,2325.647261063671,59095.70946913305,0.85,UB&PB,10655
0,0.0,0.0,0.0,0.0,0.0,0.0,0.0,0.0,0.0,0.0,0.0,0.0,0.0,0.0,0.0,0.0,0.0,0.0,0.0,0.0,0.0,0.0,0.0,0.0,0.0,0.0,0.0,0.0,0.0,0.0,0.0,0.0,0.0,0.0,0.0,0.9,UB&PB,10655
2500,1.1459142530110626,0.8561747897104622,0.7582530598872053,0.9347564476258896,0.02864909308149848,0.009835738898802512,0.05658859007879678,0.7559230643194347,0.6481105278707033,0.851312960770088,0.17189552238805983,0.8281044776119414,0.36381272653832936,0.3872331194534302,0.2981864130822457,0.4246378120919597,0.1556130365747782,0.5445358869856863,0.36917484241124887,0.38761191383109467,0.3069560108028614,0.4289237911771199,0.40546017022190095,0.41191930938958105,0.35493634868092505,0.45657357651999886,0.4144476698299992,0.4141500366306504,0.4103464306153881,0.4180676802936367,0.5238116492685625,1.0404576134731816,8643.7805916145,2097.766947583353,45858.10184510732,0.9,UB&PB,10655
0,0.0,0.0,0.0,0.0,0.0,0.0,0.0,0.0,0.0,0.0,0.0,0.0,0.0,0.0,0.0,0.0,0.0,0.0,0.0,0.0,0.0,0.0,0.0,0.0,0.0,0.0,0.0,0.0,0.0,0.0,0.0,0.0,0.0,0.0,0.0,0.95,UB&PB,10655
2500,1.157899693221872,0.8734540702360455,0.790212782851002,0.9408682088036309,0.029206557504437528,0.01024478509758114,0.057036016776419916,0.7988600810839368,0.6466526456594278,0.8985692433395056,0.15227789623312019,0.8477221037668791,0.37856039739405156,0.39561654885360836,0.3267373642300355,0.42928682571313925,0.1810212698653875,0.549319997717722,0.3825354442666637,0.394655063003581,0.3326735925633282,0.43320621365973344,0.4087600806618226,0.4133182771792673,0.35846380708237335,0.4602023413638916,0.4148978172456321,0.41462695653408116,0.4109394219565066,0.41848861994357367,0.09766499380057482,0.5765283307886125,9780.946874549752,2259.932165910746,53416.636297147794,0.95,UB&PB,10655
0,0.0,0.0,0.0,0.0,0.0,0.0,0.0,0.0,0.0,0.0,0.0,0.0,0.0,0.0,0.0,0.0,0.0,0.0,0.0,0.0,0.0,0.0,0.0,0.0,0.0,0.0,0.0,0.0,0.0,0.0,0.0,0.0,0.0,0.0,0.0,0.05,UB&PB,19614
2500,0.9150344293391898,0.7627113052394224,0.5846792912303006,0.8814201897077132,0.8804734029852671,0.7863859558595246,0.9435327578949219,0.8943882143390827,0.8220820080790199,0.9522222276923765,0.9610852878464827,0.038914712153518105,0.08284712986220431,0.017654245834580334,0.0023566506994077514,0.10384502701609695,6.958672434406642e-5,0.3883296990559023,0.08613646091966981,0.019682600701181847,0.0025665122593870847,0.11054679253374337,0.14989576875296162,0.09678154149055547,0.03186029272597659,0.23456262793726365,0.4115651716119952,0.4112270151965417,0.40661263407118475,0.4159954731674743,0.0461449724570756,1.1816735694620903,40620.26282235129,20531.001476985155,79613.11659264014,0.05,UB&PB,19614
0,0.0,0.0,0.0,0.0,0.0,0.0,0.0,0.0,0.0,0.0,0.0,0.0,0.0,0.0,0.0,0.0,0.0,0.0,0.0,0.0,0.0,0.0,0.0,0.0,0.0,0.0,0.0,0.0,0.0,0.0,0.0,0.0,0.0,0.0,0.0,0.1,UB&PB,19614
2500,0.9301556265093475,0.5574842254246273,0.2970868552609555,0.7184972264351206,0.8441734237795541,0.7272511193650644,0.9236327602429745,0.8762212571259368,0.7895513633643934,0.9388261289916519,0.9598742004264388,0.0401257995735609,0.0785387598601492,0.024107248642902278,0.0047036885832852,0.10050932977011258,0.0005566914924914229,0.34643625498404806,0.08702486617616612,0.032234650370127065,0.006750331396592727,0.11755335348881489,0.1291823990208966,0.0900574945931601,0.04003199965994757,0.17751694822112235,0.4147321827416988,0.4139530097916592,0.4050351359664457,0.42332507558956706,0.030351050940102837,0.5032304156018047,7975.340460761144,5143.095869176045,12774.207382086293,0.1,UB&PB,19614
0,0.0,0.0,0.0,0.0,0.0,0.0,0.0,0.0,0.0,0.0,0.0,0.0,0.0,0.0,0.0,0.0,0.0,0.0,0.0,0.0,0.0,0.0,0.0,0.0,0.0,0.0,0.0,0.0,0.0,0.0,0.0,0.0,0.0,0.0,0.0,0.15,UB&PB,19614
2500,0.9440746346425543,0.32888321083069166,0.1975975544446369,0.4857821751916314,0.6750795598194059,0.5499806512780848,0.8013734641595095,0.8693504035513476,0.7794865418505755,0.9399308106940428,0.9648770433546561,0.035122956645344684,0.09286315292604438,0.04726203256985519,0.014413483317768438,0.13347117348256798,0.002522582036655651,0.32801089220262847,0.11406020950226652,0.07241295614799138,0.02573406405501052,0.16750225674854086,0.13712643053392312,0.11065710658816993,0.066883586461541,0.17800356474658238,0.4154774947289817,0.41469735034501254,0.39664745658297723,0.4334340929944813,0.10161621765687855,0.5759142980660485,4702.693232426358,3253.7483359910752,6975.31842947262,0.15,UB&PB,19614
0,0.0,0.0,0.0,0.0,0.0,0.0,0.0,0.0,0.0,0.0,0.0,0.0,0.0,0.0,0.0,0.0,0.0,0.0,0.0,0.0,0.0,0.0,0.0,0.0,0.0,0.0,0.0,0.0,0.0,0.0,0.0,0.0,0.0,0.0,0.0,0.2,UB&PB,19614
2500,0.9532930253090636,0.7681387519903695,0.6148526211251447,0.8716505452561907,0.7904975612855084,0.6593282852041042,0.8956569892835362,0.8266396624607221,0.7326985074684637,0.9050642439161486,0.9560604122245911,0.04393958777540867,0.08611832331388777,0.03165092782036791,0.006008278109964452,0.11823857011614589,0.00029813379814228193,0.3549528937570932,0.0890673754797132,0.03445735043833469,0.006626058478354396,0.12431990879140228,0.142186897498898,0.11055697177333587,0.04880831402898837,0.2006807564269801,0.4225318558519172,0.422160964191641,0.41756115409478767,0.42697304257816476,0.10269468713419216,0.7935782420909556,40366.92619714374,25106.96527133856,65647.72407617568,0.2,UB&PB,19614
0,0.0,0.0,0.0,0.0,0.0,0.0,0.0,0.0,0.0,0.0,0.0,0.0,0.0,0.0,0.0,0.0,0.0,0.0,0.0,0.0,0.0,0.0,0.0,0.0,0.0,0.0,0.0,0.0,0.0,0.0,0.0,0.0,0.0,0.0,0.0,0.25,UB&PB,19614
2500,0.9627665784986653,0.457701457306533,0.304613922448244,0.6395528674642272,0.344185268751288,0.25133120070402826,0.45237775298564725,0.8541640151194413,0.7652232302100419,0.9255025646189023,0.9601499644633967,0.03985003553660264,0.1319591061175958,0.08503567528815646,0.031111954040106558,0.20146827004539222,0.005962129678064635,0.39500717818830117,0.15349937276751877,0.11479558307855499,0.04719639068804031,0.23377144580911557,0.20344813109757381,0.1775767606752625,0.11491168843237741,0.2773973119206844,0.4090951269432429,0.4084941083673594,0.39891529006697135,0.41850111946161933,0.20691982985221544,0.40732667583053145,3793.5453975945434,2343.244744058815,6572.652660393939,0.25,UB&PB,19614
0,0.0,0.0,0.0,0.0,0.0,0.0,0.0,0.0,0.0,0.0,0.0,0.0,0.0,0.0,0.0,0.0,0.0,0.0,0.0,0.0,0.0,0.0,0.0,0.0,0.0,0.0,0.0,0.0,0.0,0.0,0.0,0.0,0.0,0.0,0.0,0.3,UB&PB,19614
2500,0.9815440540459647,0.5684124286714359,0.4327608715913768,0.7176453024138713,0.20128777150413338,0.1355511746599549,0.28831520510514164,0.8561844660448242,0.7677479056805132,0.9282819531327127,0.9242295664534459,0.07577043354655291,0.17742979739528553,0.14324750318994056,0.05726688628991559,0.2715524033713265,0.012394312622332811,0.44371723492357934,0.19564438225094472,0.16799132709004017,0.07411678463640843,0.29829394083213306,0.2736694273357156,0.27695897070013364,0.16714081371142256,0.37353916755092464,0.4253016572958338,0.4249044169679731,0.4184395150288486,0.43161915942471657,0.02127657569833031,0.629708704326635,4578.943236569385,2281.8546261985416,10964.879809130765,0.3,UB&PB,19614
0,0.0,0.0,0.0,0.0,0.0,0.0,0.0,0.0,0.0,0.0,0.0,0.0,0.0,0.0,0.0,0.0,0.0,0.0,0.0,0.0,0.0,0.0,0.0,0.0,0.0,0.0,0.0,0.0,0.0,0.0,0.0,0.0,0.0,0.0,0.0,0.35,UB&PB,19614
2500,0.9684114581822805,0.7981608695569447,0.7035533583124332,0.8787010436017277,0.0749548070069573,0.035155331768423004,0.12987844338198196,0.8144863870222808,0.7112682477410193,0.902708759045207,0.9199765458422168,0.08002345415778248,0.17621911013935757,0.13062394832034105,0.03818933193979452,0.2860897042596067,0.007481530089614065,0.4664588943257462,0.18376513068928843,0.14312225959911043,0.044341914364720084,0.2980541543478421,0.29116075578193246,0.2994194861922351,0.15652438722835021,0.4247642642876037,0.41099965894992585,0.41064696972297765,0.4065961547427436,0.41487286829959497,0.45272448438972956,1.0334653981972928,14782.098084851894,5148.464390804771,49480.11422694281,0.35,UB&PB,19614
0,0.0,0.0,0.0,0.0,0.0,0.0,0.0,0.0,0.0,0.0,0.0,0.0,0.0,0.0,0.0,0.0,0.0,0.0,0.0,0.0,0.0,0.0,0.0,0.0,0.0,0.0,0.0,0.0,0.0,0.0,0.0,0.0,0.0,0.0,0.0,0.4,UB&PB,19614
2500,0.9857768129506592,0.8451816517950583,0.7382290990610054,0.9249703167565335,0.05571160698949735,0.02361295127373525,0.10854258325719897,0.8134507897263854,0.7012515438718948,0.9015483650536387,0.9090234541577835,0.09097654584221744,0.19657930190314313,0.16097527536162526,0.05110715353217552,0.32125754789058986,0.010105865557390273,0.48145140734883346,0.2039326260684348,0.17254024427956022,0.058058156242515445,0.33213582572722117,0.31412873250505746,0.3322497459175867,0.18165323115647028,0.44308881495565966,0.41984155488644015,0.4195256076583571,0.41563709349146993,0.423598359079946,0.17320769478672216,0.6748597287692255,15514.071171337906,5092.041239685683,55944.84817069027,0.4,UB&PB,19614
0,0.0,0.0,0.0,0.0,0.0,0.0,0.0,0.0,0.0,0.0,0.0,0.0,0.0,0.0,0.0,0.0,0.0,0.0,0.0,0.0,0.0,0.0,0.0,0.0,0.0,0.0,0.0,0.0,0.0,0.0,0.0,0.0,0.0,0.0,0.0,0.45,UB&PB,19614
2500,0.9973048346507367,0.7720799602339438,0.6678571834941459,0.8842501525774898,0.04722597937271376,0.019373715483142137,0.08842889835284971,0.7997608771212718,0.6884043435969852,0.9001800589083222,0.8903404406538727,0.10965955934612653,0.20930562608101094,0.18238042741408067,0.06704738770143628,0.3406990549116538,0.014235323951977776,0.4786756225782379,0.2191024309995882,0.19556418930702668,0.07849941117435498,0.3524878724332791,0.32215742196154135,0.3473581156801714,0.19989477553122606,0.4397487218563365,0.41311056752081665,0.4127678960224115,0.4086406686192256,0.4170522984673207,0.3096885723302904,0.8221699915525463,9938.333655798184,3372.323979135298,37083.04067571315,0.45,UB&PB,19614
0,0.0,0.0,0.0,0.0,0.0,0.0,0.0,0.0,0.0,0.0,0.0,0.0,0.0,0.0,0.0,0.0,0.0,0.0,0.0,0.0,0.0,0.0,0.0,0.0,0.0,0.0,0.0,0.0,0.0,0.0,0.0,0.0,0.0,0.0,0.0,0.5,UB&PB,19614
2500,1.0036730096841409,0.8287909376581655,0.7169034878569743,0.915008891261753,0.04002622712731531,0.015473354631861584,0.07599525580408394,0.7176567840494672,0.6034304133711662,0.8288396210850095,0.8642842928216077,0.13571570717839362,0.2209331808865027,0.20108159119865507,0.07855468527694834,0.35741066240932506,0.01672110463009519,0.4816686020683896,0.2294097580223578,0.2120395551589318,0.08949306900820153,0.3657270265414953,0.3308283508223106,0.35873121412975584,0.21439717445236095,0.44233984050379405,0.4096290818123329,0.40933317791885976,0.4053913149495936,0.4134088111995511,0.00656326541974185,0.8163182004998797,11441.187591495302,3671.309344454365,46935.19626568255,0.5,UB&PB,19614
0,0.0,0.0,0.0,0.0,0.0,0.0,0.0,0.0,0.0,0.0,0.0,0.0,0.0,0.0,0.0,0.0,0.0,0.0,0.0,0.0,0.0,0.0,0.0,0.0,0.0,0.0,0.0,0.0,0.0,0.0,0.0,0.0,0.0,0.0,0.0,0.55,UB&PB,19614
2500,1.0234924667507765,0.8554012182335244,0.7593800893930802,0.9316704185426301,0.035306977623739196,0.013419522638043175,0.06749528196566958,0.7259237774713253,0.5676281943533898,0.8407517594859947,0.8224740582800281,0.17752594171997133,0.2433435842890277,0.22947443339375953,0.10143821973425118,0.38584007674332244,0.02314884045633443,0.4966213869798722,0.25119847027225406,0.2389085044833777,0.11278874784722197,0.3914224795950039,0.3504073476819365,0.37972862745777936,0.24273957307686356,0.4558537289970615,0.4193817395171919,0.4191183222599268,0.4153448946138895,0.4230028263077985,0.12048355157144718,0.5818135619730521,13215.339945697124,3974.8255744507837,58219.527301758964,0.55,UB&PB,19614
0,0.0,0.0,0.0,0.0,0.0,0.0,0.0,0.0,0.0,0.0,0.0,0.0,0.0,0.0,0.0,0.0,0.0,0.0,0.0,0.0,0.0,0.0,0.0,0.0,0.0,0.0,0.0,0.0,0.0,0.0,0.0,0.0,0.0,0.0,0.0,0.6,UB&PB,19614
2500,1.04056113799232,0.884190837804709,0.7919304196774752,0.9503565778134221,0.032487227627731714,0.011939835573796324,0.0625851503907767,0.7043034996626492,0.5830835799356274,0.821429894152495,0.7988443496801692,0.20115565031982924,0.2591860803561836,0.2490393192650177,0.12000645420828122,0.40145962974529265,0.029928915286041916,0.5084422606710821,0.26629402038902067,0.25711064113408894,0.13107775894437687,0.40492223308861763,0.36036598109069784,0.38781719051318153,0.25343411518148723,0.46410444327474143,0.4209270454071275,0.42063582528602733,0.4169859869168925,0.42439184820436043,0.3106075109251939,0.5506331113667354,13887.002763008628,4039.0540988253997,64470.723804190995,0.6,UB&PB,19614
0,0.0,0.0,0.0,0.0,0.0,0.0,0.0,0.0,0.0,0.0,0.0,0.0,0.0,0.0,0.0,0.0,0.0,0.0,0.0,0.0,0.0,0.0,0.0,0.0,0.0,0.0,0.0,0.0,0.0,0.0,0.0,0.0,0.0,0.0,0.0,0.65,UB&PB,19614
2500,1.0537908557358269,0.8310154461321279,0.7226621513438671,0.9177896666432386,0.03007787322582914,0.010645816959176374,0.05884302529909853,0.803981476247368,0.6938369387618959,0.8952236989682357,0.7113319118692242,0.28866808813077477,0.26722193911698616,0.25605631491349096,0.1397549444333051,0.40309654682743684,0.038430479894278266,0.5068651093400526,0.27595941599746926,0.2683976952111219,0.1528762420196908,0.4059691308578316,0.36280643897618314,0.38912342657387816,0.27010649327561426,0.4538485554355635,0.41411658469628315,0.41379167577442116,0.4098571607198631,0.4178517711372877,0.43568831354523646,0.9460380050014205,10229.776333077085,2991.6185393450032,47816.22138370677,0.65,UB&PB,19614
0,0.0,0.0,0.0,0.0,0.0,0.0,0.0,0.0,0.0,0.0,0.0,0.0,0.0,0.0,0.0,0.0,0.0,0.0,0.0,0.0,0.0,0.0,0.0,0.0,0.0,0.0,0.0,0.0,0.0,0.0,0.0,0.0,0.0,0.0,0.0,0.7,UB&PB,19614
2500,1.079650835672263,0.8473448623395787,0.7450995119556139,0.9232316219632709,0.02942850026449831,0.010455020783375362,0.05709741951427583,0.6791629182629241,0.5940501155853943,0.7743584134814263,0.486559346126511,0.513440653873491,0.30189513069804863,0.3020303727828095,0.19186574038059123,0.41876847067183504,0.06598095214359276,0.5278271285434173,0.310155010908307,0.3135493961522392,0.20381368185423454,0.4215136260906491,0.38981844398295384,0.40913871439188054,0.3179161170473545,0.46385393914123124,0.42173460384830413,0.4214683901875553,0.41767659871536394,0.42537180354730203,0.36081708067625073,0.6720325622464927,9543.2414692886,2609.6836300326063,47170.9116854589,0.7,UB&PB,19614
0,0.0,0.0,0.0,0.0,0.0,0.0,0.0,0.0,0.0,0.0,0.0,0.0,0.0,0.0,0.0,0.0,0.0,0.0,0.0,0.0,0.0,0.0,0.0,0.0,0.0,0.0,0.0,0.0,0.0,0.0,0.0,0.0,0.0,0.0,0.0,0.75,UB&PB,19614
2500,1.089472666895638,0.8846189850094481,0.7924565070537565,0.9462496706156229,0.02725949926300353,0.009282695494058172,0.05394702139673815,0.7563419720757347,0.6356206662942738,0.8424078541539313,0.32014854299928974,0.6798514570007101,0.31105248212098846,0.32258006791307203,0.20666147764388185,0.4140911216711959,0.07745421524430889,0.5313444427113593,0.3179284364853545,0.3317913067076811,0.21566841378694984,0.41648262705037714,0.39132149621442125,0.40583923441069325,0.32898243118141035,0.45610326348580593,0.41279741297362965,0.41250093773549457,0.4087906806419441,0.4163279975357661,0.17111767404085995,0.5684821810506828,11127.49408371186,2647.6915009167046,60093.3724102822,0.75,UB&PB,19614
0,0.0,0.0,0.0,0.0,0.0,0.0,0.0,0.0,0.0,0.0,0.0,0.0,0.0,0.0,0.0,0.0,0.0,0.0,0.0,0.0,0.0,0.0,0.0,0.0,0.0,0.0,0.0,0.0,0.0,0.0,0.0,0.0,0.0,0.0,0.0,0.8,UB&PB,19614
2500,1.1135567775545305,0.8986507509291871,0.8181251648534351,0.9541087886542033,0.02794426748923151,0.009581103887314864,0.0549677224137445,0.7040584591833365,0.5544515136486095,0.8152077237418427,0.2718528784648183,0.7281471215351804,0.33830069706257304,0.36080546270099906,0.2414454037494088,0.4264060570385354,0.10736876398841896,0.5465579194481464,0.34428877936463737,0.3658924880369059,0.24997811859779112,0.429214877943354,0.40587624010503925,0.41715152324051374,0.34547426327655506,0.46780123796265194,0.42168795133255,0.42141905788517914,0.4177821333428301,0.42518251342040586,0.39764756018457825,0.7092129818386187,11673.375541943484,2703.1093576982194,64555.41089467394,0.8,UB&PB,19614
0,0.0,0.0,0.0,0.0,0.0,0.0,0.0,0.0,0.0,0.0,0.0,0.0,0.0,0.0,0.0,0.0,0.0,0.0,0.0,0.0,0.0,0.0,0.0,0.0,0.0,0.0,0.0,0.0,0.0,0.0,0.0,0.0,0.0,0.0,0.0,0.85,UB&PB,19614
2500,1.122741477440169,0.8971098328485753,0.8109132822767702,0.9555010282690176,0.028038886501159616,0.009635927871986647,0.05500354390488238,0.7016472435749846,0.5858226759859146,0.8139221522745106,0.1903049040511724,0.8096950959488278,0.34416474367689226,0.369153223522945,0.2596959069459213,0.4173380657170909,0.12812645775841536,0.5405714436642272,0.3495105085343357,0.3711424298576111,0.2676361772620396,0.42050915423185325,0.3996572934148339,0.40769131184157675,0.3441529492103632,0.45604233065643146,0.4105795885285074,0.41023489547987085,0.4065322695975581,0.4140517959750702,0.11348852225610671,0.38748312862912687,11411.248861824402,2535.890395335155,64278.32940681918,0.85,UB&PB,19614
0,0.0,0.0,0.0,0.0,0.0,0.0,0.0,0.0,0.0,0.0,0.0,0.0,0.0,0.0,0.0,0.0,0.0,0.0,0.0,0.0,0.0,0.0,0.0,0.0,0.0,0.0,0.0,0.0,0.0,0.0,0.0,0.0,0.0,0.0,0.0,0.9,UB&PB,19614
2500,1.1472110735211534,0.8563843705572494,0.7611842648324191,0.9294513713820357,0.02787771062990921,0.009631350928519718,0.05475065164961456,0.7443585403313587,0.6293239113151504,0.8451079273285613,0.21276119402985097,0.7872388059701492,0.3673704408677158,0.39005362350610384,0.30076132823753315,0.4291373813007156,0.15910920372884974,0.5484623683040631,0.37294855067069904,0.39048117946368205,0.31019261770399076,0.4336421986162011,0.40894384708830395,0.4161008028656798,0.3575476453332673,0.461457632070537,0.4188082036875498,0.41851385875217434,0.41474382128139686,0.4224382439073409,0.029998745362181122,0.6557004903595423,8988.326329394942,2166.6963566580735,48350.961793196395,0.9,UB&PB,19614
0,0.0,0.0,0.0,0.0,0.0,0.0,0.0,0.0,0.0,0.0,0.0,0.0,0.0,0.0,0.0,0.0,0.0,0.0,0.0,0.0,0.0,0.0,0.0,0.0,0.0,0.0,0.0,0.0,0.0,0.0,0.0,0.0,0.0,0.0,0.0,0.95,UB&PB,19614
2500,1.1580600651875927,0.8681756483176554,0.7722673527493138,0.9387705572218432,0.02931980134257268,0.010319703342076478,0.05730389793450935,0.6983481324671387,0.5726043131251563,0.8081189043438002,0.15006965174129377,0.8499303482587066,0.3828998106569114,0.39890302975943354,0.33327886656123257,0.43143565098182984,0.18958784278076846,0.5521237892188948,0.3872641280862956,0.398263717105344,0.3401152296315051,0.43550933612772585,0.4104635872870478,0.4147745270612844,0.36042901194939775,0.4612143700139869,0.4163755471186681,0.4160573584504709,0.4123444134900861,0.4199430461528339,0.17049935781144016,0.9956511534542819,9318.904046556903,2169.6419726214363,50583.29760481151,0.95,UB&PB,19614
0,0.0,0.0,0.0,0.0,0.0,0.0,0.0,0.0,0.0,0.0,0.0,0.0,0.0,0.0,0.0,0.0,0.0,0.0,0.0,0.0,0.0,0.0,0.0,0.0,0.0,0.0,0.0,0.0,0.0,0.0,0.0,0.0,0.0,0.0,0.0,0.05,UB&PB,1804
2500,0.9137759915339378,0.5485428742337443,0.4098644445600922,0.6828089575219988,0.8039362231791459,0.6514041270313774,0.898090992655896,0.9095026027962361,0.8393070872900396,0.9619420997637079,0.954914001421464,0.045085998578535874,0.0811481119233749,0.0186702703495941,0.0027569756829222717,0.10536301049469363,0.00019119735921116924,0.3714630288656576,0.0892410746407601,0.025724591592106584,0.004419626612042718,0.12282747620927492,0.1430415583401459,0.0925536051131083,0.03731898035651177,0.2151521973239293,0.4160589209301819,0.41569089504000806,0.40821909523970945,0.4234754435944958,0.08841921271423964,1.289779998346595,12961.270261877622,7203.245793793227,23618.583660408647,0.05,UB&PB,1804
0,0.0,0.0,0.0,0.0,0.0,0.0,0.0,0.0,0.0,0.0,0.0,0.0,0.0,0.0,0.0,0.0,0.0,0.0,0.0,0.0,0.0,0.0,0.0,0.0,0.0,0.0,0.0,0.0,0.0,0.0,0.0,0.0,0.0,0.0,0.0,0.1,UB&PB,1804
2500,0.9314919996597419,0.34618336533267563,0.22645148084866187,0.5214699119002925,0.7226633266022846,0.6138453818495085,0.8278496228233146,0.9156350762195045,0.8445925216842326,0.9621489730431619,0.9603248045486864,0.039675195451314836,0.0869558731183887,0.03492611375389926,0.007935833432805134,0.1183026513591353,0.0006060519825072395,0.345523022506268,0.1021386449569043,0.05136398888139675,0.013502870433609596,0.14696098108734545,0.1385397630416378,0.10481200567072346,0.054131341676215805,0.18559896429977762,0.4174978451762422,0.4168083634748612,0.40364633432206615,0.4304836580696662,0.20647263461974744,0.9770322388818796,4002.257249619856,2696.912142430727,6166.957423141475,0.1,UB&PB,1804
0,0.0,0.0,0.0,0.0,0.0,0.0,0.0,0.0,0.0,0.0,0.0,0.0,0.0,0.0,0.0,0.0,0.0,0.0,0.0,0.0,0.0,0.0,0.0,0.0,0.0,0.0,0.0,0.0,0.0,0.0,0.0,0.0,0.0,0.0,0.0,0.15,UB&PB,1804
2500,0.9445756008346834,0.46014889279685117,0.2770718348352755,0.7101510436761791,0.8079559857648441,0.6635898506381155,0.8995579565379136,0.8154077690383053,0.6956655954524509,0.9151466247734973,0.965732764747691,0.034267235252309916,0.07917946262991056,0.03279548116804501,0.008435727842965935,0.10678889615111468,0.00047895226372076467,0.3164292484810929,0.08961939664458583,0.04360583898309931,0.012698565820434122,0.12566530195113948,0.12382466750237053,0.09433812719617429,0.049312737679107044,0.16640551703584175,0.4110776520741737,0.4105189207185822,0.40088644264549217,0.4206191142880649,0.029710053939802188,0.2909843923916046,7726.231262655883,5153.396731776836,11910.729416327433,0.15,UB&PB,1804
0,0.0,0.0,0.0,0.0,0.0,0.0,0.0,0.0,0.0,0.0,0.0,0.0,0.0,0.0,0.0,0.0,0.0,0.0,0.0,0.0,0.0,0.0,0.0,0.0,0.0,0.0,0.0,0.0,0.0,0.0,0.0,0.0,0.0,0.0,0.0,0.2,UB&PB,1804
2500,0.9607753397972627,0.4169922512063902,0.28372188639904034,0.550747618286119,0.34023225283040087,0.25698569249000763,0.4444196821234088,0.8668182900698763,0.7833662887146735,0.9356785520305829,0.9505323383084583,0.04946766169154225,0.14842455606160643,0.10965927164827538,0.0437801823818593,0.22332866658481176,0.00890900292279218,0.40544594588723276,0.17710811246965721,0.14865115172690813,0.06835776693056964,0.2633231939981876,0.22288749406274247,0.20393328115053405,0.13341458466459669,0.2989699103277605,0.42699004356557047,0.42657228492088745,0.4164339786179216,0.4371167588220353,0.5608750650705591,1.5123483319672488,2480.255878381836,1705.802316229238,3822.902305935172,0.2,UB&PB,1804
0,0.0,0.0,0.0,0.0,0.0,0.0,0.0,0.0,0.0,0.0,0.0,0.0,0.0,0.0,0.0,0.0,0.0,0.0,0.0,0.0,0.0,0.0,0.0,0.0,0.0,0.0,0.0,0.0,0.0,0.0,0.0,0.0,0.0,0.0,0.0,0.25,UB&PB,1804
2500,0.9691701835971234,0.4221967989449272,0.3162537448478175,0.5457323306942131,0.24988795825161036,0.16568378281070975,0.36650729795726306,0.8407345516500608,0.7390247263565219,0.9221154520657443,0.954817341862119,0.04518265813788206,0.16410061278754673,0.1262937368312372,0.05506444554954589,0.24979844795400025,0.01540747619240666,0.41960287020670556,0.19391054496836815,0.1681197332015581,0.0811737961485798,0.289993307157438,0.24071738205199117,0.22213540380662516,0.14936444605335922,0.32482305664281175,0.41179119114047363,0.4113092736765916,0.40177813521543493,0.42122555016630936,0.03726291120417251,0.530120408574436,2246.3576652611764,1437.452669210146,3786.0509979299154,0.25,UB&PB,1804
0,0.0,0.0,0.0,0.0,0.0,0.0,0.0,0.0,0.0,0.0,0.0,0.0,0.0,0.0,0.0,0.0,0.0,0.0,0.0,0.0,0.0,0.0,0.0,0.0,0.0,0.0,0.0,0.0,0.0,0.0,0.0,0.0,0.0,0.0,0.0,0.3,UB&PB,1804
2500,0.9711263325500087,0.6767325029083325,0.51919282219911,0.8205891071859076,0.09464565132612796,0.047513562583120485,0.16290808087094374,0.8131959914339165,0.7215378479595971,0.9025603658775416,0.9311464108031271,0.0688535891968727,0.18699954704498528,0.14831225794485908,0.05057458267934375,0.29770992186779427,0.010485264696540387,0.46961786218876317,0.2008703875748147,0.1701926539559757,0.06267664834295357,0.31889395030118933,0.30396760060774053,0.31642814558140164,0.17986849017144868,0.42769588597132313,0.42932787830751323,0.4290559656744129,0.4240255705914511,0.43428252546330554,0.0811302322160448,0.3536554380619657,6617.628604322315,2764.0487351685824,18925.87119132728,0.3,UB&PB,1804
0,0.0,0.0,0.0,0.0,0.0,0.0,0.0,0.0,0.0,0.0,0.0,0.0,0.0,0.0,0.0,0.0,0.0,0.0,0.0,0.0,0.0,0.0,0.0,0.0,0.0,0.0,0.0,0.0,0.0,0.0,0.0,0.0,0.0,0.0,0.0,0.35,UB&PB,1804
2500,0.9724791343603224,0.7416270457040809,0.6208793244421972,0.8524863352372889,0.08201323398639955,0.038025527138605804,0.13877126764353784,0.7734102719287259,0.6725694518295793,0.8717182027225863,0.9159353233830844,0.08406467661691554,0.18468705114534698,0.14545768518190283,0.04935743944731732,0.29674522868922776,0.010552340958304297,0.46233329842432813,0.19515348806917115,0.16182015064103777,0.05914453785475314,0.31190758473752855,0.2976523877422651,0.30960590889612755,0.17125674329781096,0.4222013818211764,0.41166380851160683,0.41135850626390597,0.40681334337475655,0.41605585290480596,0.10752908670634471,0.35236709240219716,10351.711591365876,3819.5372178804228,33448.17923897285,0.35,UB&PB,1804
0,0.0,0.0,0.0,0.0,0.0,0.0,0.0,0.0,0.0,0.0,0.0,0.0,0.0,0.0,0.0,0.0,0.0,0.0,0.0,0.0,0.0,0.0,0.0,0.0,0.0,0.0,0.0,0.0,0.0,0.0,0.0,0.0,0.0,0.0,0.0,0.4,UB&PB,1804
2500,0.9913098617329819,0.6482895269765842,0.5263564350690405,0.761645480957946,0.05724119584203286,0.026225312329175195,0.0987812056257255,0.7571604553959538,0.6562975795992798,0.8547041292790646,0.9024022743425725,0.09759772565742725,0.21584392636555633,0.19554547594589472,0.08272612462061495,0.34015366484463805,0.017223395907714677,0.46998371670964434,0.2334267516291971,0.21856709133515162,0.10363211628024209,0.361196710695923,0.3283210846487911,0.35582348343979087,0.22222919431820812,0.43413541862271543,0.419232438347334,0.4189645561426289,0.4138300568829335,0.4242381227510566,0.11965822019462052,0.4058882900944828,4251.787128687377,1773.759966263335,13375.970414781581,0.4,UB&PB,1804
0,0.0,0.0,0.0,0.0,0.0,0.0,0.0,0.0,0.0,0.0,0.0,0.0,0.0,0.0,0.0,0.0,0.0,0.0,0.0,0.0,0.0,0.0,0.0,0.0,0.0,0.0,0.0,0.0,0.0,0.0,0.0,0.0,0.0,0.0,0.0,0.45,UB&PB,1804
2500,0.996817510141072,0.8870559753976832,0.8008630913238666,0.948983678629985,0.048950465639774676,0.020317731453658415,0.09141019431724595,0.7666637760976837,0.651356305558979,0.8663937143504011,0.8718550106609813,0.12814498933901936,0.2087303818370413,0.17799636371834934,0.06289551649441026,0.34081671457885104,0.014566002278105629,0.4858874930416719,0.21492668905483117,0.18721029977800963,0.06929966379731421,0.34885471805244067,0.32326393983835355,0.3434363568373559,0.1944543676277584,0.4488286166051944,0.4159255904820446,0.4155963019610792,0.4118618287339454,0.4194515632269387,0.17339245874887327,0.43946334985873253,18556.787884719593,5768.612956607086,73724.10342760936,0.45,UB&PB,1804
0,0.0,0.0,0.0,0.0,0.0,0.0,0.0,0.0,0.0,0.0,0.0,0.0,0.0,0.0,0.0,0.0,0.0,0.0,0.0,0.0,0.0,0.0,0.0,0.0,0.0,0.0,0.0,0.0,0.0,0.0,0.0,0.0,0.0,0.0,0.0,0.5,UB&PB,1804
2500,1.0121072285568686,0.8419036417774837,0.7305428674721265,0.9230909247503674,0.041774537217549215,0.016451625090368887,0.07910398822833016,0.6994218910296135,0.5818870970575721,0.8004659039065212,0.8697299218194745,0.13027007818052597,0.23284563810681974,0.21504276152021073,0.09043652642000352,0.36893159304962947,0.024448795947857416,0.49131065635982557,0.24189714889314803,0.22651254703948628,0.10210987530212935,0.3775582082017397,0.3419270148888635,0.3685593627051061,0.2281011755518476,0.45312824525944995,0.4206451635987992,0.42037120067004785,0.41638804907139954,0.4244840457477527,0.10509856960273656,0.5283951769238318,13388.414271387848,4171.8521354530885,55665.252694744304,0.5,UB&PB,1804
0,0.0,0.0,0.0,0.0,0.0,0.0,0.0,0.0,0.0,0.0,0.0,0.0,0.0,0.0,0.0,0.0,0.0,0.0,0.0,0.0,0.0,0.0,0.0,0.0,0.0,0.0,0.0,0.0,0.0,0.0,0.0,0.0,0.0,0.0,0.0,0.55,UB&PB,1804
2500,1.018881752750796,0.8774565808343634,0.7849182177948887,0.9503270931883323,0.033659876766153014,0.012443405588926633,0.06455714633533217,0.612165271244389,0.5009309219333915,0.765382603699334,0.7967149964463397,0.20328500355366028,0.24825161133794915,0.23690794522416916,0.1093461945392601,0.3860157769649941,0.026020915351461296,0.5015986307805611,0.2558267248016809,0.2458008291744865,0.1204661852530646,0.3916994320472605,0.3533478919951903,0.38093032453322734,0.24604793990582943,0.4585407333854813,0.41709240361841965,0.41677190356327526,0.4130338254269889,0.42065765316094583,0.1910170220573004,0.7855872039920403,14236.973198497304,4163.012088091977,64796.92587912099,0.55,UB&PB,1804
0,0.0,0.0,0.0,0.0,0.0,0.0,0.0,0.0,0.0,0.0,0.0,0.0,0.0,0.0,0.0,0.0,0.0,0.0,0.0,0.0,0.0,0.0,0.0,0.0,0.0,0.0,0.0,0.0,0.0,0.0,0.0,0.0,0.0,0.0,0.0,0.6,UB&PB,1804
2500,1.0426531126742558,0.8410367812537958,0.7372305034724589,0.9173941980516341,0.03226695824014316,0.011743576361270219,0.06182101763665226,0.6400402555815224,0.4974394791163136,0.7780499355410705,0.8171272210376695,0.1828727789623311,0.2680909285232842,0.2619224698764251,0.13781876285828015,0.4049653538458488,0.035548767511371586,0.5051200778591156,0.2769720231482842,0.27243526818381364,0.15192174555544108,0.4091304117272784,0.3658537097224672,0.3941971065271152,0.2681527551015655,0.46221880366674334,0.4226365431881595,0.4223639718803935,0.4185471086478796,0.42631818127147103,0.3628089333064928,0.7221265570265735,10410.355155614137,3212.9350787613253,47213.95234240074,0.6,UB&PB,1804
0,0.0,0.0,0.0,0.0,0.0,0.0,0.0,0.0,0.0,0.0,0.0,0.0,0.0,0.0,0.0,0.0,0.0,0.0,0.0,0.0,0.0,0.0,0.0,0.0,0.0,0.0,0.0,0.0,0.0,0.0,0.0,0.0,0.0,0.0,0.0,0.65,UB&PB,1804
2500,1.0752409533975547,0.846881616259267,0.728923605663461,0.9225435081633557,0.030271012368460908,0.01074238202977294,0.05946768191319824,0.7360394409412483,0.6110483841596398,0.8531025425874253,0.6189125799573566,0.38108742004264307,0.2995170695516219,0.2970708837688988,0.17760201336014297,0.43195562554082295,0.05264993627677508,0.5356075789057928,0.3089155722639445,0.30932806002377106,0.1915530227847771,0.43498577630114005,0.39661632044573897,0.4218214820970019,0.31730546350081995,0.4795733058949615,0.4397626354765337,0.43951184985332925,0.4357387901635844,0.4434202142463509,0.4249608283489971,0.9882303539603156,9887.333991183848,2822.268534126843,47076.25412938751,0.65,UB&PB,1804
0,0.0,0.0,0.0,0.0,0.0,0.0,0.0,0.0,0.0,0.0,0.0,0.0,0.0,0.0,0.0,0.0,0.0,0.0,0.0,0.0,0.0,0.0,0.0,0.0,0.0,0.0,0.0,0.0,0.0,0.0,0.0,0.0,0.0,0.0,0.0,0.7,UB&PB,1804
2500,1.0769907224405815,0.8804821115981646,0.8085670683636521,0.9418129485076039,0.027654849199015733,0.009489519370554755,0.05436750416512687,0.5610492450624104,0.4578729015223547,0.6688695911499967,0.439373845060413,0.5606261549395873,0.3111843725607472,0.3167836379565789,0.20504766584114437,0.4198291970690837,0.0742961927014627,0.5325058879968612,0.31846349113885586,0.32553790065074917,0.21571929566544562,0.42204329851931655,0.39381083533068667,0.41142060510659206,0.3231203886468365,0.4666360682632783,0.42016921305353044,0.419870682557739,0.4162223339365166,0.42366589203016225,0.31189034235057667,0.6516972719014233,11703.45114731851,2962.4766226010643,61586.50635932672,0.7,UB&PB,1804
0,0.0,0.0,0.0,0.0,0.0,0.0,0.0,0.0,0.0,0.0,0.0,0.0,0.0,0.0,0.0,0.0,0.0,0.0,0.0,0.0,0.0,0.0,0.0,0.0,0.0,0.0,0.0,0.0,0.0,0.0,0.0,0.0,0.0,0.0,0.0,0.75,UB&PB,1804
2500,1.0921324684050455,0.9030542239826737,0.839931785057261,0.9523923046167422,0.02825334532641361,0.00967313636657609,0.05597446266116656,0.6265163200376399,0.5036801941259174,0.768836306485989,0.31029211087420083,0.6897078891258003,0.32396674258895874,0.3382642606463616,0.22059127079724092,0.4254595486822416,0.08510708823716737,0.5411558164794056,0.33041584149112313,0.34665965929467957,0.22968300368286396,0.4278246411583298,0.40349321298054874,0.41751832680350986,0.34018345832661356,0.46985826724424695,0.4229438229335666,0.4227317957802514,0.419082803818864,0.4264836896079114,0.19643849499820226,0.6540006561561145,12836.501691706695,2931.4942572842474,70802.69799626252,0.75,UB&PB,1804
0,0.0,0.0,0.0,0.0,0.0,0.0,0.0,0.0,0.0,0.0,0.0,0.0,0.0,0.0,0.0,0.0,0.0,0.0,0.0,0.0,0.0,0.0,0.0,0.0,0.0,0.0,0.0,0.0,0.0,0.0,0.0,0.0,0.0,0.0,0.0,0.8,UB&PB,1804
2500,1.1086660675728075,0.8858229635862892,0.8082013249224782,0.946396134339812,0.02842216174104139,0.009766910469840726,0.056217532964761695,0.6695126632018978,0.5154284033082261,0.8071215416058131,0.22484577114427884,0.7751542288557202,0.33610901490401096,0.35879865652433923,0.24058434334429823,0.4231766159635314,0.10578733581986313,0.5428744461345033,0.3422513515745357,0.3640661240197245,0.24898392105569117,0.42605241362656615,0.4047566067395921,0.41482746186056224,0.3491868087940568,0.46302678026247257,0.4185080918373752,0.41823346175168097,0.4145527385745188,0.4220368619450838,0.1086180794384581,0.4464047725458672,10973.728212968283,2527.5672544211784,60318.3300266741,0.8,UB&PB,1804
0,0.0,0.0,0.0,0.0,0.0,0.0,0.0,0.0,0.0,0.0,0.0,0.0,0.0,0.0,0.0,0.0,0.0,0.0,0.0,0.0,0.0,0.0,0.0,0.0,0.0,0.0,0.0,0.0,0.0,0.0,0.0,0.0,0.0,0.0,0.0,0.85,UB&PB,1804
2500,1.1245671008802594,0.8814801935400237,0.7973165869021287,0.9442880939167848,0.02623919232978602,0.0088126279493572,0.05183911991517756,0.7656287601117068,0.6472406164461499,0.8512099427154464,0.20966098081023443,0.7903390191897655,0.34716082066189236,0.37432846871184877,0.26023491412569283,0.42359759106080763,0.12334858080989972,0.5461396531865923,0.3529370554839149,0.37651002926277843,0.26986815206059755,0.4271116911470938,0.4056771264985322,0.41435031331109773,0.35335271942361196,0.4606020633717513,0.41713491918765944,0.41680011178811355,0.4131233730161727,0.4206649059766544,0.04998366232149009,0.9525204030729123,10255.273760436225,2368.4752755039885,57190.81534182434,0.85,UB&PB,1804
0,0.0,0.0,0.0,0.0,0.0,0.0,0.0,0.0,0.0,0.0,0.0,0.0,0.0,0.0,0.0,0.0,0.0,0.0,0.0,0.0,0.0,0.0,0.0,0.0,0.0,0.0,0.0,0.0,0.0,0.0,0.0,0.0,0.0,0.0,0.0,0.9,UB&PB,1804
2500,1.146208607178962,0.866945753727901,0.7651215387411631,0.9355961829667977,0.028344425868762266,0.00972535934888674,0.05585019588002757,0.8172641215067145,0.6726021707848713,0.9195006926340511,0.179967306325515,0.820032693674484,0.3642229795940788,0.38861883855386464,0.2945694615623627,0.42812188278182006,0.14921932129274612,0.5517957685267675,0.3696582705715618,0.38900548017425846,0.3037992022257683,0.43253810432101253,0.4083341115258152,0.41569013253979387,0.35574928672516287,0.46184949023108995,0.4183377970025465,0.4180790911368479,0.41428516325434034,0.4220150563848513,0.11840924252036115,0.691183336877881,9347.877293113226,2204.052762536236,50641.54764856719,0.9,UB&PB,1804
0,0.0,0.0,0.0,0.0,0.0,0.0,0.0,0.0,0.0,0.0,0.0,0.0,0.0,0.0,0.0,0.0,0.0,0.0,0.0,0.0,0.0,0.0,0.0,0.0,0.0,0.0,0.0,0.0,0.0,0.0,0.0,0.0,0.0,0.0,0.0,0.95,UB&PB,1804
2500,1.1665386468345913,0.8456353759235665,0.7472766882554087,0.9213917173053423,0.028739204169024445,0.010019092557058032,0.056348341642200504,0.7236549217440428,0.5704450994832254,0.8354543524218617,0.14351314854299943,0.8564868514570005,0.38983826346099526,0.40436035945024884,0.34423119583466044,0.43652404117922317,0.20204947514134738,0.5522868150499962,0.39475646564431205,0.4035827264852358,0.35061784136699836,0.4418614526374096,0.41530343069040393,0.41986946194020847,0.3702578412750837,0.46135915504431646,0.4213006955568811,0.4210857430242953,0.4172244530040205,0.4250809614126515,0.5955664731198386,1.0237253747795023,7988.231812882099,1957.6859319483133,42438.96637930543,0.95,UB&PB,1804
0,0.0,0.0,0.0,0.0,0.0,0.0,0.0,0.0,0.0,0.0,0.0,0.0,0.0,0.0,0.0,0.0,0.0,0.0,0.0,0.0,0.0,0.0,0.0,0.0,0.0,0.0,0.0,0.0,0.0,0.0,0.0,0.0,0.0,0.0,0.0,0.05,UB&PB,66391
2500,0.9115281572776609,0.7446586568637852,0.5839086767175448,0.8603017447019892,0.8921787691063493,0.7996110574713117,0.9492070533330772,0.9112865728219244,0.8422768409684963,0.9607823617290984,0.957552238805971,0.04244776119402978,0.08181439089115855,0.01608399835549913,0.0016461010449878096,0.10494040596899544,8.496796357744475e-5,0.384704778168753,0.08560050726579839,0.018586804581265277,0.0019090414069824258,0.11283448358567477,0.14898196185702786,0.09631977464911555,0.030869487067296992,0.2353578507007311,0.40554155761966876,0.40515305943606283,0.4002230132030308,0.41031502935160186,0.11559782074422936,0.6528901689335275,35889.90115838241,17659.498308159447,71752.91951630561,0.05,UB&PB,66391
0,0.0,0.0,0.0,0.0,0.0,0.0,0.0,0.0,0.0,0.0,0.0,0.0,0.0,0.0,0.0,0.0,0.0,0.0,0.0,0.0,0.0,0.0,0.0,0.0,0.0,0.0,0.0,0.0,0.0,0.0,0.0,0.0,0.0,0.0,0.0,0.1,UB&PB,66391
2500,0.9364229416122297,0.3062605386472142,0.18059322232178476,0.4867170446588176,0.4564046490946868,0.3305616056290856,0.5867140122113027,0.8912976841161342,0.8144175331540497,0.9483640510565917,0.9528095238095236,0.047190476190476185,0.12161355826180247,0.07389052126405239,0.02724558021111873,0.17649355615161155,0.005726862956180524,0.38739920118275295,0.14970485093438746,0.1090104864350777,0.044780579367740075,0.22184907593465683,0.18584633339244525,0.15716593360198716,0.09960588610088626,0.24545247640054685,0.4224331791441463,0.4218210431789808,0.40713062751586176,0.43723149096240826,0.08755328749294868,0.22391038943590874,2129.88177626156,1429.131861798551,3316.4924298041233,0.1,UB&PB,66391
0,0.0,0.0,0.0,0.0,0.0,0.0,0.0,0.0,0.0,0.0,0.0,0.0,0.0,0.0,0.0,0.0,0.0,0.0,0.0,0.0,0.0,0.0,0.0,0.0,0.0,0.0,0.0,0.0,0.0,0.0,0.0,0.0,0.0,0.0,0.0,0.15,UB&PB,66391
2500,0.9496399391766567,0.5077201123681024,0.3386875384490526,0.6977726904488357,0.8449302760468782,0.7258889208855577,0.9286447184789516,0.8614145076676046,0.7725798723633435,0.9280557677150478,0.9645472636815909,0.035452736318408035,0.07720674640334338,0.031558686925123716,0.007972298012987286,0.10293570662897437,0.0009971559762070618,0.3096203158745224,0.08566401875782108,0.03987376853904801,0.010968897484889504,0.11895477563800531,0.12139844731267378,0.09323315787880533,0.04483462568497455,0.16314876785698515,0.42305921355377435,0.4227299484063122,0.41509305217011877,0.4306696734721854,0.04708322438770111,1.085782862867059,8420.804549898647,5827.7619568261825,12599.177057008385,0.15,UB&PB,66391
0,0.0,0.0,0.0,0.0,0.0,0.0,0.0,0.0,0.0,0.0,0.0,0.0,0.0,0.0,0.0,0.0,0.0,0.0,0.0,0.0,0.0,0.0,0.0,0.0,0.0,0.0,0.0,0.0,0.0,0.0,0.0,0.0,0.0,0.0,0.0,0.2,UB&PB,66391
2500,0.9505492520017217,0.6412725482167924,0.45924079917354543,0.7731968639764669,0.7125199731694226,0.5665110237927374,0.8379397237878902,0.8360735844511438,0.740930303662209,0.9168573188565383,0.9617398720682299,0.03826012793176966,0.08404299320380794,0.032498417295168114,0.007856978679881867,0.11487613505847191,0.0010283764857133436,0.339098288486138,0.09001918796435335,0.03872714913838826,0.009799249927738713,0.12625054958311668,0.1380289753944083,0.10635079182332631,0.052994180684270926,0.19186493645084987,0.408481206393452,0.40805367345168236,0.4022435035163984,0.41409241681031556,0.04799423771348985,0.27192531303688044,15581.00641290618,9771.258001720367,25318.6999785759,0.2,UB&PB,66391
0,0.0,0.0,0.0,0.0,0.0,0.0,0.0,0.0,0.0,0.0,0.0,0.0,0.0,0.0,0.0,0.0,0.0,0.0,0.0,0.0,0.0,0.0,0.0,0.0,0.0,0.0,0.0,0.0,0.0,0.0,0.0,0.0,0.0,0.0,0.0,0.25,UB&PB,66391
2500,0.9592784194350765,0.7958790409157479,0.6668670410422599,0.902489094845682,0.14905946980842508,0.0739468327166551,0.26857085771680256,0.8820480616815717,0.80645314544675,0.9412288793059551,0.9318159203980098,0.06818407960198991,0.1553670951842933,0.09411642637755824,0.02678523310742542,0.2482603827418828,0.0038469428320328544,0.46834342522244743,0.16154667783600718,0.10371414522117231,0.030763477405256704,0.25806801195046214,0.26709645592231707,0.2530811081114129,0.129251535851148,0.4048380053365478,0.4264882814127678,0.4261838414688461,0.4220174131608893,0.4304970822608885,0.34325762147308114,0.7557494245756197,22108.58915431483,8284.065407428478,62097.43645772451,0.25,UB&PB,66391
0,0.0,0.0,0.0,0.0,0.0,0.0,0.0,0.0,0.0,0.0,0.0,0.0,0.0,0.0,0.0,0.0,0.0,0.0,0.0,0.0,0.0,0.0,0.0,0.0,0.0,0.0,0.0,0.0,0.0,0.0,0.0,0.0,0.0,0.0,0.0,0.3,UB&PB,66391
2500,0.9726772569709182,0.7866610152933402,0.6360050423066606,0.8936839338278194,0.08678635191329584,0.044164018517935714,0.14427176116129473,0.8644616161460333,0.7848222824825009,0.9279670430294295,0.9147100213219621,0.08528997867803838,0.1802676207518997,0.1340539109104442,0.0426498822429063,0.2884067743070026,0.006846190296117733,0.47483423513829476,0.18906568741524554,0.1483025350554638,0.050089016595618596,0.3024503913174093,0.2986486876819768,0.3056626649833493,0.16538287327138687,0.4320407922727296,0.42771796758240854,0.42744515530717647,0.42310772754565634,0.4319432262358786,0.24621974744714437,0.7691424578708727,14041.99755517199,4989.794445445516,45942.45728012422,0.3,UB&PB,66391
0,0.0,0.0,0.0,0.0,0.0,0.0,0.0,0.0,0.0,0.0,0.0,0.0,0.0,0.0,0.0,0.0,0.0,0.0,0.0,0.0,0.0,0.0,0.0,0.0,0.0,0.0,0.0,0.0,0.0,0.0,0.0,0.0,0.0,0.0,0.0,0.35,UB&PB,66391
2500,0.9824874632819629,0.7305762387025528,0.528169336991946,0.8837072908778544,0.07345082749602397,0.03482633764905335,0.13000328261394972,0.8376236491083269,0.7431546640517783,0.9226036290420606,0.910476901208245,0.08952309879175549,0.19390953475109288,0.15732985542057348,0.057318107109757196,0.3087758063727189,0.0118753787948123,0.47217141649295685,0.20706379960128124,0.17682473889405415,0.07040281203994833,0.32781198426103797,0.3070271850173459,0.3216407062545984,0.1810008491557339,0.4312405029573123,0.41978396521323874,0.4193746972028597,0.4141743763839575,0.42481487027049564,0.12960119389127137,0.35876874482279814,8481.307954574639,3130.555119424619,27845.591965557673,0.35,UB&PB,66391
0,0.0,0.0,0.0,0.0,0.0,0.0,0.0,0.0,0.0,0.0,0.0,0.0,0.0,0.0,0.0,0.0,0.0,0.0,0.0,0.0,0.0,0.0,0.0,0.0,0.0,0.0,0.0,0.0,0.0,0.0,0.0,0.0,0.0,0.0,0.0,0.4,UB&PB,66391
2500,0.9903922396249242,0.8413927760040409,0.7483445430132544,0.9264463888649639,0.05840981848315203,0.02511158111024535,0.10776708708031617,0.744800697194213,0.6440034807578079,0.850607358005236,0.9076943852167733,0.09230561478322666,0.20548613462833754,0.17236864376952934,0.05962188508225552,0.33223117781576395,0.012966645281386814,0.4865621610856421,0.21274071470603723,0.1840111443919081,0.066542924177625,0.3428703947041125,0.3248069160954355,0.34515930103302217,0.19755467274805683,0.4510388058463129,0.42909522688430335,0.42879503308019057,0.4249557928097634,0.4327857112127811,0.02942276686181802,0.4681829281266336,15792.959835193013,5197.545648916129,58808.72853311805,0.4,UB&PB,66391
0,0.0,0.0,0.0,0.0,0.0,0.0,0.0,0.0,0.0,0.0,0.0,0.0,0.0,0.0,0.0,0.0,0.0,0.0,0.0,0.0,0.0,0.0,0.0,0.0,0.0,0.0,0.0,0.0,0.0,0.0,0.0,0.0,0.0,0.0,0.0,0.45,UB&PB,66391
2500,0.9947449796940616,0.7751323124167404,0.655904775256713,0.8848562055943398,0.05157905559525656,0.02178491492501458,0.09359425288350663,0.8593405843247923,0.7425748240112007,0.93020979100466,0.8925422885572141,0.10745771144278604,0.20385139863965687,0.1744125724638319,0.06190341489504534,0.3353721815422031,0.012208509386396386,0.4734606105916354,0.21371859741041263,0.18807843722804124,0.07263266647496121,0.34714517475591783,0.3167917287290706,0.34025650927767337,0.19522255185726253,0.4349097118567352,0.4120756719666953,0.41178675552564087,0.40757560300764045,0.41613395449988444,0.21288226260716125,0.4517925092122308,10392.196710771033,3518.215906155658,38104.44617220824,0.45,UB&PB,66391
0,0.0,0.0,0.0,0.0,0.0,0.0,0.0,0.0,0.0,0.0,0.0,0.0,0.0,0.0,0.0,0.0,0.0,0.0,0.0,0.0,0.0,0.0,0.0,0.0,0.0,0.0,0.0,0.0,0.0,0.0,0.0,0.0,0.0,0.0,0.0,0.5,UB&PB,66391
2500,1.0095457765810367,0.8323878969449456,0.6982233354723846,0.9194295799897814,0.04436555136650891,0.017799668228350968,0.08282354010434204,0.7970559759091526,0.6782636152325844,0.8996383071795261,0.8885366027007819,0.11146339729921818,0.21912128618264423,0.1959533610388834,0.07418683806398803,0.36042614175221666,0.014875102369851009,0.4813767414938978,0.22791490750909066,0.2074633917797421,0.08503871613548676,0.36907310458664416,0.3301527031656435,0.3564650564558655,0.21283808014033073,0.4437276047651984,0.4159980175754026,0.4156786702477089,0.4116294502768396,0.41989520855440826,0.19506165088834518,0.3758948511376576,11052.935956822934,3663.8861204535606,42947.35253350578,0.5,UB&PB,66391
0,0.0,0.0,0.0,0.0,0.0,0.0,0.0,0.0,0.0,0.0,0.0,0.0,0.0,0.0,0.0,0.0,0.0,0.0,0.0,0.0,0.0,0.0,0.0,0.0,0.0,0.0,0.0,0.0,0.0,0.0,0.0,0.0,0.0,0.0,0.0,0.55,UB&PB,66391
2500,1.0206489607967506,0.8360784997850658,0.732072144827984,0.9199363245003002,0.03558836270057412,0.01344860351259853,0.06800308731688488,0.6959727402173373,0.5659692139631072,0.8229161651269529,0.813250177683015,0.18674982231698667,0.23996157341178323,0.22542445971020397,0.10216521400047257,0.3790804810162453,0.024181799480931094,0.4902651330308488,0.24869525279417495,0.23578965397189272,0.11476149448424766,0.38474465568771005,0.3447982560138182,0.3739082310177874,0.2385693895393993,0.44818001565078414,0.41077733266822064,0.41046983644339874,0.40656869776850907,0.41451201292628304,0.16191768617532953,0.6358415247769249,11353.12754773593,3500.935894946978,49617.017039992475,0.55,UB&PB,66391
0,0.0,0.0,0.0,0.0,0.0,0.0,0.0,0.0,0.0,0.0,0.0,0.0,0.0,0.0,0.0,0.0,0.0,0.0,0.0,0.0,0.0,0.0,0.0,0.0,0.0,0.0,0.0,0.0,0.0,0.0,0.0,0.0,0.0,0.0,0.0,0.6,UB&PB,66391
2500,1.0339366012136981,0.8619684364822434,0.7666639876857284,0.9338809277730183,0.030629049060422818,0.010929129784506355,0.059878054695550034,0.7442088725009594,0.5956221155593157,0.8726641116388572,0.7632686567164182,0.2367313432835821,0.25114600462998976,0.23733012261649467,0.11469867630326766,0.3929876255329915,0.025439989798975767,0.5032074858626534,0.2588748122539562,0.2463331770825675,0.12645584978974794,0.39658277502292333,0.35404534533376114,0.3823976639781856,0.2508279107041495,0.45417124534260245,0.41268997677550956,0.4123980490639705,0.40862824396085884,0.4162675010667492,0.6006241508963355,1.0144229929732465,12290.416296108724,3594.6050918351743,57146.34043103345,0.6,UB&PB,66391
0,0.0,0.0,0.0,0.0,0.0,0.0,0.0,0.0,0.0,0.0,0.0,0.0,0.0,0.0,0.0,0.0,0.0,0.0,0.0,0.0,0.0,0.0,0.0,0.0,0.0,0.0,0.0,0.0,0.0,0.0,0.0,0.0,0.0,0.0,0.0,0.65,UB&PB,66391
2500,1.0570434398725324,0.8533670700121723,0.7544875436495618,0.9350491426422092,0.02940864227106246,0.010352438528492288,0.05814917844680909,0.6115372399211729,0.47206191324150654,0.759577921305494,0.7045508173418625,0.29544918265813747,0.28338436735008266,0.28268545153532787,0.16221547761234686,0.40860242750754366,0.04912597845069565,0.5122814353114544,0.29140807141133845,0.29226381052611616,0.17514660667020643,0.4113438912400354,0.3723698378326575,0.3975272200388473,0.2839491967477056,0.4610307449868674,0.41612558416905254,0.41579911821151433,0.4120426355199395,0.4197020214723539,0.23351950122228998,0.5415086023702966,10817.322343536389,3120.5092998843998,51881.02845191625,0.65,UB&PB,66391
0,0.0,0.0,0.0,0.0,0.0,0.0,0.0,0.0,0.0,0.0,0.0,0.0,0.0,0.0,0.0,0.0,0.0,0.0,0.0,0.0,0.0,0.0,0.0,0.0,0.0,0.0,0.0,0.0,0.0,0.0,0.0,0.0,0.0,0.0,0.0,0.7,UB&PB,66391
2500,1.0779656303053247,0.8674855607534562,0.7600666203050221,0.9407115831370366,0.030102582514693815,0.010715321438094592,0.058736651185370234,0.6233697996645117,0.524022666403199,0.7260541709828972,0.45780810234541613,0.5421918976545852,0.3067994239894722,0.308853140832717,0.19983679307781368,0.41844402846544615,0.07292651911144049,0.5272155854173052,0.31457588106781365,0.31917167335192564,0.21085693334936834,0.4209493714680886,0.39118621403529286,0.408949875385995,0.32095268311172653,0.46476900174473756,0.41973132485411935,0.41943862978332824,0.4157128854877051,0.4233152287335483,0.4558877170242305,0.9509654961131403,10586.337368236338,2796.7908195237483,53126.169324531715,0.7,UB&PB,66391
0,0.0,0.0,0.0,0.0,0.0,0.0,0.0,0.0,0.0,0.0,0.0,0.0,0.0,0.0,0.0,0.0,0.0,0.0,0.0,0.0,0.0,0.0,0.0,0.0,0.0,0.0,0.0,0.0,0.0,0.0,0.0,0.0,0.0,0.0,0.0,0.75,UB&PB,66391
2500,1.091603974546091,0.8890839267244682,0.8003445488837311,0.9489974129975101,0.028868224313953573,0.009950101611995589,0.057032208475200026,0.7400232348894545,0.5852332137352206,0.8541333910098837,0.3110298507462688,0.6889701492537309,0.31830822060021274,0.33353824391803194,0.21252780468327814,0.4213929187436124,0.0795773379751852,0.5366472798826114,0.3252282696867109,0.34257498446644297,0.22189565596167773,0.42385159193311267,0.39885496538175247,0.4130537709308341,0.3368121834256797,0.46356889501779247,0.4197161332378334,0.4194109802690337,0.4156973913057589,0.4232947063205545,0.3243257012785649,0.8367075363541296,11184.65911046058,2711.477366710011,58608.07844335155,0.75,UB&PB,66391
0,0.0,0.0,0.0,0.0,0.0,0.0,0.0,0.0,0.0,0.0,0.0,0.0,0.0,0.0,0.0,0.0,0.0,0.0,0.0,0.0,0.0,0.0,0.0,0.0,0.0,0.0,0.0,0.0,0.0,0.0,0.0,0.0,0.0,0.0,0.0,0.8,UB&PB,66391
2500,1.112559606546897,0.8944736531466091,0.8094366722259168,0.9527274502719885,0.02816172398801321,0.00967277154386565,0.05543890201328576,0.6767211495368002,0.559132510490052,0.7971566670127394,0.248985074626866,0.7510149253731332,0.3382267335354678,0.3623128023250381,0.24325363509349873,0.4259430990528586,0.10574775166597515,0.5434431306134148,0.3443603722281143,0.36780110091972845,0.2518266004601482,0.42871063340328436,0.406758676660916,0.4176774198964037,0.35051289279636555,0.46525349754588363,0.4217089176842571,0.42144170427208466,0.4178476455065627,0.425176358764798,0.7008028256373932,1.0310281622853772,11462.323638880303,2624.68233077684,63257.58834558373,0.8,UB&PB,66391
0,0.0,0.0,0.0,0.0,0.0,0.0,0.0,0.0,0.0,0.0,0.0,0.0,0.0,0.0,0.0,0.0,0.0,0.0,0.0,0.0,0.0,0.0,0.0,0.0,0.0,0.0,0.0,0.0,0.0,0.0,0.0,0.0,0.0,0.0,0.0,0.85,UB&PB,66391
2500,1.1321456638051,0.8614048591356676,0.7748972816955921,0.9314460244457693,0.026964766490446202,0.00910992975447257,0.0532975796233033,0.6669101544383577,0.5419688696065156,0.7666959879260559,0.19896375266524516,0.8010362473347559,0.35323062581263376,0.37963247891929075,0.2725703845741423,0.4244842657092233,0.13689694290373264,0.5433149565020896,0.3593737372113686,0.38182934293443255,0.2818085791098324,0.42847105868646934,0.40649427955848727,0.4147065361506312,0.35749543491835833,0.4575738895240387,0.41737176670874065,0.41710570745408665,0.41338194727401995,0.4209530742607967,0.46889507618138865,0.9973939168873335,9199.964327394544,2190.40663684996,50184.98683456838,0.85,UB&PB,66391
0,0.0,0.0,0.0,0.0,0.0,0.0,0.0,0.0,0.0,0.0,0.0,0.0,0.0,0.0,0.0,0.0,0.0,0.0,0.0,0.0,0.0,0.0,0.0,0.0,0.0,0.0,0.0,0.0,0.0,0.0,0.0,0.0,0.0,0.0,0.0,0.9,UB&PB,66391
2500,1.1495810898071994,0.8699128291834445,0.7806930873346941,0.93828875724048,0.027309289059587422,0.009351739205101272,0.05387480636947623,0.7118347031344271,0.5900375614383708,0.825690016282741,0.21790405117270734,0.7820959488272922,0.37253705892940947,0.39664473840553827,0.30544620406829787,0.4344352236444525,0.16240069284690742,0.5541584681152693,0.37799678790169483,0.39747190245351915,0.31409483651689796,0.438666065450683,0.4145397387235411,0.42147774912349073,0.36247032569370297,0.4680302096557315,0.4237432628997098,0.42350806488408893,0.4197439180413383,0.4274055601642517,0.5785682909330631,0.9889517551944215,9791.090144550704,2269.764648796096,54131.55567567915,0.9,UB&PB,66391
0,0.0,0.0,0.0,0.0,0.0,0.0,0.0,0.0,0.0,0.0,0.0,0.0,0.0,0.0,0.0,0.0,0.0,0.0,0.0,0.0,0.0,0.0,0.0,0.0,0.0,0.0,0.0,0.0,0.0,0.0,0.0,0.0,0.0,0.0,0.0,0.95,UB&PB,66391
2500,1.1499017539031906,0.8598253519955498,0.766258227976753,0.935509791471339,0.029124308886432804,0.010183720744591635,0.0571036621629151,0.7104930440263714,0.5814708678495994,0.8260064654877695,0.16397157071783935,0.8360284292821605,0.37307294166341426,0.3888277134202084,0.32201863494460153,0.4222167669355897,0.18057386631669292,0.542923891564251,0.37733430812517826,0.387726893423842,0.32863435503858945,0.4261178402871291,0.40129259929604494,0.40605858654558774,0.34992275054866967,0.4531684982794125,0.4081151721720297,0.40780806581479856,0.4039882823777157,0.41174442421943624,0.5945313835703906,1.0371631194354827,9102.660614698743,2163.138988574173,48928.252473282024,0.95,UB&PB,66391
0,0.0,0.0,0.0,0.0,0.0,0.0,0.0,0.0,0.0,0.0,0.0,0.0,0.0,0.0,0.0,0.0,0.0,0.0,0.0,0.0,0.0,0.0,0.0,0.0,0.0,0.0,0.0,0.0,0.0,0.0,0.0,0.0,0.0,0.0,0.0,0.05,UB&PB,90254
2500,0.9182342772796215,0.5635106981700115,0.3539218475798274,0.7443594570210988,0.8204902278010671,0.6980255803707508,0.899994158488029,0.88861860850826,0.8037081360190627,0.9494189135089743,0.9594157782515993,0.040584221748400894,0.08475931181703465,0.023018237372991756,0.004138110920623714,0.1128244800577329,0.0003092885431872918,0.3743476254583033,0.09248776350048198,0.03018067024895805,0.0059795454680249115,0.1283739605856836,0.14678227547814732,0.09912999252409194,0.04008615849935535,0.22011891094831548,0.4203783638744594,0.4199882266555001,0.41246126542916567,0.42780011397560147,0.08807823595419563,0.4770252999033231,11077.374211382214,6276.247786373359,19905.977855560985,0.05,UB&PB,90254
0,0.0,0.0,0.0,0.0,0.0,0.0,0.0,0.0,0.0,0.0,0.0,0.0,0.0,0.0,0.0,0.0,0.0,0.0,0.0,0.0,0.0,0.0,0.0,0.0,0.0,0.0,0.0,0.0,0.0,0.0,0.0,0.0,0.0,0.0,0.0,0.1,UB&PB,90254
2500,0.9277458579757044,0.3710320374610337,0.20080500176812383,0.5666889922095923,0.7651881199083349,0.6209642344630883,0.8752738595058231,0.8557594200825567,0.7465589089924405,0.9347108084949377,0.962113006396588,0.03788699360341152,0.08004935246741957,0.028929645049363552,0.00675751331331245,0.10831157263640273,0.0006827308591647275,0.32779207242391223,0.094768648439564,0.0442833617090369,0.011533205631049134,0.1363722302110837,0.12693483138959752,0.09390425247319605,0.04740442031229697,0.1695075497166291,0.41098365436729356,0.4101786729570569,0.39747916418316404,0.4235487998382865,0.06647521411605943,1.292759065221616,4055.8936838044674,2774.6564153475574,6083.943710110406,0.1,UB&PB,90254
0,0.0,0.0,0.0,0.0,0.0,0.0,0.0,0.0,0.0,0.0,0.0,0.0,0.0,0.0,0.0,0.0,0.0,0.0,0.0,0.0,0.0,0.0,0.0,0.0,0.0,0.0,0.0,0.0,0.0,0.0,0.0,0.0,0.0,0.0,0.0,0.15,UB&PB,90254
2500,0.9419512114909331,0.6062822289630674,0.45540898573381283,0.7266879267403346,0.7204330129943665,0.5849137990710171,0.8380026268061528,0.8909888581288564,0.8143685386887021,0.9489143788692876,0.957861407249467,0.04213859275053314,0.0870457091026489,0.03336187858248856,0.00821137174865584,0.11759232031452778,0.000747346730839704,0.35322569755444855,0.09538708297625008,0.04181177873450925,0.011653883319324895,0.13300672659237608,0.14474642731661108,0.11149763269621481,0.052871307710061974,0.20352055724092294,0.41203761639745007,0.41153403819558904,0.4046228298944399,0.4187865385609264,0.02056392486971978,0.7125698527893438,16961.575735100352,9823.462163091603,29722.877420973982,0.15,UB&PB,90254
0,0.0,0.0,0.0,0.0,0.0,0.0,0.0,0.0,0.0,0.0,0.0,0.0,0.0,0.0,0.0,0.0,0.0,0.0,0.0,0.0,0.0,0.0,0.0,0.0,0.0,0.0,0.0,0.0,0.0,0.0,0.0,0.0,0.0,0.0,0.0,0.2,UB&PB,90254
2500,0.9504124463993874,0.4831627144844711,0.3124270742696366,0.6511755703468298,0.3198815686414637,0.2331106930806162,0.4490101922288105,0.856249788554217,0.7748059363832219,0.918167304235622,0.9567043354655299,0.04329566453447045,0.12797871978980022,0.07719318797892501,0.026045688312726228,0.19537835180321098,0.0044673593418041715,0.40109343670769937,0.14877735295203529,0.10583819325575053,0.04060361093870283,0.2279908911559643,0.20477349558297867,0.1768270879934436,0.10847884756497723,0.2857388630747721,0.4128951668162184,0.4124536773058512,0.40390273233874374,0.4213561043848653,0.11950633427671664,0.314724986320255,5416.177920573284,3091.527293611802,9944.683063261973,0.2,UB&PB,90254
0,0.0,0.0,0.0,0.0,0.0,0.0,0.0,0.0,0.0,0.0,0.0,0.0,0.0,0.0,0.0,0.0,0.0,0.0,0.0,0.0,0.0,0.0,0.0,0.0,0.0,0.0,0.0,0.0,0.0,0.0,0.0,0.0,0.0,0.0,0.0,0.25,UB&PB,90254
2500,0.9625282965599798,0.43529993467467226,0.2794265809361803,0.6058847056961162,0.19560265484320322,0.13062327286762093,0.2758607508481678,0.8693190759563025,0.7890484866699066,0.9382910437090899,0.9495252309879174,0.050474769012082484,0.16653133491655045,0.1292387052637671,0.05310517413511052,0.2558936785738542,0.011640588733508815,0.42635829876138526,0.19639892514331092,0.1718678173312094,0.07972897102595775,0.2966115626824925,0.25077921077721915,0.2376055621607138,0.15155286329018094,0.34515507728119343,0.40722441503067003,0.4066394220670462,0.3967537594026329,0.4168744149878734,0.17237680533072602,0.3540387459459551,1993.7589775741938,1235.8852466812355,3654.0689871857107,0.25,UB&PB,90254
0,0.0,0.0,0.0,0.0,0.0,0.0,0.0,0.0,0.0,0.0,0.0,0.0,0.0,0.0,0.0,0.0,0.0,0.0,0.0,0.0,0.0,0.0,0.0,0.0,0.0,0.0,0.0,0.0,0.0,0.0,0.0,0.0,0.0,0.0,0.0,0.3,UB&PB,90254
2500,0.9647107052598163,0.7205995590988913,0.5592926259690738,0.8506031753827705,0.15275186901853557,0.08724844677601194,0.23791865269572268,0.835162227096954,0.7425131605668717,0.9160261333244571,0.9393027718550093,0.060697228144989304,0.16217265883079407,0.11055297612529238,0.03497538135062361,0.2598487969089046,0.0069472266896543474,0.4544456148176941,0.17422256925382384,0.12911330625934359,0.04546453502609901,0.27675445864524706,0.26548495768675806,0.2535818803731432,0.14083667169476038,0.3903537533230999,0.4150536018646835,0.4146809077977139,0.4091396716805257,0.42045366687410723,0.19826412125289428,0.8754612886051549,13522.033089959716,5599.0009374688425,36271.446950494515,0.3,UB&PB,90254
0,0.0,0.0,0.0,0.0,0.0,0.0,0.0,0.0,0.0,0.0,0.0,0.0,0.0,0.0,0.0,0.0,0.0,0.0,0.0,0.0,0.0,0.0,0.0,0.0,0.0,0.0,0.0,0.0,0.0,0.0,0.0,0.0,0.0,0.0,0.0,0.35,UB&PB,90254
2500,0.9698800435393305,0.8211701215520655,0.6970202746713288,0.9119743913460838,0.0971139232683989,0.04976510322471667,0.1570822557781299,0.8118154065975169,0.7061441071101977,0.9045473828705983,0.9316545842217485,0.06834541577825173,0.17301124066075643,0.1214862055030237,0.038286955101190685,0.2826717156704234,0.007372793436228733,0.4662103862691742,0.17984392278459577,0.13281051059050666,0.04364563281269093,0.2930525057248464,0.2870890586732149,0.286192852758815,0.157430796607592,0.420288549431234,0.42004143333780997,0.41977460219108786,0.4155782709186469,0.4241115662378747,0.2389905376408734,0.57740335752518,17921.54517707228,6659.469336989962,55337.34885476213,0.35,UB&PB,90254
0,0.0,0.0,0.0,0.0,0.0,0.0,0.0,0.0,0.0,0.0,0.0,0.0,0.0,0.0,0.0,0.0,0.0,0.0,0.0,0.0,0.0,0.0,0.0,0.0,0.0,0.0,0.0,0.0,0.0,0.0,0.0,0.0,0.0,0.0,0.0,0.4,UB&PB,90254
2500,0.9886035448907886,0.6442997650700115,0.5009061035193263,0.7743985783079702,0.06627217043449529,0.030827161830640472,0.11747477379994116,0.7069725979924091,0.5846571624746385,0.8445511495952612,0.9073752665245216,0.0926247334754796,0.2137209514650417,0.19125747159777576,0.08216591723384824,0.3342459488391612,0.019625461937643585,0.4665262889221653,0.23175471534129727,0.21581032849891804,0.1033680082042823,0.3543178020648633,0.3208227519764826,0.34208493004407764,0.21262560212190024,0.4288391564528061,0.41603107145811613,0.4157499490142737,0.41031859512231855,0.42140474865379496,0.024676315039617158,0.40788164266351545,4979.62899672481,2038.6030395515593,15310.472977288784,0.4,UB&PB,90254
0,0.0,0.0,0.0,0.0,0.0,0.0,0.0,0.0,0.0,0.0,0.0,0.0,0.0,0.0,0.0,0.0,0.0,0.0,0.0,0.0,0.0,0.0,0.0,0.0,0.0,0.0,0.0,0.0,0.0,0.0,0.0,0.0,0.0,0.0,0.0,0.45,UB&PB,90254
2500,0.9887548621264728,0.8400176560110325,0.7279030882820693,0.9262670702555109,0.05071305930712908,0.020967207391563557,0.09306285379029682,0.720528846561859,0.606235111331123,0.8159952335336419,0.8877292110874199,0.11227078891257991,0.20645506188145452,0.17864659124247662,0.06379794665132238,0.3362496649561233,0.013419923600024697,0.4756519361292177,0.2145072675481823,0.18998237234901041,0.07266550917577222,0.34673854567618534,0.3196312443038498,0.34223918163507594,0.19750299310321126,0.43964732750113317,0.4107745852881683,0.4104739028474509,0.406468587377837,0.4146162032563325,0.055202364465492315,0.5053475762619656,13304.010963119823,4390.650461976108,50624.775718008095,0.45,UB&PB,90254
0,0.0,0.0,0.0,0.0,0.0,0.0,0.0,0.0,0.0,0.0,0.0,0.0,0.0,0.0,0.0,0.0,0.0,0.0,0.0,0.0,0.0,0.0,0.0,0.0,0.0,0.0,0.0,0.0,0.0,0.0,0.0,0.0,0.0,0.0,0.0,0.5,UB&PB,90254
2500,1.020792655679964,0.7492034782833256,0.6052730297925961,0.8473081476629912,0.039018687260902414,0.015572508910181955,0.07231473007158493,0.7672830594103845,0.6568438759245286,0.8645434812207934,0.8630575692963747,0.13694243070362483,0.24021143567241052,0.22552804772348922,0.10523141533197147,0.37732145697055053,0.024713062173166767,0.4879071555972033,0.2539460100899391,0.2419255588523109,0.12422334851398531,0.38817436767660257,0.3481080243361905,0.37889916608680246,0.24781120391026268,0.44817086129422135,0.42156426990281104,0.4212581935010248,0.41675926206168457,0.42591410786209155,0.46187343434102635,0.9164784815828293,6421.26989834209,2237.525530604115,25152.765182439747,0.5,UB&PB,90254
0,0.0,0.0,0.0,0.0,0.0,0.0,0.0,0.0,0.0,0.0,0.0,0.0,0.0,0.0,0.0,0.0,0.0,0.0,0.0,0.0,0.0,0.0,0.0,0.0,0.0,0.0,0.0,0.0,0.0,0.0,0.0,0.0,0.0,0.0,0.0,0.55,UB&PB,90254
2500,1.0243093376607557,0.8798495656968508,0.7924242309176973,0.9432574699349059,0.0321601652052764,0.011722680073458577,0.06269812537279364,0.64900196437501,0.556234483021841,0.7427782667875221,0.7699566453447053,0.23004335465529513,0.25091510541033546,0.24094271900718683,0.1079910141198893,0.3924046626565867,0.027368638799002927,0.5064542977782934,0.2586938657122047,0.24926867330207106,0.11928641648298537,0.3979207214786467,0.35966832600959203,0.39053318249675584,0.25279360811110196,0.46372243668958196,0.42124753840971946,0.42098464916697426,0.4172497848069456,0.42483540823549637,0.0852509558834218,0.4808706098259814,13369.915197910681,3852.350300125151,61990.593525169636,0.55,UB&PB,90254
0,0.0,0.0,0.0,0.0,0.0,0.0,0.0,0.0,0.0,0.0,0.0,0.0,0.0,0.0,0.0,0.0,0.0,0.0,0.0,0.0,0.0,0.0,0.0,0.0,0.0,0.0,0.0,0.0,0.0,0.0,0.0,0.0,0.0,0.0,0.0,0.6,UB&PB,90254
2500,1.031959925123135,0.875792104731941,0.7771887396307428,0.9444017897240703,0.03251329519683965,0.011913450618765933,0.06248716860530909,0.640407518034916,0.4993634485133809,0.7749449229796765,0.7726560056858569,0.22734399431414382,0.25600197561124394,0.24637982007927195,0.12335487087532201,0.39327989309385164,0.030608029068409717,0.4974652584329108,0.2633767283215738,0.2549154654519885,0.13490788209192803,0.39724838087243497,0.3555139808591211,0.382849603375222,0.255428674617708,0.45365498230328,0.41246424763423883,0.41224552978250345,0.4084432885803277,0.4161612493073941,0.11691485080623411,0.40722029490492984,12641.646212288875,3700.010752016871,59142.40631892356,0.6,UB&PB,90254
0,0.0,0.0,0.0,0.0,0.0,0.0,0.0,0.0,0.0,0.0,0.0,0.0,0.0,0.0,0.0,0.0,0.0,0.0,0.0,0.0,0.0,0.0,0.0,0.0,0.0,0.0,0.0,0.0,0.0,0.0,0.0,0.0,0.0,0.0,0.0,0.65,UB&PB,90254
2500,1.0584345494716707,0.864593446169944,0.7790230712652809,0.9302637120818812,0.030241896585644787,0.010683016560119468,0.05869832069464656,0.6698460641606239,0.5431138280539912,0.7714090475471388,0.6334619758351095,0.3665380241648891,0.28460887046744965,0.28042408599752067,0.16450483894250154,0.4130481507457309,0.04833266088668613,0.517735253371583,0.29258680559439243,0.29045524170657266,0.17656435582478877,0.4158097839367185,0.3787080319604295,0.40274424883743715,0.2936690336066227,0.46491343273741165,0.42078442565358487,0.4204865140430728,0.4167356718999273,0.4243805284670026,0.03387266274739517,0.6653682992601567,11828.487698227857,3294.7261009928043,57796.69567280212,0.65,UB&PB,90254
0,0.0,0.0,0.0,0.0,0.0,0.0,0.0,0.0,0.0,0.0,0.0,0.0,0.0,0.0,0.0,0.0,0.0,0.0,0.0,0.0,0.0,0.0,0.0,0.0,0.0,0.0,0.0,0.0,0.0,0.0,0.0,0.0,0.0,0.0,0.0,0.7,UB&PB,90254
2500,1.0759621849379886,0.8060794634134172,0.7133843693185544,0.8906109143159511,0.029329936484868837,0.010275998047621806,0.05736585822315924,0.628193291057569,0.4880608341705547,0.7633158521736255,0.5991677327647478,0.4008322672352522,0.3021659932776712,0.30765646482655923,0.19575248898860204,0.4130464634487832,0.07105464290475891,0.5146811472056949,0.31163103571297424,0.31984790484050124,0.2093126750073973,0.41612607095237397,0.38209821167102936,0.40219698683461175,0.3110904858725031,0.4557574266185525,0.41525168028098713,0.41492438094866374,0.41094097115130623,0.4190377909127785,0.3181714375820538,0.9039047272466603,8306.356481069202,2441.6877651153395,39313.33262125136,0.7,UB&PB,90254
0,0.0,0.0,0.0,0.0,0.0,0.0,0.0,0.0,0.0,0.0,0.0,0.0,0.0,0.0,0.0,0.0,0.0,0.0,0.0,0.0,0.0,0.0,0.0,0.0,0.0,0.0,0.0,0.0,0.0,0.0,0.0,0.0,0.0,0.0,0.0,0.75,UB&PB,90254
2500,1.08427212839068,0.8698205209854107,0.7773302208416181,0.9404008666038043,0.027074273615483806,0.009101951081498487,0.05408212387236625,0.6568516671897239,0.5460205294874497,0.7735944391145477,0.42763965884861466,0.5723603411513869,0.3074345372877274,0.31862582421463737,0.20376024779820937,0.4095404396209881,0.07734902681576061,0.5212918951294974,0.31422923552400467,0.32781282303937365,0.213360762993648,0.4116795147189439,0.3837284928407701,0.40056175123927984,0.316662909743616,0.45293083644694004,0.40803645438733854,0.4077226633005062,0.40396721976333816,0.41160666818235875,0.41694553451331984,0.8972450113150316,10587.48921590991,2708.792590625274,55284.19129214282,0.75,UB&PB,90254
0,0.0,0.0,0.0,0.0,0.0,0.0,0.0,0.0,0.0,0.0,0.0,0.0,0.0,0.0,0.0,0.0,0.0,0.0,0.0,0.0,0.0,0.0,0.0,0.0,0.0,0.0,0.0,0.0,0.0,0.0,0.0,0.0,0.0,0.0,0.0,0.8,UB&PB,90254
2500,1.1116084603729401,0.8847122285310164,0.8005447933258768,0.9448749282784044,0.027501196564760317,0.009484147912038051,0.05426097892085377,0.7306513703597208,0.6038259322235381,0.8286496636293911,0.23338308457711407,0.7666169154228867,0.3349028336006222,0.357318460237862,0.24072954069876928,0.4212733263851946,0.10530465418184051,0.5424267789448588,0.3412192779729731,0.36246870473911963,0.24946476326468633,0.42422369734055904,0.4025627938074018,0.41347674469950685,0.3471225994697842,0.4604449833555772,0.41741786672064113,0.41713222441996417,0.41344678035220006,0.42094493534647204,0.625544910759925,0.9531643185607288,11174.70438541303,2555.569737253528,61456.80578358727,0.8,UB&PB,90254
0,0.0,0.0,0.0,0.0,0.0,0.0,0.0,0.0,0.0,0.0,0.0,0.0,0.0,0.0,0.0,0.0,0.0,0.0,0.0,0.0,0.0,0.0,0.0,0.0,0.0,0.0,0.0,0.0,0.0,0.0,0.0,0.0,0.0,0.0,0.0,0.85,UB&PB,90254
2500,1.1299712391717414,0.8783327096425763,0.7884744243531235,0.9419384369129796,0.028472632963881674,0.00980622562576541,0.05622298377329385,0.6195087330017784,0.49071535924158527,0.7273424832400975,0.23122956645344708,0.7687704335465532,0.3545398722193505,0.37902536972851963,0.2759552571841771,0.4245021559623184,0.14214752104032904,0.541515883883302,0.36008509122303634,0.3810409453809869,0.28399944934208654,0.4280360290841711,0.4058673792163614,0.4139831074005805,0.35440334494735437,0.4594368962318216,0.4169228566768972,0.4166608954870072,0.4129514305651091,0.4204786831098575,0.16300689057976916,0.49090125208446284,9955.500569904116,2361.7142119899636,53938.195057992176,0.85,UB&PB,90254
0,0.0,0.0,0.0,0.0,0.0,0.0,0.0,0.0,0.0,0.0,0.0,0.0,0.0,0.0,0.0,0.0,0.0,0.0,0.0,0.0,0.0,0.0,0.0,0.0,0.0,0.0,0.0,0.0,0.0,0.0,0.0,0.0,0.0,0.0,0.0,0.9,UB&PB,90254
2500,1.1476160125478612,0.8662364279503256,0.7670514023926113,0.9347108700035646,0.028817607377784726,0.010045850307489135,0.05719058284278118,0.7405821198174055,0.6133523327883933,0.8467843412395668,0.15243496801705803,0.8475650319829438,0.37048967327951315,0.392822737373607,0.3066692496810215,0.43059729293154514,0.16152939886137674,0.5513730692114748,0.37605654247278814,0.39341577487039764,0.3157625898019552,0.43528062543619855,0.4117884979003641,0.417676796151104,0.3620482539624474,0.46228953334789824,0.41997412842112636,0.41968002186252357,0.4158293273050093,0.4236390509946466,0.518678712489319,0.9938911217195986,8770.077871487705,2091.267166919458,47148.15313243415,0.9,UB&PB,90254
0,0.0,0.0,0.0,0.0,0.0,0.0,0.0,0.0,0.0,0.0,0.0,0.0,0.0,0.0,0.0,0.0,0.0,0.0,0.0,0.0,0.0,0.0,0.0,0.0,0.0,0.0,0.0,0.0,0.0,0.0,0.0,0.0,0.0,0.0,0.0,0.95,UB&PB,90254
2500,1.1529113911600835,0.8837768457887926,0.7841295034322937,0.946201316276138,0.0291754509919386,0.010242820096432499,0.05695464578286095,0.7010608559732074,0.5394991855123018,0.8361338958891502,0.17600071073205403,0.823999289267947,0.3752542122801515,0.39216805173466235,0.32324528196029423,0.4248700700496154,0.18318780407163324,0.5444381295170129,0.37930590837467854,0.3913499093923046,0.32938515822644876,0.4285099485797928,0.40368112975453685,0.4084230037944479,0.352494222534075,0.45542662833131714,0.41020072756457737,0.40992499223318235,0.4061333636143243,0.41382959423433535,0.5954361873648273,1.014499869534356,9365.478126647984,2216.5449185334164,51083.59241799593,0.95,UB&PB,90254
0,0.0,0.0,0.0,0.0,0.0,0.0,0.0,0.0,0.0,0.0,0.0,0.0,0.0,0.0,0.0,0.0,0.0,0.0,0.0,0.0,0.0,0.0,0.0,0.0,0.0,0.0,0.0,0.0,0.0,0.0,0.0,0.0,0.0,0.0,0.0,0.05,UB&PB,17145
2500,0.9148324675539447,0.661982886390294,0.49218660469573905,0.8287509997017867,0.8708965602546295,0.7599346813468855,0.9401571833225142,0.9087463713841029,0.829431325716622,0.9612169426719793,0.9526652452025591,0.047334754797441314,0.08213124530948364,0.018155195826626936,0.002518043332376519,0.10359389899558741,0.00017599773107668148,0.38216987712070405,0.08732520891459095,0.0222962427667512,0.003216860107934861,0.11427630682123152,0.14697920611862392,0.09697913482794482,0.033700214847966724,0.22335775455538678,0.41480665870169775,0.41444991421396193,0.4086117230187063,0.4205183633920124,0.2448712082015908,0.5123702845599303,31044.122931687918,15341.63785806974,61605.82631226567,0.05,UB&PB,17145
0,0.0,0.0,0.0,0.0,0.0,0.0,0.0,0.0,0.0,0.0,0.0,0.0,0.0,0.0,0.0,0.0,0.0,0.0,0.0,0.0,0.0,0.0,0.0,0.0,0.0,0.0,0.0,0.0,0.0,0.0,0.0,0.0,0.0,0.0,0.0,0.1,UB&PB,17145
2500,0.9292417790762048,0.350055761247267,0.23271175516175652,0.49867113331815116,0.6514521161874489,0.5418446024089547,0.7687526516305953,0.8498288810283711,0.7720993264584792,0.9161188285031445,0.9600881307746982,0.03991186922530198,0.09012762192342891,0.03950589582241133,0.012332769996535098,0.12308600892432313,0.002270232752414166,0.342985066768826,0.10894601616750067,0.06036406825655868,0.020979697991750566,0.15599612005224053,0.14041195841625945,0.10646266662787501,0.06260031059250123,0.18368143810872764,0.41173380433739126,0.4109829538699329,0.3960951937029228,0.42651273688637836,0.00966239379699108,0.6881347646760984,3876.654061322407,2598.4045190456436,5949.680512719642,0.1,UB&PB,17145
0,0.0,0.0,0.0,0.0,0.0,0.0,0.0,0.0,0.0,0.0,0.0,0.0,0.0,0.0,0.0,0.0,0.0,0.0,0.0,0.0,0.0,0.0,0.0,0.0,0.0,0.0,0.0,0.0,0.0,0.0,0.0,0.0,0.0,0.0,0.0,0.15,UB&PB,17145
2500,0.9438455061966124,0.5451205081718324,0.4054184441782961,0.6623329522060228,0.6362345738816692,0.49651979634573123,0.7951180694707309,0.8810484626242271,0.7898533871212845,0.9471090343117592,0.9550724946695096,0.04492750533049037,0.09174167058522122,0.03758610740501538,0.009602001032114553,0.12930555254770554,0.0010876422737926968,0.35820593892975805,0.10252419236481256,0.049380867445022736,0.014046080326970974,0.1490808794708658,0.14992741901342307,0.11553566389166267,0.059494128384610455,0.2118427822243204,0.4205877692758375,0.4200783524943093,0.41186600505179144,0.42864933991437343,0.01989974261134141,0.3172619279380205,13062.425130985504,7171.055120307226,23891.537649968195,0.15,UB&PB,17145
0,0.0,0.0,0.0,0.0,0.0,0.0,0.0,0.0,0.0,0.0,0.0,0.0,0.0,0.0,0.0,0.0,0.0,0.0,0.0,0.0,0.0,0.0,0.0,0.0,0.0,0.0,0.0,0.0,0.0,0.0,0.0,0.0,0.0,0.0,0.0,0.2,UB&PB,17145
2500,0.9579638201605589,0.6668496035493272,0.5240215802610505,0.7912817257994673,0.8221625058522958,0.7282341977433295,0.9017927104909951,0.872956660784657,0.78718018670011,0.9404825624440238,0.9599353233830847,0.0400646766169154,0.08361452075258637,0.03445792726944945,0.00837999864413453,0.11387173840932734,0.0008415435585498942,0.33266815863422533,0.08994734442142877,0.040777942311935815,0.01083439592217433,0.12521095350294106,0.13202160689629,0.10288304972381586,0.0486952069335178,0.18153467045450805,0.42214762909955034,0.4216828969144561,0.41533783143766007,0.42831365565032165,0.2522682341077604,0.6323173526072053,41614.78641402189,25686.344212316315,68668.38943197786,0.2,UB&PB,17145
0,0.0,0.0,0.0,0.0,0.0,0.0,0.0,0.0,0.0,0.0,0.0,0.0,0.0,0.0,0.0,0.0,0.0,0.0,0.0,0.0,0.0,0.0,0.0,0.0,0.0,0.0,0.0,0.0,0.0,0.0,0.0,0.0,0.0,0.0,0.0,0.25,UB&PB,17145
2500,0.9652236041540786,0.5235793593894148,0.3748612706111833,0.6718893932608153,0.2971636485762732,0.2124706188100368,0.4105303868676466,0.8302845950238963,0.7532382807506106,0.9051586581821857,0.9534392324093818,0.04656076759061829,0.14853255284784866,0.10475324945796512,0.04226149243555788,0.22374096928182924,0.00926302383712244,0.4178739815258045,0.17020417279590322,0.1342324129430962,0.06164599861383273,0.25337470350775443,0.22803982269559078,0.21115199126012266,0.1312643902741615,0.3114558487712267,0.41357969567689756,0.4132310924945771,0.4045239168238386,0.4222401554429283,0.05949763905258284,0.3487175768905302,10065.580868758403,5612.001331031856,18859.979233817772,0.25,UB&PB,17145
0,0.0,0.0,0.0,0.0,0.0,0.0,0.0,0.0,0.0,0.0,0.0,0.0,0.0,0.0,0.0,0.0,0.0,0.0,0.0,0.0,0.0,0.0,0.0,0.0,0.0,0.0,0.0,0.0,0.0,0.0,0.0,0.0,0.0,0.0,0.0,0.3,UB&PB,17145
2500,0.972533258108508,0.7178126485776669,0.6032329049696932,0.8282918786048598,0.11040447971603634,0.053872137307407024,0.1910883811745425,0.7626351271745312,0.662495140337934,0.8587643556313532,0.9303837953091693,0.06961620469083159,0.18499336138438238,0.14191876125529682,0.05032950660665454,0.29453647125064586,0.012420565247307665,0.47140912258005785,0.19707407400309385,0.16039396096984987,0.06124461796508241,0.3108416578241293,0.298726326519806,0.30034283753833124,0.1759559173418151,0.4238652289837749,0.4298624974018964,0.42957490420302746,0.4248863980427247,0.43446695279711084,0.07568291227391793,0.30235662998193574,13812.222460315154,5292.266497112525,39301.44867611,0.3,UB&PB,17145
0,0.0,0.0,0.0,0.0,0.0,0.0,0.0,0.0,0.0,0.0,0.0,0.0,0.0,0.0,0.0,0.0,0.0,0.0,0.0,0.0,0.0,0.0,0.0,0.0,0.0,0.0,0.0,0.0,0.0,0.0,0.0,0.0,0.0,0.0,0.0,0.35,UB&PB,17145
2500,0.9712677524842468,0.7802975096098762,0.6659187848886383,0.8751096718211626,0.09696981894391922,0.04995785964961789,0.15962628380831365,0.8175184252154217,0.7206488853750611,0.9109628474302007,0.9252636815920381,0.07473631840796022,0.1724261413625391,0.12497250351870735,0.03871486525401737,0.2811246629624978,0.0061427989520887825,0.4610542601667589,0.17995230657550487,0.1373907494520931,0.044911692835205096,0.2924833596928939,0.2837571010883123,0.2839949692386474,0.15461465731033466,0.41411387838438457,0.41016084714426776,0.4098163739311347,0.4056042988977514,0.41417589854107495,0.08467615700003515,0.36680968989506996,13237.128229368487,5108.777921439647,39534.681729261676,0.35,UB&PB,17145
0,0.0,0.0,0.0,0.0,0.0,0.0,0.0,0.0,0.0,0.0,0.0,0.0,0.0,0.0,0.0,0.0,0.0,0.0,0.0,0.0,0.0,0.0,0.0,0.0,0.0,0.0,0.0,0.0,0.0,0.0,0.0,0.0,0.0,0.0,0.0,0.4,UB&PB,17145
2500,0.9865586715472606,0.8396448251921801,0.7095090870998345,0.9229335337887277,0.0648899132222509,0.029041777873951683,0.11748969682346093,0.8021576657063936,0.711434073913727,0.8789076920013343,0.913870646766169,0.08612935323383075,0.19422942713465838,0.1561698425164562,0.05048580198604316,0.31770645887006566,0.01024985111129169,0.47938804613281405,0.20163895934037446,0.16780210462174863,0.0575945185274202,0.3282749920326984,0.3099930352391813,0.3233274209068783,0.17861489121769755,0.44076547934163096,0.4203399853283704,0.42004393990685346,0.4160718637436273,0.4241873757614336,0.0885099569322857,0.30183983059630515,15574.994443404259,5315.123888871268,53910.7309121184,0.4,UB&PB,17145
0,0.0,0.0,0.0,0.0,0.0,0.0,0.0,0.0,0.0,0.0,0.0,0.0,0.0,0.0,0.0,0.0,0.0,0.0,0.0,0.0,0.0,0.0,0.0,0.0,0.0,0.0,0.0,0.0,0.0,0.0,0.0,0.0,0.0,0.0,0.0,0.45,UB&PB,17145
2500,1.001112317785928,0.8309977552981905,0.7114242971656368,0.9148079973849464,0.04912553281302924,0.020483327678703932,0.09139069923961053,0.7933712071021486,0.690324121122961,0.879741328745759,0.8969310589907602,0.10306894100923954,0.21330151751771,0.1857255639696534,0.06779712000812915,0.34855540669105567,0.015613885892825785,0.48610954602431466,0.22169792274628544,0.19738019567568962,0.07685610822328438,0.35899449193584215,0.32936245410748033,0.35368024674735593,0.20630918550562505,0.44923666814124774,0.4241337089633371,0.4238214985807198,0.419894798241032,0.42789996280724896,0.07329088143396376,0.36654622083447924,12749.655885349912,4206.696461725498,48289.33912860985,0.45,UB&PB,17145
0,0.0,0.0,0.0,0.0,0.0,0.0,0.0,0.0,0.0,0.0,0.0,0.0,0.0,0.0,0.0,0.0,0.0,0.0,0.0,0.0,0.0,0.0,0.0,0.0,0.0,0.0,0.0,0.0,0.0,0.0,0.0,0.0,0.0,0.0,0.0,0.5,UB&PB,17145
2500,1.0049068505738201,0.8283572456837146,0.7092075003052601,0.915623467425455,0.0427652089021638,0.016969580236552654,0.08142676529830924,0.7781072541848354,0.6704058641899326,0.8769314641854147,0.8859381663112993,0.11406183368869936,0.2168728567050824,0.19251435456345758,0.07097344065062548,0.35782101660069926,0.014739824957154314,0.4828110214624931,0.2255177616894192,0.20399413457469406,0.08140545956531917,0.36635987011667714,0.32851961504445554,0.3548651719252059,0.20805075564209521,0.4445111179124439,0.4142984157225262,0.4140370117973675,0.4100265274840421,0.41818505487919216,0.2572751642969814,0.6030370828109431,12680.189926960225,4049.030808580337,50886.39785364824,0.5,UB&PB,17145
0,0.0,0.0,0.0,0.0,0.0,0.0,0.0,0.0,0.0,0.0,0.0,0.0,0.0,0.0,0.0,0.0,0.0,0.0,0.0,0.0,0.0,0.0,0.0,0.0,0.0,0.0,0.0,0.0,0.0,0.0,0.0,0.0,0.0,0.0,0.0,0.55,UB&PB,17145
2500,1.0166459813205702,0.8790792883240203,0.7980642173822903,0.9425641242475964,0.035716333090462814,0.013447787003679495,0.06907541484969096,0.7157666352920016,0.6155475992255961,0.8168326897171979,0.8537469793887711,0.1462530206112298,0.23005188382284272,0.21241307215364763,0.08437826612871197,0.3733154702650169,0.01955519267432236,0.48876746616338135,0.23659273552398732,0.2199733416514416,0.09318621851837049,0.37851916709926753,0.3374766504364246,0.3661773511668838,0.22025916549601454,0.4492075275428974,0.410063068725559,0.4097761955190667,0.40608043544034683,0.41362634227586,0.04725427300003667,0.34365954069473914,15424.137191618247,4597.816931840402,68128.3074040972,0.55,UB&PB,17145
0,0.0,0.0,0.0,0.0,0.0,0.0,0.0,0.0,0.0,0.0,0.0,0.0,0.0,0.0,0.0,0.0,0.0,0.0,0.0,0.0,0.0,0.0,0.0,0.0,0.0,0.0,0.0,0.0,0.0,0.0,0.0,0.0,0.0,0.0,0.0,0.6,UB&PB,17145
2500,1.0424523671639143,0.8549070514390691,0.7407760223763241,0.9378423328276201,0.032695392003181924,0.011845935900425184,0.06420270757160344,0.7405542208376603,0.6031919005839271,0.8524121921606455,0.7628592750533052,0.2371407249466954,0.26460277530140675,0.2537777508615232,0.12747727233423983,0.41029493075796025,0.02914665361957851,0.5129609976147221,0.2732180601542032,0.26430202469468234,0.14041648024416342,0.41437730550313345,0.3694851249128042,0.39918580916292257,0.2716388479962505,0.4675768093263935,0.4288295790909338,0.4285864812375369,0.42473202233527746,0.43254886035827833,0.4754582985029489,0.7125164586054233,11249.498188452364,3355.1864336288104,50999.78997620023,0.6,UB&PB,17145
0,0.0,0.0,0.0,0.0,0.0,0.0,0.0,0.0,0.0,0.0,0.0,0.0,0.0,0.0,0.0,0.0,0.0,0.0,0.0,0.0,0.0,0.0,0.0,0.0,0.0,0.0,0.0,0.0,0.0,0.0,0.0,0.0,0.0,0.0,0.0,0.65,UB&PB,17145
2500,1.0478508592490559,0.8520669903507818,0.7633269030108251,0.9236950412861857,0.030322673438895408,0.010754660816134073,0.05999479666806063,0.7690368518621951,0.6496626979610313,0.8960571217430464,0.6991144278606968,0.30088557213930406,0.2619380723822844,0.2515375046515442,0.13596239580815542,0.39511197011941035,0.034010573638948105,0.500869976916641,0.26981376786400785,0.26214840364789044,0.14787888553527867,0.3976278164749268,0.35692563285967355,0.3821832307823781,0.2642688216733085,0.44855870244072665,0.4067535477542079,0.40642594844716384,0.4025654879271984,0.41039936613427097,0.36724597367085293,0.832538499604938,11372.547503642365,3182.5212769966674,54906.123215816966,0.65,UB&PB,17145
0,0.0,0.0,0.0,0.0,0.0,0.0,0.0,0.0,0.0,0.0,0.0,0.0,0.0,0.0,0.0,0.0,0.0,0.0,0.0,0.0,0.0,0.0,0.0,0.0,0.0,0.0,0.0,0.0,0.0,0.0,0.0,0.0,0.0,0.0,0.0,0.7,UB&PB,17145
2500,1.0698531886765663,0.8793517396757137,0.7945714527029897,0.9435760985711092,0.029595901192022375,0.010412177151841643,0.057846090611386285,0.7723842474435108,0.6234005429908904,0.8808665891584311,0.6389680170575701,0.3610319829424299,0.28710042579404094,0.2857198785367282,0.16189763306251972,0.4144287876012787,0.04871528647454665,0.5226992778845655,0.29394604254326,0.2953697802315068,0.17200677501140774,0.41642828699797024,0.37644383147002214,0.3997417022787347,0.28621163245684506,0.46656383843321947,0.4190197528348464,0.41874425831853523,0.4150339234153357,0.4225798851767903,0.02102959139845903,0.5651336973757018,12520.560776390705,3440.5387861826616,61267.00408441334,0.7,UB&PB,17145
0,0.0,0.0,0.0,0.0,0.0,0.0,0.0,0.0,0.0,0.0,0.0,0.0,0.0,0.0,0.0,0.0,0.0,0.0,0.0,0.0,0.0,0.0,0.0,0.0,0.0,0.0,0.0,0.0,0.0,0.0,0.0,0.0,0.0,0.0,0.0,0.75,UB&PB,17145
2500,1.095630056001219,0.8676810850206338,0.7691541568519991,0.9348562397341531,0.027873721898995982,0.009607877883252907,0.05484852708845888,0.64348938408448,0.4658353675160499,0.7988981858220215,0.31586496090973704,0.6841350390902627,0.3246707913600649,0.339221376808203,0.22733741182859726,0.4199718125972588,0.091219671950173,0.5369310720204459,0.33205972791750493,0.34730200654886356,0.23744957711254858,0.4228445629846357,0.39925180563126006,0.4125855853108725,0.34078099292046476,0.46099161603783095,0.41767647874208946,0.4173507914028438,0.4136094876083362,0.4212470886373835,0.750189907577109,1.0299653214147517,10080.497243282249,2455.059194434934,53360.23423272366,0.75,UB&PB,17145
0,0.0,0.0,0.0,0.0,0.0,0.0,0.0,0.0,0.0,0.0,0.0,0.0,0.0,0.0,0.0,0.0,0.0,0.0,0.0,0.0,0.0,0.0,0.0,0.0,0.0,0.0,0.0,0.0,0.0,0.0,0.0,0.0,0.0,0.0,0.0,0.8,UB&PB,17145
2500,1.1171274507881244,0.8758732600198625,0.7775192485882302,0.9421433525435415,0.027958202321570154,0.009647816876416037,0.05492339052934532,0.7277502961194461,0.6199868362379946,0.8252354792885784,0.261023454157783,0.738976545842219,0.3397297975455342,0.3624196941467042,0.24289694144443108,0.42960711527629747,0.1080406819187564,0.5481442740668332,0.3463938428461524,0.3683985877955308,0.2518880020376103,0.4327884986818395,0.4090840264583789,0.42080449036944145,0.3521596911467152,0.4689433035876093,0.42517687119909225,0.4249166953402677,0.42123725525715167,0.4287129590346133,0.11255772200008546,0.45665344841358474,10178.377495887418,2451.401041732158,54469.30213578304,0.8,UB&PB,17145
0,0.0,0.0,0.0,0.0,0.0,0.0,0.0,0.0,0.0,0.0,0.0,0.0,0.0,0.0,0.0,0.0,0.0,0.0,0.0,0.0,0.0,0.0,0.0,0.0,0.0,0.0,0.0,0.0,0.0,0.0,0.0,0.0,0.0,0.0,0.0,0.85,UB&PB,17145
2500,1.1294913106890654,0.8729128867905991,0.7853824946672515,0.9374345826266006,0.026024874661713333,0.008811441954853118,0.05126392382826305,0.5949706378179839,0.4721622869038048,0.7268183359815826,0.18117839374555827,0.8188216062544432,0.3555412710041476,0.3807641661837657,0.27877575849351127,0.42305034747595777,0.13937995938448916,0.5485290323124187,0.361678116389316,0.3831671538912946,0.287912095599376,0.4269477870052292,0.40570420713714134,0.4135308400468291,0.3555895682279211,0.45713889160937565,0.41600500238347415,0.4157103333382288,0.411990342514441,0.41954012799148344,0.24021654436277642,0.6285272346963056,9539.899833506412,2198.281761865116,53260.93344613901,0.85,UB&PB,17145
0,0.0,0.0,0.0,0.0,0.0,0.0,0.0,0.0,0.0,0.0,0.0,0.0,0.0,0.0,0.0,0.0,0.0,0.0,0.0,0.0,0.0,0.0,0.0,0.0,0.0,0.0,0.0,0.0,0.0,0.0,0.0,0.0,0.0,0.0,0.0,0.9,UB&PB,17145
2500,1.140363836285165,0.8637918716739567,0.7750909472805244,0.9334769963081966,0.02815164265146617,0.009692100612813696,0.05516543582625628,0.7832138470554948,0.6524355012000365,0.8705356911065825,0.15326581378820212,0.8467341862117994,0.36101360501747887,0.38532207155369885,0.29453999152049687,0.4227604082259039,0.15062244796003152,0.542999698795609,0.3660061847363948,0.385120362846873,0.30295494565143893,0.42694868219084126,0.4048845616758936,0.4109667411820325,0.3565861218497022,0.4543571138710126,0.41296928668526117,0.4127018953169772,0.40895481277011264,0.4166028088507454,0.23711765094758666,0.6540983120308714,9235.79232253539,2160.072316350969,50705.365680958304,0.9,UB&PB,17145
0,0.0,0.0,0.0,0.0,0.0,0.0,0.0,0.0,0.0,0.0,0.0,0.0,0.0,0.0,0.0,0.0,0.0,0.0,0.0,0.0,0.0,0.0,0.0,0.0,0.0,0.0,0.0,0.0,0.0,0.0,0.0,0.0,0.0,0.0,0.0,0.95,UB&PB,17145
2500,1.1614207644210603,0.8820285300541617,0.7855497912605569,0.9455918378833272,0.028587823959272323,0.009955561357975913,0.05634515668710317,0.8533187590111818,0.7314514662517104,0.9295246790811913,0.13323667377398699,0.8667633262260126,0.38121855902993007,0.3986935479146118,0.3311229137756647,0.43093806867432943,0.18608080815478348,0.5497513114931398,0.38534793931343475,0.3974406639007899,0.33724741087278026,0.43529122737807885,0.4099618143205587,0.41483929779008394,0.36079413224718543,0.45924454817559984,0.4167764764284534,0.4164715204324653,0.4127428007470606,0.42036837761548224,0.2156915934601714,0.956952142518478,9563.204820998591,2191.356854606732,52733.76878096706,0.95,UB&PB,17145
0,0.0,0.0,0.0,0.0,0.0,0.0,0.0,0.0,0.0,0.0,0.0,0.0,0.0,0.0,0.0,0.0,0.0,0.0,0.0,0.0,0.0,0.0,0.0,0.0,0.0,0.0,0.0,0.0,0.0,0.0,0.0,0.0,0.0,0.0,0.0,0.05,UB&PB,55253
2500,0.9163816929880688,0.49326352105681587,0.2852033217847967,0.7469669835099874,0.802097721237742,0.6947294761957162,0.9053482558595081,0.8516354443086213,0.7763089463504657,0.915522094281759,0.9601321961620461,0.039867803837953034,0.0820251129563449,0.021826596057524936,0.00297427092482866,0.1083898405858777,0.0003262516333977829,0.36542514582539093,0.09057033424585978,0.029568452350163994,0.004600999746666792,0.12611076917127748,0.14034828823396334,0.09298290145391575,0.03750588786639641,0.20887937849686292,0.4215824190574248,0.4210873710605889,0.41259740547348067,0.42997607215585526,0.06152516236946745,0.3172772043899822,8105.5207891662285,4845.178865516031,13864.480817158317,0.05,UB&PB,55253
0,0.0,0.0,0.0,0.0,0.0,0.0,0.0,0.0,0.0,0.0,0.0,0.0,0.0,0.0,0.0,0.0,0.0,0.0,0.0,0.0,0.0,0.0,0.0,0.0,0.0,0.0,0.0,0.0,0.0,0.0,0.0,0.0,0.0,0.0,0.0,0.1,UB&PB,55253
2500,0.9334467638552961,0.30023210410098855,0.20159770214279843,0.437783185846767,0.5395520066505809,0.3850739293883202,0.6616416794449265,0.9088762812838547,0.8355712512808912,0.959085287142608,0.9559992892679455,0.04400071073205401,0.10660710922262197,0.056200666405998134,0.017961698475933294,0.1528340077939753,0.003308739752572778,0.3709635298146818,0.1324006792445993,0.08731426211245638,0.03106009879794681,0.19704077850181997,0.16408620629158566,0.13266799798233048,0.08374764121454628,0.2116771405296226,0.4219371120453657,0.4213385734741332,0.40616005981426756,0.4370559037072549,0.30248236807130524,1.5004035462589858,2286.502973718575,1559.7343155488634,3431.244742330945,0.1,UB&PB,55253
0,0.0,0.0,0.0,0.0,0.0,0.0,0.0,0.0,0.0,0.0,0.0,0.0,0.0,0.0,0.0,0.0,0.0,0.0,0.0,0.0,0.0,0.0,0.0,0.0,0.0,0.0,0.0,0.0,0.0,0.0,0.0,0.0,0.0,0.0,0.0,0.15,UB&PB,55253
2500,0.9446567528055227,0.5031776090376813,0.37714300412619867,0.6421559862056063,0.7492374762799856,0.6481417305348515,0.8480748169542638,0.8523858353620788,0.7673404963758121,0.9281335695311687,0.9649026297086013,0.035097370291400164,0.08172809524483937,0.03322195125726137,0.008459854249892604,0.11030293259049076,0.0012687440821003806,0.32514716695006435,0.0919857507319278,0.04384312361427301,0.01263747919933228,0.1289862244193795,0.13046690065068356,0.10198109543880139,0.05065310853112277,0.17572574519398432,0.4133583826370713,0.412859488578612,0.40465310708963675,0.4214332642605818,0.06612220891358195,0.7947542403741916,9316.248064057389,6132.908171170168,14541.786738298737,0.15,UB&PB,55253
0,0.0,0.0,0.0,0.0,0.0,0.0,0.0,0.0,0.0,0.0,0.0,0.0,0.0,0.0,0.0,0.0,0.0,0.0,0.0,0.0,0.0,0.0,0.0,0.0,0.0,0.0,0.0,0.0,0.0,0.0,0.0,0.0,0.0,0.0,0.0,0.2,UB&PB,55253
2500,0.9537452249675362,0.6000235906442121,0.41630098629084383,0.7598201592162565,0.796372618299852,0.6636470215328115,0.8956075468950868,0.7541160199882472,0.6450103938851963,0.855977461670089,0.9635707178393754,0.03642928216062544,0.08194235810946783,0.03541482415939294,0.008451454973987103,0.11627627811064291,0.0008514629457379813,0.3116197913093484,0.08985185645123024,0.044037896829265795,0.012007442641680143,0.13010729451115136,0.1290711980670504,0.10295560786842212,0.05184164780471926,0.17749114633894877,0.4128886002060348,0.4123807660697789,0.4048752751533607,0.42024963384104286,0.013454362139425774,1.2137195772732396,19240.91741705641,12558.797373842359,29966.7060847331,0.2,UB&PB,55253
0,0.0,0.0,0.0,0.0,0.0,0.0,0.0,0.0,0.0,0.0,0.0,0.0,0.0,0.0,0.0,0.0,0.0,0.0,0.0,0.0,0.0,0.0,0.0,0.0,0.0,0.0,0.0,0.0,0.0,0.0,0.0,0.0,0.0,0.0,0.0,0.25,UB&PB,55253
2500,0.9545318640426091,0.6597319615854732,0.5125912430743546,0.8127712851936533,0.20183576272971973,0.11071780710927247,0.3228522922885222,0.8435331696491338,0.7474912337276386,0.9309622394909008,0.9457860696517416,0.05421393034825857,0.14664085951001135,0.09223210941904571,0.030247491326383692,0.22869869728805478,0.005321049200829609,0.43959933431759196,0.15758318078492245,0.10879458686242487,0.038599696238737706,0.2455307165168383,0.24443255679811182,0.22671746799498277,0.12271035731139666,0.36330398824021903,0.4093579920709771,0.4089990935113138,0.4037449792534788,0.41440883425544406,0.04421043325660929,0.3125506018749486,13258.533520718418,5718.459356234943,32050.7131250228,0.25,UB&PB,55253
0,0.0,0.0,0.0,0.0,0.0,0.0,0.0,0.0,0.0,0.0,0.0,0.0,0.0,0.0,0.0,0.0,0.0,0.0,0.0,0.0,0.0,0.0,0.0,0.0,0.0,0.0,0.0,0.0,0.0,0.0,0.0,0.0,0.0,0.0,0.0,0.3,UB&PB,55253
2500,0.9690672097872168,0.6022885652765079,0.49941679544126644,0.7319893577797262,0.13966686205366788,0.08002443915976046,0.21361049632052004,0.854819024378264,0.7610309957095808,0.9237883265467917,0.9350511727078888,0.0649488272921108,0.17462624887637487,0.12985073571915673,0.050402643405117666,0.2735558653243162,0.01100941396178093,0.45716371580576404,0.19121852241802265,0.15361451147765606,0.06657207305704989,0.2953052818513744,0.2766155340907052,0.2687305401992858,0.15920424681414547,0.3955991303649132,0.4170339283021081,0.416714815190719,0.4107009207605921,0.4229480448350206,0.062117469403720205,0.37045533593288527,8480.045577305795,3742.4049601062607,21570.765579555755,0.3,UB&PB,55253
0,0.0,0.0,0.0,0.0,0.0,0.0,0.0,0.0,0.0,0.0,0.0,0.0,0.0,0.0,0.0,0.0,0.0,0.0,0.0,0.0,0.0,0.0,0.0,0.0,0.0,0.0,0.0,0.0,0.0,0.0,0.0,0.0,0.0,0.0,0.0,0.35,UB&PB,55253
2500,0.9709736780430304,0.7561948687796841,0.6131398539913179,0.8601180156228123,0.08083548115519877,0.039290627903162734,0.13935461841747934,0.7699821070175523,0.6749127451084644,0.8552010318092352,0.9268692253020615,0.07313077469793887,0.18277536696584643,0.14266846631320412,0.04668683167817957,0.2949268798934323,0.009792204538788289,0.46247363245575307,0.1932073074822596,0.15965021835337806,0.056151884618904226,0.3102039735538182,0.2962328088415015,0.30688699151869725,0.1689387546905027,0.4229173272996243,0.4140897924976138,0.41377719488079945,0.4092445272501684,0.4184568996367216,0.05943197762604932,0.319830693751324,9993.481640286882,3711.031373205347,32061.453906061877,0.35,UB&PB,55253
0,0.0,0.0,0.0,0.0,0.0,0.0,0.0,0.0,0.0,0.0,0.0,0.0,0.0,0.0,0.0,0.0,0.0,0.0,0.0,0.0,0.0,0.0,0.0,0.0,0.0,0.0,0.0,0.0,0.0,0.0,0.0,0.0,0.0,0.0,0.0,0.4,UB&PB,55253
2500,0.9867090389750844,0.6469358594149959,0.4899809246778865,0.7913351993553162,0.08574211629270818,0.04319307360312465,0.14192804701726022,0.7891438031450192,0.6812639698338661,0.8789935000326743,0.9199417199715701,0.08005828002842924,0.19776395262348215,0.1696357556573425,0.06861624920568471,0.3138294755276294,0.014637801048871326,0.4548777710756723,0.2144347864664555,0.1924893673098544,0.08685936120513145,0.33344990971939575,0.30055747195346366,0.3122420947314421,0.18994929119978735,0.41179761595161124,0.40652430861669375,0.40617868305671545,0.4005626825228018,0.41197710091057016,0.10431079216938127,0.34396110345995423,6622.4198158399795,2623.8226310611913,20688.393727361377,0.4,UB&PB,55253
0,0.0,0.0,0.0,0.0,0.0,0.0,0.0,0.0,0.0,0.0,0.0,0.0,0.0,0.0,0.0,0.0,0.0,0.0,0.0,0.0,0.0,0.0,0.0,0.0,0.0,0.0,0.0,0.0,0.0,0.0,0.0,0.0,0.0,0.0,0.0,0.45,UB&PB,55253
2500,1.0014519655444074,0.8263132645363334,0.7157347031164775,0.9107693735055464,0.046573087192644504,0.018761025120620233,0.08803786022498167,0.659683652327965,0.5606437499115751,0.7687751182982988,0.8659616204690824,0.13403837953091668,0.22651200100640426,0.2063557287673039,0.08174973515136215,0.3599672651414864,0.01821816227145623,0.4936344054525387,0.23543805015549912,0.21862895070003965,0.09263556793199722,0.3707925124570614,0.3423348925612867,0.37038217880149144,0.22412200941844845,0.4580369298818825,0.42682027656737836,0.4265725461642474,0.42264477018991853,0.43061964746570347,0.07900866023907313,0.47189159763185445,11560.144154631642,3778.9097152126787,45344.00873328319,0.45,UB&PB,55253
0,0.0,0.0,0.0,0.0,0.0,0.0,0.0,0.0,0.0,0.0,0.0,0.0,0.0,0.0,0.0,0.0,0.0,0.0,0.0,0.0,0.0,0.0,0.0,0.0,0.0,0.0,0.0,0.0,0.0,0.0,0.0,0.0,0.0,0.0,0.0,0.5,UB&PB,55253
2500,1.0119053767805324,0.8324192618112747,0.715026396287394,0.9138494432043699,0.04252106869778815,0.01705590869050029,0.07906941477481316,0.7665804668521251,0.6459027479057179,0.8614285923620951,0.8871151385927512,0.11288486140724961,0.2243665578932147,0.20319099679649724,0.08291742226912709,0.36139164776024996,0.020169580312619857,0.48253205386811465,0.23329449992203402,0.21461471450190106,0.09407176868372136,0.37007020303402294,0.3324880019411614,0.3591236068760956,0.21601639012962426,0.4449895472395178,0.41434811005066186,0.41394778228128715,0.40992038333000524,0.4181353472961584,0.026728923179994524,0.40876423765072356,10601.194835621734,3486.2790986998325,42495.26040335116,0.5,UB&PB,55253
0,0.0,0.0,0.0,0.0,0.0,0.0,0.0,0.0,0.0,0.0,0.0,0.0,0.0,0.0,0.0,0.0,0.0,0.0,0.0,0.0,0.0,0.0,0.0,0.0,0.0,0.0,0.0,0.0,0.0,0.0,0.0,0.0,0.0,0.0,0.0,0.55,UB&PB,55253
2500,1.0187158705037591,0.8311687986273336,0.7218145266266196,0.924476640707286,0.03793079459130579,0.014547619997751742,0.07215341232694085,0.7292962068860604,0.625500599950843,0.8256040820008315,0.8435536602700789,0.15644633972992153,0.23337040784462018,0.2154890989338242,0.09522220446840754,0.3741234711323404,0.02162491585837761,0.4841847007358451,0.2418227482912217,0.2253797112490175,0.1069345607697361,0.3802469089258113,0.33868756391501753,0.36682298130553354,0.2311459348837826,0.44416485662604904,0.40965871232588963,0.4093782986771007,0.40538310881175565,0.4135006451976994,0.11147870610905651,0.3833963660256176,10785.300988554623,3430.2645705464884,45497.89692739366,0.55,UB&PB,55253
0,0.0,0.0,0.0,0.0,0.0,0.0,0.0,0.0,0.0,0.0,0.0,0.0,0.0,0.0,0.0,0.0,0.0,0.0,0.0,0.0,0.0,0.0,0.0,0.0,0.0,0.0,0.0,0.0,0.0,0.0,0.0,0.0,0.0,0.0,0.0,0.6,UB&PB,55253
2500,1.0421628685721023,0.8826430837945709,0.8070504648956763,0.943021729578717,0.03094126017383514,0.011067133403381673,0.06064230727564689,0.6488617020312903,0.5379896800748508,0.7635697386082736,0.7018422174840068,0.2981577825159909,0.2684865775502823,0.2595886780799882,0.1361555356747649,0.4072486581002193,0.034247681124698656,0.515417218090847,0.27584879588841293,0.2676748977307448,0.14768185903053369,0.41084840471783446,0.3717999515811323,0.39850719099948545,0.27714242691313323,0.4676745857584762,0.42405690728686773,0.4237988751028599,0.4201824223290776,0.42757269944544,0.0461825381793902,0.3726874111109398,13984.091824491545,3902.4800357202153,67200.45673322279,0.6,UB&PB,55253
0,0.0,0.0,0.0,0.0,0.0,0.0,0.0,0.0,0.0,0.0,0.0,0.0,0.0,0.0,0.0,0.0,0.0,0.0,0.0,0.0,0.0,0.0,0.0,0.0,0.0,0.0,0.0,0.0,0.0,0.0,0.0,0.0,0.0,0.0,0.0,0.65,UB&PB,55253
2500,1.0627146395484255,0.8668055279416812,0.7739832428118596,0.9341324080733685,0.030829231349274025,0.011040816617144091,0.059851563047556774,0.7448276254325518,0.6133198430570997,0.8605257109693891,0.6627569296375264,0.3372430703624736,0.279942422697059,0.27183187870201364,0.15444142743080566,0.4132219391156104,0.04404900554304577,0.5220025998270149,0.2876199244282699,0.28185814260604325,0.1658567563016808,0.4156892384475803,0.3757134226949833,0.4003146509850554,0.2840726640233469,0.46754354579121,0.4224089445203727,0.4220733246198159,0.4184321278401185,0.42586938448835404,0.07836054176200244,0.40280981024095625,12079.58721250599,3404.511113946545,57691.09343916651,0.65,UB&PB,55253
0,0.0,0.0,0.0,0.0,0.0,0.0,0.0,0.0,0.0,0.0,0.0,0.0,0.0,0.0,0.0,0.0,0.0,0.0,0.0,0.0,0.0,0.0,0.0,0.0,0.0,0.0,0.0,0.0,0.0,0.0,0.0,0.0,0.0,0.0,0.0,0.7,UB&PB,55253
2500,1.072853767505531,0.8760033459526043,0.7878635320054872,0.9388039690389534,0.029032726443748554,0.010083230206284545,0.05758788128052301,0.6159212079941704,0.46628681481041906,0.7441040904867031,0.42595095948827333,0.5740490405117278,0.3056033627233503,0.30978465287122886,0.19690156572778844,0.4171111129520995,0.07262900153716109,0.5275344230739362,0.3129931487606032,0.31918601394036017,0.20683651727949165,0.419489895496339,0.39055813588448013,0.40816628290755047,0.3203478744075195,0.462870940717912,0.4179426716525698,0.4176633406962113,0.4139407825344796,0.42151753902359185,0.07816804658086421,0.5959154213503476,11115.24122848495,2851.7324813699943,57000.383084986584,0.7,UB&PB,55253
0,0.0,0.0,0.0,0.0,0.0,0.0,0.0,0.0,0.0,0.0,0.0,0.0,0.0,0.0,0.0,0.0,0.0,0.0,0.0,0.0,0.0,0.0,0.0,0.0,0.0,0.0,0.0,0.0,0.0,0.0,0.0,0.0,0.0,0.0,0.0,0.75,UB&PB,55253
2500,1.0884737657772523,0.8618910072162907,0.7760781750622788,0.9284179824643601,0.027631971433700917,0.009452836812291603,0.05441681117879926,0.6847299712514254,0.5670656670538824,0.7918914202013838,0.40906467661691565,0.5909353233830857,0.3123652893373406,0.3251996953502794,0.2087713155660187,0.41410858384134963,0.078784563105346,0.5276672832290175,0.3195076106313462,0.3340875714892247,0.2190296915214942,0.4165631992128373,0.3886045170259591,0.40488068261311766,0.3221669739048719,0.45756150570757775,0.41243270159627815,0.4121051459329596,0.40833320077107826,0.41600217682001,0.5315592075669793,0.9971612276053922,10280.51192793442,2631.430197732628,53237.54464236831,0.75,UB&PB,55253
0,0.0,0.0,0.0,0.0,0.0,0.0,0.0,0.0,0.0,0.0,0.0,0.0,0.0,0.0,0.0,0.0,0.0,0.0,0.0,0.0,0.0,0.0,0.0,0.0,0.0,0.0,0.0,0.0,0.0,0.0,0.0,0.0,0.0,0.0,0.0,0.8,UB&PB,55253
2500,1.1021478217213936,0.8862018932756496,0.8032737611029173,0.9463337043088887,0.03010221634248035,0.010500288796939223,0.05934188497399313,0.6763613530014021,0.5188225175186175,0.8032951320131763,0.25800710732054055,0.74199289267946,0.33220426747226506,0.3547694240281954,0.23534918253271547,0.42116750483831256,0.10192624791044527,0.5361093822259121,0.338287937895392,0.3606093346625368,0.24387338170647013,0.4238765778574395,0.40152376025712344,0.4123277550213934,0.34425982807459143,0.4623777699649568,0.4165532874824088,0.4163058672506696,0.4125712769217429,0.42020258797185395,0.577186564638769,1.0403080394226718,11029.583047658414,2610.0905094766963,58625.412592338726,0.8,UB&PB,55253
0,0.0,0.0,0.0,0.0,0.0,0.0,0.0,0.0,0.0,0.0,0.0,0.0,0.0,0.0,0.0,0.0,0.0,0.0,0.0,0.0,0.0,0.0,0.0,0.0,0.0,0.0,0.0,0.0,0.0,0.0,0.0,0.0,0.0,0.0,0.0,0.85,UB&PB,55253
2500,1.134885442402293,0.8960164889713271,0.8054807570683541,0.9542196343091174,0.027161658825168293,0.009131303542440414,0.05389057256090975,0.6372872979327502,0.5224036888477315,0.7496573264077414,0.1925884861407246,0.8074115138592747,0.3627532402465597,0.38877614149224904,0.28409086131545097,0.4329601573439832,0.1463011553105899,0.5522270763462029,0.36850259460228857,0.39090360258926304,0.29267782372444495,0.43674672422856936,0.41490244526720643,0.4225853564188646,0.36412705080666635,0.46688752430969255,0.4252191386758292,0.424950445565461,0.4212845279958868,0.42875944465474236,0.39603148145306905,0.9235126478243455,10711.505448617507,2395.3924790180217,60412.675467067405,0.85,UB&PB,55253
0,0.0,0.0,0.0,0.0,0.0,0.0,0.0,0.0,0.0,0.0,0.0,0.0,0.0,0.0,0.0,0.0,0.0,0.0,0.0,0.0,0.0,0.0,0.0,0.0,0.0,0.0,0.0,0.0,0.0,0.0,0.0,0.0,0.0,0.0,0.0,0.9,UB&PB,55253
2500,1.1434132118962446,0.8514487929611505,0.7590654666917189,0.9257951088006181,0.028167736718450607,0.0096258708221422,0.05561365068367067,0.7151832926179421,0.5386312821219165,0.8332244901255977,0.1892380952380951,0.8107619047619032,0.3626421766493547,0.38431045273178616,0.29847627454069003,0.42180527443211013,0.1570724290219272,0.5436829608308629,0.3680759868093009,0.3847412322449121,0.30724303327473723,0.4261922448369069,0.40242782322791015,0.40923287484697757,0.352077187715932,0.45359909484857397,0.41193802284999365,0.41163818526500257,0.40784458451973443,0.4155713124806295,0.624466491516762,1.0009941510146498,8625.250022564827,2085.4590229964338,46030.0077445216,0.9,UB&PB,55253
0,0.0,0.0,0.0,0.0,0.0,0.0,0.0,0.0,0.0,0.0,0.0,0.0,0.0,0.0,0.0,0.0,0.0,0.0,0.0,0.0,0.0,0.0,0.0,0.0,0.0,0.0,0.0,0.0,0.0,0.0,0.0,0.0,0.0,0.0,0.0,0.95,UB&PB,55253
2500,1.1608326048995106,0.8620968094799119,0.7530026271937618,0.9399713481972753,0.027609390943624,0.009449283120617238,0.0542271714194401,0.7413683955242183,0.5869788067845779,0.8566006862788398,0.15632977967306377,0.8436702203269352,0.38314280105094023,0.39877585513301933,0.3351559993395312,0.4310165744432323,0.1903445558226702,0.5515310523047586,0.3878591103495412,0.3978787816603248,0.3421157072442481,0.43575052778709306,0.4099907823493168,0.4150736013317225,0.361990282624764,0.4585010287998478,0.4168917619091022,0.4166118546469261,0.4127850670248225,0.420565652313319,0.6213492032730089,0.9895459655484263,8447.254525472425,2022.8438303547432,45800.7131143281,0.95,UB&PB,55253
0,0.0,0.0,0.0,0.0,0.0,0.0,0.0,0.0,0.0,0.0,0.0,0.0,0.0,0.0,0.0,0.0,0.0,0.0,0.0,0.0,0.0,0.0,0.0,0.0,0.0,0.0,0.0,0.0,0.0,0.0,0.0,0.0,0.0,0.0,0.0,0.05,UB&PB,72527
2500,0.9169538153005028,0.47501804037151857,0.3301228374919217,0.6544528750889532,0.7608775454243325,0.6442703481392834,0.864948937704428,0.8988496459224612,0.8291721319358568,0.9510132745034601,0.9570305614783234,0.042969438521677346,0.08656823460193178,0.026002693557122272,0.005326671637388813,0.11534735649682543,0.000507341791071596,0.3721326840926717,0.09624175871741664,0.03530628994744202,0.008005611441958589,0.13537356979740864,0.14934463780902094,0.10238263748029709,0.044889404445564524,0.22078006462349833,0.41963893445570105,0.4191736924440075,0.41106148269060605,0.42761760977567587,0.04495983541516215,0.3299297953929748,6949.363368736844,4157.567898902718,11860.373065110569,0.05,UB&PB,72527
0,0.0,0.0,0.0,0.0,0.0,0.0,0.0,0.0,0.0,0.0,0.0,0.0,0.0,0.0,0.0,0.0,0.0,0.0,0.0,0.0,0.0,0.0,0.0,0.0,0.0,0.0,0.0,0.0,0.0,0.0,0.0,0.0,0.0,0.0,0.0,0.1,UB&PB,72527
2500,0.9368397767515446,0.28691967035924915,0.18224310817111888,0.3980346290401902,0.4091625682944103,0.28418025818667336,0.5431009757201288,0.911533749674105,0.8484876037216699,0.9599875622996374,0.9561783937455584,0.04382160625444206,0.13149795801550954,0.08411808096111228,0.032473496196763825,0.1928980966673429,0.00630952606659551,0.402553866068534,0.16522962115954962,0.1268860576074301,0.05518529095950348,0.24579851159559246,0.1968912375540713,0.168037019577691,0.11376814057245187,0.2555665665436536,0.4297442807203303,0.4293769858271272,0.4121836655612358,0.44693487371585505,0.02552445675685251,0.4059007813749738,1866.8152808371135,1252.3667349726513,2854.371964361851,0.1,UB&PB,72527
0,0.0,0.0,0.0,0.0,0.0,0.0,0.0,0.0,0.0,0.0,0.0,0.0,0.0,0.0,0.0,0.0,0.0,0.0,0.0,0.0,0.0,0.0,0.0,0.0,0.0,0.0,0.0,0.0,0.0,0.0,0.0,0.0,0.0,0.0,0.0,0.15,UB&PB,72527
2500,0.9484712973528908,0.3475915729683729,0.21970550673659345,0.48859244474166236,0.6181821512687242,0.5002555977443017,0.7423037432270571,0.8700938735628392,0.7735248425436312,0.9393925011122117,0.960840796019899,0.039159203980099526,0.1001299790773187,0.0573571423819041,0.020091918484072546,0.1452161064633651,0.003313822026731452,0.330978951692391,0.12304947492080084,0.08471973216535389,0.03384963656840344,0.1816302780451009,0.14742201473421768,0.12226357063700825,0.07804405862603692,0.19032731495273011,0.4160200308930528,0.41539955593459976,0.4020593962691093,0.4292815599987575,0.044310549334935924,0.3380176709472875,2985.7484815946227,2148.049574045853,4259.378801152139,0.15,UB&PB,72527
0,0.0,0.0,0.0,0.0,0.0,0.0,0.0,0.0,0.0,0.0,0.0,0.0,0.0,0.0,0.0,0.0,0.0,0.0,0.0,0.0,0.0,0.0,0.0,0.0,0.0,0.0,0.0,0.0,0.0,0.0,0.0,0.0,0.0,0.0,0.0,0.2,UB&PB,72527
2500,0.9584588959922425,0.4064514419552778,0.2321508993731956,0.6025301148922068,0.2373478980738817,0.16383157854242528,0.33974233709990115,0.8635340000687539,0.7732432912099941,0.9316872856551645,0.9486744847192599,0.051325515280739274,0.16492882149869534,0.12300599059542248,0.05349422343476037,0.24821883684378912,0.013137441764999471,0.43864929269731384,0.19706033406487575,0.1669400486011651,0.08249506876148624,0.2916325674594172,0.2446580643551383,0.22371708931265008,0.14677422700965184,0.33299289313764247,0.4234687989458859,0.4229087428121044,0.4099891800467038,0.43631006688783835,0.10961934191171584,3.693861740711403,4023.252313746861,2254.838193660506,7878.55003602871,0.2,UB&PB,72527
0,0.0,0.0,0.0,0.0,0.0,0.0,0.0,0.0,0.0,0.0,0.0,0.0,0.0,0.0,0.0,0.0,0.0,0.0,0.0,0.0,0.0,0.0,0.0,0.0,0.0,0.0,0.0,0.0,0.0,0.0,0.0,0.0,0.0,0.0,0.0,0.25,UB&PB,72527
2500,0.9647465428594868,0.41691770869104067,0.2908948148179864,0.5792715782209021,0.25495289268764654,0.1798023834051567,0.35733047139385177,0.8636172495663528,0.7828326116287403,0.936255719607349,0.9554868514569993,0.04451314854299928,0.15618994726093643,0.11631549176178202,0.04768523946284791,0.23743892182455334,0.012159364295203992,0.41742086108185145,0.1842973759953839,0.15587891211595525,0.07223263618447859,0.27588514121690433,0.23514188347952808,0.2167622402579616,0.14200257887198348,0.3192157301985324,0.4122997466784637,0.4119274949001324,0.4024369457104482,0.4217496359745897,0.03752181074726354,0.9603887909538142,2546.945973663438,1614.705776916218,4342.540298344898,0.25,UB&PB,72527
0,0.0,0.0,0.0,0.0,0.0,0.0,0.0,0.0,0.0,0.0,0.0,0.0,0.0,0.0,0.0,0.0,0.0,0.0,0.0,0.0,0.0,0.0,0.0,0.0,0.0,0.0,0.0,0.0,0.0,0.0,0.0,0.0,0.0,0.0,0.0,0.3,UB&PB,72527
2500,0.9706188268335221,0.6070148744243349,0.476139760778235,0.7608779887730877,0.10394087122245772,0.055892136299085564,0.17101195654193943,0.8499022591185776,0.7505717415265041,0.9238706184433021,0.9355493958777544,0.06445060412224582,0.18483310105564338,0.145307422423573,0.058586150086616384,0.28764404473206706,0.01484803097772537,0.45875679456793955,0.20402772924600568,0.17247831102217334,0.07820210092725928,0.3122454281381385,0.28847431973903187,0.2887111678174787,0.17121632635084266,0.40725361591869497,0.41361058738483875,0.4132715200265588,0.4066763680852109,0.42010569902368733,0.07615684309765883,0.539838683937353,8689.944193467332,3380.0738047178115,25579.10661663399,0.3,UB&PB,72527
0,0.0,0.0,0.0,0.0,0.0,0.0,0.0,0.0,0.0,0.0,0.0,0.0,0.0,0.0,0.0,0.0,0.0,0.0,0.0,0.0,0.0,0.0,0.0,0.0,0.0,0.0,0.0,0.0,0.0,0.0,0.0,0.0,0.0,0.0,0.0,0.35,UB&PB,72527
2500,0.9798776508598428,0.7730173186220588,0.6174641241004051,0.8917920698554895,0.06579025389073266,0.029071347683624665,0.11664982846632718,0.7928868839480062,0.6837549544954268,0.8897152511748767,0.9113383084577107,0.08866169154228859,0.19784969282813109,0.16306955880042778,0.0547360518864643,0.31765536953523604,0.009829169203094245,0.48050239095494507,0.20867828099077457,0.17963643979077193,0.06572832289773321,0.33306625467854484,0.3166395660169311,0.3362808280509299,0.18755272932593323,0.4429056843160252,0.4268824615557039,0.42660004969515,0.42217868475684506,0.4311919194645052,0.6316334612699493,1.0236608672752572,10398.051760771943,3693.0831893358404,35353.27793498568,0.35,UB&PB,72527
0,0.0,0.0,0.0,0.0,0.0,0.0,0.0,0.0,0.0,0.0,0.0,0.0,0.0,0.0,0.0,0.0,0.0,0.0,0.0,0.0,0.0,0.0,0.0,0.0,0.0,0.0,0.0,0.0,0.0,0.0,0.0,0.0,0.0,0.0,0.0,0.4,UB&PB,72527
2500,0.9880099824416432,0.8075625088962105,0.7039001133444664,0.8930720642340834,0.06782851696028602,0.03050166965077475,0.1235122701427338,0.7836614720343315,0.694336227244272,0.8648867525210888,0.9131876332622603,0.08681236673773987,0.19858493113148795,0.16200344653095405,0.05654570220065969,0.3215333393046681,0.012325584251759407,0.48053456414200163,0.2071135892811657,0.17500951634780046,0.06484788122108308,0.3334302984464625,0.31324630472183956,0.3271258845677074,0.18453788418678452,0.441119852097739,0.42290731734892356,0.42259621889835214,0.4185292145445261,0.42684803827208584,0.14580400544439379,0.6967521136252552,15541.50345248459,5222.223294892016,54595.2043093898,0.4,UB&PB,72527
0,0.0,0.0,0.0,0.0,0.0,0.0,0.0,0.0,0.0,0.0,0.0,0.0,0.0,0.0,0.0,0.0,0.0,0.0,0.0,0.0,0.0,0.0,0.0,0.0,0.0,0.0,0.0,0.0,0.0,0.0,0.0,0.0,0.0,0.0,0.0,0.45,UB&PB,72527
2500,0.9999970293594429,0.844043318784297,0.7378514002931092,0.9180879178636537,0.04877394967817891,0.020626510453937326,0.08848773968504088,0.8063291193148885,0.720298110540151,0.889867296096537,0.8817896233120104,0.11821037668798857,0.20988341299069987,0.1803120057307974,0.06510198289401688,0.34399272801171055,0.014245203393782394,0.485628526014525,0.2176703407197192,0.19149714212436386,0.07318112684671597,0.35432118024838566,0.3263727588151548,0.35020593997818306,0.2010944283246382,0.4476848426028419,0.421255879285402,0.4209811297882576,0.4170846673263836,0.42499240229542745,0.1417896107605848,0.5840348240362288,13957.458642223852,4533.929843421908,54026.075029951055,0.45,UB&PB,72527
0,0.0,0.0,0.0,0.0,0.0,0.0,0.0,0.0,0.0,0.0,0.0,0.0,0.0,0.0,0.0,0.0,0.0,0.0,0.0,0.0,0.0,0.0,0.0,0.0,0.0,0.0,0.0,0.0,0.0,0.0,0.0,0.0,0.0,0.0,0.0,0.5,UB&PB,72527
2500,1.0090711258423517,0.78520450141106,0.6827014394572822,0.8734636806945493,0.03729399094899662,0.014752257364317246,0.06955049555894227,0.671612522172452,0.5264999522631969,0.7978374687714058,0.8596595593461258,0.14034044065387322,0.23454966800571125,0.22001331913535577,0.09871701691366569,0.36598903691240225,0.02330179524017244,0.4847263521090925,0.24554442953049072,0.23352887700146535,0.11455035193740004,0.37517114107843186,0.3402083482394864,0.36952621893226023,0.23444734074530585,0.4438492465902623,0.4106210643160026,0.4102802030560903,0.40612781681571797,0.41457379655776877,0.21962257365494925,0.6675121745492194,8637.707274827058,2864.0685362679587,35502.23048228652,0.5,UB&PB,72527
0,0.0,0.0,0.0,0.0,0.0,0.0,0.0,0.0,0.0,0.0,0.0,0.0,0.0,0.0,0.0,0.0,0.0,0.0,0.0,0.0,0.0,0.0,0.0,0.0,0.0,0.0,0.0,0.0,0.0,0.0,0.0,0.0,0.0,0.0,0.0,0.55,UB&PB,72527
2500,1.0251185937857108,0.8398014377388309,0.7441753062032241,0.9206965953333935,0.03483656794493089,0.012957220159914734,0.06812002247160313,0.6864085690518171,0.5726603548440194,0.8086920484780572,0.8173610518834417,0.18263894811656012,0.24792296040471065,0.2356391414214149,0.10982517369149652,0.3887213597204498,0.026854079528003234,0.49669470457872134,0.2568054850433774,0.24565016955490676,0.12306955230692379,0.3947926565999545,0.3546101169317264,0.38362291659788567,0.2527881463375838,0.45559134673712565,0.4206820855881863,0.42040091228322185,0.4164928781869419,0.4244181220212916,0.07722195654369556,0.3542664533160888,12069.44000145404,3692.7719933692674,52237.07344562638,0.55,UB&PB,72527
0,0.0,0.0,0.0,0.0,0.0,0.0,0.0,0.0,0.0,0.0,0.0,0.0,0.0,0.0,0.0,0.0,0.0,0.0,0.0,0.0,0.0,0.0,0.0,0.0,0.0,0.0,0.0,0.0,0.0,0.0,0.0,0.0,0.0,0.0,0.0,0.6,UB&PB,72527
2500,1.039652309511581,0.878694657188448,0.7855822789114365,0.942821066226467,0.03240699820531876,0.011792229084554831,0.06231585499915762,0.7259992336631071,0.5686072706970853,0.8583346198640456,0.7633695806680881,0.23663041933191195,0.259242852801751,0.24708563380174509,0.12222435521482118,0.4022985721365404,0.02977696845222667,0.5091042759637774,0.2665756306931303,0.2555161378491235,0.1332087235488998,0.4059699087774568,0.3625669545826721,0.3911899458056272,0.25918137603783736,0.4639780091312111,0.4212279926906231,0.42090936261196327,0.4172584800084645,0.42470778218542693,0.2672979796545805,0.7509442060754788,14334.033880381487,4094.685964152154,67129.43493333881,0.6,UB&PB,72527
0,0.0,0.0,0.0,0.0,0.0,0.0,0.0,0.0,0.0,0.0,0.0,0.0,0.0,0.0,0.0,0.0,0.0,0.0,0.0,0.0,0.0,0.0,0.0,0.0,0.0,0.0,0.0,0.0,0.0,0.0,0.0,0.0,0.0,0.0,0.0,0.65,UB&PB,72527
2500,1.058290319387688,0.877171356265578,0.7860093472691088,0.9422001413801498,0.02906395174327346,0.010116429117167718,0.05714452443419672,0.7014057252541176,0.5526353002557222,0.8256291675766576,0.6190142146410802,0.380985785358919,0.28183026576177694,0.2771539248562954,0.15754909157683442,0.4137348102548349,0.044873435394033684,0.5179276645593797,0.2896458990077053,0.28740002482233235,0.1688882108845138,0.41627382030296695,0.37818844734883905,0.4031413743761912,0.29345580715083475,0.46393529967094205,0.4208909838461167,0.4206183416345919,0.41685663566494185,0.42447077209897,0.6447435998596778,1.0076303846902317,11879.803279778105,3289.8041941150163,58306.87443530173,0.65,UB&PB,72527
0,0.0,0.0,0.0,0.0,0.0,0.0,0.0,0.0,0.0,0.0,0.0,0.0,0.0,0.0,0.0,0.0,0.0,0.0,0.0,0.0,0.0,0.0,0.0,0.0,0.0,0.0,0.0,0.0,0.0,0.0,0.0,0.0,0.0,0.0,0.0,0.7,UB&PB,72527
2500,1.075865215484878,0.8897111056097017,0.8065319938879959,0.9473808981482604,0.02886316145220475,0.01005831808818234,0.05655632141213214,0.6784161700605189,0.549701368063801,0.8022167213795354,0.4650575692963756,0.5349424307036251,0.2999007783651132,0.30134708580287767,0.18587002932045302,0.4166210100428815,0.06243928617682776,0.52997267259773,0.3067016875744042,0.3104063434463399,0.19522271716706566,0.41879753162692884,0.38760235281524513,0.4066972688747128,0.31164499695107367,0.4654507601773424,0.41879058787849827,0.41848111550582867,0.4148817817814487,0.4221798139721331,0.35067360713484647,0.9142107645052071,12776.889585213094,3226.367752138239,66623.63904610804,0.7,UB&PB,72527
0,0.0,0.0,0.0,0.0,0.0,0.0,0.0,0.0,0.0,0.0,0.0,0.0,0.0,0.0,0.0,0.0,0.0,0.0,0.0,0.0,0.0,0.0,0.0,0.0,0.0,0.0,0.0,0.0,0.0,0.0,0.0,0.0,0.0,0.0,0.0,0.75,UB&PB,72527
2500,1.102294753815882,0.8673913408789241,0.7609349886739737,0.9338015199145526,0.02841285169512855,0.009828614324184208,0.05523991100797086,0.4971634043679956,0.39226548098830827,0.63063942055455,0.24725515280739158,0.752744847192608,0.34149542048481546,0.3569977393927627,0.25633540049744513,0.42707115094249665,0.11509900212144915,0.540285111272085,0.3493698934032565,0.3654071346066304,0.266489608391679,0.43050773352359345,0.4096147091075755,0.4199338654804953,0.3596019234931865,0.46377450891966826,0.4235379376387766,0.4232614734150354,0.4194734011973358,0.4271541388053223,0.09023820517742442,0.44919804809584385,8824.74949484413,2179.519916251673,46746.88448865598,0.75,UB&PB,72527
0,0.0,0.0,0.0,0.0,0.0,0.0,0.0,0.0,0.0,0.0,0.0,0.0,0.0,0.0,0.0,0.0,0.0,0.0,0.0,0.0,0.0,0.0,0.0,0.0,0.0,0.0,0.0,0.0,0.0,0.0,0.0,0.0,0.0,0.0,0.0,0.8,UB&PB,72527
2500,1.1019743371070256,0.841767325689306,0.7507771586872443,0.9156328147725833,0.02731529939774974,0.009379575075684222,0.05400995211825067,0.7450234102232339,0.6008784085050309,0.8546337504672316,0.31737313432835845,0.682626865671642,0.3233864681045739,0.34599782696972986,0.22458802443837367,0.4136916283345063,0.0932378882531,0.5300700787288097,0.330620126060475,0.35285676750856887,0.2346856708950934,0.4168855339595241,0.3917217748380505,0.4043871724851325,0.33420631200781353,0.4521941973158931,0.4098157566976693,0.4095135732211483,0.40564561255317183,0.41351664602860694,0.2911525819841868,0.6593710720218473,8855.765916585076,2264.643273151153,46028.844613375375,0.8,UB&PB,72527
0,0.0,0.0,0.0,0.0,0.0,0.0,0.0,0.0,0.0,0.0,0.0,0.0,0.0,0.0,0.0,0.0,0.0,0.0,0.0,0.0,0.0,0.0,0.0,0.0,0.0,0.0,0.0,0.0,0.0,0.0,0.0,0.0,0.0,0.0,0.0,0.85,UB&PB,72527
2500,1.134349298637826,0.8629850790851836,0.7723516158173309,0.9325301787197726,0.028522245274080805,0.0099271052218128,0.05622215323701286,0.5843144482911733,0.45897848107869393,0.7164396877851436,0.18145557924662437,0.8185444207533756,0.3626807271733144,0.38592454575886076,0.2898452752528349,0.42836438420861217,0.154579236872801,0.5450312503509513,0.3687865497956404,0.38791689821316155,0.29870611089465565,0.432718891438394,0.4108991555563405,0.4177652603867421,0.36326727016746724,0.46085530156080573,0.41993056235354076,0.4196577281881519,0.41592355448712715,0.42352824100154135,0.11971801680493002,0.48152966218656884,9319.772161432475,2173.711248425322,50858.893370127334,0.85,UB&PB,72527
0,0.0,0.0,0.0,0.0,0.0,0.0,0.0,0.0,0.0,0.0,0.0,0.0,0.0,0.0,0.0,0.0,0.0,0.0,0.0,0.0,0.0,0.0,0.0,0.0,0.0,0.0,0.0,0.0,0.0,0.0,0.0,0.0,0.0,0.0,0.0,0.9,UB&PB,72527
2500,1.1449639893641446,0.8646530411704999,0.74867122766865,0.9369123216807409,0.028109169005139684,0.00969318110954127,0.05535895526262308,0.7036088588162316,0.5592562853452362,0.834529888560377,0.19207604832977984,0.8079239516702189,0.3675153702327426,0.3901900640133628,0.30438212185229013,0.42748644063108043,0.16090049816707058,0.5436280925224956,0.3728956008088159,0.3903277797059149,0.3129693439130482,0.43217216228828664,0.407456342290511,0.41401136875158023,0.35831777383898206,0.45791762562381705,0.4164037164275752,0.4161272398446275,0.4122848537430602,0.4201329241579507,0.5925502226295072,1.0551502521576102,8557.525910052094,2101.956075981596,45326.99881383116,0.9,UB&PB,72527
0,0.0,0.0,0.0,0.0,0.0,0.0,0.0,0.0,0.0,0.0,0.0,0.0,0.0,0.0,0.0,0.0,0.0,0.0,0.0,0.0,0.0,0.0,0.0,0.0,0.0,0.0,0.0,0.0,0.0,0.0,0.0,0.0,0.0,0.0,0.0,0.95,UB&PB,72527
2500,1.1672918794818392,0.8733738083158437,0.7800221034865529,0.9408633690236115,0.02900387354537697,0.010141619148688559,0.057289120150927804,0.7904031887404811,0.6546262359380939,0.8866680906241782,0.12527149964463383,0.874728500355365,0.3864546592553853,0.4029251856463024,0.3370885372023914,0.43527119136491327,0.19079345217555738,0.5586174236543809,0.3910298052877199,0.4019687452494456,0.3441153781297155,0.4397318676810697,0.4145850348412764,0.41954114605154347,0.36514278187049987,0.46405248137610183,0.4212976554082103,0.4209786300959271,0.41727625283266034,0.4248271517774784,0.26233233457372956,0.8786302073569244,9212.213788553754,2129.7245550949065,50793.290021813744,0.95,UB&PB,72527
0,0.0,0.0,0.0,0.0,0.0,0.0,0.0,0.0,0.0,0.0,0.0,0.0,0.0,0.0,0.0,0.0,0.0,0.0,0.0,0.0,0.0,0.0,0.0,0.0,0.0,0.0,0.0,0.0,0.0,0.0,0.0,0.0,0.0,0.0,0.0,0.05,UB&PB,75221
2500,0.9154722351174243,0.47436191723293003,0.31715719751050203,0.6321048456953069,0.8455702436456011,0.7275576151922987,0.9287631079893076,0.8734786856969113,0.78753228005677,0.9375393968587091,0.9597882018479043,0.04021179815209661,0.07847633339613583,0.02097708204739519,0.0034347503785967324,0.099827150232378,0.0002109186624301555,0.3518513993244878,0.08815990439490369,0.029718575368906992,0.005642374227299636,0.11976055079206471,0.1329213035377211,0.08786707166862348,0.0371344070574174,0.1903770817354109,0.4207101980394337,0.42027109215462766,0.41111941667575763,0.429779097968821,0.032651472544629516,0.36640443812731055,8348.4413432177,5048.261761115401,14218.317190580536,0.05,UB&PB,75221
0,0.0,0.0,0.0,0.0,0.0,0.0,0.0,0.0,0.0,0.0,0.0,0.0,0.0,0.0,0.0,0.0,0.0,0.0,0.0,0.0,0.0,0.0,0.0,0.0,0.0,0.0,0.0,0.0,0.0,0.0,0.0,0.0,0.0,0.0,0.0,0.1,UB&PB,75221
2500,0.9323329035610883,0.44873242369101196,0.2910689191914085,0.6490538930229574,0.7961040075622042,0.683434798395385,0.8794512913648336,0.9076909852313346,0.8330653207924674,0.9564899613550182,0.959917555081733,0.04008244491826583,0.08202935247742743,0.0285804931837098,0.006361463857430163,0.10747772129318986,0.0009011370125609863,0.3471072150851427,0.09259079794246192,0.039003885717015886,0.009414167301937471,0.1283656989479648,0.13298345066165976,0.09424879156208273,0.04515394798414184,0.18430253628992968,0.4159709336098869,0.41536341472850463,0.40599752843492243,0.4251285466857862,0.019577356782772063,0.45361601993825357,6207.968403404526,4003.3575774752912,9988.641528550635,0.1,UB&PB,75221
0,0.0,0.0,0.0,0.0,0.0,0.0,0.0,0.0,0.0,0.0,0.0,0.0,0.0,0.0,0.0,0.0,0.0,0.0,0.0,0.0,0.0,0.0,0.0,0.0,0.0,0.0,0.0,0.0,0.0,0.0,0.0,0.0,0.0,0.0,0.0,0.15,UB&PB,75221
2500,0.9408158983906079,0.4771564596783917,0.2682562324588697,0.7174343783747262,0.37812779167508503,0.27276363541343257,0.510570279470807,0.8852804449909072,0.8184041146808395,0.9439056830957289,0.9564889836531633,0.04351101634683724,0.11668629550447862,0.05974275929775191,0.017949333862023912,0.17512255562153167,0.0026627508144455277,0.4014982295211333,0.1356002430941974,0.08449044810760947,0.028854613941189818,0.20675156263636263,0.1909951302775931,0.15708662213592456,0.09094271216338222,0.27157022362161354,0.4214054004290308,0.4204739683014519,0.4077172618295591,0.4340283303274606,0.018656892321585728,0.6267244500124338,6817.278845093594,3700.2043625307742,13044.0865944899,0.15,UB&PB,75221
0,0.0,0.0,0.0,0.0,0.0,0.0,0.0,0.0,0.0,0.0,0.0,0.0,0.0,0.0,0.0,0.0,0.0,0.0,0.0,0.0,0.0,0.0,0.0,0.0,0.0,0.0,0.0,0.0,0.0,0.0,0.0,0.0,0.0,0.0,0.0,0.2,UB&PB,75221
2500,0.9569607667114429,0.48355705114135317,0.3268700305716964,0.6593568961335307,0.5568088328634168,0.43305345189708677,0.6586897522465829,0.8489197713375544,0.7679037686174606,0.9174457520727656,0.958093105899076,0.04190689410092395,0.118413350392069,0.07575002301415414,0.028249508864079065,0.1738722047987551,0.006244568876267398,0.3664635567505001,0.1376832658468923,0.1006338340465209,0.04327033277099429,0.20180284156068404,0.17981771179959977,0.15831128874887349,0.09472671308329152,0.24400943103866407,0.4162911910726073,0.4157584558225323,0.40655427091385044,0.42531853130924485,0.29193349560463766,1.0761955645355439,9131.619014546915,5801.376515554213,14724.941529348956,0.2,UB&PB,75221
0,0.0,0.0,0.0,0.0,0.0,0.0,0.0,0.0,0.0,0.0,0.0,0.0,0.0,0.0,0.0,0.0,0.0,0.0,0.0,0.0,0.0,0.0,0.0,0.0,0.0,0.0,0.0,0.0,0.0,0.0,0.0,0.0,0.0,0.0,0.0,0.25,UB&PB,75221
2500,0.9621303561673763,0.6348153405255177,0.5054967165322488,0.7730652569743912,0.13946729849478331,0.0799768036605885,0.21935133835468215,0.8657502486414611,0.7707445696506606,0.9380739214687893,0.9332587064676623,0.06674129353233828,0.1696702673303922,0.12047772101934212,0.04272618242156575,0.2668054948029354,0.008986562548072523,0.46119025651003714,0.18515215257429735,0.14389851115068286,0.05625970721700076,0.28839615306044547,0.2776661783687557,0.2711399044306331,0.15308675368798905,0.40368131967106957,0.42587713630962254,0.4255377641818517,0.41959280874356913,0.43176301781390974,0.003063943500160791,0.7869257358300487,8509.048637969496,3651.3393232641724,22299.205130728056,0.25,UB&PB,75221
0,0.0,0.0,0.0,0.0,0.0,0.0,0.0,0.0,0.0,0.0,0.0,0.0,0.0,0.0,0.0,0.0,0.0,0.0,0.0,0.0,0.0,0.0,0.0,0.0,0.0,0.0,0.0,0.0,0.0,0.0,0.0,0.0,0.0,0.0,0.0,0.3,UB&PB,75221
2500,0.9633563564696693,0.5912309216464278,0.46761334372338187,0.7097926270578478,0.375510153365311,0.2637249416664572,0.5265877784864047,0.7523066162859663,0.65391473510651,0.8572871985265266,0.9607867803837957,0.03921321961620467,0.12434546374535972,0.0763667056464263,0.024345312731621403,0.19167942359419426,0.0035427117391309696,0.38714589722537557,0.13653450072633203,0.09357652487719367,0.03325885245294521,0.21081726182906765,0.1976890570269288,0.173139704637517,0.10436465774078259,0.2776123085612443,0.40189929800635926,0.40144078847012027,0.39521433305860076,0.40796207240676224,0.09057263340747417,0.30462081986318484,8629.59402160551,4911.050555980618,15811.150979063452,0.3,UB&PB,75221
0,0.0,0.0,0.0,0.0,0.0,0.0,0.0,0.0,0.0,0.0,0.0,0.0,0.0,0.0,0.0,0.0,0.0,0.0,0.0,0.0,0.0,0.0,0.0,0.0,0.0,0.0,0.0,0.0,0.0,0.0,0.0,0.0,0.0,0.0,0.0,0.35,UB&PB,75221
2500,0.9776602649032399,0.6784885938984623,0.515927439840737,0.8079678936969149,0.14289089901947183,0.08168448232189394,0.2168011204452003,0.7731684469668257,0.665010433252389,0.8886946844560353,0.9380604122245919,0.06193958777540871,0.18037248640586614,0.14208682470605916,0.05376505095191195,0.2846430112317334,0.012085914882553034,0.4527252395972255,0.19588850419431605,0.16447645695367746,0.06982284657151598,0.30420408013977135,0.2787275100571736,0.27420227236798883,0.16524339140560226,0.3924479123588069,0.4128278505070622,0.4124414457475157,0.40621923138344507,0.4189284888870655,0.09405624584086224,0.34392929034411507,11236.921542910708,4532.277076735868,31970.120131084866,0.35,UB&PB,75221
0,0.0,0.0,0.0,0.0,0.0,0.0,0.0,0.0,0.0,0.0,0.0,0.0,0.0,0.0,0.0,0.0,0.0,0.0,0.0,0.0,0.0,0.0,0.0,0.0,0.0,0.0,0.0,0.0,0.0,0.0,0.0,0.0,0.0,0.0,0.0,0.4,UB&PB,75221
2500,0.9872909092078824,0.786182952506001,0.6596153967861899,0.8822719149129759,0.061884177186736666,0.02740833114836063,0.11133227640876499,0.8242885783393833,0.728331166283421,0.9060856168247723,0.9113489694385223,0.08865103056147842,0.1955544876018434,0.16139916271716193,0.05442324944076227,0.31642970286859445,0.01103461471322841,0.4744862603834491,0.2047526273166186,0.17534935246926414,0.06367363405330326,0.33000281746021815,0.31032569607906907,0.3287828387013377,0.18171849514969307,0.43592554592951693,0.4172493321594115,0.41695658313970346,0.4127692243868016,0.4213187312465145,0.49295393319069214,0.7477886802121994,10207.006957367397,3632.8555444623908,35153.30204266592,0.4,UB&PB,75221
0,0.0,0.0,0.0,0.0,0.0,0.0,0.0,0.0,0.0,0.0,0.0,0.0,0.0,0.0,0.0,0.0,0.0,0.0,0.0,0.0,0.0,0.0,0.0,0.0,0.0,0.0,0.0,0.0,0.0,0.0,0.0,0.0,0.0,0.0,0.0,0.45,UB&PB,75221
2500,0.992539525275055,0.8241749995978838,0.7102268214038936,0.8997196693206124,0.05583716414828589,0.02373204375712671,0.10172393898797763,0.7437432257040607,0.6093464229980036,0.864189101690825,0.9087228144989332,0.09127718550106616,0.20629550604296368,0.17713116634778897,0.06322336145381169,0.337794456483188,0.013593433744780312,0.4739293939917148,0.2144957944294181,0.18956085051683413,0.07148906942012684,0.3480865481287476,0.31928989558469123,0.34058676452423814,0.19793552439410492,0.4385449541619683,0.41625064741461226,0.41597137432862824,0.41190559733916554,0.42016571420953663,0.43933854077003237,0.9765592561249375,12311.03400428412,4214.1360477488115,45107.02503773157,0.45,UB&PB,75221
0,0.0,0.0,0.0,0.0,0.0,0.0,0.0,0.0,0.0,0.0,0.0,0.0,0.0,0.0,0.0,0.0,0.0,0.0,0.0,0.0,0.0,0.0,0.0,0.0,0.0,0.0,0.0,0.0,0.0,0.0,0.0,0.0,0.0,0.0,0.0,0.5,UB&PB,75221
2500,1.001638361088568,0.8479488855138579,0.7509448879744547,0.9174348616150395,0.04900666745321979,0.019978129050690085,0.0906141218571266,0.8579497406305049,0.7581206862085829,0.9312253852120698,0.8785067519545139,0.12149324804548689,0.20459856130925058,0.1729535899053817,0.06042871152478088,0.3445003921159908,0.012328879360998659,0.47414382059595744,0.21141382063258796,0.18166317057384215,0.06780737235689402,0.35205970635778466,0.3157555022906166,0.33799707774076,0.19293834964492862,0.4353183001809849,0.40781390201192397,0.40758902562087623,0.4037157237221727,0.41158057483925303,0.12753549975919842,0.4168051790746493,15272.811913175305,4873.965763048786,59894.52177348087,0.5,UB&PB,75221
0,0.0,0.0,0.0,0.0,0.0,0.0,0.0,0.0,0.0,0.0,0.0,0.0,0.0,0.0,0.0,0.0,0.0,0.0,0.0,0.0,0.0,0.0,0.0,0.0,0.0,0.0,0.0,0.0,0.0,0.0,0.0,0.0,0.0,0.0,0.0,0.55,UB&PB,75221
2500,1.0158918137251556,0.8762183901242812,0.7777977122172293,0.9470636546168754,0.0372071679439748,0.01429316294363077,0.07138401606670221,0.7533012319741389,0.6067583932698027,0.8553409608673006,0.8484513148542985,0.15154868514569997,0.2302311673328732,0.21015553573383672,0.08668815566515964,0.37211074079490714,0.019397593088434643,0.490022416869786,0.2370753242905441,0.21840801369028714,0.0960581846679117,0.37721963296259625,0.3362099826901473,0.36327538303727286,0.21894605923072086,0.44941249488512985,0.40911751627245363,0.40877990063407843,0.40500242703864237,0.4126519509749749,0.032712476435422994,0.5104536273811449,14788.665144438159,4446.235635745872,64764.11779558026,0.55,UB&PB,75221
0,0.0,0.0,0.0,0.0,0.0,0.0,0.0,0.0,0.0,0.0,0.0,0.0,0.0,0.0,0.0,0.0,0.0,0.0,0.0,0.0,0.0,0.0,0.0,0.0,0.0,0.0,0.0,0.0,0.0,0.0,0.0,0.0,0.0,0.0,0.0,0.6,UB&PB,75221
2500,1.0361949518087339,0.8657560554962569,0.7787136477386631,0.9329496557233594,0.034166154678505284,0.012749817680704075,0.06571128474195949,0.8260071277480615,0.7033485351051791,0.9099443239483693,0.8204335465529488,0.17956645344705047,0.24732475688440392,0.2288460023199636,0.10363413687652703,0.398318553817768,0.02302345574078469,0.502770373467371,0.25485648978015635,0.2379107184734524,0.11475174873157144,0.40228226233848857,0.35372928193611375,0.38373065290671654,0.24487613632786737,0.45970086071790583,0.42164183073531164,0.42137509304757936,0.41760373241896426,0.42528648297584043,0.5691285460139168,0.8924771096301917,13127.518961715881,3918.021071300152,58611.95889777823,0.6,UB&PB,75221
0,0.0,0.0,0.0,0.0,0.0,0.0,0.0,0.0,0.0,0.0,0.0,0.0,0.0,0.0,0.0,0.0,0.0,0.0,0.0,0.0,0.0,0.0,0.0,0.0,0.0,0.0,0.0,0.0,0.0,0.0,0.0,0.0,0.0,0.0,0.0,0.65,UB&PB,75221
2500,1.0543999895827447,0.8766941135437476,0.7988262167452831,0.9381551774296426,0.030538257675804637,0.010799314698867059,0.0601613069826994,0.6453992942264687,0.4820210215464847,0.78310686390441,0.6249474058280027,0.3750525941719975,0.2809633502589939,0.2783248757577512,0.15984870809468302,0.4081232760120613,0.04481212781737111,0.5149497938870619,0.28824741395813847,0.28708511940963677,0.17104225979753154,0.41063276172781316,0.3742294043749864,0.39727338015851943,0.28842129531611715,0.4609940061988831,0.41605902344797707,0.415730949097429,0.4120360135677448,0.4196207251253644,0.4370826769268824,0.9230258610796163,12385.822236245927,3376.0906269973584,61562.86965004752,0.65,UB&PB,75221
0,0.0,0.0,0.0,0.0,0.0,0.0,0.0,0.0,0.0,0.0,0.0,0.0,0.0,0.0,0.0,0.0,0.0,0.0,0.0,0.0,0.0,0.0,0.0,0.0,0.0,0.0,0.0,0.0,0.0,0.0,0.0,0.0,0.0,0.0,0.0,0.7,UB&PB,75221
2500,1.0654630251672672,0.8925790381290044,0.8013959668801043,0.9508958720971441,0.028507724180183658,0.00989304607668757,0.05595509169333295,0.6843284956989727,0.5305837356907477,0.838319245175464,0.6373972992181951,0.362602700781805,0.2855642697960492,0.2858619256482536,0.1657121867151784,0.4071483171818857,0.0524083903938562,0.5138361094245444,0.29231569756645964,0.29450253957734046,0.17604618840458733,0.4090616144003966,0.37156946098799054,0.39477653383016964,0.2849312131077954,0.4583681688610634,0.41055612410367087,0.4102569900353241,0.4065095696310721,0.41415230317956964,0.6154277266595061,0.9130736637014703,12410.675043343732,3354.1034353066075,62758.1118901487,0.7,UB&PB,75221
0,0.0,0.0,0.0,0.0,0.0,0.0,0.0,0.0,0.0,0.0,0.0,0.0,0.0,0.0,0.0,0.0,0.0,0.0,0.0,0.0,0.0,0.0,0.0,0.0,0.0,0.0,0.0,0.0,0.0,0.0,0.0,0.0,0.0,0.0,0.0,0.75,UB&PB,75221
2500,1.0974233075088167,0.8572924960464707,0.7667677400389723,0.9314774243355707,0.027987816857616164,0.009610833497521629,0.05525436395870218,0.6238089625719845,0.49079374542739684,0.7287998911024066,0.2626666666666667,0.7373333333333344,0.3306998562248944,0.3462040490698432,0.23606059045507624,0.4242962824682958,0.0964848663207773,0.5405580013891474,0.3383533733914355,0.35556266680192616,0.2456435026361351,0.427236850576145,0.40568264384988817,0.4176130684391791,0.3519176522975473,0.46387423634492203,0.421494554953506,0.42121327717820056,0.4174652730981846,0.42509152966449615,0.6693567067003436,1.0360579428434966,9419.11147935917,2301.080579425809,49916.41340786898,0.75,UB&PB,75221
0,0.0,0.0,0.0,0.0,0.0,0.0,0.0,0.0,0.0,0.0,0.0,0.0,0.0,0.0,0.0,0.0,0.0,0.0,0.0,0.0,0.0,0.0,0.0,0.0,0.0,0.0,0.0,0.0,0.0,0.0,0.0,0.0,0.0,0.0,0.0,0.8,UB&PB,75221
2500,1.1140988690467728,0.8671884417996857,0.7815423977042757,0.9386065078504549,0.027835626787357473,0.009542686690829834,0.05466085090088807,0.5823484245056177,0.4303293716902205,0.7708391128369401,0.27564747690120844,0.7243525230987926,0.34397289515558116,0.3669997782289634,0.25630147595060226,0.42520414796547473,0.12077657075527928,0.5383346471706346,0.3505861506109131,0.372369900568642,0.26571364874983694,0.428575947709061,0.4052309565825082,0.41553358648516936,0.351855076333322,0.46163159079445665,0.41922256971602984,0.418918472637627,0.4151543930191864,0.4227569132790253,0.01672021920157945,0.6338661344272157,9554.619196139469,2344.5217993623696,50925.42711308754,0.8,UB&PB,75221
0,0.0,0.0,0.0,0.0,0.0,0.0,0.0,0.0,0.0,0.0,0.0,0.0,0.0,0.0,0.0,0.0,0.0,0.0,0.0,0.0,0.0,0.0,0.0,0.0,0.0,0.0,0.0,0.0,0.0,0.0,0.0,0.0,0.0,0.0,0.0,0.85,UB&PB,75221
2500,1.125058694937263,0.8674515790613871,0.7662525207894603,0.9372382099475252,0.02803121852283581,0.009709277897438175,0.05500316671958335,0.7314470169716452,0.6106979453713306,0.8312977445777313,0.24718763326226073,0.7528123667377394,0.34625288342236943,0.3734036498110761,0.26048090996473333,0.4215122505382183,0.12596492753484181,0.5399202301141725,0.3523013221759769,0.3761016223718762,0.26982705004978436,0.4251136606113882,0.40175337041024045,0.41081994878033024,0.34718753256384666,0.4582563493398118,0.4140905377147214,0.4137883100189247,0.4099990368878807,0.41773253691530593,0.4822053768142814,0.904211553618006,9357.014748105219,2280.0332426272635,49676.4139931231,0.85,UB&PB,75221
0,0.0,0.0,0.0,0.0,0.0,0.0,0.0,0.0,0.0,0.0,0.0,0.0,0.0,0.0,0.0,0.0,0.0,0.0,0.0,0.0,0.0,0.0,0.0,0.0,0.0,0.0,0.0,0.0,0.0,0.0,0.0,0.0,0.0,0.0,0.0,0.9,UB&PB,75221
2500,1.1386142775709052,0.9001825163901471,0.826686065809688,0.9528352311957927,0.027670421494441884,0.00939292559647308,0.05490713495657176,0.7850133683369449,0.6556536993205,0.8752720273541773,0.15808742004264378,0.8419125799573552,0.3603569126078392,0.38473502051371866,0.2913540342211452,0.4235473629147431,0.14838880764876977,0.5461692759676632,0.3647830646093223,0.38440861669112797,0.29920467109373305,0.4271462101350916,0.40574324588083494,0.4118040009468163,0.3535661227147841,0.458966410153908,0.413760352229272,0.413499740638046,0.40982827125717425,0.41730043752424795,0.11539146667740195,0.42133182004131764,11861.790591070967,2544.4048639791417,67747.55574488401,0.9,UB&PB,75221
0,0.0,0.0,0.0,0.0,0.0,0.0,0.0,0.0,0.0,0.0,0.0,0.0,0.0,0.0,0.0,0.0,0.0,0.0,0.0,0.0,0.0,0.0,0.0,0.0,0.0,0.0,0.0,0.0,0.0,0.0,0.0,0.0,0.0,0.0,0.0,0.95,UB&PB,75221
2500,1.159052611699482,0.875432151999747,0.790360673222472,0.9375780128330695,0.02931667634066313,0.010228264109204816,0.05725091520751446,0.5913724457706542,0.4870702016357864,0.6914038604422478,0.15432338308457696,0.845676616915422,0.38388596863651536,0.3984091668619519,0.33351650618195144,0.43080823491576026,0.19800235802928862,0.5526998681873171,0.38817127513408417,0.3977126898180203,0.33993508359922675,0.43465509706592714,0.409904960588148,0.41452356999606854,0.3585592688454367,0.46086443616349493,0.41615714061846926,0.4158872813124722,0.41215070493990635,0.41972290308840604,0.09662947639309387,0.5113191771866544,9301.940936094828,2177.375587723789,50648.98527792927,0.95,UB&PB,75221
0,0.0,0.0,0.0,0.0,0.0,0.0,0.0,0.0,0.0,0.0,0.0,0.0,0.0,0.0,0.0,0.0,0.0,0.0,0.0,0.0,0.0,0.0,0.0,0.0,0.0,0.0,0.0,0.0,0.0,0.0,0.0,0.0,0.0,0.0,0.0,0.05,UB&PB,567
2500,0.9112607099269595,0.40123787998010546,0.27764888527688253,0.5586178643937646,0.7982148618327822,0.6954387486895608,0.8928200289816932,0.8925769717721327,0.8164467130723473,0.950343885084295,0.9617135749822315,0.038286425017768355,0.07752666986248564,0.019829718919191608,0.003561254542472789,0.09594982761322983,0.0001945658259434076,0.35403180245437127,0.08844233689236486,0.029437801385163005,0.005866482344101903,0.11902920098288639,0.13196683962451214,0.08784753702205837,0.038269389597521554,0.18416255302452925,0.4125825076127933,0.4120963642313066,0.40115523589941726,0.4234567376495425,0.058950421665241025,0.3740054889280202,5005.271910421232,3158.2854707246265,8181.949070753979,0.05,UB&PB,567
0,0.0,0.0,0.0,0.0,0.0,0.0,0.0,0.0,0.0,0.0,0.0,0.0,0.0,0.0,0.0,0.0,0.0,0.0,0.0,0.0,0.0,0.0,0.0,0.0,0.0,0.0,0.0,0.0,0.0,0.0,0.0,0.0,0.0,0.0,0.0,0.1,UB&PB,567
2500,0.9268344818923524,0.4316672393575565,0.25223118294091235,0.5537514734748454,0.4818767783020705,0.36329879480034083,0.6193739862801082,0.8845298207973944,0.8114702610570395,0.9442576887643003,0.9561556503198293,0.04384434968017055,0.10410400343770702,0.051431152626064305,0.015082534727085265,0.1489587546173823,0.002733035271653047,0.3741291514042922,0.1252263643913447,0.07766602092745473,0.025876986286773554,0.18619980244905582,0.1691569607746396,0.1353056181097576,0.0788838512781231,0.23140126374559497,0.41090909687218874,0.41005336330277453,0.3979889159682461,0.4228189494256311,0.13234682419850277,0.7532735416234319,3078.217495649254,1992.403128077606,4931.425284541852,0.1,UB&PB,567
0,0.0,0.0,0.0,0.0,0.0,0.0,0.0,0.0,0.0,0.0,0.0,0.0,0.0,0.0,0.0,0.0,0.0,0.0,0.0,0.0,0.0,0.0,0.0,0.0,0.0,0.0,0.0,0.0,0.0,0.0,0.0,0.0,0.0,0.0,0.0,0.15,UB&PB,567
2500,0.9467808230749278,0.45160704162395787,0.3257349502363308,0.5747373732110149,0.7085282397481282,0.5634355017728971,0.829375190698332,0.8626589953483457,0.7693801320194756,0.9373110181321048,0.9624250177683026,0.03757498223169861,0.09150680236946049,0.041817337753810184,0.010486684409387215,0.13208726650144925,0.001265989918435169,0.3396701309765792,0.10626547910638583,0.05859328277280207,0.016427999705993023,0.15855991223151147,0.14260090239200593,0.11237647700873164,0.06194488199890359,0.19495672838983188,0.4200645062160691,0.4197142927801279,0.4107529434464768,0.42898894160631235,0.4456007832795952,1.173843206831825,5319.314534437799,3553.911187585188,8143.196539478997,0.15,UB&PB,567
0,0.0,0.0,0.0,0.0,0.0,0.0,0.0,0.0,0.0,0.0,0.0,0.0,0.0,0.0,0.0,0.0,0.0,0.0,0.0,0.0,0.0,0.0,0.0,0.0,0.0,0.0,0.0,0.0,0.0,0.0,0.0,0.0,0.0,0.0,0.0,0.2,UB&PB,567
2500,0.9489684946600481,0.5957183348946321,0.3676008963427199,0.7760845637853739,0.4141312171496556,0.3024416036205215,0.550408179749531,0.860537852620413,0.7509106916610478,0.932829039784036,0.9559516702203279,0.04404832977967312,0.11106099528834282,0.05429711619158073,0.01500508081470269,0.16924775385704124,0.001973013366711814,0.3876963527132668,0.12234997166748256,0.06890249738931464,0.020898013789638105,0.18916864878524783,0.18479727587016256,0.15337145159575943,0.0833256997454294,0.26982607691598337,0.4082291860371349,0.40763336761136154,0.4001874669182661,0.41545172658825774,0.04441080489020208,0.5067767425991094,7297.972392419245,4031.671580354562,13870.70760706605,0.2,UB&PB,567
0,0.0,0.0,0.0,0.0,0.0,0.0,0.0,0.0,0.0,0.0,0.0,0.0,0.0,0.0,0.0,0.0,0.0,0.0,0.0,0.0,0.0,0.0,0.0,0.0,0.0,0.0,0.0,0.0,0.0,0.0,0.0,0.0,0.0,0.0,0.0,0.25,UB&PB,567
2500,0.96250957387363,0.5219160666549055,0.38110442278469137,0.6770442050709957,0.12577452145224058,0.07003201187964511,0.1956431805617448,0.8384826149322945,0.7286941495650044,0.9223178167414402,0.9341727078891264,0.06582729211087411,0.18263186101289292,0.14544635398183225,0.05661217756294498,0.28306935174178527,0.011992445854212434,0.4567046182699193,0.2059243718525917,0.1798503167542103,0.07897317208224708,0.31509047944358176,0.28572341141534435,0.2869217035100965,0.16915529065293763,0.4014938890698563,0.4207883615568793,0.4203803883788687,0.4127172362068619,0.4283533790873169,0.2854330861605166,0.8967691506393131,3226.332013504684,1605.6658141131145,7612.322991194114,0.25,UB&PB,567
0,0.0,0.0,0.0,0.0,0.0,0.0,0.0,0.0,0.0,0.0,0.0,0.0,0.0,0.0,0.0,0.0,0.0,0.0,0.0,0.0,0.0,0.0,0.0,0.0,0.0,0.0,0.0,0.0,0.0,0.0,0.0,0.0,0.0,0.0,0.0,0.3,UB&PB,567
2500,0.9645485242276424,0.7272846036259984,0.5258047824362798,0.8766373472931398,0.12858053975768333,0.06564519068670746,0.22398397751193613,0.8435651837059321,0.7457655311549902,0.9198308843671199,0.9423937455579257,0.057606254442075275,0.16532291145967043,0.11667363955376049,0.03403141804269085,0.2661290243875009,0.006819466756923229,0.4552644162080242,0.1763693262550123,0.1345468362648293,0.042375357216405105,0.28311499457434447,0.27252094830412044,0.2691001689399136,0.14408387033109463,0.4001345970088666,0.41403052802582857,0.4137279291324723,0.40864589520392613,0.41896104962394864,0.017451051233227932,0.6874128087763813,11014.620202136017,4270.5046326123975,32621.7243506757,0.3,UB&PB,567
0,0.0,0.0,0.0,0.0,0.0,0.0,0.0,0.0,0.0,0.0,0.0,0.0,0.0,0.0,0.0,0.0,0.0,0.0,0.0,0.0,0.0,0.0,0.0,0.0,0.0,0.0,0.0,0.0,0.0,0.0,0.0,0.0,0.0,0.0,0.0,0.35,UB&PB,567
2500,0.9750594166187978,0.7121489156413775,0.5860818005754886,0.8232039866239529,0.0958090857981468,0.04583634898391995,0.17072240921289236,0.8326269803874085,0.7120512694993195,0.9256354966900509,0.929680881307747,0.07031911869225295,0.18309359016501045,0.14004047752072948,0.047503593619547396,0.2965495485393543,0.008101269057052957,0.46941456895924016,0.19466577268151103,0.15749383839720582,0.05773958195930018,0.3139569916355162,0.29598322737393934,0.3022975951391381,0.17102537188460962,0.4231596626036996,0.42237535641633794,0.4220580611048987,0.41732565333928723,0.42700431278833756,0.008974199169906466,0.4162277923882553,9261.488297494261,3588.3440420712495,27315.736331596876,0.35,UB&PB,567
0,0.0,0.0,0.0,0.0,0.0,0.0,0.0,0.0,0.0,0.0,0.0,0.0,0.0,0.0,0.0,0.0,0.0,0.0,0.0,0.0,0.0,0.0,0.0,0.0,0.0,0.0,0.0,0.0,0.0,0.0,0.0,0.0,0.0,0.0,0.0,0.4,UB&PB,567
2500,0.9923258165289042,0.8157946178704452,0.6776622694058473,0.8993619095853826,0.06061310806743754,0.02663033116758081,0.1098616015671748,0.7568510485459249,0.6244308139728991,0.8576023370403763,0.9038052594171991,0.09619474058280035,0.20892834678686006,0.1785464904940053,0.06397844408448572,0.337234925461134,0.013342823562659846,0.48641595532031284,0.21822299077657967,0.19246830165888798,0.0735492349790301,0.3498065799717075,0.32608303306722963,0.3462749757356421,0.19981029133760217,0.45010479719554075,0.42894331683980463,0.4286681666958544,0.42446859485921096,0.43300802702514724,0.08681820725150631,0.31216601145334344,12229.428653255012,4146.504749375115,44602.02776169863,0.4,UB&PB,567
0,0.0,0.0,0.0,0.0,0.0,0.0,0.0,0.0,0.0,0.0,0.0,0.0,0.0,0.0,0.0,0.0,0.0,0.0,0.0,0.0,0.0,0.0,0.0,0.0,0.0,0.0,0.0,0.0,0.0,0.0,0.0,0.0,0.0,0.0,0.0,0.45,UB&PB,567
2500,0.9929502201725827,0.8413598232467956,0.7454116703745384,0.9176345257577978,0.05532836308754165,0.02357272343527257,0.10326995000182529,0.8086552713638815,0.6970221267281936,0.9001221389576519,0.9149019189765464,0.08509808102345416,0.1988656217086514,0.16398760190923448,0.05599661161131184,0.32811584761401646,0.011859834634270122,0.47475285779929427,0.206004503452383,0.1746272254322866,0.06368273662690128,0.3377889821521474,0.3119516000108747,0.32916680027349443,0.18430751530114095,0.4378021124485059,0.41237041862500806,0.4120651588151474,0.40812916935780424,0.4161542669668194,0.4656149951012178,0.7704641575921272,15601.063254330427,5144.4014552718045,57595.105782040744,0.45,UB&PB,567
0,0.0,0.0,0.0,0.0,0.0,0.0,0.0,0.0,0.0,0.0,0.0,0.0,0.0,0.0,0.0,0.0,0.0,0.0,0.0,0.0,0.0,0.0,0.0,0.0,0.0,0.0,0.0,0.0,0.0,0.0,0.0,0.0,0.0,0.0,0.0,0.5,UB&PB,567
2500,1.009622828977191,0.7984906332420686,0.6872930266200525,0.8835347738666905,0.04963828865649367,0.020624996646079558,0.09415387643278254,0.7923205915828445,0.6734628895389974,0.9058460115239404,0.8794221748400853,0.12057782515991487,0.21955216671970587,0.19614844505271478,0.077243478752651,0.3582645696224823,0.015123906621135762,0.48033476600032415,0.22894804799294785,0.20847480796486484,0.08917052310042481,0.36732671212329115,0.32808814566886063,0.351987434019179,0.21391294207525677,0.44122020258392636,0.4152043781793391,0.4148689179168372,0.41075680124481034,0.4191404121753014,0.12416861829504791,0.4792176866076313,10432.40571594156,3516.050040400736,39109.83310070601,0.5,UB&PB,567
0,0.0,0.0,0.0,0.0,0.0,0.0,0.0,0.0,0.0,0.0,0.0,0.0,0.0,0.0,0.0,0.0,0.0,0.0,0.0,0.0,0.0,0.0,0.0,0.0,0.0,0.0,0.0,0.0,0.0,0.0,0.0,0.0,0.0,0.0,0.0,0.55,UB&PB,567
2500,1.0211372814036768,0.8569014777945808,0.7702472294420452,0.9267889657666779,0.034276038647574135,0.012741580793080238,0.06696727478594365,0.6982676885997313,0.5896079045684579,0.792511544449618,0.8181556503198298,0.18184434968017052,0.24163147099259566,0.22624702117657144,0.10056271145661833,0.3834245019191157,0.02494829812713723,0.4952281667293566,0.24943560361181655,0.2348542302569821,0.11147842114983457,0.3891009908139284,0.34882296572385274,0.378580097062394,0.24072976269993562,0.454006281308675,0.41677824346829073,0.41653457236059416,0.4127685094402176,0.4204194370138642,0.1930292756814768,0.43050944785933193,12915.160663180133,3854.7909693315646,57704.22110463759,0.55,UB&PB,567
0,0.0,0.0,0.0,0.0,0.0,0.0,0.0,0.0,0.0,0.0,0.0,0.0,0.0,0.0,0.0,0.0,0.0,0.0,0.0,0.0,0.0,0.0,0.0,0.0,0.0,0.0,0.0,0.0,0.0,0.0,0.0,0.0,0.0,0.0,0.0,0.6,UB&PB,567
2500,1.0418023967143495,0.8760607688929882,0.7781243812599161,0.9447258223297871,0.03209803420743189,0.011797677024564272,0.06233406690932901,0.620276593628228,0.5288781374610394,0.7097229238867805,0.702517412935324,0.29748258706467645,0.2717092165979696,0.26491318983501205,0.14201153397140842,0.4081218838098063,0.04031329545115515,0.5102271991950948,0.2795507546197756,0.2733197161660941,0.1542398385175843,0.4118819411769042,0.37304221411999144,0.40016563469462485,0.28126872733697916,0.4654841959923097,0.42474606533140274,0.42448014043197735,0.4207596882954743,0.42836773876881173,0.20742722959776771,0.7470518399092834,12666.127028492556,3596.0502367223403,60161.38237512291,0.6,UB&PB,567
0,0.0,0.0,0.0,0.0,0.0,0.0,0.0,0.0,0.0,0.0,0.0,0.0,0.0,0.0,0.0,0.0,0.0,0.0,0.0,0.0,0.0,0.0,0.0,0.0,0.0,0.0,0.0,0.0,0.0,0.0,0.0,0.0,0.0,0.0,0.0,0.65,UB&PB,567
2500,1.0499421645059366,0.8910019668879413,0.798993521123401,0.9507454809937064,0.030043631751648345,0.0106072251909654,0.058555360017921936,0.7125105178215229,0.5701838171532283,0.8339925384681083,0.5422117981520964,0.45778820184790237,0.277313000104481,0.2706351542248098,0.15270766151625717,0.4087356412268739,0.04077527972564942,0.520123720379721,0.28459046690188156,0.28015305059304424,0.16329251772918832,0.4109980773518057,0.3760908632964172,0.3990062258672893,0.29199357914180524,0.4612242198941603,0.4168518474847447,0.41655177730226944,0.4128382906374281,0.4204090393092369,0.0781025359383233,0.40833948130123865,13038.952723921973,3415.687287582836,65823.0974005107,0.65,UB&PB,567
0,0.0,0.0,0.0,0.0,0.0,0.0,0.0,0.0,0.0,0.0,0.0,0.0,0.0,0.0,0.0,0.0,0.0,0.0,0.0,0.0,0.0,0.0,0.0,0.0,0.0,0.0,0.0,0.0,0.0,0.0,0.0,0.0,0.0,0.0,0.0,0.7,UB&PB,567
2500,1.070546213185826,0.882059539671322,0.7919965753441823,0.9448554490014285,0.029366335031101205,0.010322776982842065,0.05735736992055907,0.7641900205407617,0.6449827959250148,0.8762595057198611,0.5341606254442083,0.4658393745557928,0.2896137733008813,0.28712789140168776,0.16728713081588137,0.4156607308124218,0.048545449447035274,0.5286322751415627,0.29667276749114396,0.2973316769890651,0.17739855500611362,0.41761656627231103,0.3819628556915595,0.404681751056797,0.29867406969384774,0.46690855937101805,0.4190731163031374,0.4187966364178161,0.4150802855317325,0.42262743383981444,0.11915284773809035,0.43861332579540246,12451.760155979679,3261.882636563376,62827.37141817272,0.7,UB&PB,567
0,0.0,0.0,0.0,0.0,0.0,0.0,0.0,0.0,0.0,0.0,0.0,0.0,0.0,0.0,0.0,0.0,0.0,0.0,0.0,0.0,0.0,0.0,0.0,0.0,0.0,0.0,0.0,0.0,0.0,0.0,0.0,0.0,0.0,0.0,0.0,0.75,UB&PB,567
2500,1.081651435371037,0.8781103886387425,0.7854447715876015,0.9416771426798585,0.027018107217528873,0.009084813328913617,0.0537654663771495,0.7082847831953829,0.5674779137546854,0.831315572511014,0.4499410092395167,0.5500589907604845,0.30187955122396143,0.3117194891169534,0.19257733097186705,0.40857151145026843,0.06909088571697238,0.5205618408503858,0.30841674169166305,0.31994248447706386,0.20191915782171363,0.41080570991091875,0.3803268962548765,0.39819954913069855,0.3094903726978908,0.45287662112036176,0.4076157996604353,0.4073589676472192,0.40358075393335147,0.41128745371710856,0.03303886132822284,0.5993093218519111,11143.671424048605,2862.327198288684,58144.51049456402,0.75,UB&PB,567
0,0.0,0.0,0.0,0.0,0.0,0.0,0.0,0.0,0.0,0.0,0.0,0.0,0.0,0.0,0.0,0.0,0.0,0.0,0.0,0.0,0.0,0.0,0.0,0.0,0.0,0.0,0.0,0.0,0.0,0.0,0.0,0.0,0.0,0.0,0.0,0.8,UB&PB,567
2500,1.1052763701535295,0.8866299127128351,0.7988135579962258,0.9462332876020088,0.02761701072529595,0.009505116024083575,0.05442636736233372,0.6299591234716261,0.5202950556986483,0.7393519373874031,0.26745628997867854,0.7325437100213228,0.33049993748742856,0.3496109582868242,0.23799312338810943,0.4153554461429506,0.1089982442372979,0.534102120675154,0.336500758183213,0.35450249422215335,0.2459072419417718,0.4183353361112429,0.3955089308353761,0.4064868549098099,0.3373253957044959,0.45587205073886905,0.41075668998418763,0.41043607487610717,0.40675873532348317,0.4142845074515289,0.72414148642846,1.0152024885267974,11329.750607484457,2621.522685737678,62091.76511916266,0.8,UB&PB,567
0,0.0,0.0,0.0,0.0,0.0,0.0,0.0,0.0,0.0,0.0,0.0,0.0,0.0,0.0,0.0,0.0,0.0,0.0,0.0,0.0,0.0,0.0,0.0,0.0,0.0,0.0,0.0,0.0,0.0,0.0,0.0,0.0,0.0,0.0,0.0,0.85,UB&PB,567
2500,1.126573522841311,0.8900947475117351,0.7985807607090584,0.9507503936808744,0.027338432496047567,0.009316767977262788,0.05389832971690498,0.6364203580118897,0.5122262043480945,0.7519049532123395,0.18375408670931043,0.8162459132906902,0.3526959190157351,0.37842939168317574,0.27272494314282475,0.42291246370785734,0.13597910034121735,0.5446627975113396,0.35837726997942204,0.38039764826255884,0.28154622210781566,0.4265513023009229,0.4057920594601999,0.4133105153815101,0.35472156831927626,0.45870619972020293,0.4157828931731555,0.41550789308552216,0.41181018954698684,0.4193387269826462,0.6654445054873337,1.0195562463763388,10573.528472456239,2376.173268631306,59424.92122083702,0.85,UB&PB,567
0,0.0,0.0,0.0,0.0,0.0,0.0,0.0,0.0,0.0,0.0,0.0,0.0,0.0,0.0,0.0,0.0,0.0,0.0,0.0,0.0,0.0,0.0,0.0,0.0,0.0,0.0,0.0,0.0,0.0,0.0,0.0,0.0,0.0,0.0,0.0,0.9,UB&PB,567
2500,1.1468604300800613,0.8748220103163851,0.775870988202829,0.9453408525228666,0.027984658646856658,0.009676428502112472,0.054657538039455895,0.7307942811980689,0.5925133709814673,0.8448833830152384,0.18697085998578558,0.8130291400142156,0.36618516127541734,0.38890449143768585,0.29995737317537435,0.42747689361981006,0.15925642708379925,0.5462059404086768,0.37136111971890884,0.38896423848877376,0.308459273723964,0.4318004623874406,0.40814839552452437,0.4149401439246026,0.3580556344542475,0.459518011928651,0.4173386932961138,0.4171189856086476,0.4133096245333584,0.4210480997030631,0.3797459183913088,0.9328080419095283,9054.437974481134,2162.0290820861,48856.29989778795,0.9,UB&PB,567
0,0.0,0.0,0.0,0.0,0.0,0.0,0.0,0.0,0.0,0.0,0.0,0.0,0.0,0.0,0.0,0.0,0.0,0.0,0.0,0.0,0.0,0.0,0.0,0.0,0.0,0.0,0.0,0.0,0.0,0.0,0.0,0.0,0.0,0.0,0.0,0.95,UB&PB,567
2500,1.1548071050976925,0.8882993417512675,0.8086099970210899,0.9466560823275961,0.027933746643571372,0.009529422297685284,0.0554587106636421,0.8086741254094204,0.665224506011788,0.9056718859461524,0.13954228855721382,0.8604577114427864,0.3746062470119141,0.39139673247602513,0.3216812150671886,0.42489686601783855,0.178516050001516,0.5493536487164822,0.3783520655503178,0.38976488238987766,0.327801350170674,0.42877526238136016,0.4050210439227926,0.4102020036253349,0.3530169315180824,0.456917055245917,0.4121792220864538,0.4119035444467503,0.4082370158510191,0.4157060612266507,0.2979289434807035,0.7837130298785207,10452.106069603191,2333.1038281402607,58471.93582670056,0.95,UB&PB,567
0,0.0,0.0,0.0,0.0,0.0,0.0,0.0,0.0,0.0,0.0,0.0,0.0,0.0,0.0,0.0,0.0,0.0,0.0,0.0,0.0,0.0,0.0,0.0,0.0,0.0,0.0,0.0,0.0,0.0,0.0,0.0,0.0,0.0,0.0,0.0,0.05,UB&PB,42414
2500,0.915004673904538,0.56548026335768,0.45416487520042864,0.6738881939882151,0.8489862495056448,0.7520252927360077,0.9210246850278815,0.9023605419338308,0.8270004021586475,0.9538322647819659,0.9545167022032689,0.04548329779673063,0.08314805540938014,0.022122324303754274,0.003948603698006704,0.10595845917987942,0.00040799172390959684,0.3750457128545762,0.0904359314967148,0.02844142900944064,0.005419425497356032,0.12126452516840028,0.14508855527573905,0.09773218111896748,0.038064346013652925,0.21464316708659423,0.41448340392996236,0.41417049776848364,0.4071420601602924,0.42142407043071867,0.3000074020935524,1.212103934615466,16412.74898181098,8772.38093323002,30969.016216927655,0.05,UB&PB,42414
0,0.0,0.0,0.0,0.0,0.0,0.0,0.0,0.0,0.0,0.0,0.0,0.0,0.0,0.0,0.0,0.0,0.0,0.0,0.0,0.0,0.0,0.0,0.0,0.0,0.0,0.0,0.0,0.0,0.0,0.0,0.0,0.0,0.0,0.0,0.0,0.1,UB&PB,42414
2500,0.9280055968541,0.5082978056011721,0.38953803810354926,0.6338894087676059,0.8409343026558715,0.747744609470158,0.9164177194000609,0.8704530712055613,0.7762916059892454,0.9388580088601166,0.9643169864960901,0.03568301350390904,0.07293505316508503,0.020831786991880086,0.003245551739682163,0.09118224689208063,0.00018464986121925268,0.32806729144871555,0.0812991349408456,0.02825302583203689,0.005193025114004218,0.10858887634379195,0.12188572937964125,0.08595673378958175,0.03657099964449699,0.16798409279696275,0.41173878051317053,0.4113316605761138,0.4032186836197655,0.41973097435052603,0.014551663228714998,0.417014921092337,9451.215738822,6099.377536898591,15125.585779874269,0.1,UB&PB,42414
0,0.0,0.0,0.0,0.0,0.0,0.0,0.0,0.0,0.0,0.0,0.0,0.0,0.0,0.0,0.0,0.0,0.0,0.0,0.0,0.0,0.0,0.0,0.0,0.0,0.0,0.0,0.0,0.0,0.0,0.0,0.0,0.0,0.0,0.0,0.0,0.15,UB&PB,42414
2500,0.9388120789215888,0.714888631408127,0.5015942060407791,0.841118393597706,0.7288159387744606,0.6146170145250048,0.8495285031955768,0.8593777548167177,0.7690995948228988,0.9328656662872286,0.9572956645344709,0.042704335465529514,0.08263219502156811,0.025498678665824528,0.004405464049462429,0.10846812997181332,0.000260763553363232,0.36197300615308575,0.0878791580763488,0.030580315237510626,0.006023640737428323,0.11858088586346446,0.14028303179619592,0.10288275348960091,0.04480345494247586,0.1992579314146713,0.4131974639624824,0.4126427466585214,0.40635655324117204,0.419231082192923,0.19399504084170643,0.9475748289791236,29089.736328117226,16783.788312583663,50834.236084588985,0.15,UB&PB,42414
0,0.0,0.0,0.0,0.0,0.0,0.0,0.0,0.0,0.0,0.0,0.0,0.0,0.0,0.0,0.0,0.0,0.0,0.0,0.0,0.0,0.0,0.0,0.0,0.0,0.0,0.0,0.0,0.0,0.0,0.0,0.0,0.0,0.0,0.0,0.0,0.2,UB&PB,42414
2500,0.9533681031004556,0.5027095967514907,0.3817338053974751,0.6288677514271488,0.5810137659480794,0.44951670554837303,0.7034858276168037,0.8309085068932419,0.7283226280525202,0.9106620855546049,0.9643965884861404,0.03560341151385938,0.09763793251749991,0.05042156353704307,0.015368715179177745,0.14343250984037087,0.001985416524991778,0.34006635999943824,0.11240343577170019,0.06891261792592712,0.023649039080953786,0.16828970827959472,0.15423696956830446,0.1278706315153585,0.0761969760920288,0.20765941027770343,0.4121328601283979,0.41164236972925167,0.4035599957351222,0.42011357372686964,0.22705347135506754,0.7119380855845729,7914.260137146321,5238.449349666639,12366.240141584047,0.2,UB&PB,42414
0,0.0,0.0,0.0,0.0,0.0,0.0,0.0,0.0,0.0,0.0,0.0,0.0,0.0,0.0,0.0,0.0,0.0,0.0,0.0,0.0,0.0,0.0,0.0,0.0,0.0,0.0,0.0,0.0,0.0,0.0,0.0,0.0,0.0,0.0,0.0,0.25,UB&PB,42414
2500,0.9596772737067529,0.5718168948168798,0.3730540280691908,0.7474293795583009,0.369432065677414,0.269798221435819,0.4908776248073257,0.8440614171005906,0.7566424820662183,0.9205174910432741,0.9536297085998582,0.046370291400142184,0.1253167828397609,0.07321729002597707,0.025259441838373017,0.18966696189641705,0.003846641501946019,0.40266103722124397,0.14140949882148698,0.09482650415339748,0.03721610309797189,0.21432832949896402,0.1994800345647232,0.17071146931550488,0.10377822471789155,0.27712614501716293,0.4123048349512889,0.41178503636986835,0.4037265849638428,0.42012316200935795,0.010862503943463112,0.8891383056565981,9829.244841881682,5650.351098467533,17826.25335161967,0.25,UB&PB,42414
0,0.0,0.0,0.0,0.0,0.0,0.0,0.0,0.0,0.0,0.0,0.0,0.0,0.0,0.0,0.0,0.0,0.0,0.0,0.0,0.0,0.0,0.0,0.0,0.0,0.0,0.0,0.0,0.0,0.0,0.0,0.0,0.0,0.0,0.0,0.0,0.3,UB&PB,42414
2500,0.9693076635440934,0.4907215138295074,0.362347933521121,0.6521247394381781,0.14900854042810555,0.08186939192937619,0.24041557663560176,0.8554788940377801,0.7754617167078682,0.9224081564112031,0.9365991471215351,0.0634008528784647,0.17881890062268685,0.14290146079364702,0.05699823281067437,0.2784559778704528,0.01312077676332368,0.4437414273700788,0.2035146368363174,0.17793728540748321,0.08004622902431152,0.3125178376758545,0.2739086218468598,0.2735115126620463,0.16638622474545467,0.3793278466947625,0.4110586310362586,0.410578670150532,0.4020433229735793,0.41953563060639276,0.12435396257988758,0.5347571964612011,3368.9043466699436,1708.896818282192,7679.05729889547,0.3,UB&PB,42414
0,0.0,0.0,0.0,0.0,0.0,0.0,0.0,0.0,0.0,0.0,0.0,0.0,0.0,0.0,0.0,0.0,0.0,0.0,0.0,0.0,0.0,0.0,0.0,0.0,0.0,0.0,0.0,0.0,0.0,0.0,0.0,0.0,0.0,0.0,0.0,0.35,UB&PB,42414
2500,0.9713410728341151,0.7833171546148912,0.644399084854714,0.8910988088348486,0.07725293185079754,0.0364144518847677,0.13357977555346726,0.8124672347834199,0.7048353740121144,0.8995165310097084,0.9283397299218191,0.07166027007818032,0.1792586881561166,0.13468188301842252,0.042498871759483726,0.29186243497007225,0.009068364191188468,0.46430694431747044,0.18832897802360543,0.14965305230405662,0.04990137166278654,0.306105467028542,0.2941046321931668,0.3032491166528194,0.16422590364677572,0.42403244796562933,0.41389116848010854,0.41357584234157013,0.40914506671476614,0.41818157721802923,0.019041019111138657,0.47524081782465516,12427.931128008055,4482.331431883517,40532.246643947736,0.35,UB&PB,42414
0,0.0,0.0,0.0,0.0,0.0,0.0,0.0,0.0,0.0,0.0,0.0,0.0,0.0,0.0,0.0,0.0,0.0,0.0,0.0,0.0,0.0,0.0,0.0,0.0,0.0,0.0,0.0,0.0,0.0,0.0,0.0,0.0,0.0,0.0,0.0,0.4,UB&PB,42414
2500,0.9746474958276263,0.8022492202519922,0.6640003736891502,0.8929227927549079,0.07867527355620763,0.037649032933602465,0.14170873129151845,0.7954430358408721,0.6780994395927643,0.890842156751822,0.928539445628998,0.0714605543710022,0.17989657281244872,0.1371782630682608,0.04058292877983644,0.2974853454508097,0.007896409375782006,0.4632295938689909,0.18817577922555975,0.1508392123355041,0.04760536220563904,0.309473549491234,0.28855374070676953,0.294103912072893,0.15811859113806567,0.41829480652335144,0.4051681321584066,0.40483331409932344,0.40040370958471855,0.4093792838985728,0.2414132387844215,0.7963678006435988,14019.00081267934,4872.121734464745,47388.1529071176,0.4,UB&PB,42414
0,0.0,0.0,0.0,0.0,0.0,0.0,0.0,0.0,0.0,0.0,0.0,0.0,0.0,0.0,0.0,0.0,0.0,0.0,0.0,0.0,0.0,0.0,0.0,0.0,0.0,0.0,0.0,0.0,0.0,0.0,0.0,0.0,0.0,0.0,0.0,0.45,UB&PB,42414
2500,0.9989792019414544,0.8542878375776848,0.7157686280040646,0.9330267472422351,0.04220474167754366,0.017052651223743342,0.07770063510019788,0.6945221196902193,0.5660763965483109,0.8084112696431882,0.8822046908315551,0.11779530916844357,0.21980304879587892,0.19770749414631963,0.07836934754812433,0.3494737314450592,0.017661339963821184,0.4848125146534284,0.22858481671450584,0.2094341493167882,0.08915058423256116,0.3604407640971971,0.3325126707816084,0.3621583618185183,0.21148778041303365,0.44883748856398015,0.4168224256183342,0.4165198318814515,0.41252412620777806,0.42066340611855074,0.1839865280664973,0.5497228924389345,12025.191027685672,3796.28597706764,50360.059806766905,0.45,UB&PB,42414
0,0.0,0.0,0.0,0.0,0.0,0.0,0.0,0.0,0.0,0.0,0.0,0.0,0.0,0.0,0.0,0.0,0.0,0.0,0.0,0.0,0.0,0.0,0.0,0.0,0.0,0.0,0.0,0.0,0.0,0.0,0.0,0.0,0.0,0.0,0.0,0.5,UB&PB,42414
2500,1.015014691866033,0.8362445541841095,0.7100752488794225,0.9194584302240677,0.042536526997546543,0.01695640755243803,0.08147830388272913,0.8061277426229928,0.6731160323465872,0.8959098848333328,0.8876915422885578,0.11230845771144277,0.22529293413648635,0.20236477119443624,0.07956084774056588,0.36776184625566966,0.01884343263024841,0.48927864007506316,0.233724235436923,0.21317032600453076,0.09012144929170753,0.3764132440806492,0.3372628881610029,0.36475200484552706,0.2180318307375821,0.45272863495405696,0.4227584497738812,0.4225342829919047,0.41856466808444004,0.42661760903489265,0.08739095379896467,0.5125317940638308,11948.733752218697,3834.160950492415,48459.10324480942,0.5,UB&PB,42414
0,0.0,0.0,0.0,0.0,0.0,0.0,0.0,0.0,0.0,0.0,0.0,0.0,0.0,0.0,0.0,0.0,0.0,0.0,0.0,0.0,0.0,0.0,0.0,0.0,0.0,0.0,0.0,0.0,0.0,0.0,0.0,0.0,0.0,0.0,0.0,0.55,UB&PB,42414
2500,1.0254897265708742,0.8397807669391685,0.7331766621593278,0.9220271877234784,0.033745740665088085,0.012547189350160397,0.065646474235352,0.7209163556246406,0.5874196467541765,0.8243354016869714,0.8338144989339034,0.16618550106609842,0.2455064674938476,0.23206332672109917,0.10642580855795643,0.38667972535968986,0.025234696650889968,0.49717130278293153,0.2543277509398232,0.2422851926257626,0.11934080558075695,0.3925646124445223,0.35102736659206896,0.3809230754592321,0.24444224251306051,0.4555875049221176,0.4176648392551982,0.4173219174973106,0.4134776632636556,0.4213375020954119,0.35967180409195826,0.5934758580844139,11708.975834361509,3574.8850768666416,51576.01479839974,0.55,UB&PB,42414
0,0.0,0.0,0.0,0.0,0.0,0.0,0.0,0.0,0.0,0.0,0.0,0.0,0.0,0.0,0.0,0.0,0.0,0.0,0.0,0.0,0.0,0.0,0.0,0.0,0.0,0.0,0.0,0.0,0.0,0.0,0.0,0.0,0.0,0.0,0.0,0.6,UB&PB,42414
2500,1.035663036834499,0.8596509514584768,0.767475680626045,0.9287637214506732,0.03364290393743083,0.01245433688768651,0.0648396885323864,0.7241043301959273,0.5961853963498374,0.8384578469476932,0.7924321250888431,0.20756787491115838,0.2526279846705362,0.23952765142463345,0.11659651442689663,0.3944611653787997,0.029224482812740725,0.4987190585909662,0.260343793441396,0.248680045829719,0.12817951486175586,0.39847862318089516,0.35347725400043495,0.38188491743775843,0.24970878676256128,0.4545000381673159,0.41489217351589214,0.41458084617160507,0.4107461826156385,0.4185659145746889,0.04735263504957319,0.3664476481752441,11848.754362283205,3564.318426487676,53089.82854966147,0.6,UB&PB,42414
0,0.0,0.0,0.0,0.0,0.0,0.0,0.0,0.0,0.0,0.0,0.0,0.0,0.0,0.0,0.0,0.0,0.0,0.0,0.0,0.0,0.0,0.0,0.0,0.0,0.0,0.0,0.0,0.0,0.0,0.0,0.0,0.0,0.0,0.0,0.0,0.65,UB&PB,42414
2500,1.0531159887902108,0.8278202885446247,0.7085496688415462,0.9158619106270824,0.030959795010623556,0.011016195601102617,0.06040595968394664,0.6223375885754576,0.49969312404146976,0.7438848353407769,0.704579246624022,0.29542075337597623,0.28011170576329153,0.27641733804419716,0.16091127797101987,0.4063557263671782,0.04820119186532142,0.5075796047796411,0.28941648883210497,0.28750040060320114,0.17485000652286634,0.409878650260573,0.37026245035763755,0.39518541636319265,0.284913150979353,0.4565271042040728,0.414740393749962,0.41453218860788826,0.4104877899137496,0.41861745431069514,0.09116060083523063,0.5745666663306068,9801.436314088382,2911.119246635879,45922.08617145305,0.65,UB&PB,42414
0,0.0,0.0,0.0,0.0,0.0,0.0,0.0,0.0,0.0,0.0,0.0,0.0,0.0,0.0,0.0,0.0,0.0,0.0,0.0,0.0,0.0,0.0,0.0,0.0,0.0,0.0,0.0,0.0,0.0,0.0,0.0,0.0,0.0,0.0,0.0,0.7,UB&PB,42414
2500,1.0782689224237227,0.8381693669784891,0.7353058723555133,0.9227957655949582,0.028463099042309335,0.0098585131191256,0.05603188552274846,0.6188251902172905,0.4946899055246658,0.7334599932082877,0.4296851457000707,0.5703148542999287,0.3079327219898924,0.31237203030521266,0.20565361927638692,0.4149248160792421,0.07574513315047976,0.5244481524676351,0.3165194352390307,0.32356481047232344,0.2174580730002147,0.41769346709696237,0.3898230076936944,0.40729347874488864,0.3253475143191087,0.45783472205614195,0.41596206550467446,0.4156301636144853,0.4117703651050099,0.4196068115456015,0.5863595329055885,0.9622439964961801,9135.776495445823,2446.207222630706,46165.40656640016,0.7,UB&PB,42414
0,0.0,0.0,0.0,0.0,0.0,0.0,0.0,0.0,0.0,0.0,0.0,0.0,0.0,0.0,0.0,0.0,0.0,0.0,0.0,0.0,0.0,0.0,0.0,0.0,0.0,0.0,0.0,0.0,0.0,0.0,0.0,0.0,0.0,0.0,0.0,0.75,UB&PB,42414
2500,1.0978803147068414,0.9025920361123129,0.8201517279480713,0.9556050528687136,0.02933795401376775,0.010257074477829269,0.05746798692295683,0.6672173008237742,0.542325681527568,0.7971749885933775,0.19338592750533062,0.8066140724946699,0.32979106751073106,0.34405949512798745,0.23056563151355342,0.4271422466932961,0.09169660562640936,0.548482685075879,0.3368301274238965,0.3528456564555322,0.23954946405556482,0.4297370243674653,0.41056320806061275,0.4211293601297648,0.3543706747968355,0.46995560378129103,0.4247588890151743,0.4244888843560825,0.4208130158329855,0.42832703052862664,0.10707056240541653,0.3684476502915738,11579.898938042468,2575.5864296680315,63968.26948013587,0.75,UB&PB,42414
0,0.0,0.0,0.0,0.0,0.0,0.0,0.0,0.0,0.0,0.0,0.0,0.0,0.0,0.0,0.0,0.0,0.0,0.0,0.0,0.0,0.0,0.0,0.0,0.0,0.0,0.0,0.0,0.0,0.0,0.0,0.0,0.0,0.0,0.0,0.0,0.8,UB&PB,42414
2500,1.1127462941477908,0.8758415290732553,0.7879490324759482,0.9407411617762651,0.02702581266892759,0.009176973874428802,0.05352693935160317,0.6681172498558368,0.527472584074303,0.7970775632606012,0.32070362473347547,0.6792963752665243,0.339068867452804,0.3630686328174061,0.24454529541817016,0.42635397127595454,0.10825696619771971,0.5416015439028533,0.345701900741524,0.3687439334251486,0.25424915350603816,0.42934276429817847,0.4045358169846483,0.4169121421265449,0.3467383045140409,0.4650535317147566,0.42149887438541456,0.42123525555297037,0.4174578363941195,0.4251500720808271,0.6673792020405538,1.010851088752907,9919.247005258729,2441.155431531014,53102.75387618466,0.8,UB&PB,42414
0,0.0,0.0,0.0,0.0,0.0,0.0,0.0,0.0,0.0,0.0,0.0,0.0,0.0,0.0,0.0,0.0,0.0,0.0,0.0,0.0,0.0,0.0,0.0,0.0,0.0,0.0,0.0,0.0,0.0,0.0,0.0,0.0,0.0,0.0,0.0,0.85,UB&PB,42414
2500,1.1167216123430417,0.8773211546795359,0.7951392568413138,0.940528984392686,0.02663188214180349,0.00894925195307581,0.05266727474908269,0.5586450214945502,0.4353212243242826,0.6819202779894815,0.21474271499644618,0.7852572850035533,0.34656701193652645,0.3693738714275525,0.2695798309805179,0.4149718112171351,0.13418351385115543,0.5365588393881868,0.3521825076320743,0.37165193484221487,0.2778369792713094,0.41837387055457603,0.39760369516588323,0.4053368966249682,0.3464609270690679,0.4514234493312832,0.4076628923413235,0.40741164819264636,0.40367707268972813,0.41122880507093534,0.25388410581368354,0.8323854454697945,9991.05851595322,2309.4028935645697,54882.41739398305,0.85,UB&PB,42414
0,0.0,0.0,0.0,0.0,0.0,0.0,0.0,0.0,0.0,0.0,0.0,0.0,0.0,0.0,0.0,0.0,0.0,0.0,0.0,0.0,0.0,0.0,0.0,0.0,0.0,0.0,0.0,0.0,0.0,0.0,0.0,0.0,0.0,0.0,0.0,0.9,UB&PB,42414
2500,1.1492522747872589,0.8752997588041991,0.7719456555135884,0.9427979787802144,0.027541962000392092,0.009444777458013632,0.0538721878542774,0.7008924087284022,0.5496951150490023,0.811384578161121,0.17925799573560772,0.8207420042643916,0.3725331044546578,0.39583583503457137,0.3077668845431549,0.43288764720285305,0.16127534303864025,0.556225767524129,0.37799249633676146,0.39627393198401645,0.316472363069979,0.43724663899472743,0.41363198971547854,0.42010438820685125,0.3643853153324268,0.4646121890647185,0.4221297545012909,0.421829131481886,0.41805873026864965,0.4257651365241673,0.7318978896364364,1.0567831205286946,8950.74708260145,2126.2087006989714,49025.97228141024,0.9,UB&PB,42414
0,0.0,0.0,0.0,0.0,0.0,0.0,0.0,0.0,0.0,0.0,0.0,0.0,0.0,0.0,0.0,0.0,0.0,0.0,0.0,0.0,0.0,0.0,0.0,0.0,0.0,0.0,0.0,0.0,0.0,0.0,0.0,0.0,0.0,0.0,0.0,0.95,UB&PB,42414
2500,1.1630656138277284,0.8692242295243001,0.7801106808108724,0.9363962685859848,0.028731810619048764,0.009939310846772608,0.056554508681930765,0.7212366674299101,0.6080056020439297,0.831905707567106,0.14419260838663803,0.8558073916133613,0.3836499577290346,0.39882365918142487,0.3335750310447402,0.4326813292638859,0.19034060932874175,0.5556731909611226,0.38806787191329106,0.3977730083934008,0.34049684665729835,0.4369858849881975,0.41176910011227685,0.4165404970177406,0.3617862671759463,0.4621049558495292,0.41819798903550065,0.4179189317087547,0.41420506302900617,0.42177002589527607,0.10507540620554709,0.4702984165819225,9058.999100958688,2123.241626260039,49265.780416727124,0.95,UB&PB,42414
0,0.0,0.0,0.0,0.0,0.0,0.0,0.0,0.0,0.0,0.0,0.0,0.0,0.0,0.0,0.0,0.0,0.0,0.0,0.0,0.0,0.0,0.0,0.0,0.0,0.0,0.0,0.0,0.0,0.0,0.0,0.0,0.0,0.0,0.0,0.0,0.05,UB&PB,80
2500,0.9156310547398764,0.6527297848107846,0.5102721834182375,0.7932227579515846,0.8594514285611756,0.7675055708648844,0.9315879649670613,0.8764582748560161,0.7969709267450859,0.9418547368986974,0.9570483297796738,0.042951670220326955,0.08087018771422735,0.01735356559900604,0.0024122335004571212,0.10321517212124535,0.00026344861754679853,0.37368463793318035,0.08617679999041392,0.021384497501662842,0.003204528552863028,0.1142564681375335,0.14306911433550581,0.09257733559050578,0.031158184248348177,0.22047677636624216,0.4171694939953292,0.4167778308007478,0.41061663102809753,0.4232302217110953,0.0968661378439239,0.8972629547319154,24867.08268447977,13076.484864151942,47301.556215514596,0.05,UB&PB,80
0,0.0,0.0,0.0,0.0,0.0,0.0,0.0,0.0,0.0,0.0,0.0,0.0,0.0,0.0,0.0,0.0,0.0,0.0,0.0,0.0,0.0,0.0,0.0,0.0,0.0,0.0,0.0,0.0,0.0,0.0,0.0,0.0,0.0,0.0,0.0,0.1,UB&PB,80
2500,0.929636045358226,0.6432892439241894,0.401543768638299,0.7944588022613388,0.8774105606306134,0.7810782771331103,0.9415960164058569,0.8951871497914934,0.8120497435017106,0.9520077095841986,0.9621343283582091,0.03786567164179114,0.07828076665763913,0.02091351760298272,0.003164425017907526,0.09977311027064356,0.0001506221923629546,0.3550684189010367,0.08400680888059862,0.02561198371358395,0.00413285872323784,0.1116760817124897,0.13291127568282574,0.09262369765542117,0.03491141195106919,0.19142866617047818,0.41861171762855054,0.4181497135834167,0.411588520284367,0.4250038903554309,0.20756058020367454,0.6554863693372642,18987.1269987987,11168.789140822404,33111.61717830402,0.1,UB&PB,80
0,0.0,0.0,0.0,0.0,0.0,0.0,0.0,0.0,0.0,0.0,0.0,0.0,0.0,0.0,0.0,0.0,0.0,0.0,0.0,0.0,0.0,0.0,0.0,0.0,0.0,0.0,0.0,0.0,0.0,0.0,0.0,0.0,0.0,0.0,0.0,0.15,UB&PB,80
2500,0.9458926980254535,0.5005270424563274,0.32962232836792466,0.6768310444700101,0.8410012148950669,0.7463492524104112,0.9144575605513305,0.8341578366773551,0.7240225804973631,0.9133173210914896,0.9660007107320534,0.033999289267945945,0.07499768217824009,0.02945744653410175,0.006077819345077831,0.10251136421566659,0.0003225100572132528,0.29927447188118694,0.08372110989382209,0.0382563281119342,0.009011498322453038,0.11874677524981395,0.1184624122423534,0.09100923053615528,0.044807206186482304,0.16125825914324732,0.4143811214458899,0.41394348705422507,0.4059536274442858,0.4222628876404762,0.04943879581871069,0.39356283736338066,7684.918994317323,5388.364020202668,11321.024823548314,0.15,UB&PB,80
0,0.0,0.0,0.0,0.0,0.0,0.0,0.0,0.0,0.0,0.0,0.0,0.0,0.0,0.0,0.0,0.0,0.0,0.0,0.0,0.0,0.0,0.0,0.0,0.0,0.0,0.0,0.0,0.0,0.0,0.0,0.0,0.0,0.0,0.0,0.0,0.2,UB&PB,80
2500,0.9546850119931856,0.43919484776545936,0.25615798760967323,0.6551476886360619,0.47329907398279725,0.3725025396498465,0.5690206964713723,0.8062114242504868,0.7116274568680702,0.8920815730173997,0.9581954513148531,0.04180454868514573,0.12081869333341219,0.07768917239617541,0.030915752103666636,0.17577936506420133,0.007539108334864119,0.3693717016752441,0.14238597497542874,0.10581158231801258,0.047587215479100074,0.2069980471940813,0.18146281581516382,0.15654794296887617,0.09969774005522024,0.2416977171174747,0.41097703030418714,0.40981983260933263,0.39727242513337135,0.423162090231084,0.048511163502109066,0.3617671136143416,6103.07083309106,3874.681403033464,10046.491866273716,0.2,UB&PB,80
0,0.0,0.0,0.0,0.0,0.0,0.0,0.0,0.0,0.0,0.0,0.0,0.0,0.0,0.0,0.0,0.0,0.0,0.0,0.0,0.0,0.0,0.0,0.0,0.0,0.0,0.0,0.0,0.0,0.0,0.0,0.0,0.0,0.0,0.0,0.0,0.25,UB&PB,80
2500,0.9555095656699462,0.7797885231795463,0.5446135966122817,0.8883381407843366,0.20638462670603275,0.12165432154043436,0.2987882202457379,0.8327919677471279,0.7293875744404764,0.9192572495345367,0.9449580668088131,0.055041933191186894,0.1472763429071567,0.08818323266127903,0.025242103577919013,0.23392853616590503,0.005307981358099952,0.45082415580901375,0.15538998491994194,0.10099436032048556,0.03059756536404678,0.2469042806661015,0.2502177191739541,0.23281354924311315,0.122786888638214,0.3736707528781913,0.42063333042857304,0.42027736992073816,0.41522830526107374,0.42554516512579266,0.4662222464014777,0.9531108341440443,14130.95542637502,6357.5632537178835,34306.69985016726,0.25,UB&PB,80
0,0.0,0.0,0.0,0.0,0.0,0.0,0.0,0.0,0.0,0.0,0.0,0.0,0.0,0.0,0.0,0.0,0.0,0.0,0.0,0.0,0.0,0.0,0.0,0.0,0.0,0.0,0.0,0.0,0.0,0.0,0.0,0.0,0.0,0.0,0.0,0.3,UB&PB,80
2500,0.9667932724120858,0.6982056216829332,0.5031606655830968,0.8264488536487234,0.12150194315639196,0.06861644340474742,0.1888242031621074,0.8414833585630274,0.7457573923744374,0.9156963259912343,0.9328443496801706,0.06715565031982945,0.16964716407332067,0.12366757487530995,0.043119645152422656,0.2684133868564899,0.010036545779525187,0.45220190816392847,0.1833549271141951,0.1444695992800096,0.055051739439061415,0.28855362685740527,0.27367123974341284,0.2697856592701034,0.14794110395060867,0.3987852164581369,0.4091270699640343,0.408673688605165,0.4029874809474522,0.4146433244810727,0.08556154931216069,0.626222943913884,7959.815828312315,3278.3089444710145,22642.212388658445,0.3,UB&PB,80
0,0.0,0.0,0.0,0.0,0.0,0.0,0.0,0.0,0.0,0.0,0.0,0.0,0.0,0.0,0.0,0.0,0.0,0.0,0.0,0.0,0.0,0.0,0.0,0.0,0.0,0.0,0.0,0.0,0.0,0.0,0.0,0.0,0.0,0.0,0.0,0.35,UB&PB,80
2500,0.9789867760662084,0.7590259968009632,0.5854639992908275,0.8655889935226697,0.0714327385806536,0.03287620141187895,0.123582697149295,0.8323206650666072,0.7329679826518117,0.9076178420098295,0.9103745557924668,0.0896254442075338,0.19181480267010248,0.15381271874101216,0.055891744090618756,0.3054353706226005,0.012026984774696917,0.47152176795124306,0.20379736711280771,0.17167868589867574,0.06745821289645931,0.323267280503738,0.3068540919239029,0.3221663716772823,0.18010553570793747,0.4329373537379058,0.42002097264434146,0.4197054288037231,0.41493628543260724,0.42464801577403816,0.24328361123827738,0.5228735129869738,10644.899457234347,3850.09796600042,35019.34992006406,0.35,UB&PB,80
0,0.0,0.0,0.0,0.0,0.0,0.0,0.0,0.0,0.0,0.0,0.0,0.0,0.0,0.0,0.0,0.0,0.0,0.0,0.0,0.0,0.0,0.0,0.0,0.0,0.0,0.0,0.0,0.0,0.0,0.0,0.0,0.0,0.0,0.0,0.0,0.4,UB&PB,80
2500,0.9864506871470046,0.834573963115046,0.7210417689359836,0.9271282532128415,0.05241183656273718,0.021722900301462126,0.09691469608354007,0.7347158054827573,0.6193632628421145,0.8543127821271721,0.8948933901918976,0.10510660980810234,0.20242360927003747,0.16986949135576407,0.05885517597199917,0.325790699563868,0.014379954067766957,0.4806064784811701,0.21016099665642507,0.18152485348746034,0.06670283923127981,0.33699132962461653,0.3195513426495951,0.34246184837537114,0.1892015658997534,0.4453460223137061,0.41725971718748966,0.4169409099331485,0.4130853599620261,0.4209815032592757,0.18327660565512366,0.557564839503281,15357.28610333583,4968.586898945325,58009.07545020397,0.4,UB&PB,80
0,0.0,0.0,0.0,0.0,0.0,0.0,0.0,0.0,0.0,0.0,0.0,0.0,0.0,0.0,0.0,0.0,0.0,0.0,0.0,0.0,0.0,0.0,0.0,0.0,0.0,0.0,0.0,0.0,0.0,0.0,0.0,0.0,0.0,0.0,0.0,0.45,UB&PB,80
2500,0.9888223970579668,0.852260587031887,0.7643152758915589,0.9251503764001563,0.047855381197793014,0.019198560436281025,0.09101957867585082,0.8104902605141286,0.6938579650696093,0.8955395464686705,0.9102103766879887,0.0897896233120113,0.19885570583953885,0.16422082497417279,0.05376101521107736,0.33049102008621845,0.010065107285433885,0.47804153555485324,0.20554090459332802,0.17429510627571201,0.06006660357282847,0.34026653913239346,0.3140462146425602,0.3363146089806099,0.1822029320130988,0.4409814697348039,0.4118524024316585,0.4115388038408148,0.4077139616171972,0.41549336256999536,0.047543141602469495,0.3335451486495365,15952.335607003159,5036.453692601498,62493.9397222943,0.45,UB&PB,80
0,0.0,0.0,0.0,0.0,0.0,0.0,0.0,0.0,0.0,0.0,0.0,0.0,0.0,0.0,0.0,0.0,0.0,0.0,0.0,0.0,0.0,0.0,0.0,0.0,0.0,0.0,0.0,0.0,0.0,0.0,0.0,0.0,0.0,0.0,0.0,0.5,UB&PB,80
2500,1.0103777071291309,0.8339833630737821,0.7260722262446139,0.9176989703600711,0.03719039661706155,0.014332314676535346,0.07067747082693834,0.6372566943185355,0.5272364297657282,0.7589449772728246,0.8411862117981521,0.15881378820184802,0.23457493776263286,0.22096274145412273,0.09491217828076969,0.3667422208395529,0.023998622212841814,0.48941513429166816,0.2433827317414747,0.23147866053015437,0.10755063580008407,0.375314670496222,0.34218806040419353,0.37174683490670907,0.23087664041883918,0.44966583683462646,0.4134438031844885,0.4131791085919827,0.40927857091651776,0.41718747718402355,0.6117250248297047,0.9560729085262683,10716.142224546687,3384.0352741835445,45571.362089281174,0.5,UB&PB,80
0,0.0,0.0,0.0,0.0,0.0,0.0,0.0,0.0,0.0,0.0,0.0,0.0,0.0,0.0,0.0,0.0,0.0,0.0,0.0,0.0,0.0,0.0,0.0,0.0,0.0,0.0,0.0,0.0,0.0,0.0,0.0,0.0,0.0,0.0,0.0,0.55,UB&PB,80
2500,1.0252749540768953,0.8434407193075182,0.7457069341271193,0.9225344553567799,0.0325933111002349,0.011964621623584722,0.06309205172612922,0.6486403377367245,0.5415535952514077,0.7614443102826979,0.8287711442786082,0.1712288557213929,0.2501928645769931,0.24000219238171752,0.11189609839737723,0.3899680125419961,0.027625389362045307,0.49846172473209427,0.2589071148744571,0.24962674147502192,0.1252204785035301,0.39611379599491786,0.35563461498071164,0.38680563258049366,0.2503568727974443,0.4574311682643439,0.4198521926658586,0.41958819689386545,0.4157308468795188,0.4235548919493313,0.07729758935694227,0.3750273504047567,11576.818169467877,3512.812937214935,52073.532849745665,0.55,UB&PB,80
0,0.0,0.0,0.0,0.0,0.0,0.0,0.0,0.0,0.0,0.0,0.0,0.0,0.0,0.0,0.0,0.0,0.0,0.0,0.0,0.0,0.0,0.0,0.0,0.0,0.0,0.0,0.0,0.0,0.0,0.0,0.0,0.0,0.0,0.0,0.0,0.6,UB&PB,80
2500,1.0390299471319298,0.8318575345667955,0.7039392074949871,0.9158506408633763,0.03340768383295288,0.012372106794835806,0.0640166659422227,0.7201955715061048,0.6096265287056811,0.8296688126494887,0.8175657427149948,0.18243425728500362,0.2568832897171796,0.2453500568158989,0.12386713922779626,0.39747493889463753,0.03033117822756481,0.49857304801880814,0.26644203413712936,0.25652956156410256,0.13897328691778282,0.4019096790782389,0.3565866256494222,0.3855354919465895,0.25599251424306485,0.4546225762297272,0.4173552380219994,0.41705274804869397,0.4130223402946195,0.4212233906325557,0.13977478646444155,0.38716949401775,8968.217374795484,2859.0147076655644,39078.357736995276,0.6,UB&PB,80
0,0.0,0.0,0.0,0.0,0.0,0.0,0.0,0.0,0.0,0.0,0.0,0.0,0.0,0.0,0.0,0.0,0.0,0.0,0.0,0.0,0.0,0.0,0.0,0.0,0.0,0.0,0.0,0.0,0.0,0.0,0.0,0.0,0.0,0.0,0.0,0.65,UB&PB,80
2500,1.050162329957269,0.8535125696218029,0.7651903857847825,0.921996700922083,0.031386342701345035,0.01138543234381507,0.060823682321111294,0.658320090201409,0.5376843863784906,0.7990218250630365,0.8103795309168447,0.18962046908315558,0.2668258050755964,0.2605372041491404,0.139281719101341,0.399628244620776,0.03900546509570268,0.49826793358319926,0.274447625913042,0.2697701406227181,0.15114152472752732,0.402424338081717,0.3577109180861165,0.38392354190428507,0.2599055414695601,0.4530200175392676,0.41115671604733656,0.41085046303838185,0.40706164899630337,0.41476529522492195,0.073010407628054,0.42810873734631816,11129.132081125053,3366.74893177665,51370.04959401095,0.65,UB&PB,80
0,0.0,0.0,0.0,0.0,0.0,0.0,0.0,0.0,0.0,0.0,0.0,0.0,0.0,0.0,0.0,0.0,0.0,0.0,0.0,0.0,0.0,0.0,0.0,0.0,0.0,0.0,0.0,0.0,0.0,0.0,0.0,0.0,0.0,0.0,0.0,0.7,UB&PB,80
2500,1.074156799059266,0.8296127872402915,0.7046608713879989,0.9204410460873418,0.027198093144274852,0.009215945028154364,0.05379457403761006,0.646845032447206,0.5178599987946739,0.7622585752687814,0.5501165600568583,0.44988343994314134,0.2999111400057625,0.30358744561009554,0.19254871858432535,0.4110078392616438,0.06539703326598247,0.5213872314071902,0.30895774805129783,0.3151062213592659,0.20589732535189217,0.4135987222291489,0.38177172458184844,0.4022649570171641,0.30958503996870423,0.45712354537526395,0.4129680421349661,0.412634868020444,0.40872430762064543,0.41672055313976003,0.5928261127455784,1.0578310013736096,8427.05942349624,2364.861044813949,41279.19956656961,0.7,UB&PB,80
0,0.0,0.0,0.0,0.0,0.0,0.0,0.0,0.0,0.0,0.0,0.0,0.0,0.0,0.0,0.0,0.0,0.0,0.0,0.0,0.0,0.0,0.0,0.0,0.0,0.0,0.0,0.0,0.0,0.0,0.0,0.0,0.0,0.0,0.0,0.0,0.75,UB&PB,80
2500,1.1105463841429168,0.8455418650546027,0.75098387513585,0.9178308662378158,0.026268388163266314,0.00889900898802896,0.05148813057180598,0.5867316908189892,0.4260190899957111,0.7310441205661479,0.28074982231698686,0.719250177683013,0.34316067010125767,0.3592769086634814,0.2537644234285967,0.43236640384799,0.11229910432835233,0.5473020582657055,0.3512818368554944,0.3676716780815494,0.26442977432215053,0.43591830836150364,0.41309548809899466,0.4253987893564166,0.3623595456622232,0.46803766730797547,0.4294485957676926,0.42916769761071905,0.425458853474611,0.4330312100725204,0.48553261968699946,0.7852381641276179,8367.725777170252,2118.5495176623594,44454.917344055415,0.75,UB&PB,80
0,0.0,0.0,0.0,0.0,0.0,0.0,0.0,0.0,0.0,0.0,0.0,0.0,0.0,0.0,0.0,0.0,0.0,0.0,0.0,0.0,0.0,0.0,0.0,0.0,0.0,0.0,0.0,0.0,0.0,0.0,0.0,0.0,0.0,0.0,0.0,0.8,UB&PB,80
2500,1.1168771908577688,0.8754991234429419,0.7879011058981621,0.9403794866727593,0.027679528961264358,0.00954257380676311,0.05438223376896378,0.6806379612064578,0.5182355716149355,0.8041664235328947,0.18971855010661012,0.8102814498933896,0.345974430583616,0.3701785275105335,0.2543035178353566,0.43091896914671435,0.1145167573178332,0.5503567010425122,0.35276498904813325,0.37563324969782197,0.2633413511609111,0.4344621822038762,0.4139913844284439,0.423320697780607,0.36364269540630295,0.46730309587159274,0.42604782712925604,0.4258419158244282,0.4221539032520813,0.429630402789919,0.7758615560003083,1.0164887214357803,10353.459835642785,2362.3639844082054,57212.57261213583,0.8,UB&PB,80
0,0.0,0.0,0.0,0.0,0.0,0.0,0.0,0.0,0.0,0.0,0.0,0.0,0.0,0.0,0.0,0.0,0.0,0.0,0.0,0.0,0.0,0.0,0.0,0.0,0.0,0.0,0.0,0.0,0.0,0.0,0.0,0.0,0.0,0.0,0.0,0.85,UB&PB,80
2500,1.1255106992408963,0.8797378824960188,0.790122613449255,0.945876316452582,0.028870862954882368,0.010042616813157918,0.05657360950329219,0.7043706421321495,0.5711252262936876,0.8231194476323808,0.20769154228855718,0.7923084577114418,0.34617175301576597,0.37125193991952976,0.2627570546470867,0.41971082100919777,0.1307305320805423,0.5377361006124024,0.35150811631795165,0.37318950534706835,0.2709906146148689,0.42314757566231,0.40125893439221233,0.40958410686555285,0.3483682305653408,0.4560754873504072,0.4127564885031044,0.4124746553232297,0.40878499415248776,0.4162780545769566,0.13796494009928595,0.6702787373705037,10519.630404407018,2441.2436172389125,56900.36308667937,0.85,UB&PB,80
0,0.0,0.0,0.0,0.0,0.0,0.0,0.0,0.0,0.0,0.0,0.0,0.0,0.0,0.0,0.0,0.0,0.0,0.0,0.0,0.0,0.0,0.0,0.0,0.0,0.0,0.0,0.0,0.0,0.0,0.0,0.0,0.0,0.0,0.0,0.0,0.9,UB&PB,80
2500,1.1527906375547636,0.832274265890836,0.7232944567035618,0.91398822184336,0.02822082881077595,0.009782650905761749,0.05493834260814166,0.5352588683845017,0.397229397146771,0.661377065394772,0.14121677327647453,0.8587832267235246,0.38074854550926085,0.39999008859048657,0.327338996563018,0.4317686483097739,0.18582305966833865,0.5485709231809757,0.386799354935925,0.4008930661542193,0.3356937630278046,0.4373210250095026,0.4130156316344993,0.4178337945343643,0.37004692484263846,0.4576673504966461,0.4193708695193065,0.419064806587607,0.41520279866459303,0.42306519616931304,0.11636954520317416,0.4484076127022894,7186.689744748048,1812.740727029565,37437.872516182426,0.9,UB&PB,80
0,0.0,0.0,0.0,0.0,0.0,0.0,0.0,0.0,0.0,0.0,0.0,0.0,0.0,0.0,0.0,0.0,0.0,0.0,0.0,0.0,0.0,0.0,0.0,0.0,0.0,0.0,0.0,0.0,0.0,0.0,0.0,0.0,0.0,0.0,0.0,0.95,UB&PB,80
2500,1.1540220052959902,0.881247515628197,0.7987307070260078,0.9438545518170179,0.028103195264224032,0.009696597287065746,0.055377890234114165,0.6614928960602361,0.5358307347465433,0.7712913608551064,0.15685785358919688,0.8431421464108034,0.3759704525121663,0.39242110281946235,0.3261646236135566,0.4241368729085191,0.18452744992826695,0.543567736491854,0.3799463452707823,0.3916282445382325,0.3322815499130557,0.4278198777964714,0.4034851325894089,0.4081313216387803,0.35451493062821493,0.4528749451387679,0.4098665490764708,0.40954155135796805,0.4058581072880462,0.41334601306278146,0.14000183474636846,0.6105508442345151,9740.99572012896,2236.7937943676066,53685.413974934825,0.95,UB&PB,80
0,0.0,0.0,0.0,0.0,0.0,0.0,0.0,0.0,0.0,0.0,0.0,0.0,0.0,0.0,0.0,0.0,0.0,0.0,0.0,0.0,0.0,0.0,0.0,0.0,0.0,0.0,0.0,0.0,0.0,0.0,0.0,0.0,0.0,0.0,0.0,0.05,UB&PB,77780
2500,0.9169953223308038,0.411705855104901,0.28382350006006807,0.5622372605746316,0.7499049620314705,0.6411885194578546,0.8509453045050017,0.8480386439908958,0.7586696858910569,0.9202334949699857,0.9564065387348968,0.04359346126510304,0.08427225994854824,0.027699938534099546,0.006001443137810068,0.11207959976025673,0.0006531665838589134,0.35637277344958607,0.09606110778476987,0.039289313073994456,0.00946162798778387,0.13579687539225116,0.1402839022048827,0.0978386332568685,0.04630265100495062,0.19896227346689355,0.4201313794274231,0.4196487368237984,0.40974169217041984,0.42998109281462404,0.04979582735829963,0.557920438461668,5322.800245716719,3356.8090822160298,8688.68411849088,0.05,UB&PB,77780
0,0.0,0.0,0.0,0.0,0.0,0.0,0.0,0.0,0.0,0.0,0.0,0.0,0.0,0.0,0.0,0.0,0.0,0.0,0.0,0.0,0.0,0.0,0.0,0.0,0.0,0.0,0.0,0.0,0.0,0.0,0.0,0.0,0.0,0.0,0.0,0.1,UB&PB,77780
2500,0.9265294724799777,0.34558163596563607,0.197244404220193,0.531855268171099,0.5922148932670347,0.4662254455595358,0.7211936863635326,0.8989584954898515,0.8279213036598038,0.9532219683916355,0.9612736318407967,0.03872636815920401,0.09789851718660669,0.04701804907972275,0.013521413703946092,0.13679794724245015,0.0018867922361471166,0.36078797719621186,0.11971996813692137,0.07269070586524329,0.024399904703311534,0.17540902910317732,0.15352876790143843,0.1199961158561755,0.07069899103897051,0.20216667257969498,0.40846427056824924,0.4075124369302972,0.3923520745753537,0.4233934507808339,0.011174340536077257,0.3484562932515666,3437.670648461969,2251.349390548176,5381.666714766959,0.1,UB&PB,77780
0,0.0,0.0,0.0,0.0,0.0,0.0,0.0,0.0,0.0,0.0,0.0,0.0,0.0,0.0,0.0,0.0,0.0,0.0,0.0,0.0,0.0,0.0,0.0,0.0,0.0,0.0,0.0,0.0,0.0,0.0,0.0,0.0,0.0,0.0,0.0,0.15,UB&PB,77780
2500,0.9499501465581256,0.34091342793203794,0.21922418690652057,0.4822443826301882,0.6923398900487067,0.5482521261799153,0.8078444175220447,0.8732993941853684,0.7784199524176637,0.9420349582071409,0.9624953802416486,0.03750461975835114,0.09664001630170946,0.05200558372948734,0.01636518737342089,0.14023693507788762,0.0031610831582138555,0.33152977658754257,0.11758680553923667,0.0764562037989502,0.02707706672534171,0.1746051553853639,0.14314735451789917,0.1176275371096155,0.07161403454210197,0.18776241299591237,0.423452999634901,0.42287981194678803,0.4093693228906655,0.43690270168017026,0.03866487371672692,0.6857474851217412,3520.861540607465,2436.458790970648,5227.782667707296,0.15,UB&PB,77780
0,0.0,0.0,0.0,0.0,0.0,0.0,0.0,0.0,0.0,0.0,0.0,0.0,0.0,0.0,0.0,0.0,0.0,0.0,0.0,0.0,0.0,0.0,0.0,0.0,0.0,0.0,0.0,0.0,0.0,0.0,0.0,0.0,0.0,0.0,0.0,0.2,UB&PB,77780
2500,0.9527936625906344,0.6258871698025391,0.4801437570632407,0.768997239313972,0.382177546995553,0.2621421960918703,0.5094369414325484,0.8011144678675041,0.697171115198905,0.8957451944597857,0.938878464818762,0.061121535181236815,0.13310820440964008,0.08196752423984409,0.027962796554688786,0.20018687117952405,0.005268036014690942,0.41704676635179994,0.14418239278041153,0.09667473798211364,0.036666176119404086,0.21803632529708422,0.22125133120148716,0.20394290217702107,0.11490083610134505,0.31059779059674003,0.4258055126727703,0.4254479928288754,0.41993690843254455,0.43124401859188444,0.00807251882450439,0.8108783967115054,12656.294768771284,6681.624424462165,24430.582394914,0.2,UB&PB,77780
0,0.0,0.0,0.0,0.0,0.0,0.0,0.0,0.0,0.0,0.0,0.0,0.0,0.0,0.0,0.0,0.0,0.0,0.0,0.0,0.0,0.0,0.0,0.0,0.0,0.0,0.0,0.0,0.0,0.0,0.0,0.0,0.0,0.0,0.0,0.0,0.25,UB&PB,77780
2500,0.9587034705447259,0.5749739929884132,0.3976644433272604,0.7367063601143317,0.21874259616783293,0.1417643265089851,0.31935155578102115,0.8278256988152007,0.7323546903443829,0.9008423406439773,0.9475543710021317,0.0524456289978678,0.1497931552079608,0.10175873418083148,0.034182338467608875,0.2347070838203629,0.006701692300430457,0.4264586715502666,0.166269939204128,0.12699292801988393,0.046045843944390166,0.2605376338410631,0.24264850598305995,0.22823451068011877,0.13266087184844838,0.34776485723547146,0.41401817894809306,0.4136741121009613,0.4071696761953608,0.42042956927890834,0.4814346823588262,1.077481439336024,4465.334737235918,2309.7709111864483,9757.275373135326,0.25,UB&PB,77780
0,0.0,0.0,0.0,0.0,0.0,0.0,0.0,0.0,0.0,0.0,0.0,0.0,0.0,0.0,0.0,0.0,0.0,0.0,0.0,0.0,0.0,0.0,0.0,0.0,0.0,0.0,0.0,0.0,0.0,0.0,0.0,0.0,0.0,0.0,0.0,0.3,UB&PB,77780
2500,0.9695846894282889,0.6412129737669282,0.5028598520079669,0.7667294415184593,0.20242159885162223,0.1282785728518308,0.29320217361408724,0.811979483114687,0.7179790229395028,0.900323514284693,0.9328088130774711,0.06719118692253027,0.15939164890779886,0.11361878623257304,0.040894781883810606,0.25064764756292274,0.007659007447532081,0.43425591932783264,0.1740484109291367,0.13519290037255882,0.052593762513397695,0.2724421605469052,0.2550730439008631,0.24616494363078434,0.14518471810451297,0.36057868671466514,0.4147556028658087,0.41443358760640486,0.4083909113684371,0.42071537983461205,0.29116624556426535,0.8862296719024993,8093.400864651526,3461.6693975894705,22271.793451446167,0.3,UB&PB,77780
0,0.0,0.0,0.0,0.0,0.0,0.0,0.0,0.0,0.0,0.0,0.0,0.0,0.0,0.0,0.0,0.0,0.0,0.0,0.0,0.0,0.0,0.0,0.0,0.0,0.0,0.0,0.0,0.0,0.0,0.0,0.0,0.0,0.0,0.0,0.0,0.35,UB&PB,77780
2500,0.9709969774421243,0.6437732356396361,0.516690304521984,0.7673425225888373,0.11204213472366616,0.06233918991559139,0.17698477429730494,0.8269627066545603,0.7197738998926136,0.9150266117157596,0.9379658848614089,0.06203411513859284,0.17510246953552436,0.1364287900638715,0.045552380171994714,0.282354337704547,0.007656662987313313,0.4483167778549493,0.18987036520273798,0.159348965201497,0.05923590043274268,0.3026713936930811,0.2783503395816913,0.2803912831054086,0.15854518999718384,0.3982492822778638,0.40556316944937,0.4052096075756299,0.3997395331855499,0.41085753773997113,0.24994924216968512,0.9373092373439753,6496.532549864968,2759.811147400809,18369.196404473307,0.35,UB&PB,77780
0,0.0,0.0,0.0,0.0,0.0,0.0,0.0,0.0,0.0,0.0,0.0,0.0,0.0,0.0,0.0,0.0,0.0,0.0,0.0,0.0,0.0,0.0,0.0,0.0,0.0,0.0,0.0,0.0,0.0,0.0,0.0,0.0,0.0,0.0,0.0,0.4,UB&PB,77780
2500,0.9807417832097312,0.8079791401756061,0.6929026212574544,0.9003232638444021,0.09398928090577091,0.04403982478399377,0.16353829460497557,0.8032778084956885,0.6992156673225866,0.8945010035738205,0.9240739161336178,0.07592608386638244,0.1823815798526712,0.13984344104948207,0.043546737591643604,0.29877512177369836,0.007790740985062034,0.46965670638921136,0.19039934812925516,0.15244325389669702,0.05121412895651143,0.31005099951849296,0.2915389048510136,0.2951113230560965,0.16130302196169582,0.4218033880194295,0.411605902621584,0.4112435867746231,0.406931874193855,0.4157060522483286,0.33963582635537976,0.5789783178462606,17939.394530575246,6330.517262022636,58610.868658957166,0.4,UB&PB,77780
0,0.0,0.0,0.0,0.0,0.0,0.0,0.0,0.0,0.0,0.0,0.0,0.0,0.0,0.0,0.0,0.0,0.0,0.0,0.0,0.0,0.0,0.0,0.0,0.0,0.0,0.0,0.0,0.0,0.0,0.0,0.0,0.0,0.0,0.0,0.0,0.45,UB&PB,77780
2500,0.9921994814883864,0.7814525520310499,0.6641671738685684,0.8662548030753703,0.07096515194796726,0.03131235254667877,0.12458618472059164,0.7737806747013503,0.6815960598848012,0.8755810655398979,0.8996716417910448,0.10032835820895515,0.20115841899999473,0.17130577585381374,0.06166531836006016,0.3285960710317992,0.011767323356133572,0.47174699981484836,0.21104167066104437,0.18498627054204633,0.07301153056900078,0.3406254189685705,0.31096291030608036,0.3284247663381701,0.19060797040344296,0.4284104896994271,0.41114942218966444,0.4108440886004631,0.40651052374680857,0.41534102973376724,0.06932786303989902,0.46150871472968047,10512.49384571784,3826.1127258207157,36169.52244399642,0.45,UB&PB,77780
0,0.0,0.0,0.0,0.0,0.0,0.0,0.0,0.0,0.0,0.0,0.0,0.0,0.0,0.0,0.0,0.0,0.0,0.0,0.0,0.0,0.0,0.0,0.0,0.0,0.0,0.0,0.0,0.0,0.0,0.0,0.0,0.0,0.0,0.0,0.0,0.5,UB&PB,77780
2500,1.0047507959882767,0.8131810170740875,0.7043339618100622,0.8931517728278184,0.044084122138855944,0.017962786654797065,0.08313522940796486,0.8101100057693581,0.7058443426310798,0.8884602315199861,0.8639068941009241,0.13609310589907617,0.21771759162041524,0.1937882152895358,0.07395170225111504,0.3580421224879579,0.014361625804084255,0.48192954560479323,0.22706195503080479,0.2053573850532461,0.08568918842335428,0.36675964874942046,0.3292194518948975,0.3550068655127714,0.2139036280153181,0.4422381437201417,0.4135099570177096,0.41320370532251904,0.40913205796639257,0.4174213116620304,0.14734834183602355,0.6064699356829618,11753.291495256635,3823.2124040238828,46269.65658012792,0.5,UB&PB,77780
0,0.0,0.0,0.0,0.0,0.0,0.0,0.0,0.0,0.0,0.0,0.0,0.0,0.0,0.0,0.0,0.0,0.0,0.0,0.0,0.0,0.0,0.0,0.0,0.0,0.0,0.0,0.0,0.0,0.0,0.0,0.0,0.0,0.0,0.0,0.0,0.55,UB&PB,77780
2500,1.0250644081489249,0.8276638520627931,0.7156187358974084,0.910640543232441,0.038474814383105856,0.014947066234515732,0.07329758218943207,0.7107167068527602,0.5961576760642319,0.8119160745327508,0.8558720682302765,0.1441279317697228,0.24311312461868498,0.22776526492627971,0.10431406890383232,0.38392668439050726,0.025385061171852734,0.4957561769899626,0.25227412110626796,0.23895697582921324,0.11744225194242348,0.39005804670536304,0.34778640708581265,0.3740318956698631,0.23950917356759718,0.4539403563356308,0.41974113507222793,0.4194278026476551,0.4154905113329223,0.4235482128460889,0.042209676455398075,0.4855495352318649,11840.796208749687,3755.939491154735,49360.07712971685,0.55,UB&PB,77780
0,0.0,0.0,0.0,0.0,0.0,0.0,0.0,0.0,0.0,0.0,0.0,0.0,0.0,0.0,0.0,0.0,0.0,0.0,0.0,0.0,0.0,0.0,0.0,0.0,0.0,0.0,0.0,0.0,0.0,0.0,0.0,0.0,0.0,0.0,0.0,0.6,UB&PB,77780
2500,1.0279461637601779,0.88937921227572,0.7963716283306406,0.9493479674543791,0.03247237535815184,0.011872328735359908,0.06305941806571516,0.7271617833626637,0.5970718483317571,0.8570529167218622,0.7722402274342571,0.22775977256574262,0.24733003683961446,0.23242494856856724,0.10713520295256745,0.39119476941871884,0.022886346633912737,0.501497393334276,0.2544448391570988,0.24097322728478918,0.1180336268826103,0.39488610768508353,0.351081729804805,0.3788895159533131,0.24471183939915286,0.4556943183803417,0.4121707961759762,0.41189455907788636,0.4080961566879248,0.41582363648873866,0.49342289706238335,0.9089717469204135,14754.961644753079,4209.191804725367,69074.76846646573,0.6,UB&PB,77780
0,0.0,0.0,0.0,0.0,0.0,0.0,0.0,0.0,0.0,0.0,0.0,0.0,0.0,0.0,0.0,0.0,0.0,0.0,0.0,0.0,0.0,0.0,0.0,0.0,0.0,0.0,0.0,0.0,0.0,0.0,0.0,0.0,0.0,0.0,0.0,0.65,UB&PB,77780
2500,1.0526585348894268,0.8575454469151599,0.7710545930209608,0.9248167872204015,0.030214922164520677,0.01076177322722793,0.059118931452926696,0.7247633463191913,0.629982489048319,0.8200761870434514,0.7474854299928919,0.2525145700071075,0.2699456200338378,0.261287888543631,0.14238569680393637,0.40564106211859546,0.03658355682604233,0.5079485621463913,0.27789851236003016,0.27146340284309856,0.15453056953893066,0.40820715697744037,0.3651246223144916,0.3914971224556778,0.2705699855333999,0.45870042304306796,0.4168413850953121,0.4165453268330395,0.4127583747821898,0.42045698195506453,0.3945008384217757,0.7599806878532377,11332.379430788615,3325.755093773125,53210.31366066236,0.65,UB&PB,77780
0,0.0,0.0,0.0,0.0,0.0,0.0,0.0,0.0,0.0,0.0,0.0,0.0,0.0,0.0,0.0,0.0,0.0,0.0,0.0,0.0,0.0,0.0,0.0,0.0,0.0,0.0,0.0,0.0,0.0,0.0,0.0,0.0,0.0,0.0,0.0,0.7,UB&PB,77780
2500,1.0737027505550438,0.8582627090241197,0.7620134042286887,0.9267954658912,0.029408973899599407,0.010385584204693142,0.057526250691065234,0.7194548603605156,0.5656953747164151,0.8726189080427118,0.5222174840085285,0.47778251599147026,0.29802302358656746,0.30143721054272904,0.18106101091373555,0.41882125757061006,0.05619076814660942,0.5262539622667579,0.3061071662111512,0.3128576112741271,0.19262117597207729,0.42105542709789234,0.38722318062219796,0.4087421644362382,0.31235232203639307,0.46452962037877576,0.42112449286786074,0.42083335603519834,0.4170191410585763,0.42477028898579666,0.6066437466050411,0.8835901285852782,10305.440457439863,2779.499114896882,51128.01241178924,0.7,UB&PB,77780
0,0.0,0.0,0.0,0.0,0.0,0.0,0.0,0.0,0.0,0.0,0.0,0.0,0.0,0.0,0.0,0.0,0.0,0.0,0.0,0.0,0.0,0.0,0.0,0.0,0.0,0.0,0.0,0.0,0.0,0.0,0.0,0.0,0.0,0.0,0.0,0.75,UB&PB,77780
2500,1.100743802697811,0.8538489235825599,0.7662548969389391,0.9231733614567587,0.027030675281849888,0.00918479315241463,0.05326183992085245,0.670374197584674,0.546401410628302,0.8068354838208985,0.24849609097370298,0.7515039090262965,0.328654683960652,0.34231168018973596,0.23206752919932058,0.42449740259294416,0.09424791256471038,0.5424839119875843,0.3363048655550338,0.35166437774698855,0.24184111091735927,0.4275048233946114,0.405732210459135,0.4180228534029766,0.3521481996978941,0.46334343904755304,0.4222663221922372,0.42198687284095115,0.41828031991525133,0.4258374028029554,0.6263473026152787,0.9645526687047019,9386.562455896566,2272.751359937113,49671.65269806514,0.75,UB&PB,77780
0,0.0,0.0,0.0,0.0,0.0,0.0,0.0,0.0,0.0,0.0,0.0,0.0,0.0,0.0,0.0,0.0,0.0,0.0,0.0,0.0,0.0,0.0,0.0,0.0,0.0,0.0,0.0,0.0,0.0,0.0,0.0,0.0,0.0,0.0,0.0,0.8,UB&PB,77780
2500,1.11485694006456,0.8830150884308375,0.7896285813258553,0.9444250678696442,0.027494048201585488,0.009348479600980807,0.05432394887094412,0.5460659445749555,0.4113578272572038,0.6805011907782414,0.20408386638237386,0.7959161336176257,0.3483000906821861,0.3702654014887369,0.26592247568654065,0.42442273119062685,0.12863059574427935,0.5420586131889071,0.35462889684979926,0.37514561974413696,0.27427443099969484,0.4278356612751488,0.40741842790301624,0.4159319416664153,0.35725278255699483,0.4603817597192952,0.41838126713039503,0.4180570050169793,0.4144083001926106,0.4218695329682482,0.14298738131683678,0.47366803896102183,10283.748480169801,2367.964642379651,56567.69406378312,0.8,UB&PB,77780
0,0.0,0.0,0.0,0.0,0.0,0.0,0.0,0.0,0.0,0.0,0.0,0.0,0.0,0.0,0.0,0.0,0.0,0.0,0.0,0.0,0.0,0.0,0.0,0.0,0.0,0.0,0.0,0.0,0.0,0.0,0.0,0.0,0.0,0.0,0.0,0.85,UB&PB,77780
2500,1.1322691989607743,0.8511021521201269,0.7578795172526136,0.9286271558704389,0.026728194452893973,0.009112769429278418,0.0527058686741229,0.7073337184959771,0.5932603417750251,0.8257017306938474,0.21706112295664556,0.7829388770433535,0.35651295311774667,0.38368814971497195,0.2759529362212724,0.4289117105424604,0.1355138961306136,0.5485691429480675,0.3630959806266677,0.386039683732003,0.28642935029399486,0.4331634728831298,0.41018710990764407,0.4188468745022735,0.3601011270602488,0.46216640668041997,0.42182372491237147,0.42152553828953393,0.41774702240585904,0.4254395294416045,0.46921700506047115,0.8311505786019205,8696.491057929634,2126.0847711654155,46782.84798806379,0.85,UB&PB,77780
0,0.0,0.0,0.0,0.0,0.0,0.0,0.0,0.0,0.0,0.0,0.0,0.0,0.0,0.0,0.0,0.0,0.0,0.0,0.0,0.0,0.0,0.0,0.0,0.0,0.0,0.0,0.0,0.0,0.0,0.0,0.0,0.0,0.0,0.0,0.0,0.9,UB&PB,77780
2500,1.1609614079830768,0.8779110950578723,0.7791268834647977,0.9464917848068479,0.028126227481850525,0.009627104194104083,0.055491453140364064,0.5557872108337673,0.43632267316419204,0.7009500831381956,0.15275977256574275,0.8472402274342582,0.3867386038115956,0.4076732902654907,0.32853973221618116,0.44167756235868677,0.18683641877692755,0.5589707478414138,0.3921841100410231,0.40829751565561245,0.3361556032892584,0.4464541532910564,0.42283937515884806,0.42795972061633886,0.377661962768045,0.4698703505052595,0.42942676827910375,0.42916190055314574,0.42543203192599777,0.43300111826256216,0.8195622870074976,1.0250725935534275,8946.131080596246,2087.092922881112,49192.54351166282,0.9,UB&PB,77780
0,0.0,0.0,0.0,0.0,0.0,0.0,0.0,0.0,0.0,0.0,0.0,0.0,0.0,0.0,0.0,0.0,0.0,0.0,0.0,0.0,0.0,0.0,0.0,0.0,0.0,0.0,0.0,0.0,0.0,0.0,0.0,0.0,0.0,0.0,0.0,0.95,UB&PB,77780
2500,1.1592233010364696,0.8358777966461426,0.7419665510065151,0.9153795143478866,0.029040389899591228,0.010117839171298717,0.057060929669608074,0.8550484350107959,0.7589764004827696,0.924862845756778,0.17217910447761192,0.8278208955223888,0.37698324932646415,0.3934449672911557,0.3261411637407409,0.42713852561039206,0.18226664748583438,0.5464540537479774,0.3818760128724307,0.39271736362109955,0.33369815536118813,0.4319214721047502,0.40516853587863044,0.4105665842503063,0.3540923842631873,0.4561269172676542,0.4128828299807117,0.4125800984788912,0.4086868852172928,0.41655533860160404,0.431787895671521,1.0431970791759502,8226.321277122472,2021.3972262615848,43344.355029970735,0.95,UB&PB,77780
