time,Vbar,soc_h_median,soc_h_lerror,soc_h_herror,soc_v_median,soc_v_lerror,soc_v_herror,sens_median,sens_lerror,sens_herror,freq_ub,freq_pb,s_mean,s_median,s_lerror,s_herror,s_ltail,s_htail,s_end_mean,s_end_median,s_end_lerror,s_end_herror,s_young_mean,s_young_median,s_young_lerror,s_young_herror,s_child_mean,s_child_median,s_child_lerror,s_child_herror,sbar,mean_increment,concentration,concentration_lerror,concentration_herror,T,aleph,strategies,seed
0,0.0,0.0,0.0,0.0,0.0,0.0,0.0,0.0,0.0,0.0,0.0,0.0,0.0,0.0,0.0,0.0,0.0,0.0,0.0,0.0,0.0,0.0,0.0,0.0,0.0,0.0,0.0,0.0,0.0,0.0,0.0,0.0,0.0,0.0,0.0,500,0.05,UB&PB,45069
2500,0.9086740087355681,0.19883582494231217,0.09475056085451224,0.3556445700879816,0.8932968500046519,0.8112727281663832,0.9499628206860211,0.7029008357333953,0.578311550718665,0.808309902108128,0.9705501066098089,0.029449893390191904,0.03327893824460254,3.525166457368213e-5,5.496425236216419e-8,0.00912701488997332,0.0,0.18859777949748951,0.039145689872342605,0.0,0.0,0.017400182181401068,0.047511063233932255,0.003729666999217427,5.245805936287503e-6,0.05500676063782606,0.4175753657798421,0.4202744103343053,0.373912770759255,0.4660079616700531,0.03489691680803037,0.7796203199326105,5680.3698058048985,4328.8814724326385,7725.468760584275,500,0.05,UB&PB,45069
0,0.0,0.0,0.0,0.0,0.0,0.0,0.0,0.0,0.0,0.0,0.0,0.0,0.0,0.0,0.0,0.0,0.0,0.0,0.0,0.0,0.0,0.0,0.0,0.0,0.0,0.0,0.0,0.0,0.0,0.0,0.0,0.0,0.0,0.0,0.0,500,0.1,UB&PB,45069
2500,0.9473700062770409,0.1859309299813897,0.09305206255027008,0.3043201285636834,0.892922032663926,0.8193337307433951,0.949170077665396,0.5381419121052119,0.3770002734030313,0.7090786721906064,0.974784648187633,0.025215351812366768,0.02055567632558551,0.0004471638676298512,7.182831691944524e-6,0.022182815279896555,0.0,0.0999900059200929,0.02731976917013361,0.00021122693138365703,0.0,0.03553654435069817,0.022293825459093197,0.006549936646932285,0.00019442624641589787,0.026737828346236305,0.4181265820278842,0.42150807207381397,0.36996070733564496,0.4713095198666109,0.023011419516071788,1.022391995947623,6411.713867227307,5570.685407225457,7615.162218540331,500,0.1,UB&PB,45069
0,0.0,0.0,0.0,0.0,0.0,0.0,0.0,0.0,0.0,0.0,0.0,0.0,0.0,0.0,0.0,0.0,0.0,0.0,0.0,0.0,0.0,0.0,0.0,0.0,0.0,0.0,0.0,0.0,0.0,0.0,0.0,0.0,0.0,0.0,0.0,500,0.15,UB&PB,45069
2500,0.9548336669022489,0.19328166803130725,0.07799024515682614,0.36550671175549737,0.8551755689172696,0.741288305645241,0.9303792184849238,0.7335301977909221,0.5913870702161343,0.8560830043947092,0.974685145700072,0.025314854299928954,0.027000555345742715,0.0009605974592729375,2.5166487042123756e-5,0.03433239314728214,0.0,0.12742531342401078,0.03662204628518894,0.0005731797890188937,0.0,0.053510161025211785,0.028576197897902486,0.011491075242595815,0.0008291456594503684,0.03650983799899815,0.41807053200098426,0.42090094446910464,0.37090756812501785,0.47039415863917733,0.03504126323802278,0.7944282989045156,4970.1234925314575,4173.059187649686,6086.209850643422,500,0.15,UB&PB,45069
0,0.0,0.0,0.0,0.0,0.0,0.0,0.0,0.0,0.0,0.0,0.0,0.0,0.0,0.0,0.0,0.0,0.0,0.0,0.0,0.0,0.0,0.0,0.0,0.0,0.0,0.0,0.0,0.0,0.0,0.0,0.0,0.0,0.0,0.0,0.0,500,0.2,UB&PB,45069
2500,0.9610319707497764,0.12341639304905475,0.058308745370278144,0.23613813064326225,0.8551372841319627,0.7660147159892219,0.9237954767322484,0.40968940694313694,0.2605063238676459,0.5602027513410406,0.9716460554371011,0.028353944562899754,0.03244838852499666,0.011331108996139596,0.00033365112104902087,0.054470098757378876,3.985786148598461e-7,0.1155095424896127,0.045713237144085594,0.01926638973136638,3.936955366680308e-5,0.07924312611642502,0.02901915268630955,0.01693458133421938,0.0019383048774619263,0.04545628028764553,0.41854843992125473,0.42357257531849163,0.35415496694729837,0.48954883316780184,0.04033003952780725,1.0735006364570834,5065.906216548317,4500.689839061877,5719.716580132802,500,0.2,UB&PB,45069
0,0.0,0.0,0.0,0.0,0.0,0.0,0.0,0.0,0.0,0.0,0.0,0.0,0.0,0.0,0.0,0.0,0.0,0.0,0.0,0.0,0.0,0.0,0.0,0.0,0.0,0.0,0.0,0.0,0.0,0.0,0.0,0.0,0.0,0.0,0.0,500,0.25,UB&PB,45069
2500,0.9562278824801659,0.16148691707260138,0.08915277367953384,0.2614442637804942,0.7158885360684555,0.576871028293746,0.8227628147296607,0.5551336967850757,0.4192868173562808,0.6681815529226987,0.976352523098793,0.023647476901208282,0.05524329756199757,0.017942054726769827,0.0003474804262757219,0.09503268634224543,3.594567144192557e-7,0.1993155608241802,0.07943766194918096,0.03817156057447193,0.0,0.137396039313045,0.05323996988143445,0.03806881305444921,0.005640915695096454,0.0836826938205047,0.4182465525566986,0.424332098892329,0.35472792380757057,0.48833984375794576,0.06041880702028727,0.9127001979324934,3058.619491321603,2563.478073178599,3609.7888035806,500,0.25,UB&PB,45069
0,0.0,0.0,0.0,0.0,0.0,0.0,0.0,0.0,0.0,0.0,0.0,0.0,0.0,0.0,0.0,0.0,0.0,0.0,0.0,0.0,0.0,0.0,0.0,0.0,0.0,0.0,0.0,0.0,0.0,0.0,0.0,0.0,0.0,0.0,0.0,500,0.3,UB&PB,45069
2500,0.9623048434271039,0.13781134931154781,0.06075870113708893,0.24844850630518525,0.7636741797641299,0.6336913240436363,0.8760215472467706,0.39647407112173044,0.2582854723472963,0.5642710724878756,0.969790334044065,0.030209665955934554,0.05843166218247184,0.03355570312761713,0.0015741244950501045,0.09920848021450311,9.476848083743644e-6,0.1841630965471627,0.08086212338269741,0.05696030621846501,0.00032716314308713865,0.13662422824298565,0.056120697345309764,0.046570121414882766,0.011960337540421183,0.08538363328682073,0.41883153555768465,0.42509744792931775,0.35126030583284285,0.49373715894613807,0.05165630371183382,1.0941823258869623,3537.1284743399915,3037.3624672831206,4048.0312238660276,500,0.3,UB&PB,45069
0,0.0,0.0,0.0,0.0,0.0,0.0,0.0,0.0,0.0,0.0,0.0,0.0,0.0,0.0,0.0,0.0,0.0,0.0,0.0,0.0,0.0,0.0,0.0,0.0,0.0,0.0,0.0,0.0,0.0,0.0,0.0,0.0,0.0,0.0,0.0,500,0.35,UB&PB,45069
2500,0.9498796124444817,0.15929857998108793,0.08337482835719846,0.2699050396724458,0.6337055350627878,0.5044473912347249,0.757148406600699,0.38282888339579585,0.24843047120802553,0.5414923676840576,0.9720739161336187,0.027926083866382376,0.10051245035173118,0.07720030801363371,0.006240417303420651,0.16655194189827194,0.00011189541918242144,0.28753608390934265,0.1343025905926275,0.11610255662880865,0.008450738983827732,0.21720443394485386,0.1120268634989186,0.10991638099651799,0.055572115444999036,0.15777721410960574,0.41822324562813534,0.42344697656167846,0.35945208154710756,0.48354946307211566,0.20038232706793263,0.8153796580637628,2779.8316014406955,2335.4246900968956,3221.0994127171994,500,0.35,UB&PB,45069
0,0.0,0.0,0.0,0.0,0.0,0.0,0.0,0.0,0.0,0.0,0.0,0.0,0.0,0.0,0.0,0.0,0.0,0.0,0.0,0.0,0.0,0.0,0.0,0.0,0.0,0.0,0.0,0.0,0.0,0.0,0.0,0.0,0.0,0.0,0.0,500,0.4,UB&PB,45069
2500,0.9326035564122662,0.07787938229546229,0.0334716552164189,0.1445344026561939,0.26153137293115514,0.17573581316836365,0.3669357371783469,0.6331333157025424,0.5523595552248093,0.7238975440324107,0.9795152807391619,0.020484719260838714,0.19902200414320845,0.172246103023507,0.027982110979856305,0.3219034171874793,0.0005104495724125125,0.529544142540084,0.25969881777994,0.24154648675351706,0.0625369404366371,0.40690028724098687,0.2564919997701293,0.257000998140436,0.18613627970677116,0.32388612727592386,0.42023538959658235,0.4334809431265935,0.3194867572297047,0.5343332474332054,0.22719478312526703,0.7413070448223485,981.3346952831754,800.1319791758361,1206.09935482017,500,0.4,UB&PB,45069
0,0.0,0.0,0.0,0.0,0.0,0.0,0.0,0.0,0.0,0.0,0.0,0.0,0.0,0.0,0.0,0.0,0.0,0.0,0.0,0.0,0.0,0.0,0.0,0.0,0.0,0.0,0.0,0.0,0.0,0.0,0.0,0.0,0.0,0.0,0.0,500,0.45,UB&PB,45069
2500,0.949830260842539,0.12286369506268835,0.0548183631137233,0.21333209241819506,0.3810971752597332,0.29688089747533186,0.46879170935544967,0.6388026066640606,0.5103449966612789,0.7513277219697603,0.9743205401563618,0.025679459843638962,0.18081152343029624,0.1597885433146468,0.03273287606787171,0.2878491316701064,0.0005768157123088042,0.46938571596131795,0.23244914309184062,0.21609896794683925,0.06557801685320892,0.36164502737757326,0.22624822028950553,0.22419999827857076,0.16332844401725669,0.28460453107944256,0.4195337046415986,0.42949715556926105,0.33602926548438244,0.5134712427493535,0.1928047054049978,0.7000690589576982,1701.8077221592935,1443.3592367797953,1992.809471168869,500,0.45,UB&PB,45069
0,0.0,0.0,0.0,0.0,0.0,0.0,0.0,0.0,0.0,0.0,0.0,0.0,0.0,0.0,0.0,0.0,0.0,0.0,0.0,0.0,0.0,0.0,0.0,0.0,0.0,0.0,0.0,0.0,0.0,0.0,0.0,0.0,0.0,0.0,0.0,500,0.5,UB&PB,45069
2500,0.9453559179601644,0.08301728006701406,0.0382926250018662,0.14318289504367643,0.11658067864229558,0.06659306680636184,0.17921669900795956,0.7666831668870254,0.6317752916251123,0.8853141795692061,0.9788542999289265,0.021145700071073185,0.25981899274155357,0.24057325436965848,0.05702923634942598,0.40927708465397944,0.001024943190379025,0.6496669927099035,0.32663653470051995,0.3137221832074307,0.10851456157075616,0.5047020124979911,0.3379348874907873,0.34250328568715366,0.2662924251034212,0.41212732999124607,0.41985518255650234,0.4317117898589493,0.32518473883538596,0.5256512858497605,0.2627025922981487,0.7538547060509624,668.7679584035476,579.4203598361177,788.3010071887513,500,0.5,UB&PB,45069
0,0.0,0.0,0.0,0.0,0.0,0.0,0.0,0.0,0.0,0.0,0.0,0.0,0.0,0.0,0.0,0.0,0.0,0.0,0.0,0.0,0.0,0.0,0.0,0.0,0.0,0.0,0.0,0.0,0.0,0.0,0.0,0.0,0.0,0.0,0.0,500,0.55,UB&PB,45069
2500,0.9534076751826545,0.08385713890155305,0.03735994546711107,0.14547811810151096,0.07877015303971074,0.038765393304619394,0.13194764463757438,0.7495592205376168,0.6599425355853737,0.842208884590539,0.9745394456289974,0.02546055437100209,0.29199498233116905,0.2781392268892726,0.0866740857753178,0.4502797352924128,0.0015830307736920365,0.6955774162517776,0.35723771049485237,0.34620448761313327,0.14216628153704539,0.5453513174336977,0.37828314873438595,0.3815508440713602,0.3093177869248713,0.4492591629669023,0.41956234451124136,0.4310173696157065,0.3260032118057008,0.5238436841963159,0.2876609143592256,0.7756236686456869,624.1365870794926,554.4980246129157,717.9393508269736,500,0.55,UB&PB,45069
0,0.0,0.0,0.0,0.0,0.0,0.0,0.0,0.0,0.0,0.0,0.0,0.0,0.0,0.0,0.0,0.0,0.0,0.0,0.0,0.0,0.0,0.0,0.0,0.0,0.0,0.0,0.0,0.0,0.0,0.0,0.0,0.0,0.0,0.0,0.0,500,0.6,UB&PB,45069
2500,0.9667139251817496,0.07931276189526237,0.035022940787980655,0.14620710142200014,0.05419828273288958,0.024104788777579347,0.09468819075623103,0.7975251783278613,0.7036550824748492,0.8842572443925902,0.969128642501778,0.030871357498223152,0.31255017218033376,0.30036512708415375,0.10365115283383654,0.47896851341690233,0.0019501208130458007,0.7265390953629727,0.37535036148028517,0.36414232886040815,0.1586843292405071,0.5729388589940116,0.399537917095725,0.40278585468127337,0.33077863786583594,0.47106282652703685,0.41973019381620047,0.4308614792472716,0.32630816587505396,0.5248761477769611,0.3236598223575907,0.7985083035089423,600.4424671780279,544.811449559616,677.1176217284391,500,0.6,UB&PB,45069
0,0.0,0.0,0.0,0.0,0.0,0.0,0.0,0.0,0.0,0.0,0.0,0.0,0.0,0.0,0.0,0.0,0.0,0.0,0.0,0.0,0.0,0.0,0.0,0.0,0.0,0.0,0.0,0.0,0.0,0.0,0.0,0.0,0.0,0.0,0.0,500,0.65,UB&PB,45069
2500,0.9800627951972555,0.08508948221547495,0.04099714833908361,0.14913132871264406,0.04773463582288535,0.020322644909209382,0.08512206532508877,0.8110406563732534,0.7281056960168912,0.8872793523627736,0.9668862828713575,0.033113717128642424,0.32450427665976656,0.31349774946382136,0.1177408405491582,0.49356203928969816,0.002655751307831803,0.7380156232862605,0.38576402496112944,0.3741412833365456,0.17178459389981082,0.5864765717375982,0.4090149172119648,0.4121947863764721,0.34172912925415866,0.4790935719215039,0.41958605752096506,0.4307706286969391,0.3281123737652437,0.5221918357823115,0.33254024831354523,0.7888303654576035,594.0805869369377,544.2066534191771,663.771373840222,500,0.65,UB&PB,45069
0,0.0,0.0,0.0,0.0,0.0,0.0,0.0,0.0,0.0,0.0,0.0,0.0,0.0,0.0,0.0,0.0,0.0,0.0,0.0,0.0,0.0,0.0,0.0,0.0,0.0,0.0,0.0,0.0,0.0,0.0,0.0,0.0,0.0,0.0,0.0,500,0.7,UB&PB,45069
2500,0.9942280498627755,0.07978444461012457,0.03742645380394069,0.13574000022487634,0.04124538629023375,0.01679569850743994,0.07447304470773888,0.8321200542280301,0.74062573408981,0.9088414447310852,0.963350390902631,0.036649609097370334,0.33835715182976733,0.32635830370685814,0.13089546938101937,0.5137008176214589,0.003396877597695627,0.7567016562019745,0.3965184090567448,0.38364429571279585,0.1817374444077268,0.6033310326474906,0.4174232430664311,0.4208757197106636,0.34740929294883427,0.49032223737497194,0.41875423844897824,0.4307991421325376,0.3214186052124545,0.5282827055060054,0.3476915814930539,0.8417462936136149,583.2102845289054,540.714569998777,643.5405127213439,500,0.7,UB&PB,45069
0,0.0,0.0,0.0,0.0,0.0,0.0,0.0,0.0,0.0,0.0,0.0,0.0,0.0,0.0,0.0,0.0,0.0,0.0,0.0,0.0,0.0,0.0,0.0,0.0,0.0,0.0,0.0,0.0,0.0,0.0,0.0,0.0,0.0,0.0,0.0,500,0.75,UB&PB,45069
2500,1.0055140144727335,0.0954990658314441,0.04574566266915554,0.15984945186018745,0.036011143186705834,0.013912821135775561,0.06680897266045452,0.7084424229603922,0.607991317388812,0.8093403794883086,0.9572523098791764,0.04274769012082448,0.3597189699653828,0.3499981629366085,0.1637965753013556,0.5361030838645443,0.006771466225805281,0.7665614640442026,0.4136232214343419,0.4005458131740294,0.20653735366107542,0.6207483429767233,0.42949203202130537,0.43269563120298,0.36510480136040024,0.49693836765075355,0.41892629413437915,0.428992740805384,0.33263694089099966,0.5146663299376619,0.3309866718076487,0.7734098507445465,579.8146833560862,540.1709505404639,633.0440536423149,500,0.75,UB&PB,45069
0,0.0,0.0,0.0,0.0,0.0,0.0,0.0,0.0,0.0,0.0,0.0,0.0,0.0,0.0,0.0,0.0,0.0,0.0,0.0,0.0,0.0,0.0,0.0,0.0,0.0,0.0,0.0,0.0,0.0,0.0,0.0,0.0,0.0,0.0,0.0,500,0.8,UB&PB,45069
2500,1.0259071074848727,0.08073813753781459,0.03741872620733653,0.13797757069944414,0.03193443731692671,0.011841866518710725,0.06034983078135482,0.7967340087466307,0.7095429042542869,0.8712690367501547,0.958950248756218,0.0410497512437811,0.3694389256913121,0.3565989033522556,0.16792419146718698,0.5545805171871077,0.00785802172690128,0.7853847261300925,0.41978221383517633,0.40565482318680285,0.20682001916188944,0.6339563924893873,0.43320400343972115,0.43779452247361983,0.3633740153842547,0.5072784205435287,0.4191974393874371,0.431242216806563,0.3227541193179056,0.5276948615651564,0.3564846184052671,0.8436341530572368,570.8582746106333,537.2570279263862,618.2915340773048,500,0.8,UB&PB,45069
0,0.0,0.0,0.0,0.0,0.0,0.0,0.0,0.0,0.0,0.0,0.0,0.0,0.0,0.0,0.0,0.0,0.0,0.0,0.0,0.0,0.0,0.0,0.0,0.0,0.0,0.0,0.0,0.0,0.0,0.0,0.0,0.0,0.0,0.0,0.0,500,0.85,UB&PB,45069
2500,1.0440785357222482,0.08459392154020226,0.039146087306089074,0.14317280567874494,0.028086944659969006,0.009955488662013142,0.05403790115171197,0.7121735732386305,0.6001447209337134,0.8172957174698028,0.9526560056858567,0.0473439943141436,0.3899819919800626,0.3773133256277158,0.19298300035831137,0.5795021316395658,0.013911584402148156,0.8004032441138821,0.43402257771356295,0.4201735652787974,0.22132437097495555,0.6518246299098991,0.44125078932907175,0.44644718557450924,0.3717305198913609,0.5155492342382134,0.4196259689499574,0.43158904137584936,0.32464015836814514,0.525617637741075,0.37509133098642655,0.8659889394009741,565.439778598695,535.8369149993156,605.7784951809821,500,0.85,UB&PB,45069
0,0.0,0.0,0.0,0.0,0.0,0.0,0.0,0.0,0.0,0.0,0.0,0.0,0.0,0.0,0.0,0.0,0.0,0.0,0.0,0.0,0.0,0.0,0.0,0.0,0.0,0.0,0.0,0.0,0.0,0.0,0.0,0.0,0.0,0.0,0.0,500,0.9,UB&PB,45069
2500,1.06849021574131,0.0660181363366266,0.02925283462354478,0.1183742063817963,0.027283641627858624,0.009664480144695675,0.05230639214683071,0.7145308110041491,0.6008580414478937,0.8288543133890952,0.954071783937456,0.04592821606254445,0.4056584586002852,0.39251358610821885,0.20384347093845828,0.6040440285717034,0.019279474353467926,0.819840711401357,0.4426851542735342,0.42977731523681934,0.2238003386007538,0.6664377799917465,0.44693999780225624,0.45418827826988734,0.3719745091642817,0.5288831315242483,0.4202428649939086,0.4347077528246121,0.31237800458706655,0.5428580594838882,0.3891799476480203,0.87488106125573,558.1351368333675,533.034509002075,594.0471703673747,500,0.9,UB&PB,45069
0,0.0,0.0,0.0,0.0,0.0,0.0,0.0,0.0,0.0,0.0,0.0,0.0,0.0,0.0,0.0,0.0,0.0,0.0,0.0,0.0,0.0,0.0,0.0,0.0,0.0,0.0,0.0,0.0,0.0,0.0,0.0,0.0,0.0,0.0,0.0,500,0.95,UB&PB,45069
2500,1.1021736757592409,0.062114207104852735,0.02606592821892046,0.1118167354503277,0.024884499733803616,0.008355301284622065,0.04854060702961779,0.7397849340096057,0.6263397133406838,0.8494340832348528,0.9483056147832263,0.0516943852167733,0.42459369384395534,0.41308260860455526,0.21709613663662286,0.6307965843590573,0.029776211268781657,0.8387608429880811,0.4516495496151837,0.4405980337648439,0.2251235780312754,0.6819027728060998,0.4519154299670682,0.460870891358242,0.37327072562615377,0.5387423517869541,0.4207366508747393,0.43677788541133555,0.30719643703485294,0.549976402869581,0.4241726241490164,0.9377678176947097,552.4846750784692,531.2948587579926,582.9540340033136,500,0.95,UB&PB,45069
0,0.0,0.0,0.0,0.0,0.0,0.0,0.0,0.0,0.0,0.0,0.0,0.0,0.0,0.0,0.0,0.0,0.0,0.0,0.0,0.0,0.0,0.0,0.0,0.0,0.0,0.0,0.0,0.0,0.0,0.0,0.0,0.0,0.0,0.0,0.0,500,0.05,UB&PB,71554
2500,0.9043549400326699,0.13421236548823048,0.06239373310565792,0.2211136353046218,0.843894699419225,0.7420872922032054,0.9287666827238384,0.8425332871225757,0.6854013303929635,0.9232648146935707,0.9718329779673076,0.02816702203269371,0.03769957107976804,4.4907318373539746e-5,1.4932651607166758e-7,0.011302194525967237,0.0,0.21732494253477375,0.04470392403574459,0.0,0.0,0.021846797512758257,0.05485121805569259,0.005052093443557512,2.437756996476718e-5,0.06654996764030902,0.41867170104310936,0.4244311727978377,0.3534046257481481,0.4909372977771636,0.037930917061914975,0.7881867178713314,4642.031329452146,3378.251704642957,6651.171505187272,500,0.05,UB&PB,71554
0,0.0,0.0,0.0,0.0,0.0,0.0,0.0,0.0,0.0,0.0,0.0,0.0,0.0,0.0,0.0,0.0,0.0,0.0,0.0,0.0,0.0,0.0,0.0,0.0,0.0,0.0,0.0,0.0,0.0,0.0,0.0,0.0,0.0,0.0,0.0,500,0.1,UB&PB,71554
2500,0.948068512155101,0.2521821539002448,0.13350877940673253,0.403480809091282,0.8966761076018298,0.8212002550969626,0.9532950639785647,0.39101939532151114,0.27988799804689624,0.5316259610527381,0.9734982231698659,0.026501776830135045,0.0184967612918689,0.000712387521529647,6.6343025265719135e-6,0.024753476348777313,0.0,0.08559630049446056,0.02577160279800404,0.00030717244081472644,0.0,0.04018166737984038,0.018612820337429642,0.004758303432932086,7.282954990041657e-5,0.025850375777145863,0.41727869845364646,0.4193168579563989,0.38058980550098054,0.45767226004503686,0.01835049872876491,0.9118289121263078,7074.754251306156,6291.6162995049335,8104.891778883768,500,0.1,UB&PB,71554
0,0.0,0.0,0.0,0.0,0.0,0.0,0.0,0.0,0.0,0.0,0.0,0.0,0.0,0.0,0.0,0.0,0.0,0.0,0.0,0.0,0.0,0.0,0.0,0.0,0.0,0.0,0.0,0.0,0.0,0.0,0.0,0.0,0.0,0.0,0.0,500,0.15,UB&PB,71554
2500,0.9586641123691607,0.22896920731428133,0.11225329646629291,0.4226543986286477,0.887743485371325,0.8093071052087332,0.9498195613645916,0.5238414000268733,0.3379652086443984,0.7370322769479346,0.9698948116560048,0.03010518834399435,0.022578620237124418,0.0019341915871356958,2.9587636011200977e-5,0.0315689794383241,0.0,0.09901893496507831,0.030585866142640587,0.0023881157558671225,0.0,0.0481288074318501,0.02259802438538451,0.008188630347458413,0.0003761726397266332,0.031175489913794617,0.41774164895009286,0.41961595990431755,0.37962526941953006,0.45966625305877784,0.02866020478035071,0.9312004897477212,6495.3141331183615,5735.680279506588,7575.010309343158,500,0.15,UB&PB,71554
0,0.0,0.0,0.0,0.0,0.0,0.0,0.0,0.0,0.0,0.0,0.0,0.0,0.0,0.0,0.0,0.0,0.0,0.0,0.0,0.0,0.0,0.0,0.0,0.0,0.0,0.0,0.0,0.0,0.0,0.0,0.0,0.0,0.0,0.0,0.0,500,0.2,UB&PB,71554
2500,0.968602865578564,0.233463018521497,0.1394675146958474,0.3517779943832375,0.9048030496156542,0.819379326452392,0.9557300031103403,0.5362086049831739,0.354294867732419,0.7294903017446158,0.9651940298507469,0.03480597014925378,0.025616686417273698,0.003838931575623029,4.9236311679212625e-5,0.039874611071616446,0.0,0.10403829898348671,0.034935787452048554,0.005044146557699969,0.0,0.05857400587162733,0.023300239533240927,0.008727300611277593,0.0002530932001836819,0.0350075080089547,0.41735435536876664,0.420499975002515,0.37640558020442305,0.46280688842558854,0.046763686372814674,0.9453717725401657,7206.272460634863,6491.638974872074,8186.441524240319,500,0.2,UB&PB,71554
0,0.0,0.0,0.0,0.0,0.0,0.0,0.0,0.0,0.0,0.0,0.0,0.0,0.0,0.0,0.0,0.0,0.0,0.0,0.0,0.0,0.0,0.0,0.0,0.0,0.0,0.0,0.0,0.0,0.0,0.0,0.0,0.0,0.0,0.0,0.0,500,0.25,UB&PB,71554
2500,0.964551810577007,0.17205229557817747,0.09772085360388037,0.2872205013248823,0.8464348551476047,0.7151759834219109,0.930654746813515,0.3905469957702926,0.21174817506647425,0.5906131932225943,0.9716453447050469,0.028354655294953814,0.04046832492289969,0.017944005503481013,0.0004897363797271598,0.0694459924674024,3.648949984334685e-7,0.13621443759574278,0.05618995999563821,0.031240931606019914,4.301078473752532e-7,0.09794159420019709,0.0360652332650347,0.023438511290137194,0.002277008133033577,0.05776290856072347,0.4176028314511958,0.4211631176552405,0.3680566196352721,0.47265402905774473,0.04190024854934595,1.0514123939374527,4358.733007201506,3752.9493592472604,4961.297407940717,500,0.25,UB&PB,71554
0,0.0,0.0,0.0,0.0,0.0,0.0,0.0,0.0,0.0,0.0,0.0,0.0,0.0,0.0,0.0,0.0,0.0,0.0,0.0,0.0,0.0,0.0,0.0,0.0,0.0,0.0,0.0,0.0,0.0,0.0,0.0,0.0,0.0,0.0,0.0,500,0.3,UB&PB,71554
2500,0.9574881456236676,0.16291532172035844,0.07920014379335498,0.2653739374457461,0.732123246336737,0.5873318517236534,0.8435016635450322,0.42040997903671246,0.2552567912434021,0.6313073422989645,0.9742629708599863,0.025737029140014217,0.06659419986446212,0.03942492447656221,0.0015345620393751125,0.11325807118817086,1.887934491929527e-5,0.2096872491849728,0.09228482446178025,0.06633404739549155,0.0013736355948147138,0.15527030489469215,0.06722373680386624,0.057175835235134226,0.01876424110574543,0.10114841621751008,0.4180358318755124,0.4230053205090725,0.3594056161509994,0.4829669994592326,0.10164655750235911,0.8168288831831404,2954.05978174623,2453.8661172347583,3467.382098961719,500,0.3,UB&PB,71554
0,0.0,0.0,0.0,0.0,0.0,0.0,0.0,0.0,0.0,0.0,0.0,0.0,0.0,0.0,0.0,0.0,0.0,0.0,0.0,0.0,0.0,0.0,0.0,0.0,0.0,0.0,0.0,0.0,0.0,0.0,0.0,0.0,0.0,0.0,0.0,500,0.35,UB&PB,71554
2500,0.9149503928435156,0.07027150669024272,0.030248991904026662,0.12928448880535864,0.2435379904909118,0.15831636660180953,0.33577933958672507,0.5655320672297816,0.47096660508290555,0.6698230671369236,0.9803859275053294,0.019614072494669496,0.200879815408313,0.17418754407301673,0.027244203147298033,0.3257504708133669,0.0004704893180688837,0.5342081475296854,0.2658998322713656,0.24918355980375234,0.06473199025545898,0.41387826702624303,0.2652973630941051,0.26637475603413596,0.19528068686264755,0.3332027771200844,0.42049114541677074,0.43364474678812015,0.31713984405509316,0.537399628287571,0.21096655638918618,0.7540731214208222,862.2985265849944,692.6437302220994,1056.040251098886,500,0.35,UB&PB,71554
0,0.0,0.0,0.0,0.0,0.0,0.0,0.0,0.0,0.0,0.0,0.0,0.0,0.0,0.0,0.0,0.0,0.0,0.0,0.0,0.0,0.0,0.0,0.0,0.0,0.0,0.0,0.0,0.0,0.0,0.0,0.0,0.0,0.0,0.0,0.0,500,0.4,UB&PB,71554
2500,0.9247595408187452,0.07348402709351265,0.03247440702876896,0.1282774551566074,0.17709218613668676,0.1145407479008488,0.24685919698509487,0.6561503370289509,0.5558292801942115,0.7624165237305063,0.9801592039800995,0.019840796019900492,0.22480361286629977,0.19949688320052053,0.03520015495360972,0.361940535551908,0.0006060050827215112,0.5868027150283135,0.292319135504814,0.2773983071293277,0.07831535276199324,0.45479446663547934,0.2965755518025983,0.2993576361387589,0.22397439514807826,0.3692381446989723,0.4198062017253799,0.4332425393084757,0.31751525696070676,0.5352751828848257,0.19936888253004634,0.885553623860927,735.9391268678855,617.9750677638082,880.3896084547644,500,0.4,UB&PB,71554
0,0.0,0.0,0.0,0.0,0.0,0.0,0.0,0.0,0.0,0.0,0.0,0.0,0.0,0.0,0.0,0.0,0.0,0.0,0.0,0.0,0.0,0.0,0.0,0.0,0.0,0.0,0.0,0.0,0.0,0.0,0.0,0.0,0.0,0.0,0.0,500,0.45,UB&PB,71554
2500,0.928756731713133,0.07080832003457566,0.031212122633272516,0.12848762151273274,0.13373567979584466,0.08162436925281431,0.20022101240982898,0.6506949865422675,0.5649160687630491,0.7415742806812173,0.9786098081023458,0.021390191897654575,0.25943391045916436,0.24245284979845685,0.06381433205876738,0.4068282172788427,0.0009718768618495002,0.6379729056408004,0.3269796085544295,0.3158595732884789,0.11718938812717956,0.5004045352616387,0.34113938773439767,0.3437692668698595,0.270959357766504,0.4121772302145068,0.4201248250976668,0.4336674064256146,0.31669683448795966,0.5371322639451726,0.24590304981257424,0.7039106219761908,678.3808131405348,583.252137625271,798.350754933082,500,0.45,UB&PB,71554
0,0.0,0.0,0.0,0.0,0.0,0.0,0.0,0.0,0.0,0.0,0.0,0.0,0.0,0.0,0.0,0.0,0.0,0.0,0.0,0.0,0.0,0.0,0.0,0.0,0.0,0.0,0.0,0.0,0.0,0.0,0.0,0.0,0.0,0.0,0.0,500,0.5,UB&PB,71554
2500,0.9402569195533129,0.07898859425626448,0.036028077265895624,0.13937143104521893,0.10306167590613935,0.05658879862049396,0.15697986881916282,0.6908155687922172,0.606313997742017,0.7797603985475062,0.9756254442075337,0.02437455579246624,0.2786596584115212,0.26463731537155527,0.07796065520889,0.43232732401875557,0.001274832786379857,0.6697329878079374,0.3458414888140828,0.33582618810936904,0.13454905110954654,0.5275351935187017,0.36566768187056725,0.36849644757060745,0.29721088352974745,0.43530653642417355,0.41957356506982313,0.4316812511754783,0.32271516751030815,0.52882280453791,0.25298115415895345,0.717601011806071,645.7459794810751,563.9923601255531,746.1482614031622,500,0.5,UB&PB,71554
0,0.0,0.0,0.0,0.0,0.0,0.0,0.0,0.0,0.0,0.0,0.0,0.0,0.0,0.0,0.0,0.0,0.0,0.0,0.0,0.0,0.0,0.0,0.0,0.0,0.0,0.0,0.0,0.0,0.0,0.0,0.0,0.0,0.0,0.0,0.0,500,0.55,UB&PB,71554
2500,0.9525301247385886,0.08912277883644185,0.04003165227528095,0.15820339885425858,0.11065371039392534,0.061074749326665824,0.1698317310945099,0.7037423458378309,0.6037947032580603,0.8081493275364016,0.9745692963752673,0.02543070362473344,0.2851188630753037,0.273160026260102,0.08754103784956417,0.4378687678312768,0.001634201377403403,0.6730655281664653,0.3493625361221741,0.3392547146132447,0.14262136084277502,0.5309685932808484,0.3678911371953933,0.37132185034033,0.3018911775449022,0.4360060246563216,0.41937087782490745,0.42976576553225254,0.3296048650328435,0.5193599613162616,0.2762672717746032,0.756411459385278,667.4774080568532,581.2029021009424,774.894614831297,500,0.55,UB&PB,71554
0,0.0,0.0,0.0,0.0,0.0,0.0,0.0,0.0,0.0,0.0,0.0,0.0,0.0,0.0,0.0,0.0,0.0,0.0,0.0,0.0,0.0,0.0,0.0,0.0,0.0,0.0,0.0,0.0,0.0,0.0,0.0,0.0,0.0,0.0,0.0,500,0.6,UB&PB,71554
2500,0.9670494388924047,0.08400672123711288,0.03938134913248308,0.14204850450722067,0.05620086345492425,0.024998201881801452,0.0983638553240394,0.8137180800990377,0.7150899054400335,0.8880483198539328,0.967838663823739,0.03216133617626162,0.31074782080584523,0.2982704846937184,0.10150855422897444,0.47701119762141747,0.001939395026996557,0.7238217816769111,0.37413471503119144,0.36274167767219845,0.15720340986529513,0.5715294246824164,0.398241327042083,0.40112386836768193,0.3290049295494528,0.469967658327001,0.41965514649313845,0.4314300159646272,0.32525652018031015,0.5254246358419442,0.3065535770355812,0.825018232876203,601.7340446211887,546.1965648920524,678.8550395663177,500,0.6,UB&PB,71554
0,0.0,0.0,0.0,0.0,0.0,0.0,0.0,0.0,0.0,0.0,0.0,0.0,0.0,0.0,0.0,0.0,0.0,0.0,0.0,0.0,0.0,0.0,0.0,0.0,0.0,0.0,0.0,0.0,0.0,0.0,0.0,0.0,0.0,0.0,0.0,500,0.65,UB&PB,71554
2500,0.9782626569566817,0.09418236154318703,0.04769415361107665,0.15156319841038363,0.04647086640488276,0.019131194404873757,0.08409213060296337,0.7667796277284175,0.6688004778690037,0.8580578732088269,0.9656233120113717,0.034376687988628314,0.32935057088037023,0.3197019609212253,0.1256492012088027,0.4986367142851864,0.002889454570617197,0.7394856085862558,0.39010042232790737,0.37907622076512454,0.1787347448015114,0.5906698605051075,0.4131708162480165,0.4163288368984062,0.34757953384291124,0.4813889991282937,0.4193237964111722,0.42988885587378073,0.3311429813055028,0.5174663395944488,0.32343673117891203,0.8182224312874101,592.7198325880382,543.8821460975864,658.5654237605884,500,0.65,UB&PB,71554
0,0.0,0.0,0.0,0.0,0.0,0.0,0.0,0.0,0.0,0.0,0.0,0.0,0.0,0.0,0.0,0.0,0.0,0.0,0.0,0.0,0.0,0.0,0.0,0.0,0.0,0.0,0.0,0.0,0.0,0.0,0.0,0.0,0.0,0.0,0.0,500,0.7,UB&PB,71554
2500,0.9917294967444186,0.09490290796215772,0.04601559305416156,0.15699797821526904,0.040167551404543714,0.016110249770192306,0.07336059412733682,0.7899991364553216,0.6631829344753142,0.886520047622862,0.960842217484008,0.03915778251599147,0.34050650515147396,0.3304176026982042,0.13779732059519123,0.5136419333526029,0.003838517385150784,0.7521684999960548,0.39854753834690204,0.38613835265751295,0.18796459702709994,0.6029522966808863,0.41983985354606723,0.42304011245803375,0.354154269195699,0.48816761447777496,0.41894252577759994,0.4293666089955297,0.33102615899227095,0.5168411876573573,0.32057130958767066,0.8142069150629466,587.0244015519468,542.5813186652723,647.3581005139246,500,0.7,UB&PB,71554
0,0.0,0.0,0.0,0.0,0.0,0.0,0.0,0.0,0.0,0.0,0.0,0.0,0.0,0.0,0.0,0.0,0.0,0.0,0.0,0.0,0.0,0.0,0.0,0.0,0.0,0.0,0.0,0.0,0.0,0.0,0.0,0.0,0.0,0.0,0.0,500,0.75,UB&PB,71554
2500,1.005748799621828,0.09517018071869676,0.046397771988304186,0.15791745523303985,0.03668370278895393,0.014224275418321978,0.06823669592874454,0.7460378541279677,0.6282383131983021,0.8473482800287664,0.9575621890547262,0.042437810945273574,0.35552380818360835,0.34539619822122,0.15804447612736794,0.531804770976877,0.005776003964892376,0.7644516354025801,0.4103002607047552,0.39700385202575084,0.20244851074829,0.6174221383685995,0.4275224031967966,0.4306176032344612,0.3625844016697496,0.4950315879876225,0.4184498408456335,0.42840538367675474,0.33143246827133704,0.5149739255550075,0.3482574454257864,0.8152908634624669,581.392256989578,540.9464893795317,636.3325716608263,500,0.75,UB&PB,71554
0,0.0,0.0,0.0,0.0,0.0,0.0,0.0,0.0,0.0,0.0,0.0,0.0,0.0,0.0,0.0,0.0,0.0,0.0,0.0,0.0,0.0,0.0,0.0,0.0,0.0,0.0,0.0,0.0,0.0,0.0,0.0,0.0,0.0,0.0,0.0,500,0.8,UB&PB,71554
2500,1.0238209693616713,0.08876790883075053,0.04332064961387413,0.14568295267590026,0.03275397470781217,0.012291377908820912,0.062277260460832554,0.7982116471153179,0.684867748452635,0.8873552195877108,0.9595515280739151,0.0404484719260839,0.36471482566832913,0.35194275712462636,0.16509387136811857,0.5466627448544494,0.007435009857867577,0.7785770189258131,0.4158396609844108,0.4013549215019901,0.20471570685797288,0.6275527135750284,0.430069202953067,0.43429655837142483,0.3627918086181704,0.501301755072388,0.4186377347921576,0.4296052613874813,0.3268615239434939,0.521132772114371,0.3612485230920014,0.8479475990855471,575.082356329184,539.5467661592713,625.3371835139593,500,0.8,UB&PB,71554
0,0.0,0.0,0.0,0.0,0.0,0.0,0.0,0.0,0.0,0.0,0.0,0.0,0.0,0.0,0.0,0.0,0.0,0.0,0.0,0.0,0.0,0.0,0.0,0.0,0.0,0.0,0.0,0.0,0.0,0.0,0.0,0.0,0.0,0.0,0.0,500,0.85,UB&PB,71554
2500,1.0429560197134402,0.08223114078488798,0.03973260349843874,0.13663925614347247,0.02854860795861503,0.010236365928335284,0.05459089522024039,0.69848262900625,0.5798794528175277,0.8123231122558062,0.952241648898367,0.047758351101634774,0.3914650322053155,0.3787575960220042,0.19434773196222974,0.5818399698702177,0.014258027079518966,0.8019956353202984,0.4350486686602425,0.42158533279963617,0.22206867845713113,0.6530211519954799,0.44218440325487757,0.4478203972163341,0.37202848453744447,0.5178109089663422,0.4192966453093663,0.43176990595970877,0.3221248281497132,0.5285981417224698,0.3932384507782365,0.8850536006932267,564.6133230008321,535.6507716198637,604.2411747713575,500,0.85,UB&PB,71554
0,0.0,0.0,0.0,0.0,0.0,0.0,0.0,0.0,0.0,0.0,0.0,0.0,0.0,0.0,0.0,0.0,0.0,0.0,0.0,0.0,0.0,0.0,0.0,0.0,0.0,0.0,0.0,0.0,0.0,0.0,0.0,0.0,0.0,0.0,0.0,500,0.9,UB&PB,71554
2500,1.0693015330675317,0.06771176491228996,0.03013272054124383,0.11718027138543434,0.027262980958562322,0.009615043386742296,0.05195719340507548,0.7996187043532791,0.7022668039095057,0.8796517026507394,0.9507128642501773,0.04928713574982232,0.4003835365533633,0.3862122627106564,0.1958661528247347,0.5996705347913935,0.016758360877650973,0.8184155826937383,0.4384866471840422,0.425173954449873,0.21757203394113264,0.6634115303534351,0.44546922601180394,0.45276361529782494,0.3695426340342869,0.5279168124021084,0.42026256656316946,0.4354035665055167,0.3119219483548361,0.5434364103967829,0.3780437593137456,0.8837068550616161,558.756072156091,533.5515226569405,594.8572335543863,500,0.9,UB&PB,71554
0,0.0,0.0,0.0,0.0,0.0,0.0,0.0,0.0,0.0,0.0,0.0,0.0,0.0,0.0,0.0,0.0,0.0,0.0,0.0,0.0,0.0,0.0,0.0,0.0,0.0,0.0,0.0,0.0,0.0,0.0,0.0,0.0,0.0,0.0,0.0,500,0.95,UB&PB,71554
2500,1.100426236995833,0.06383527739370913,0.028438037901407313,0.11314333333058789,0.02402061742782939,0.008019706254596606,0.04676332848564155,0.5865096936296511,0.44715200334020827,0.7241572223512031,0.948289978678039,0.0517100213219616,0.4348015062309107,0.4249537891537398,0.22999592496073043,0.6407421305397207,0.03754616847991706,0.8430801902450437,0.4594159685783566,0.44937159825585776,0.23413020060340814,0.6890075327987715,0.4546722766684875,0.4639799496095561,0.37673997394232994,0.5416001222073275,0.42035080599420077,0.4355576716931085,0.30921417194365625,0.5466962330927699,0.4365732165558887,0.9923198853765867,550.1730274964233,530.4802283390196,577.3441201564519,500,0.95,UB&PB,71554
0,0.0,0.0,0.0,0.0,0.0,0.0,0.0,0.0,0.0,0.0,0.0,0.0,0.0,0.0,0.0,0.0,0.0,0.0,0.0,0.0,0.0,0.0,0.0,0.0,0.0,0.0,0.0,0.0,0.0,0.0,0.0,0.0,0.0,0.0,0.0,500,0.05,UB&PB,37857
2500,0.9066444377705037,0.264660443457799,0.12180148024254801,0.44381368239826263,0.9053956295763844,0.8382228830218179,0.9556331309739008,0.807090154175231,0.6975750595387138,0.9007082501834373,0.9695309168443503,0.030469083155650313,0.038804891703134704,3.7356111657630725e-5,7.763133007701025e-8,0.00904644122224375,0.0,0.23747886503661775,0.04440133199097528,0.0,0.0,0.015556493374263985,0.058418946443121414,0.005186407404390148,7.951960792710078e-6,0.06673303281054753,0.41713422400849637,0.41877706719123164,0.38311887330053396,0.45499017903972955,0.03913348244222126,0.6244885863824168,6101.590914155158,4468.895250402493,8734.028644524336,500,0.05,UB&PB,37857
0,0.0,0.0,0.0,0.0,0.0,0.0,0.0,0.0,0.0,0.0,0.0,0.0,0.0,0.0,0.0,0.0,0.0,0.0,0.0,0.0,0.0,0.0,0.0,0.0,0.0,0.0,0.0,0.0,0.0,0.0,0.0,0.0,0.0,0.0,0.0,500,0.1,UB&PB,37857
2500,0.9452733817521276,0.19671170183555886,0.09412786748456205,0.3802778084806226,0.8722340420363807,0.7942205403498457,0.9362218866500286,0.6070136696343924,0.4914321377372791,0.7381665137979764,0.9752416488983668,0.024758351101634723,0.021801818477063434,0.00020558807187935626,6.8991591055745045e-6,0.021489270614203738,0.0,0.1097292712825849,0.0287675188986476,0.0,0.0,0.03511264169625198,0.024884109779327233,0.007817216462963933,0.00029150070249400804,0.02913915984432533,0.4177819370295922,0.4203232118787546,0.373836847315586,0.46665118781171144,0.011573816703991442,1.2911744362700983,5859.051192739015,4987.4710781284875,7127.836559205572,500,0.1,UB&PB,37857
0,0.0,0.0,0.0,0.0,0.0,0.0,0.0,0.0,0.0,0.0,0.0,0.0,0.0,0.0,0.0,0.0,0.0,0.0,0.0,0.0,0.0,0.0,0.0,0.0,0.0,0.0,0.0,0.0,0.0,0.0,0.0,0.0,0.0,0.0,0.0,500,0.15,UB&PB,37857
2500,0.9614087194210282,0.23809181522635586,0.13487400008569142,0.413012419167449,0.8844163504202276,0.8030285380868993,0.9424961388752539,0.45884379438227735,0.34923018255314425,0.5925368343704163,0.9708315565031994,0.02916844349680172,0.021178665660906676,0.0023536798961402475,3.445428094754035e-5,0.03228664923633488,1.6480869987697888e-9,0.08894741203911836,0.0295061748093105,0.0026133290607236823,0.0,0.050001409124178435,0.019678399419888977,0.00717933348288278,0.0002882984559030369,0.028330816031793694,0.4174998109373178,0.4193570852709075,0.3832752048013153,0.4553942157108506,0.02350363525915778,1.2322164625754155,6463.585105226146,5794.04060826218,7334.295380083482,500,0.15,UB&PB,37857
0,0.0,0.0,0.0,0.0,0.0,0.0,0.0,0.0,0.0,0.0,0.0,0.0,0.0,0.0,0.0,0.0,0.0,0.0,0.0,0.0,0.0,0.0,0.0,0.0,0.0,0.0,0.0,0.0,0.0,0.0,0.0,0.0,0.0,0.0,0.0,500,0.2,UB&PB,37857
2500,0.9606932743003669,0.18182776386309546,0.1022800166125325,0.281197649424788,0.8272802900064803,0.7124060355249522,0.9158533727482913,0.5779281028916151,0.42711586787260886,0.7300751703419575,0.9720852878464816,0.027914712153518127,0.03411131634425603,0.005611064822356528,0.00010205529168574431,0.05496592495133166,5.2945148677432504e-9,0.1362879745325715,0.048325747614308974,0.0095048782240808,0.0,0.08255548821410102,0.03204287817843088,0.016322644534988228,0.0009101826527805734,0.04850798071685844,0.4176378211628821,0.42160089454521393,0.3677142816975952,0.47294410464675757,0.030026178984614255,1.340269672373135,4644.589219180208,4007.6008077287465,5442.1804370495265,500,0.2,UB&PB,37857
0,0.0,0.0,0.0,0.0,0.0,0.0,0.0,0.0,0.0,0.0,0.0,0.0,0.0,0.0,0.0,0.0,0.0,0.0,0.0,0.0,0.0,0.0,0.0,0.0,0.0,0.0,0.0,0.0,0.0,0.0,0.0,0.0,0.0,0.0,0.0,500,0.25,UB&PB,37857
2500,0.9706439671788406,0.24937738485211264,0.13453428397878697,0.44297317302476136,0.8625982984954662,0.7762382375073069,0.9393323408016956,0.4745909487407462,0.3034863137732418,0.6635281807914374,0.9655081734186203,0.03449182658137886,0.03243109608937431,0.011653159028178794,0.0003200477823079709,0.0543120085439814,1.0147201119187493e-7,0.11539774892032188,0.043918265615429615,0.01856072493250048,1.135475187067565e-6,0.07667790464169852,0.02936481211014573,0.016059937676945878,0.0014729745986967865,0.0459930696066014,0.4170892297248504,0.418590271172024,0.3853097685521146,0.4522624291754863,0.037421589998344454,0.810419626642177,5780.196899635524,5167.375473525242,6514.291701033929,500,0.25,UB&PB,37857
0,0.0,0.0,0.0,0.0,0.0,0.0,0.0,0.0,0.0,0.0,0.0,0.0,0.0,0.0,0.0,0.0,0.0,0.0,0.0,0.0,0.0,0.0,0.0,0.0,0.0,0.0,0.0,0.0,0.0,0.0,0.0,0.0,0.0,0.0,0.0,500,0.3,UB&PB,37857
2500,0.9208300034673248,0.06767787169833854,0.027983708623253042,0.12581854700039985,0.2813595946949481,0.20634558094896116,0.3669702109433401,0.7538425999585543,0.5539798090122372,0.8736774076487714,0.9816226012793179,0.01837739872068233,0.15252286615307664,0.10265451198379537,0.0031434712186192296,0.2605277479416067,0.00010735649400926573,0.46941399559273617,0.21059227348189508,0.17637728534898423,0.005833458957598312,0.3461854643060108,0.19351408729252734,0.19295761078263626,0.10942070048844739,0.26787611224502317,0.4205205477255557,0.4338638128021161,0.3154756594514856,0.5391589743237226,0.16919535653401144,0.7008553033924678,929.2644222002358,754.946578523204,1167.9025561252395,500,0.3,UB&PB,37857
0,0.0,0.0,0.0,0.0,0.0,0.0,0.0,0.0,0.0,0.0,0.0,0.0,0.0,0.0,0.0,0.0,0.0,0.0,0.0,0.0,0.0,0.0,0.0,0.0,0.0,0.0,0.0,0.0,0.0,0.0,0.0,0.0,0.0,0.0,0.0,500,0.35,UB&PB,37857
2500,0.9268026541472019,0.06429680070853347,0.026875338904338675,0.11846734920127774,0.21212857561333753,0.14554743542281184,0.28995326903913043,0.7758711518666079,0.688668349988197,0.8610097171843866,0.9805302061122962,0.019469793887704374,0.18301191345596782,0.13864861546182328,0.007929633612179776,0.3070777339794685,0.0002561466622582779,0.5351164915730493,0.24649622018112843,0.21871194351956322,0.019405849324959996,0.3984062863805267,0.237103316062769,0.2384534922634918,0.1553957714336287,0.3143042902025581,0.4204807836152523,0.4354281534994946,0.3106663398185999,0.5455176564708036,0.16252493987962022,0.7881567873087675,808.3616268250879,667.8869740318355,1004.2905588315721,500,0.35,UB&PB,37857
0,0.0,0.0,0.0,0.0,0.0,0.0,0.0,0.0,0.0,0.0,0.0,0.0,0.0,0.0,0.0,0.0,0.0,0.0,0.0,0.0,0.0,0.0,0.0,0.0,0.0,0.0,0.0,0.0,0.0,0.0,0.0,0.0,0.0,0.0,0.0,500,0.4,UB&PB,37857
2500,0.9300338438340768,0.07546546617796127,0.032339020730181585,0.13549593276850785,0.2026665851342827,0.13579953146889956,0.29563108279222244,0.6810819681181576,0.5913833689153623,0.7852207129028425,0.9798095238095235,0.020190476190476203,0.2091559752751224,0.17946485973562887,0.025644820468166678,0.3403415193682926,0.0005055969400729857,0.5627859535369928,0.2745137959402482,0.25586429672835254,0.05949606413957658,0.43209752021101266,0.2720071007238129,0.2745288672374767,0.1975728855253265,0.34534219025207913,0.419796334152787,0.4325706010459287,0.31801634337951984,0.5342146889965571,0.26470268952161524,0.8201163389280002,788.198167794291,656.3211165656256,968.1284770548881,500,0.4,UB&PB,37857
0,0.0,0.0,0.0,0.0,0.0,0.0,0.0,0.0,0.0,0.0,0.0,0.0,0.0,0.0,0.0,0.0,0.0,0.0,0.0,0.0,0.0,0.0,0.0,0.0,0.0,0.0,0.0,0.0,0.0,0.0,0.0,0.0,0.0,0.0,0.0,500,0.45,UB&PB,37857
2500,0.9367819197267965,0.08130292371884838,0.03597333589113114,0.14101927974411904,0.1391055803103792,0.08435121607032284,0.23572430091768723,0.7264505199161884,0.6452119451466554,0.8097877826141651,0.9790149253731345,0.020985074626865618,0.23961462130804753,0.21548955898624864,0.041817405362910724,0.382744211679999,0.0007277266534695978,0.619812923862491,0.30570631851843044,0.2902996446145309,0.086823434935316,0.47573733599671697,0.31342254198216424,0.31708676673306363,0.24019217849036176,0.3875987733315419,0.42010498461740575,0.43205658412449616,0.32400049286801397,0.5283665033561334,0.22661256855170817,0.7209156720251211,709.922079780514,605.10798079758,873.5297149726384,500,0.45,UB&PB,37857
0,0.0,0.0,0.0,0.0,0.0,0.0,0.0,0.0,0.0,0.0,0.0,0.0,0.0,0.0,0.0,0.0,0.0,0.0,0.0,0.0,0.0,0.0,0.0,0.0,0.0,0.0,0.0,0.0,0.0,0.0,0.0,0.0,0.0,0.0,0.0,500,0.5,UB&PB,37857
2500,0.9457838534589305,0.07341525723205038,0.03319324115153986,0.1318716594051018,0.10431792453326078,0.058439105458447535,0.15935644931348267,0.7771291180118628,0.6863018707918106,0.8738750906891902,0.9777434257285003,0.022256574271499675,0.26585989397461396,0.2462836750697758,0.05934549379385656,0.4189050869333549,0.0010290206002248699,0.6636642142825395,0.33279441398609433,0.3200674600862254,0.11127919547963175,0.5151100051296227,0.3475055758794665,0.3510302253223526,0.2748545488562444,0.4217417250998893,0.42008323909550255,0.43300324445646576,0.31927204268253967,0.5338263782583944,0.2638624184986729,0.750449749562169,652.4593684130439,569.5869106035401,763.2630566562882,500,0.5,UB&PB,37857
0,0.0,0.0,0.0,0.0,0.0,0.0,0.0,0.0,0.0,0.0,0.0,0.0,0.0,0.0,0.0,0.0,0.0,0.0,0.0,0.0,0.0,0.0,0.0,0.0,0.0,0.0,0.0,0.0,0.0,0.0,0.0,0.0,0.0,0.0,0.0,500,0.55,UB&PB,37857
2500,0.9556760358641587,0.07905170176843442,0.03417897636772584,0.14360471379780484,0.0827140720069166,0.04144279203300591,0.13489632045494712,0.8130214615639227,0.7064842715910211,0.894532409372918,0.9750760483297795,0.024923951670220358,0.28460312171392294,0.2684420746415963,0.0760359451979031,0.4425884194337867,0.0013862772426217044,0.6906429466118783,0.35008860035826933,0.3379951402639015,0.13067874063757495,0.5387867383315226,0.3693075973755208,0.3731156224103434,0.29875521685475903,0.44224056783712135,0.4200002800497126,0.43181247542792545,0.3234827737750429,0.5285565349262604,0.27537421664846223,0.7625952647426109,630.2732159783747,557.5829604653682,729.0311073303703,500,0.55,UB&PB,37857
0,0.0,0.0,0.0,0.0,0.0,0.0,0.0,0.0,0.0,0.0,0.0,0.0,0.0,0.0,0.0,0.0,0.0,0.0,0.0,0.0,0.0,0.0,0.0,0.0,0.0,0.0,0.0,0.0,0.0,0.0,0.0,0.0,0.0,0.0,0.0,500,0.6,UB&PB,37857
2500,0.9664725843179965,0.09851342370792217,0.04785160332584966,0.1661525886627013,0.06600646806661135,0.030563744239422812,0.11172739849951191,0.8166444607080849,0.7246321524878997,0.9022089872060497,0.9727398720682293,0.027260127931769722,0.2970259084381057,0.2844435318874631,0.09004575914294587,0.4565276047964421,0.0018355384111935602,0.7032035004047192,0.3615262043971136,0.35037910398137007,0.14607883566212157,0.5522540707492721,0.3845011162782558,0.388652009891773,0.31905576290257776,0.45300533165527407,0.4189323753421356,0.4287017153661071,0.334981404058473,0.5122705749874562,0.33294519156589036,0.862858505547712,619.9778615575259,555.3790161759399,709.1315435750505,500,0.6,UB&PB,37857
0,0.0,0.0,0.0,0.0,0.0,0.0,0.0,0.0,0.0,0.0,0.0,0.0,0.0,0.0,0.0,0.0,0.0,0.0,0.0,0.0,0.0,0.0,0.0,0.0,0.0,0.0,0.0,0.0,0.0,0.0,0.0,0.0,0.0,0.0,0.0,500,0.65,UB&PB,37857
2500,0.9794576467492484,0.0882384339365515,0.04154872855923207,0.1456914229324781,0.04781113543115631,0.020170516694842548,0.08689128214328008,0.8221800920517659,0.7053024893287972,0.9127794113907767,0.9654705046197581,0.03452949538024168,0.3230345281166237,0.31154242407552074,0.11536771210457726,0.4920727059386195,0.00252518367246133,0.7378285345815389,0.38420813640119594,0.3723239341974515,0.16992713186831448,0.5848462689154095,0.40770552653141584,0.4108353994437861,0.3398542334894042,0.4781722496122696,0.4192284231835983,0.4301477467447667,0.32705282254184187,0.5222391548873795,0.3283770028744925,0.7859291592882424,594.6815942068805,544.3452157890039,665.3793511224952,500,0.65,UB&PB,37857
0,0.0,0.0,0.0,0.0,0.0,0.0,0.0,0.0,0.0,0.0,0.0,0.0,0.0,0.0,0.0,0.0,0.0,0.0,0.0,0.0,0.0,0.0,0.0,0.0,0.0,0.0,0.0,0.0,0.0,0.0,0.0,0.0,0.0,0.0,0.0,500,0.7,UB&PB,37857
2500,0.9913582603163628,0.09603055892887906,0.04588727922307165,0.15987372845353215,0.039359290169024626,0.01569417019784479,0.07213168175920678,0.7369092143010694,0.6595096548857945,0.8120709050040841,0.9620035536602706,0.037996446339729914,0.3452751385580577,0.33579226826422764,0.14623269786744558,0.5171176039679835,0.0045551751672317335,0.7535274129681728,0.4031485633389743,0.3907620118089245,0.19499250860922443,0.6065825174610104,0.42314671194838804,0.4260316052032456,0.3590038187469676,0.48990400559990466,0.41881033414344215,0.4288849617537449,0.3327352476267027,0.5143899791412391,0.32449726832289466,0.7859113525405639,585.298598803885,541.4670244271109,644.3330225228517,500,0.7,UB&PB,37857
0,0.0,0.0,0.0,0.0,0.0,0.0,0.0,0.0,0.0,0.0,0.0,0.0,0.0,0.0,0.0,0.0,0.0,0.0,0.0,0.0,0.0,0.0,0.0,0.0,0.0,0.0,0.0,0.0,0.0,0.0,0.0,0.0,0.0,0.0,0.0,500,0.75,UB&PB,37857
2500,1.0067726116149232,0.09634448039596713,0.04607290118590539,0.1603599607146529,0.036608081116432635,0.014232454720176584,0.06837999399119146,0.771001151689913,0.6736362839473257,0.8546379230477499,0.9597945984363887,0.040205401563610584,0.353317086999077,0.34276456509793307,0.15456630431465987,0.5288734919730986,0.005756696816997467,0.7634292601122724,0.40845782473395165,0.395071707430192,0.19993078105469778,0.6152754028846215,0.42586012643415755,0.42907861937095954,0.3610491872197797,0.49368322109112456,0.4188323378663976,0.4289527658538287,0.33192901685531656,0.5153364039613563,0.3702265112956057,0.8467578539783952,582.335221538855,541.5362050082633,638.0078294657945,500,0.75,UB&PB,37857
0,0.0,0.0,0.0,0.0,0.0,0.0,0.0,0.0,0.0,0.0,0.0,0.0,0.0,0.0,0.0,0.0,0.0,0.0,0.0,0.0,0.0,0.0,0.0,0.0,0.0,0.0,0.0,0.0,0.0,0.0,0.0,0.0,0.0,0.0,0.0,500,0.8,UB&PB,37857
2500,1.022660187274393,0.088913338578087,0.04226201278713139,0.15247249230394322,0.03306312151001795,0.012401959632309301,0.06261254556662278,0.6972280975829769,0.6013270246342897,0.7873836888726798,0.9581208244491822,0.04187917555081728,0.37461545593351275,0.3637801127052589,0.17980366598649541,0.5564759620031839,0.009802476585565578,0.7818658968707929,0.4242967843525853,0.4106843137225084,0.21626032336980114,0.6357878765715551,0.4359754246323102,0.4400289565087188,0.3697992556424313,0.506026871920935,0.4186781398984649,0.4294769859658029,0.3282614264126882,0.5195536062954905,0.365385563912105,0.8208737085223445,573.2601849396744,538.200474257761,620.0452818402947,500,0.8,UB&PB,37857
0,0.0,0.0,0.0,0.0,0.0,0.0,0.0,0.0,0.0,0.0,0.0,0.0,0.0,0.0,0.0,0.0,0.0,0.0,0.0,0.0,0.0,0.0,0.0,0.0,0.0,0.0,0.0,0.0,0.0,0.0,0.0,0.0,0.0,0.0,0.0,500,0.85,UB&PB,37857
2500,1.0450041256176168,0.07318822256295304,0.03338678515958398,0.12914717549691293,0.029478748320382706,0.010762769965189219,0.0560505215754442,0.7900077410130723,0.6629199379190401,0.8874538861924557,0.9533006396588484,0.04669936034115149,0.38425008629620044,0.3708837714645977,0.18209864240651416,0.575416856509967,0.011225246086066867,0.8010502631710139,0.42915138535067615,0.41536927387837047,0.2130489668437375,0.6480234833482346,0.43941995408821427,0.4449318561225682,0.36698048388387033,0.5168351664974508,0.419998972490851,0.43313545274569437,0.3189652971102284,0.5342091315342917,0.39008729770649775,0.882788706337181,565.2295622228543,535.5228826315065,607.5379377032598,500,0.85,UB&PB,37857
0,0.0,0.0,0.0,0.0,0.0,0.0,0.0,0.0,0.0,0.0,0.0,0.0,0.0,0.0,0.0,0.0,0.0,0.0,0.0,0.0,0.0,0.0,0.0,0.0,0.0,0.0,0.0,0.0,0.0,0.0,0.0,0.0,0.0,0.0,0.0,500,0.9,UB&PB,37857
2500,1.0679720977561984,0.06981126485701213,0.031667465903410894,0.12195964104408716,0.026036397058440647,0.008983517272041806,0.05033984387708108,0.6518402037791269,0.5494619534873068,0.7628761074463439,0.9507277896233121,0.049272210376687935,0.4109993659525667,0.3984463469701867,0.21097415332983205,0.609067215383941,0.02221938162474039,0.8220656579096564,0.44666298488756245,0.43410121316639366,0.22872600498330048,0.6701134553640874,0.448519754683283,0.4559385934981471,0.3739907304592236,0.5300970134891645,0.41998470664240334,0.43403423746907804,0.3146717955865514,0.5388831875832738,0.4183419391059655,0.9249179980293946,556.9276567448743,532.5807192198965,590.6292528665728,500,0.9,UB&PB,37857
0,0.0,0.0,0.0,0.0,0.0,0.0,0.0,0.0,0.0,0.0,0.0,0.0,0.0,0.0,0.0,0.0,0.0,0.0,0.0,0.0,0.0,0.0,0.0,0.0,0.0,0.0,0.0,0.0,0.0,0.0,0.0,0.0,0.0,0.0,0.0,500,0.95,UB&PB,37857
2500,1.1021080204847764,0.06282189790237783,0.02763866344812193,0.10799280046239734,0.024740842949115292,0.008393124062928185,0.047645723687814605,0.6895829866065686,0.5775267714470251,0.8084548580909648,0.945749822316987,0.054250177683013455,0.4281656401913335,0.41664112829724487,0.2208579262872932,0.6354267365711895,0.03189251656077331,0.8409209137023175,0.4543041153946535,0.4432914725638233,0.22741488243179211,0.685373062820083,0.4533310839976457,0.4627126388267324,0.3740483547063366,0.5412127755940459,0.42026660689336987,0.43667248039392587,0.30525259867547777,0.550828897079156,0.41538967287740947,0.9146634198041229,551.235678718765,531.0026097852982,579.870146901036,500,0.95,UB&PB,37857
0,0.0,0.0,0.0,0.0,0.0,0.0,0.0,0.0,0.0,0.0,0.0,0.0,0.0,0.0,0.0,0.0,0.0,0.0,0.0,0.0,0.0,0.0,0.0,0.0,0.0,0.0,0.0,0.0,0.0,0.0,0.0,0.0,0.0,0.0,0.0,500,0.05,UB&PB,99135
2500,0.9060282826215709,0.3251716544867867,0.18895177961331125,0.4707909077072431,0.9101936853628932,0.840795491329334,0.9578111419139163,0.8041520029381414,0.6944396598752426,0.8928918694654367,0.9673688699360341,0.03263113006396584,0.03844948225560493,3.61745366351585e-5,3.482198260434636e-8,0.008345096063212857,0.0,0.23695100334454886,0.043769059003531056,0.0,0.0,0.01415430284763327,0.059647208833156565,0.005199359612940129,2.1631634607947997e-6,0.06959742583403472,0.4169062258556316,0.41803098597309607,0.39051256974237725,0.44603659057803746,0.04771910309780988,0.795306186049606,6611.940470410036,4803.234282889843,9506.218580638368,500,0.05,UB&PB,99135
0,0.0,0.0,0.0,0.0,0.0,0.0,0.0,0.0,0.0,0.0,0.0,0.0,0.0,0.0,0.0,0.0,0.0,0.0,0.0,0.0,0.0,0.0,0.0,0.0,0.0,0.0,0.0,0.0,0.0,0.0,0.0,0.0,0.0,0.0,0.0,500,0.1,UB&PB,99135
2500,0.9394668863379849,0.10945796035436156,0.04921031937877668,0.23766870453350952,0.8731827276495381,0.7626739422461514,0.941894551539063,0.7123622131388531,0.5051313041141953,0.876546309570929,0.9749296375266527,0.025070362473347537,0.025566040999489243,0.00017473414365223443,4.581500162957688e-6,0.02447517697521067,0.0,0.13105391722759938,0.033563894192910095,0.0,0.0,0.04053304059721675,0.029679074513729392,0.0080774394714238,0.00026057535817288136,0.03643250693533053,0.41886202541497847,0.42525995419594115,0.3479338323756635,0.4973828387529022,0.013692396749511239,1.3316229142755869,5246.558725970042,4315.257642831749,6618.314138146616,500,0.1,UB&PB,99135
0,0.0,0.0,0.0,0.0,0.0,0.0,0.0,0.0,0.0,0.0,0.0,0.0,0.0,0.0,0.0,0.0,0.0,0.0,0.0,0.0,0.0,0.0,0.0,0.0,0.0,0.0,0.0,0.0,0.0,0.0,0.0,0.0,0.0,0.0,0.0,500,0.15,UB&PB,99135
2500,0.9595395106733843,0.186569677261248,0.09396947658832144,0.33272677680846396,0.8715627863646638,0.7838328405927989,0.9384538078789585,0.6024899947755246,0.4294807160969459,0.7917632486734401,0.9738479033404396,0.02615209665955938,0.02295809720728757,0.0011496724833470926,2.5072846479253055e-5,0.03168518140188617,0.0,0.10317575835661572,0.03177798178408487,0.0003716346988331364,0.0,0.05023315523286636,0.022215496239242703,0.007609587597246549,0.00043101024478351416,0.029737011754419864,0.41689318883049065,0.42000547713859915,0.37070036895635466,0.4682259321826581,0.03434204906030576,1.028509345252129,5586.940009659363,4870.865437038272,6602.6571113152595,500,0.15,UB&PB,99135
0,0.0,0.0,0.0,0.0,0.0,0.0,0.0,0.0,0.0,0.0,0.0,0.0,0.0,0.0,0.0,0.0,0.0,0.0,0.0,0.0,0.0,0.0,0.0,0.0,0.0,0.0,0.0,0.0,0.0,0.0,0.0,0.0,0.0,0.0,0.0,500,0.2,UB&PB,99135
2500,0.9559489755196231,0.1746961920565769,0.08304663584363187,0.2957374469475838,0.806692431569943,0.704724023852508,0.9030432880543038,0.4182996147786456,0.2571824372068955,0.6028513490582361,0.9739552238805979,0.026044776119402997,0.036888846362129454,0.010793735065243814,0.0002201893194306895,0.06334007844986833,1.2940667941797917e-7,0.13453783203938374,0.05251913505746247,0.020764473177303414,0.0,0.09257195753502838,0.034451360231552014,0.02093316937882171,0.0019188959071360762,0.05485439745092005,0.4180958211653553,0.421833118408317,0.3667529031005832,0.47505188839280277,0.058777423626199546,0.991304420269101,4120.255957231893,3574.918962027731,4756.286378043643,500,0.2,UB&PB,99135
0,0.0,0.0,0.0,0.0,0.0,0.0,0.0,0.0,0.0,0.0,0.0,0.0,0.0,0.0,0.0,0.0,0.0,0.0,0.0,0.0,0.0,0.0,0.0,0.0,0.0,0.0,0.0,0.0,0.0,0.0,0.0,0.0,0.0,0.0,0.0,500,0.25,UB&PB,99135
2500,0.9648577126853465,0.19708686895939673,0.08960533888560455,0.3133114386910266,0.795414814389577,0.6786953119235812,0.8888131726328423,0.6502071536578529,0.475992536142829,0.7620754032744673,0.9715799573560762,0.028420042643923227,0.04327049619243891,0.012703154847026757,0.0002481041020095644,0.07173986929919629,8.700428626213754e-7,0.16103412235973674,0.061138059677504235,0.02256852293266468,0.0,0.1048092036716881,0.04039766309710275,0.024394663260990705,0.004602872622744317,0.06151208467391528,0.41757350547380523,0.4217440939582219,0.36425247518053144,0.47641333375894096,0.08206943255857543,0.9036983562699584,4314.40259469679,3725.8232104604335,5085.738442189137,500,0.25,UB&PB,99135
0,0.0,0.0,0.0,0.0,0.0,0.0,0.0,0.0,0.0,0.0,0.0,0.0,0.0,0.0,0.0,0.0,0.0,0.0,0.0,0.0,0.0,0.0,0.0,0.0,0.0,0.0,0.0,0.0,0.0,0.0,0.0,0.0,0.0,0.0,0.0,500,0.3,UB&PB,99135
2500,0.914964638822787,0.06562076328408718,0.028347251160875893,0.12055000617392991,0.29186823028883224,0.21355835294264042,0.3780104365345241,0.6053035370838791,0.5005562450481265,0.7117669871905783,0.9799722814498938,0.02002771855010658,0.16286922684765404,0.12464931984020347,0.007373546911168067,0.2732716150325291,0.00022525615719668014,0.4722664122062612,0.22300399592799042,0.19845436013974035,0.019366551837254373,0.3583052711005218,0.21252744935288673,0.21262411224055072,0.13881600151644374,0.28101971359223954,0.42075311581248737,0.4352885050675278,0.3136733750018016,0.5426191098347096,0.1774970528330907,0.7041465755711341,935.798242238582,765.5411849277615,1153.865484831084,500,0.3,UB&PB,99135
0,0.0,0.0,0.0,0.0,0.0,0.0,0.0,0.0,0.0,0.0,0.0,0.0,0.0,0.0,0.0,0.0,0.0,0.0,0.0,0.0,0.0,0.0,0.0,0.0,0.0,0.0,0.0,0.0,0.0,0.0,0.0,0.0,0.0,0.0,0.0,500,0.35,UB&PB,99135
2500,0.9358837363489165,0.0920246862581421,0.04106038327977065,0.1692651833235557,0.381420534962519,0.29122022432553946,0.4724727468342543,0.5840984484807984,0.47003999427469983,0.7294127039760113,0.9782324093816626,0.0217675906183369,0.15066232202485097,0.11576003106680507,0.00852037722479166,0.2515690357697656,0.00018759415078620342,0.4343501278784158,0.20259678345571244,0.17866126954025996,0.018241863507500854,0.32678283142938536,0.18699870787476794,0.1860989422899836,0.11500475909554829,0.2508052186957954,0.41963421644433824,0.43043923742774554,0.3288352091768517,0.522039356510306,0.2088009446535415,0.6770240994240532,1372.9886867686375,1138.8042101162541,1649.794534192346,500,0.35,UB&PB,99135
0,0.0,0.0,0.0,0.0,0.0,0.0,0.0,0.0,0.0,0.0,0.0,0.0,0.0,0.0,0.0,0.0,0.0,0.0,0.0,0.0,0.0,0.0,0.0,0.0,0.0,0.0,0.0,0.0,0.0,0.0,0.0,0.0,0.0,0.0,0.0,500,0.4,UB&PB,99135
2500,0.9275482778699398,0.06412836426148379,0.027100058233040143,0.11736861073411423,0.16009925149426907,0.10057831885712483,0.22966066754042438,0.7348148388477623,0.6337388045254431,0.8403299485287592,0.979649609097371,0.0203503909026297,0.22563591202837932,0.1959867642827254,0.030937869183463834,0.3655990914463903,0.0005474589077291918,0.6007045652932326,0.29282128511713296,0.27523339919504575,0.06833704973251509,0.45962815673781776,0.29690336936798095,0.2994235464883094,0.22023711791831257,0.37295336443953897,0.42047792352764646,0.435368786863133,0.311036760646125,0.5449726689043478,0.24738765622368988,0.7772280152127607,717.4732339291734,604.6383942355127,862.514744373136,500,0.4,UB&PB,99135
0,0.0,0.0,0.0,0.0,0.0,0.0,0.0,0.0,0.0,0.0,0.0,0.0,0.0,0.0,0.0,0.0,0.0,0.0,0.0,0.0,0.0,0.0,0.0,0.0,0.0,0.0,0.0,0.0,0.0,0.0,0.0,0.0,0.0,0.0,0.0,500,0.45,UB&PB,99135
2500,0.93738003491211,0.06635735338231272,0.02882990135571863,0.11963273814590707,0.15486014045909874,0.09700023005785724,0.21955197387804148,0.7263835521086822,0.6064991861915422,0.8411685595740249,0.9792395167022037,0.02076048329779672,0.23773161862092881,0.2135401639635198,0.04139026270738397,0.38051957253919133,0.0007295672953682652,0.6138054926937933,0.3050924148229974,0.28988153926412424,0.08689516530630881,0.4753878513626426,0.3081118801212785,0.31148144348625556,0.23375668034537056,0.38324594508046206,0.420074724755452,0.4338328390312229,0.3146038824184378,0.5397227528503974,0.27891988408007334,0.7742464512274466,708.2254363092584,603.2595444450026,845.0540712994725,500,0.45,UB&PB,99135
0,0.0,0.0,0.0,0.0,0.0,0.0,0.0,0.0,0.0,0.0,0.0,0.0,0.0,0.0,0.0,0.0,0.0,0.0,0.0,0.0,0.0,0.0,0.0,0.0,0.0,0.0,0.0,0.0,0.0,0.0,0.0,0.0,0.0,0.0,0.0,500,0.5,UB&PB,99135
2500,0.9413999239807603,0.0805482189367356,0.037024371124126106,0.14111577208548307,0.09606843266236352,0.053348800545242644,0.14962426917019192,0.7192212498353071,0.6341639463899016,0.8038414549671666,0.9750945273631835,0.02490547263681592,0.27680761473988424,0.26112333559690865,0.07407959512480487,0.43087554651819243,0.0012320661664572312,0.6713783068077762,0.3435810505734702,0.3326380744128381,0.1287193978532143,0.5258598366187044,0.3628244810816986,0.3658653204359724,0.2934399948318306,0.4336782629361529,0.4194267108004071,0.43108964560954244,0.32334456897193076,0.5270384780842777,0.2529341972409703,0.7405476199151166,643.4337407228907,564.9099133010851,744.6844569113512,500,0.5,UB&PB,99135
0,0.0,0.0,0.0,0.0,0.0,0.0,0.0,0.0,0.0,0.0,0.0,0.0,0.0,0.0,0.0,0.0,0.0,0.0,0.0,0.0,0.0,0.0,0.0,0.0,0.0,0.0,0.0,0.0,0.0,0.0,0.0,0.0,0.0,0.0,0.0,500,0.55,UB&PB,99135
2500,0.9539349062863784,0.08482865472894166,0.03882658702460768,0.1447815084261044,0.08725053731717174,0.04690655159432281,0.1382118967781353,0.7753666775058223,0.6660862779564498,0.8706495826416237,0.9741620469083171,0.02583795309168446,0.28592362366236945,0.2715349430450864,0.08118448230962373,0.442750637735164,0.0014899590207692727,0.6856125207249888,0.35167375563250663,0.34056141266647366,0.13688430368441884,0.5383629222845152,0.37124672728706254,0.3748693803251221,0.30259521272440504,0.44235908951478736,0.4190369567600917,0.4304775714060185,0.3257915414758396,0.5232496199473218,0.2961591986233945,0.760920076903128,634.2922615305615,562.4275764300912,729.4259505391635,500,0.55,UB&PB,99135
0,0.0,0.0,0.0,0.0,0.0,0.0,0.0,0.0,0.0,0.0,0.0,0.0,0.0,0.0,0.0,0.0,0.0,0.0,0.0,0.0,0.0,0.0,0.0,0.0,0.0,0.0,0.0,0.0,0.0,0.0,0.0,0.0,0.0,0.0,0.0,500,0.6,UB&PB,99135
2500,0.9673892159992441,0.07688357268476542,0.03484062371790112,0.1333944931276008,0.06794306851650544,0.03215521097093215,0.11314011375759325,0.8438914879682863,0.7453716550714704,0.9215677567351128,0.9707611940298514,0.02923880597014923,0.3016688806468881,0.2875191233401651,0.09166890101259072,0.4650969939860292,0.0017609381787569776,0.713980467131465,0.36563981575266147,0.35368378800300626,0.14783001056546144,0.5603625510581337,0.38683571626073127,0.3900021410421112,0.31581890365246024,0.4604137681294907,0.4193735937691352,0.43210881724946815,0.31981767869086225,0.5314993227033372,0.3376949338310254,0.7981956614605115,610.8805103114216,550.8277314934327,693.8390758410007,500,0.6,UB&PB,99135
0,0.0,0.0,0.0,0.0,0.0,0.0,0.0,0.0,0.0,0.0,0.0,0.0,0.0,0.0,0.0,0.0,0.0,0.0,0.0,0.0,0.0,0.0,0.0,0.0,0.0,0.0,0.0,0.0,0.0,0.0,0.0,0.0,0.0,0.0,0.0,500,0.65,UB&PB,99135
2500,0.9773806469019911,0.09193207623014246,0.0443078815559423,0.1526945793445405,0.045064365852459064,0.018600007599329834,0.0820090880812665,0.7315521352899887,0.6475950257437468,0.8143611002371172,0.9667014925373137,0.03329850746268661,0.3330804295208688,0.3238691145029959,0.13175286807860634,0.5014437545305953,0.003136009374720083,0.7420495076567716,0.39352704404155847,0.3821373711009045,0.1839206317400389,0.59348559771192,0.4160868259608581,0.4188841887507082,0.3509872059070645,0.4836273809590394,0.41873597130426243,0.42910271719532367,0.33007533857619825,0.5173598112803766,0.33213561572072847,0.7806827213565772,590.3934769935407,542.2188415772761,654.9333532294269,500,0.65,UB&PB,99135
0,0.0,0.0,0.0,0.0,0.0,0.0,0.0,0.0,0.0,0.0,0.0,0.0,0.0,0.0,0.0,0.0,0.0,0.0,0.0,0.0,0.0,0.0,0.0,0.0,0.0,0.0,0.0,0.0,0.0,0.0,0.0,0.0,0.0,0.0,0.0,500,0.7,UB&PB,99135
2500,0.9896351823825486,0.10266910306381748,0.049942142427681115,0.16727658526861794,0.03768711736851458,0.014848664566427439,0.06935704655724967,0.7129929282949516,0.6165954472327864,0.7870182770229767,0.9597064676616923,0.0402935323383084,0.34942630302627026,0.3404525799371403,0.1528870743885728,0.5215284635917844,0.005501577256901219,0.754785365503908,0.4063840074448174,0.3940240741438836,0.19958611649303973,0.609976190438604,0.4249291663731497,0.42780671260921543,0.3616280439627611,0.4907586959198842,0.4186582569386168,0.42811530562313777,0.3349804845673995,0.5116100046889619,0.34476312387382774,0.8154276478771443,584.5061581243068,540.9308889898421,641.5878600538142,500,0.7,UB&PB,99135
0,0.0,0.0,0.0,0.0,0.0,0.0,0.0,0.0,0.0,0.0,0.0,0.0,0.0,0.0,0.0,0.0,0.0,0.0,0.0,0.0,0.0,0.0,0.0,0.0,0.0,0.0,0.0,0.0,0.0,0.0,0.0,0.0,0.0,0.0,0.0,500,0.75,UB&PB,99135
2500,1.0072787380099684,0.0889423540313561,0.04208292882143708,0.1477862962745298,0.03609122924820183,0.013788653158154996,0.06776937698564343,0.8035858488761111,0.6902137754049641,0.8928341308772011,0.9582608386638243,0.04173916133617625,0.3522148187615128,0.34068658646592137,0.1501084065628214,0.5305867733707563,0.005040241876787138,0.7668697866443307,0.40719672096244336,0.39372146591957174,0.19605622155347655,0.6158247051678453,0.42577252478515965,0.4292131503423972,0.3584419173222279,0.49612057663060194,0.41902864980953675,0.4301409536350263,0.32789088153856133,0.5205246648340205,0.35154373207353956,0.8473126612739491,579.6891059450182,540.1042564154069,634.8770920516131,500,0.75,UB&PB,99135
0,0.0,0.0,0.0,0.0,0.0,0.0,0.0,0.0,0.0,0.0,0.0,0.0,0.0,0.0,0.0,0.0,0.0,0.0,0.0,0.0,0.0,0.0,0.0,0.0,0.0,0.0,0.0,0.0,0.0,0.0,0.0,0.0,0.0,0.0,0.0,500,0.8,UB&PB,99135
2500,1.0245455453187136,0.08413571283441798,0.03971841571568022,0.14176963088824748,0.03186872624577623,0.011851135565625493,0.05994802878626866,0.735245786645902,0.640829715254098,0.8326475803922805,0.9558407960199017,0.044159203980099454,0.37317570588189286,0.3613406497152871,0.17460636622133333,0.5575125726280747,0.008680081948652609,0.7856462896399417,0.4230299010517928,0.40941656240308616,0.21210476288120805,0.636447532862433,0.43578688832143203,0.4401849817914361,0.36728087440402674,0.5082762664009708,0.4192218002002888,0.4309720162139659,0.3247583500421036,0.5246947092490258,0.40504966622183586,0.9219537630561415,571.0029134622478,537.344527421364,617.2712800275219,500,0.8,UB&PB,99135
0,0.0,0.0,0.0,0.0,0.0,0.0,0.0,0.0,0.0,0.0,0.0,0.0,0.0,0.0,0.0,0.0,0.0,0.0,0.0,0.0,0.0,0.0,0.0,0.0,0.0,0.0,0.0,0.0,0.0,0.0,0.0,0.0,0.0,0.0,0.0,500,0.85,UB&PB,99135
2500,1.045207241910695,0.07355829082803007,0.03315358654569487,0.12699676833262294,0.02799028599454512,0.010047663791694252,0.05339444382442986,0.6898373837395233,0.5790017187462714,0.7985581929981971,0.9524171997157082,0.04758280028429275,0.3959973001148494,0.3836309984970069,0.19648634783075805,0.5894760527286583,0.014644746740806042,0.8085946288921027,0.4384823570365336,0.4254744478165554,0.22335193201683415,0.6588927913524255,0.4450517984871045,0.45141399711080027,0.37205278328218794,0.5242218529619096,0.42048881783198966,0.43433721406055864,0.3177360600291178,0.5369168414537892,0.3876659857281164,0.8851696597592789,560.9099932757083,533.5272416497899,598.4162927431331,500,0.85,UB&PB,99135
0,0.0,0.0,0.0,0.0,0.0,0.0,0.0,0.0,0.0,0.0,0.0,0.0,0.0,0.0,0.0,0.0,0.0,0.0,0.0,0.0,0.0,0.0,0.0,0.0,0.0,0.0,0.0,0.0,0.0,0.0,0.0,0.0,0.0,0.0,0.0,500,0.9,UB&PB,99135
2500,1.0668769717593902,0.07954754161244079,0.038206011867053066,0.13222410844772567,0.026612967827856493,0.009250123530375557,0.05108816177790549,0.6724967265873488,0.5753819408198673,0.7600114233116394,0.9454051172707886,0.054594882729211064,0.408142739696069,0.3955427367263459,0.21015122292866067,0.6043442324367133,0.0223104485934088,0.816643172542309,0.44505769077576696,0.4318422287699624,0.2286287278391458,0.6676289477540824,0.44752592415224757,0.4540137713486683,0.37523310946770355,0.525932240227502,0.41930945830467986,0.4327207879668518,0.3182302663992492,0.5329795107274992,0.4096628806636561,0.9028443553367711,560.124648548765,534.5394287949155,594.8592661094483,500,0.9,UB&PB,99135
0,0.0,0.0,0.0,0.0,0.0,0.0,0.0,0.0,0.0,0.0,0.0,0.0,0.0,0.0,0.0,0.0,0.0,0.0,0.0,0.0,0.0,0.0,0.0,0.0,0.0,0.0,0.0,0.0,0.0,0.0,0.0,0.0,0.0,0.0,0.0,500,0.95,UB&PB,99135
2500,1.101743619860339,0.05943292586516022,0.025507609775427865,0.10744367557290596,0.02480284144197692,0.008313598717286225,0.047945235046476894,0.6410965427712679,0.5449557340297845,0.7417978883206707,0.9440284292821586,0.055971570717839335,0.4320125078988689,0.421857481229313,0.22544148480298193,0.6391745143352998,0.03379944001364569,0.8430128903040385,0.45749948943549745,0.4477419503458893,0.23107093622277583,0.6882171900256524,0.45582067233501966,0.4651414086621093,0.3761741109150912,0.5443828673536583,0.4212222038399279,0.4377131449817553,0.3054077331517219,0.5535053587704108,0.4317090697912482,0.9241960218833895,550.302631467837,530.3491459874003,578.329090184455,500,0.95,UB&PB,99135
0,0.0,0.0,0.0,0.0,0.0,0.0,0.0,0.0,0.0,0.0,0.0,0.0,0.0,0.0,0.0,0.0,0.0,0.0,0.0,0.0,0.0,0.0,0.0,0.0,0.0,0.0,0.0,0.0,0.0,0.0,0.0,0.0,0.0,0.0,0.0,500,0.05,UB&PB,73060
2500,0.9064697317543686,0.2746043712525004,0.1516865775037343,0.4163494202172574,0.913721031377435,0.8398105846983822,0.9619437558010244,0.8403331820696328,0.7127145460151195,0.9266837192511225,0.9702054015636103,0.02979459843638951,0.03832933075051222,3.4406558631304954e-5,3.379551060885769e-8,0.0086035178547601,0.0,0.23351140824204727,0.04411192350174101,0.0,0.0,0.015246665459744376,0.05809855816168936,0.004563180024491858,3.5925220204304877e-6,0.06808410862249127,0.4169569646550949,0.41847775358525563,0.38506816601126476,0.45225063024712353,0.032412682875468744,0.7787860180456198,6045.865602073278,4367.675710166075,8752.520391350603,500,0.05,UB&PB,73060
0,0.0,0.0,0.0,0.0,0.0,0.0,0.0,0.0,0.0,0.0,0.0,0.0,0.0,0.0,0.0,0.0,0.0,0.0,0.0,0.0,0.0,0.0,0.0,0.0,0.0,0.0,0.0,0.0,0.0,0.0,0.0,0.0,0.0,0.0,0.0,500,0.1,UB&PB,73060
2500,0.948500186024675,0.2352423846502665,0.10877177389770572,0.36665243489652183,0.8880885079530855,0.8068508801257703,0.9471073737029674,0.504470575129226,0.3680494639122178,0.6547300043156797,0.97574697938877,0.024253020611229567,0.019333622408959233,0.00029922547965798436,5.7262474168543415e-6,0.02220937463317868,0.0,0.09467826658654967,0.026376109359726355,3.6435962806471495e-6,0.0,0.03690408749293544,0.02019744963897043,0.005498612661823277,0.00013284898859302385,0.025186382488936364,0.41755947253971726,0.4200212565385941,0.3773271461779505,0.4622751220276239,0.01715650285637454,1.0858856640362162,6630.324291724837,5816.850019881817,7776.94040710328,500,0.1,UB&PB,73060
0,0.0,0.0,0.0,0.0,0.0,0.0,0.0,0.0,0.0,0.0,0.0,0.0,0.0,0.0,0.0,0.0,0.0,0.0,0.0,0.0,0.0,0.0,0.0,0.0,0.0,0.0,0.0,0.0,0.0,0.0,0.0,0.0,0.0,0.0,0.0,500,0.15,UB&PB,73060
2500,0.9550080058856161,0.18787466592011537,0.10236004031651659,0.31874104520743884,0.8733419681911878,0.7610076114288459,0.9402478991709383,0.4402778456567175,0.287433155725824,0.6497467147275157,0.9747611940298494,0.025238805970149245,0.025474377685086137,0.0028498686021606657,3.623429615296008e-5,0.04032508249612704,0.0,0.10552622428452779,0.036175236571883734,0.003969060934641537,0.0,0.06183532383099978,0.023874114433213394,0.009564743186919881,0.0003321222277256251,0.036321113430916645,0.4172136547808713,0.4202175109713955,0.3718292551008505,0.46739598771928836,0.049994276185189826,1.1200787499160618,5324.783082672156,4641.173652098232,6149.25608560604,500,0.15,UB&PB,73060
0,0.0,0.0,0.0,0.0,0.0,0.0,0.0,0.0,0.0,0.0,0.0,0.0,0.0,0.0,0.0,0.0,0.0,0.0,0.0,0.0,0.0,0.0,0.0,0.0,0.0,0.0,0.0,0.0,0.0,0.0,0.0,0.0,0.0,0.0,0.0,500,0.2,UB&PB,73060
2500,0.9641601776340917,0.23129394143987406,0.10974410514238644,0.39295912216774403,0.8859961680794745,0.7928038340928253,0.9505760858871629,0.4092599705101209,0.26534620053137126,0.6019816333234956,0.9670042643923249,0.032995735607675936,0.028428212231225405,0.009554696805634947,0.000214952330732017,0.046792665092273734,1.8452836867178576e-7,0.10369447444470235,0.03907411219709986,0.016095369006671262,0.0,0.06709609496144836,0.026408848174809662,0.014819672229570037,0.0015287241832990307,0.04059934040725416,0.4180414450994774,0.4203231914387896,0.37824041221241844,0.4619453657156278,0.060836312648572824,1.1574924586689959,6373.6447798948075,5722.523204902908,7153.928663879441,500,0.2,UB&PB,73060
0,0.0,0.0,0.0,0.0,0.0,0.0,0.0,0.0,0.0,0.0,0.0,0.0,0.0,0.0,0.0,0.0,0.0,0.0,0.0,0.0,0.0,0.0,0.0,0.0,0.0,0.0,0.0,0.0,0.0,0.0,0.0,0.0,0.0,0.0,0.0,500,0.25,UB&PB,73060
2500,0.9553326471783128,0.17151279417301038,0.08249900963333398,0.2825621829490247,0.7449757244354566,0.5814131803148498,0.8634115706794486,0.48085560547965306,0.31523393456754245,0.7083706152822314,0.9756979388770435,0.0243020611229566,0.053118717542479495,0.019308758147555956,0.0003891513893607027,0.09179701690183337,4.882004930106982e-7,0.18763038826064476,0.07544343574025493,0.03689920167563597,0.0,0.1312596274128064,0.051264274072528586,0.036461635607054635,0.005286557096695531,0.08104918472370008,0.41759809099413203,0.42126532692130836,0.3659011381647024,0.4748289174548508,0.039284347449939715,1.1315485717049791,2906.1465152797737,2376.1782218166572,3483.5448217162807,500,0.25,UB&PB,73060
0,0.0,0.0,0.0,0.0,0.0,0.0,0.0,0.0,0.0,0.0,0.0,0.0,0.0,0.0,0.0,0.0,0.0,0.0,0.0,0.0,0.0,0.0,0.0,0.0,0.0,0.0,0.0,0.0,0.0,0.0,0.0,0.0,0.0,0.0,0.0,500,0.3,UB&PB,73060
2500,0.9711022543177555,0.20523710200116485,0.0899720619940021,0.42985591393258005,0.8073052890311017,0.6799392901208696,0.9016918374797909,0.7227089965595527,0.5096145077372436,0.8919674700277366,0.9644392324093825,0.03556076759061824,0.04729802794941469,0.016398016230874467,0.00029618987957335694,0.07812378859836863,8.374828259597365e-7,0.17317900961856375,0.06422330255793444,0.02628638479086724,4.408492743627457e-5,0.1096087174546933,0.04442314648704388,0.026514297723629985,0.005622274855490118,0.0676315145930895,0.41822053172865836,0.42174259546373155,0.371676705198287,0.47026356384339946,0.14525533291925036,0.9375924726922713,4598.27221710936,3966.984523290655,5407.891068278443,500,0.3,UB&PB,73060
0,0.0,0.0,0.0,0.0,0.0,0.0,0.0,0.0,0.0,0.0,0.0,0.0,0.0,0.0,0.0,0.0,0.0,0.0,0.0,0.0,0.0,0.0,0.0,0.0,0.0,0.0,0.0,0.0,0.0,0.0,0.0,0.0,0.0,0.0,0.0,500,0.35,UB&PB,73060
2500,0.9219357543534756,0.06895246595556427,0.02920616137865967,0.1245474374302514,0.18505117708319468,0.12149034155117186,0.2627116517189444,0.7651187632538677,0.6555489403466194,0.857815035383521,0.9789580668088157,0.021041933191186947,0.197315668061386,0.15721370432440646,0.01179778341857107,0.3282951945266552,0.00032491172399062125,0.561858720254166,0.26201825963011327,0.237805966647943,0.02954638321627067,0.4199217088654658,0.26089301034953294,0.2631634312967961,0.18081941727918593,0.33889521163983566,0.42018951080555467,0.43410564485785835,0.31437557505611646,0.5400216848757934,0.15063721808308284,0.7471802006775703,767.4294789082253,636.8638503518104,950.2539460571381,500,0.35,UB&PB,73060
0,0.0,0.0,0.0,0.0,0.0,0.0,0.0,0.0,0.0,0.0,0.0,0.0,0.0,0.0,0.0,0.0,0.0,0.0,0.0,0.0,0.0,0.0,0.0,0.0,0.0,0.0,0.0,0.0,0.0,0.0,0.0,0.0,0.0,0.0,0.0,500,0.4,UB&PB,73060
2500,0.9392257619535824,0.07579899325063623,0.033273564037857827,0.14431845651622136,0.2698612456437882,0.17950743618848955,0.3787709930368216,0.6929703174237839,0.5645672393431609,0.8274853501761965,0.9795266524520252,0.02047334754797437,0.1839581702526256,0.14827810355080412,0.015167979881920488,0.3035946354296917,0.0002960885024035142,0.516948906319105,0.24284220096548895,0.21887393646343142,0.03372926598520441,0.38872489152817646,0.22761930520627568,0.22915932107838768,0.14861853987856363,0.30184590858886595,0.42043158900983657,0.4330512824010478,0.32190891897543183,0.5318546658518655,0.21534836817311132,0.9064982196940291,1007.4975191901646,818.9369226991574,1252.2244684479535,500,0.4,UB&PB,73060
0,0.0,0.0,0.0,0.0,0.0,0.0,0.0,0.0,0.0,0.0,0.0,0.0,0.0,0.0,0.0,0.0,0.0,0.0,0.0,0.0,0.0,0.0,0.0,0.0,0.0,0.0,0.0,0.0,0.0,0.0,0.0,0.0,0.0,0.0,0.0,500,0.45,UB&PB,73060
2500,0.9348015147050298,0.07033712207426869,0.03133272409097674,0.12263844883534311,0.13112895430594265,0.07863225938843735,0.19367016259605022,0.7319971378105057,0.6301691304275477,0.8329398165553146,0.9791499644633979,0.020850035536602706,0.24883027516285966,0.2258163639433849,0.04785757737380997,0.39602761845438084,0.0008015648257789435,0.6351477889516964,0.3164512435198527,0.3022356949781313,0.09690260914219047,0.4911402165215127,0.3267604154779567,0.3299000016483954,0.25293847194685415,0.40150957030498996,0.420427617785633,0.4341760309420599,0.31624963697317604,0.5385673705531545,0.26182533293911164,0.6999067054379553,679.9711290068163,584.1106422874317,804.9788001357616,500,0.45,UB&PB,73060
0,0.0,0.0,0.0,0.0,0.0,0.0,0.0,0.0,0.0,0.0,0.0,0.0,0.0,0.0,0.0,0.0,0.0,0.0,0.0,0.0,0.0,0.0,0.0,0.0,0.0,0.0,0.0,0.0,0.0,0.0,0.0,0.0,0.0,0.0,0.0,500,0.5,UB&PB,73060
2500,0.9431523787595584,0.07675626230342508,0.03400068022791814,0.13381172482951145,0.0923740860999929,0.0493717280233661,0.14885748625432466,0.7709955172979295,0.6601647793098568,0.8735766274513258,0.9750469083155631,0.02495309168443498,0.2743851613253527,0.25599363999166275,0.06648042187555893,0.4303575401766526,0.0010871219468647291,0.6769985945780654,0.34069292268743984,0.328272353542206,0.11979299882786863,0.5256617379450944,0.35855299617146347,0.3621605115724189,0.2856161562161952,0.43355303309283344,0.41963931657642706,0.4327813485663151,0.31878037515850455,0.533166246261221,0.274854859530951,0.7147381455879465,638.8694907329086,561.3859399823721,743.7374114194886,500,0.5,UB&PB,73060
0,0.0,0.0,0.0,0.0,0.0,0.0,0.0,0.0,0.0,0.0,0.0,0.0,0.0,0.0,0.0,0.0,0.0,0.0,0.0,0.0,0.0,0.0,0.0,0.0,0.0,0.0,0.0,0.0,0.0,0.0,0.0,0.0,0.0,0.0,0.0,500,0.55,UB&PB,73060
2500,0.9550309718704059,0.07888422547896783,0.03459810534165043,0.13904484762989167,0.07493743842317026,0.037321658338195285,0.12366983368372338,0.8036520880909559,0.7054240810620904,0.8835289128198786,0.9738742004264396,0.026125799573560808,0.29075193575891006,0.27554823613601276,0.08153128389431556,0.4510593687955031,0.0014309284554392932,0.6992866742124589,0.35612516427245444,0.34452409932674427,0.1371319911418798,0.5467188810823612,0.3773018551562539,0.380630015754579,0.3068406265916059,0.4501651511446887,0.4198575096638145,0.43228823120564097,0.32218827339566475,0.5295929479136444,0.28885300825985427,0.768460002431623,620.6420868435341,553.5248082201445,711.9538651733878,500,0.55,UB&PB,73060
0,0.0,0.0,0.0,0.0,0.0,0.0,0.0,0.0,0.0,0.0,0.0,0.0,0.0,0.0,0.0,0.0,0.0,0.0,0.0,0.0,0.0,0.0,0.0,0.0,0.0,0.0,0.0,0.0,0.0,0.0,0.0,0.0,0.0,0.0,0.0,500,0.6,UB&PB,73060
2500,0.9663193353231385,0.10357291667397887,0.04867921718903671,0.17655648400607224,0.148255721892093,0.09835783327907005,0.20790105231136305,0.7248710537535746,0.6223541871648831,0.8538009515583702,0.9713176972281446,0.028682302771854996,0.2805660558906804,0.2690008000260121,0.08747800545112917,0.43120581155896825,0.0016578487831796973,0.6587805924514943,0.3391027371011738,0.32847536091994434,0.1371031815376199,0.5184479505199499,0.35378487783085716,0.35744495535769627,0.28645852919036596,0.4231955001657052,0.41917373157026555,0.42896405932484294,0.3343400826033608,0.513601282911639,0.31040939949152613,0.7959733389487513,819.2454950360483,715.8567446027699,950.8871903609912,500,0.6,UB&PB,73060
0,0.0,0.0,0.0,0.0,0.0,0.0,0.0,0.0,0.0,0.0,0.0,0.0,0.0,0.0,0.0,0.0,0.0,0.0,0.0,0.0,0.0,0.0,0.0,0.0,0.0,0.0,0.0,0.0,0.0,0.0,0.0,0.0,0.0,0.0,0.0,500,0.65,UB&PB,73060
2500,0.9801768138968511,0.08598028663827627,0.040530787995278456,0.1498978605629481,0.04705422158971171,0.019894486819492383,0.08360191973335412,0.826446565318486,0.7337427725379784,0.9079243833065879,0.9668990760483293,0.03310092395167023,0.3225496841257082,0.3107728531773779,0.11462982144612582,0.4918874040492695,0.0025348557555750443,0.7375651033854123,0.38368586015348916,0.37167842378913507,0.16830338546431023,0.5846453967201423,0.40744962704588317,0.4107473816314591,0.3398333587175518,0.4779604969967333,0.4191240567649269,0.4300987786104912,0.32770026696962495,0.5212468814433342,0.3398405292054053,0.8055979067075149,594.1507308268647,544.3090882715131,664.562306124447,500,0.65,UB&PB,73060
0,0.0,0.0,0.0,0.0,0.0,0.0,0.0,0.0,0.0,0.0,0.0,0.0,0.0,0.0,0.0,0.0,0.0,0.0,0.0,0.0,0.0,0.0,0.0,0.0,0.0,0.0,0.0,0.0,0.0,0.0,0.0,0.0,0.0,0.0,0.0,500,0.7,UB&PB,73060
2500,0.9939544496350246,0.08053672484851622,0.036733390285939305,0.1365304487903371,0.04120958137797795,0.016795271528108717,0.07456294612122427,0.8415887545600057,0.7486010313499072,0.9093494613539089,0.9638393745557942,0.03616062544420754,0.3385929297148176,0.32656335495082667,0.1310189670096899,0.5142438854950991,0.003377830527721577,0.7571611602958407,0.3967644852800888,0.3838986058219821,0.1817413402544625,0.603840935368732,0.4182885950837152,0.42184953955280513,0.3484194793167573,0.491368721677594,0.41920538017487385,0.4316873401420514,0.3214493561724751,0.5286695548704587,0.3323853038414735,0.8178831254363756,582.8277657077653,540.4949137378698,642.083476353248,500,0.7,UB&PB,73060
0,0.0,0.0,0.0,0.0,0.0,0.0,0.0,0.0,0.0,0.0,0.0,0.0,0.0,0.0,0.0,0.0,0.0,0.0,0.0,0.0,0.0,0.0,0.0,0.0,0.0,0.0,0.0,0.0,0.0,0.0,0.0,0.0,0.0,0.0,0.0,500,0.75,UB&PB,73060
2500,1.006226658817417,0.09301553282760365,0.04652254587027661,0.14773323944242686,0.03565613825902805,0.013799841836982846,0.06625882953519142,0.7020500204116512,0.6139451421663421,0.7894748358965583,0.9574378109452732,0.04256218905472637,0.362908132522953,0.35337487039353355,0.16698151876696093,0.5400271568354351,0.006767139907222305,0.7698080447963844,0.41663849280977544,0.40432521810341254,0.20960389471367974,0.6242715328693565,0.43227303125871597,0.4358245892884192,0.3667030684578751,0.5010072360178365,0.4190559043431126,0.4299124970202311,0.3299211296274207,0.518514318707492,0.3557560522362354,0.8204462335927092,576.8999620464466,539.3259555120125,627.2255656624476,500,0.75,UB&PB,73060
0,0.0,0.0,0.0,0.0,0.0,0.0,0.0,0.0,0.0,0.0,0.0,0.0,0.0,0.0,0.0,0.0,0.0,0.0,0.0,0.0,0.0,0.0,0.0,0.0,0.0,0.0,0.0,0.0,0.0,0.0,0.0,0.0,0.0,0.0,0.0,500,0.8,UB&PB,73060
2500,1.0234070769658214,0.08506671935246687,0.0398745309255095,0.1451556299859468,0.031536334905835295,0.011644722006032495,0.060440651918957214,0.7102872771462607,0.6073344087570559,0.8154552533333715,0.9591435678749107,0.04085643212508884,0.37530775287040263,0.36358200701125015,0.17886424810874366,0.5587797565797036,0.009477686789875433,0.785797018349193,0.42459207942542415,0.4106401781648279,0.21489614887472572,0.6373643499505938,0.43616115151681645,0.44061755216254045,0.3684744173133735,0.5080463606466876,0.41961311975529386,0.4308941960811878,0.32664213505417494,0.5235904984211872,0.39365148750602846,0.8979318014174961,570.8802119263262,536.943914346202,617.4166713709881,500,0.8,UB&PB,73060
0,0.0,0.0,0.0,0.0,0.0,0.0,0.0,0.0,0.0,0.0,0.0,0.0,0.0,0.0,0.0,0.0,0.0,0.0,0.0,0.0,0.0,0.0,0.0,0.0,0.0,0.0,0.0,0.0,0.0,0.0,0.0,0.0,0.0,0.0,0.0,500,0.85,UB&PB,73060
2500,1.0441300434295064,0.07592174533126195,0.03565688689032797,0.12809700496174795,0.02993346653700931,0.01089023165484218,0.05716418054364089,0.7910462608606922,0.6754974731584059,0.891354432095057,0.9558628287135749,0.044137171286425074,0.38249854825130397,0.36852238980166857,0.1811239929596802,0.5735246557784428,0.011138673115681156,0.7983101227210097,0.4276615035947583,0.4133117404381912,0.2123971368467629,0.6461558350507972,0.43825746187030284,0.44354860036404453,0.36676297390847723,0.5148153372564988,0.41941104774524485,0.432266790543326,0.3192119440459096,0.5325898860582453,0.3773740455690112,0.8889466536344601,565.9578682782387,536.0814201312692,608.5880816425604,500,0.85,UB&PB,73060
0,0.0,0.0,0.0,0.0,0.0,0.0,0.0,0.0,0.0,0.0,0.0,0.0,0.0,0.0,0.0,0.0,0.0,0.0,0.0,0.0,0.0,0.0,0.0,0.0,0.0,0.0,0.0,0.0,0.0,0.0,0.0,0.0,0.0,0.0,0.0,500,0.9,UB&PB,73060
2500,1.067782534362843,0.07005304660406995,0.03190605097536698,0.12181839482881192,0.026071153609144603,0.008955596691668911,0.05065945382515783,0.6817626901316578,0.5632768578463838,0.7795788753219554,0.9519580668088131,0.04804193319118691,0.40997878778687374,0.39741928143938066,0.2092315367206761,0.6085195435798021,0.021858857839850365,0.8216759728702645,0.44573397944458987,0.43271840681453383,0.22751700723521223,0.6696769178269353,0.44826958356813795,0.4557788784233512,0.37366227943841396,0.5300342385531045,0.4201745902238237,0.43464775545582374,0.31455593953042515,0.5398177255144627,0.41570278024153207,0.9246615572634609,556.9798548697386,532.6287370598578,590.7253639250206,500,0.9,UB&PB,73060
0,0.0,0.0,0.0,0.0,0.0,0.0,0.0,0.0,0.0,0.0,0.0,0.0,0.0,0.0,0.0,0.0,0.0,0.0,0.0,0.0,0.0,0.0,0.0,0.0,0.0,0.0,0.0,0.0,0.0,0.0,0.0,0.0,0.0,0.0,0.0,500,0.95,UB&PB,73060
2500,1.1012689026860571,0.06732911826104526,0.031158257350454827,0.11271175077679771,0.02555106478351053,0.008766881327028977,0.048997744445771284,0.6473431303116561,0.5412570965553278,0.7603268525341055,0.9461407249466959,0.05385927505330487,0.4295370847146924,0.41899800242593194,0.224968357442446,0.634554978921441,0.034032889033249164,0.8385723800712257,0.45590414406757734,0.44559287162774014,0.23088437421811578,0.6854324234040264,0.4540579493633311,0.4630474417468898,0.377140222568695,0.5393837897015794,0.42026790316888224,0.4358483189803051,0.30913715045988466,0.5461009386855339,0.4262966682633507,0.9461704777325012,552.5616380562193,532.0125293742495,581.0463596988595,500,0.95,UB&PB,73060
0,0.0,0.0,0.0,0.0,0.0,0.0,0.0,0.0,0.0,0.0,0.0,0.0,0.0,0.0,0.0,0.0,0.0,0.0,0.0,0.0,0.0,0.0,0.0,0.0,0.0,0.0,0.0,0.0,0.0,0.0,0.0,0.0,0.0,0.0,0.0,500,0.05,UB&PB,90293
2500,0.9056590203076404,0.21786806823354163,0.11433580382464845,0.34654251850695117,0.8769405884279442,0.7972500329551189,0.9445466018988867,0.8666283321513284,0.7761700919977643,0.9318670410477633,0.9709864960909729,0.029013503909026246,0.03978973589974238,3.706338483472052e-5,9.735524560811742e-8,0.009225961734388442,0.0,0.24155076123103833,0.045958889012574715,0.0,0.0,0.016362267848811205,0.05996400801540035,0.004870715080407705,1.3754374970570514e-5,0.07065759991513608,0.4171773855597074,0.4195249421999636,0.378599839863516,0.46011515111817436,0.02475388252680496,0.6337051393684741,5441.28367735278,3916.4512411621345,7939.607767676387,500,0.05,UB&PB,90293
0,0.0,0.0,0.0,0.0,0.0,0.0,0.0,0.0,0.0,0.0,0.0,0.0,0.0,0.0,0.0,0.0,0.0,0.0,0.0,0.0,0.0,0.0,0.0,0.0,0.0,0.0,0.0,0.0,0.0,0.0,0.0,0.0,0.0,0.0,0.0,500,0.1,UB&PB,90293
2500,0.9402554314185162,0.20236269697402323,0.11763558176939903,0.30249919464442365,0.8459971494149238,0.7617541265017578,0.9194641502961682,0.6714162454197483,0.49540036204724924,0.8222900780490229,0.9748585643212516,0.025141435678749106,0.02418550765586081,0.00019225320523761123,3.502258194806771e-6,0.024642647094270862,0.0,0.1232155050024004,0.03227430115149177,0.0,0.0,0.041668041739442684,0.027764157240689463,0.0070979286211025365,0.0001466767949865733,0.035600956698265046,0.41765043394371393,0.4212768985312202,0.371388745304811,0.46882576635834927,0.01874180608721251,1.2535083964386922,5208.6957526065635,4376.890699599783,6455.011544528175,500,0.1,UB&PB,90293
0,0.0,0.0,0.0,0.0,0.0,0.0,0.0,0.0,0.0,0.0,0.0,0.0,0.0,0.0,0.0,0.0,0.0,0.0,0.0,0.0,0.0,0.0,0.0,0.0,0.0,0.0,0.0,0.0,0.0,0.0,0.0,0.0,0.0,0.0,0.0,500,0.15,UB&PB,90293
2500,0.957962811751706,0.16833025049828107,0.07869902037831447,0.3319265408251535,0.863386981266885,0.7739911694973731,0.9359338146062448,0.475081400523119,0.31832456043717694,0.6622528422144206,0.9726815920398013,0.02731840796019905,0.02393180726814672,0.0023641555129182,3.008331970816578e-5,0.03761952430270933,0.0,0.10050976709003702,0.033919185072462464,0.002576749866621769,0.0,0.0586466756119836,0.021895916268026745,0.007337128142586687,0.00025166820113557085,0.033149150895120855,0.4180057875578582,0.42149878292458387,0.3672555596956058,0.47424947171613646,0.024230949974922113,1.0946924779774692,5531.055716027608,4886.50296043343,6342.819316614458,500,0.15,UB&PB,90293
0,0.0,0.0,0.0,0.0,0.0,0.0,0.0,0.0,0.0,0.0,0.0,0.0,0.0,0.0,0.0,0.0,0.0,0.0,0.0,0.0,0.0,0.0,0.0,0.0,0.0,0.0,0.0,0.0,0.0,0.0,0.0,0.0,0.0,0.0,0.0,500,0.2,UB&PB,90293
2500,0.9554538976284807,0.13721438286484341,0.06352272345007906,0.2302335338789323,0.7828855293577556,0.6606961644369688,0.8679769115615241,0.5916431992664131,0.4513651786706262,0.7380876288212718,0.9753660270078179,0.024633972992181983,0.040583654513287847,0.008250396210955925,0.0001349269283838826,0.06693945956925748,1.2131866621163183e-7,0.15881053176193116,0.05875148201017646,0.01702818991120016,0.0,0.10090122911121217,0.03948726291935676,0.02432066712552032,0.0030214445054976375,0.06019558000581737,0.4184503858324084,0.4247190424335487,0.35138362983647237,0.4931534376390512,0.03728404572575467,1.2794063611463868,3860.218921032826,3291.159583754975,4563.341562031866,500,0.2,UB&PB,90293
0,0.0,0.0,0.0,0.0,0.0,0.0,0.0,0.0,0.0,0.0,0.0,0.0,0.0,0.0,0.0,0.0,0.0,0.0,0.0,0.0,0.0,0.0,0.0,0.0,0.0,0.0,0.0,0.0,0.0,0.0,0.0,0.0,0.0,0.0,0.0,500,0.25,UB&PB,90293
2500,0.9578552018860009,0.14002057272659102,0.06921292197376153,0.25340795853862974,0.7436293011927188,0.6084085510400026,0.8586211214858244,0.6375259490551223,0.4782510341741389,0.8278530677257379,0.9746659559346126,0.02533404406538732,0.053602053272253605,0.018161253150176,0.00031858816471661667,0.08961151851505374,1.0676283416567157e-7,0.1962159807594578,0.07515238690740009,0.034025354188282154,0.0,0.12796229742492748,0.05186182793994484,0.03664310701442291,0.005315793553072372,0.08000780212235739,0.4190788387791415,0.42567508120447534,0.35307751051504765,0.4929209257112788,0.06910926624861108,1.161706113533176,3382.4913079625185,2833.504060884763,4093.2300259475082,500,0.25,UB&PB,90293
0,0.0,0.0,0.0,0.0,0.0,0.0,0.0,0.0,0.0,0.0,0.0,0.0,0.0,0.0,0.0,0.0,0.0,0.0,0.0,0.0,0.0,0.0,0.0,0.0,0.0,0.0,0.0,0.0,0.0,0.0,0.0,0.0,0.0,0.0,0.0,500,0.3,UB&PB,90293
2500,0.942333186349428,0.11292677585520143,0.04597803404231408,0.21038372518257994,0.6029927936394176,0.4682831765261048,0.7383890026871457,0.4076384360068616,0.2857522953072683,0.572636385892448,0.9783745557924663,0.021625444207533803,0.0933806439580987,0.061008197797821906,0.0032257187756523473,0.15735060824116395,5.0133961781432365e-5,0.28597897081010815,0.13013130226340527,0.10215230356098837,0.004570852343325833,0.21320986383184812,0.10157212747520593,0.09591873830424927,0.04161578767164828,0.14712923662089267,0.4182062489250577,0.4255715591328312,0.34125758563590824,0.5032654359801872,0.15717146325554118,0.8604057550077309,1979.6333928062152,1600.039136593151,2393.729760839772,500,0.3,UB&PB,90293
0,0.0,0.0,0.0,0.0,0.0,0.0,0.0,0.0,0.0,0.0,0.0,0.0,0.0,0.0,0.0,0.0,0.0,0.0,0.0,0.0,0.0,0.0,0.0,0.0,0.0,0.0,0.0,0.0,0.0,0.0,0.0,0.0,0.0,0.0,0.0,500,0.35,UB&PB,90293
2500,0.9231821416032915,0.07070333892284691,0.029894226456270375,0.1282590146099144,0.27211122168881785,0.19161050158830137,0.3588460230643537,0.6159060534811893,0.5160092199968142,0.7333223855886101,0.9803624733475461,0.019637526652452025,0.18497600447536683,0.15287946564394156,0.01592671596174399,0.3048182203540877,0.0003543625964560517,0.5116286344684224,0.24705472989921776,0.22699578012568372,0.040625415636615404,0.39093498185955017,0.24028913158659362,0.24153134792351422,0.16825670854000513,0.3096211448986016,0.4204276219034185,0.434511766826232,0.3150186236077544,0.5399729107637867,0.196142019053842,0.7489669735227252,992.2080636579137,817.965628462478,1200.6089737269485,500,0.35,UB&PB,90293
0,0.0,0.0,0.0,0.0,0.0,0.0,0.0,0.0,0.0,0.0,0.0,0.0,0.0,0.0,0.0,0.0,0.0,0.0,0.0,0.0,0.0,0.0,0.0,0.0,0.0,0.0,0.0,0.0,0.0,0.0,0.0,0.0,0.0,0.0,0.0,500,0.4,UB&PB,90293
2500,0.9475439311082952,0.11870352245143885,0.049520261071642924,0.19320447220029507,0.4031697094423627,0.3281277236279152,0.4986778456285626,0.6522782716176355,0.4272157420119602,0.8141536887014234,0.9765728500355363,0.023427149964463396,0.15480127379863273,0.12720829549876247,0.016983154099616718,0.2539691864472635,0.00030276786519345893,0.42512937638840953,0.204221027413271,0.18428148466012467,0.03719841469965567,0.3252468212421027,0.19041294990265153,0.18750301990997814,0.12436568716981129,0.2495547926642327,0.41960218852799375,0.429540389318394,0.3352890192410799,0.5142963378521018,0.18613498974022016,0.7948448448408257,1804.8962563359635,1563.0072731647629,2121.693822669421,500,0.4,UB&PB,90293
0,0.0,0.0,0.0,0.0,0.0,0.0,0.0,0.0,0.0,0.0,0.0,0.0,0.0,0.0,0.0,0.0,0.0,0.0,0.0,0.0,0.0,0.0,0.0,0.0,0.0,0.0,0.0,0.0,0.0,0.0,0.0,0.0,0.0,0.0,0.0,500,0.45,UB&PB,90293
2500,0.9385202759826576,0.07009345251093393,0.03176589378049499,0.12076114742552811,0.1520080106032858,0.09439095439683501,0.22616640386001632,0.7351065913136673,0.6126561792554142,0.8548625759670275,0.9802153518123663,0.01978464818763325,0.2367414408957779,0.21131744773275268,0.03914460456871781,0.37972322874214604,0.0006908948932682065,0.615688737384174,0.3035071220250572,0.2872066870744249,0.08278369726517124,0.4743255880864254,0.3053276260542858,0.30906407028737237,0.22977037616156468,0.38205694057320855,0.42025894684361764,0.43490138122170185,0.3132719370709599,0.5414540943481381,0.25418402503713516,0.765059035849182,708.4481565829269,603.0599660732902,853.1831161920344,500,0.45,UB&PB,90293
0,0.0,0.0,0.0,0.0,0.0,0.0,0.0,0.0,0.0,0.0,0.0,0.0,0.0,0.0,0.0,0.0,0.0,0.0,0.0,0.0,0.0,0.0,0.0,0.0,0.0,0.0,0.0,0.0,0.0,0.0,0.0,0.0,0.0,0.0,0.0,500,0.5,UB&PB,90293
2500,0.9409747786311338,0.08027424163354052,0.03547767384250878,0.14547285196355939,0.12936218300683744,0.07966188514297312,0.18746704889074312,0.6632418826222298,0.5752739444469612,0.7608908776080756,0.9768343994314145,0.023165600568585645,0.26720872632779535,0.2533020835867202,0.07310606596114218,0.41488846757806364,0.0012429362304353603,0.6442729341247568,0.3344399915917597,0.32486849865579415,0.12833249327627402,0.5092764820004899,0.34827777827371365,0.3517306233091769,0.2809737577073419,0.4172466296459671,0.41993447043493065,0.431620373226171,0.3245334419997149,0.5268937759518317,0.23458705729469487,0.7974827654083009,676.5697319283696,585.9088454155078,787.2481041112549,500,0.5,UB&PB,90293
0,0.0,0.0,0.0,0.0,0.0,0.0,0.0,0.0,0.0,0.0,0.0,0.0,0.0,0.0,0.0,0.0,0.0,0.0,0.0,0.0,0.0,0.0,0.0,0.0,0.0,0.0,0.0,0.0,0.0,0.0,0.0,0.0,0.0,0.0,0.0,500,0.55,UB&PB,90293
2500,0.9547702079572448,0.07511442959362886,0.03308395790997641,0.13460675767303862,0.07825562198589159,0.03942125119792494,0.12877582475258056,0.7919500285729949,0.6946061312571057,0.8771470119477869,0.9734811656005692,0.026518834399431392,0.2915923102635594,0.27665078651103486,0.08376018827570689,0.4515681776932916,0.0014818662622462797,0.6982881507894637,0.35686104769535765,0.34534857563465005,0.13962085342586691,0.5467666658376141,0.37780970525813407,0.3808944921385984,0.30682095026132844,0.45066769670471213,0.41978843277104444,0.4327689480339155,0.31882937160711716,0.5333723330885394,0.3072854459893458,0.7712272558768838,621.8205974668433,554.3602028571878,713.7551035508817,500,0.55,UB&PB,90293
0,0.0,0.0,0.0,0.0,0.0,0.0,0.0,0.0,0.0,0.0,0.0,0.0,0.0,0.0,0.0,0.0,0.0,0.0,0.0,0.0,0.0,0.0,0.0,0.0,0.0,0.0,0.0,0.0,0.0,0.0,0.0,0.0,0.0,0.0,0.0,500,0.6,UB&PB,90293
2500,0.9671745141975954,0.08619769892601171,0.039254476436784515,0.14697056624191562,0.05635562194444886,0.025099215832124388,0.09876173459303088,0.8272359651887156,0.7455137051371226,0.8954458743623896,0.9700909737029149,0.02990902629708603,0.3074973752082654,0.29453127318670647,0.09771259277191838,0.47281929644215237,0.0018816262449003424,0.7208866220320478,0.37103947135570403,0.3596277143034525,0.153160219953565,0.5671820514997361,0.395590760372299,0.39903695041174564,0.3268332541126557,0.4670182712678959,0.4194353776634944,0.43085358316332456,0.3265392476612295,0.5230040981909571,0.30421076991380214,0.759169257648769,604.3695238619941,547.2858387937868,683.7529000069699,500,0.6,UB&PB,90293
0,0.0,0.0,0.0,0.0,0.0,0.0,0.0,0.0,0.0,0.0,0.0,0.0,0.0,0.0,0.0,0.0,0.0,0.0,0.0,0.0,0.0,0.0,0.0,0.0,0.0,0.0,0.0,0.0,0.0,0.0,0.0,0.0,0.0,0.0,0.0,500,0.65,UB&PB,90293
2500,0.9784269693935463,0.09604806834032767,0.046925444420565725,0.15920516226822265,0.0468073946281239,0.01963358952860034,0.0854323610279498,0.8090184549895627,0.6970178422644235,0.903752374285808,0.9649481165600579,0.03505188343994307,0.3232952233861088,0.31285058608184874,0.11775630561394453,0.4909955747842591,0.00264740430011684,0.7352411602255302,0.38458640165355523,0.37310901515153305,0.17208131888581854,0.5837975504748784,0.40887644713026045,0.41203784351504413,0.34317633048604035,0.4771990793855228,0.41913548892242086,0.4292007245121708,0.3325156687564345,0.5155006831247836,0.32572192715510395,0.7827413707807084,596.5294813276664,545.4204401596195,666.8891764364832,500,0.65,UB&PB,90293
0,0.0,0.0,0.0,0.0,0.0,0.0,0.0,0.0,0.0,0.0,0.0,0.0,0.0,0.0,0.0,0.0,0.0,0.0,0.0,0.0,0.0,0.0,0.0,0.0,0.0,0.0,0.0,0.0,0.0,0.0,0.0,0.0,0.0,0.0,0.0,500,0.7,UB&PB,90293
2500,0.9920618166008667,0.08916945472206649,0.04088755136618561,0.1551056445110567,0.04066553648686178,0.01614841680447731,0.07499966156463879,0.7733726287597122,0.6736652545513722,0.8664619140232812,0.9603013503909018,0.03969864960909737,0.34210967367521056,0.3321657605053275,0.1392662594661781,0.5155747111146612,0.0038234275747015263,0.7546419829328478,0.4000484280981613,0.3877182691715272,0.1891661632017893,0.604885059547532,0.42087094870896674,0.424046181089521,0.35433356467892296,0.4901967515948261,0.4190734167104465,0.4298021802752573,0.32873438675477584,0.5198446221828088,0.3632962269898619,0.8361191316536184,585.2341009215246,540.9637261517515,645.2875424110939,500,0.7,UB&PB,90293
0,0.0,0.0,0.0,0.0,0.0,0.0,0.0,0.0,0.0,0.0,0.0,0.0,0.0,0.0,0.0,0.0,0.0,0.0,0.0,0.0,0.0,0.0,0.0,0.0,0.0,0.0,0.0,0.0,0.0,0.0,0.0,0.0,0.0,0.0,0.0,500,0.75,UB&PB,90293
2500,1.0069166658919992,0.09002651871989807,0.04343184404637948,0.1464833875631824,0.03793224647744465,0.014973021505450676,0.06996676655058555,0.745511364288963,0.6435419735015159,0.8516003320133452,0.9606872778962332,0.03931272210376685,0.3569170468929159,0.34654830625210875,0.15797411740628148,0.5345969739052852,0.005664665116872544,0.7672635903435392,0.4114698280343617,0.3986829805102422,0.20265668358948477,0.619661794102653,0.4287099756709847,0.43222611749731266,0.3621911109830342,0.498377290337325,0.41905025245503935,0.4300263417993202,0.327729034570133,0.5209594041908896,0.3360236973917377,0.8256442152164216,579.2828302008796,540.3449812596613,632.0153562277001,500,0.75,UB&PB,90293
0,0.0,0.0,0.0,0.0,0.0,0.0,0.0,0.0,0.0,0.0,0.0,0.0,0.0,0.0,0.0,0.0,0.0,0.0,0.0,0.0,0.0,0.0,0.0,0.0,0.0,0.0,0.0,0.0,0.0,0.0,0.0,0.0,0.0,0.0,0.0,500,0.8,UB&PB,90293
2500,1.024179647809842,0.08666350999406608,0.04143538297287242,0.14383767055316923,0.03211519146707385,0.011905019160326304,0.06030186902366881,0.7586088816255119,0.6469509835347117,0.8531984087161915,0.9533965884861397,0.046603411513859314,0.37168782453353094,0.35978887794343956,0.17292722735207486,0.5555216097174572,0.0084856739034584,0.7841296094602992,0.42171100673902356,0.4079602342851459,0.21052590273505478,0.6347337740032314,0.43490964690150125,0.4389961727760064,0.36670170865925983,0.5069362207311746,0.41941813111731246,0.4307118416449187,0.32655246053446757,0.522977462651691,0.3664711030644394,0.8810404268082704,571.9278872089443,537.943537263195,618.8159836277993,500,0.8,UB&PB,90293
0,0.0,0.0,0.0,0.0,0.0,0.0,0.0,0.0,0.0,0.0,0.0,0.0,0.0,0.0,0.0,0.0,0.0,0.0,0.0,0.0,0.0,0.0,0.0,0.0,0.0,0.0,0.0,0.0,0.0,0.0,0.0,0.0,0.0,0.0,0.0,500,0.85,UB&PB,90293
2500,1.043614012676355,0.07933404055137891,0.03821809782359132,0.1337986660336241,0.029348102785669437,0.010566362428064455,0.056263043324238246,0.7044548994266611,0.6119265417344781,0.8083085957550749,0.9542857142857141,0.04571428571428568,0.3897292238501801,0.37749161128820014,0.19184292994325852,0.5796508835694375,0.013670083184592435,0.8006690867080029,0.4337298292290633,0.42047932863707144,0.22054070683521657,0.6513653853357181,0.4417396589041084,0.44747390078359833,0.37145857832920726,0.5171610416453982,0.4193331511943992,0.43202685098870414,0.3215949642342409,0.5292056478579826,0.3881716697925217,0.8713583936266271,564.9505251154753,535.7155724384728,605.1962461041173,500,0.85,UB&PB,90293
0,0.0,0.0,0.0,0.0,0.0,0.0,0.0,0.0,0.0,0.0,0.0,0.0,0.0,0.0,0.0,0.0,0.0,0.0,0.0,0.0,0.0,0.0,0.0,0.0,0.0,0.0,0.0,0.0,0.0,0.0,0.0,0.0,0.0,0.0,0.0,500,0.9,UB&PB,90293
2500,1.0691415930224666,0.06586670703166,0.029040638540259105,0.11512330357553864,0.02738384923204404,0.009648707048020878,0.05231255210590354,0.7370786295042661,0.6299535996570733,0.831070825877657,0.9516673773987212,0.048332622601279344,0.4058124188886139,0.39261789759813814,0.20269346750630743,0.6051680771858652,0.01886865833273238,0.8206237832598017,0.4427632352531403,0.43007425593157406,0.22266371651867548,0.6676156519399744,0.44768089988646004,0.45538069555530447,0.3716411747646414,0.5308046571609385,0.4200595757665499,0.4353295376561088,0.30986053354990495,0.5452445145973005,0.4345349502732308,0.9413103242923059,557.317811137422,532.788439562214,591.7876250715635,500,0.9,UB&PB,90293
0,0.0,0.0,0.0,0.0,0.0,0.0,0.0,0.0,0.0,0.0,0.0,0.0,0.0,0.0,0.0,0.0,0.0,0.0,0.0,0.0,0.0,0.0,0.0,0.0,0.0,0.0,0.0,0.0,0.0,0.0,0.0,0.0,0.0,0.0,0.0,500,0.95,UB&PB,90293
2500,1.1010663628707489,0.06316311582154101,0.0280327420362599,0.11226937131545174,0.024686685464935788,0.008348456926621606,0.04766107205971298,0.654532131590201,0.5252270509725651,0.771846771259386,0.9452487562189049,0.0547512437810946,0.43047146356965643,0.4198772754282969,0.2248063909490662,0.6367379544348689,0.03378302099538168,0.840382089491083,0.4562607763970952,0.4455826602963409,0.23086678772018418,0.686126357336165,0.45442486760388523,0.4634323686678735,0.37620249124832617,0.5412193072150889,0.42075843502985955,0.43675597830659346,0.30782034007007303,0.5490650060913824,0.4245828463179186,0.9432961507574364,551.4303126330105,531.0273733090903,579.9178574813592,500,0.95,UB&PB,90293
0,0.0,0.0,0.0,0.0,0.0,0.0,0.0,0.0,0.0,0.0,0.0,0.0,0.0,0.0,0.0,0.0,0.0,0.0,0.0,0.0,0.0,0.0,0.0,0.0,0.0,0.0,0.0,0.0,0.0,0.0,0.0,0.0,0.0,0.0,0.0,500,0.05,UB&PB,56471
2500,0.9062818067966221,0.22008730771014257,0.12630360359329726,0.34659515152572395,0.9030303519149793,0.8312774683720628,0.9539935035091005,0.8070705366815784,0.7097233925020183,0.8971722600480541,0.9689658848614069,0.03103411513859269,0.03939253654847773,3.455411895385335e-5,7.601042918695621e-8,0.00877357051452205,0.0,0.23886322624395606,0.04529623736674645,0.0,0.0,0.015496306454216409,0.05868414455266408,0.004558375960991806,7.411269312712748e-6,0.06765577536448543,0.4170845825924008,0.41944679294329834,0.3786596518337404,0.459774748105112,0.02976309749948803,0.7523942249712786,5761.241978335267,4180.517518522324,8274.941001647965,500,0.05,UB&PB,56471
0,0.0,0.0,0.0,0.0,0.0,0.0,0.0,0.0,0.0,0.0,0.0,0.0,0.0,0.0,0.0,0.0,0.0,0.0,0.0,0.0,0.0,0.0,0.0,0.0,0.0,0.0,0.0,0.0,0.0,0.0,0.0,0.0,0.0,0.0,0.0,500,0.1,UB&PB,56471
2500,0.9420481121130595,0.21587211367059103,0.12118425014802495,0.32277868775063195,0.8764820299002652,0.7897329699860606,0.9411982201863166,0.7143109389134831,0.577537342891179,0.8338504699603606,0.9745835110163469,0.02541648898365315,0.02509638824717848,0.00017168366733988664,5.475885961676129e-6,0.02172421301323812,0.0,0.1319417308362842,0.031983233832444696,0.0,0.0,0.03483945889476153,0.03035047697093232,0.009080488301282144,0.00026642227836062377,0.03460575156950435,0.41752545674032054,0.42013623274400197,0.37805279002403674,0.46153198010267715,0.03070807459074857,0.8307368484610921,5732.415747377944,4749.684861450076,7207.744449431545,500,0.1,UB&PB,56471
0,0.0,0.0,0.0,0.0,0.0,0.0,0.0,0.0,0.0,0.0,0.0,0.0,0.0,0.0,0.0,0.0,0.0,0.0,0.0,0.0,0.0,0.0,0.0,0.0,0.0,0.0,0.0,0.0,0.0,0.0,0.0,0.0,0.0,0.0,0.0,500,0.15,UB&PB,56471
2500,0.954529110897715,0.2161780948878462,0.10381512907358685,0.3497526908431095,0.8691076580069208,0.7821948136942477,0.9345161109814133,0.34627890251310667,0.20587901771045225,0.6309214081314004,0.9733972992181932,0.026602700781805294,0.025238096981057247,0.003456717739747109,3.159001639596449e-5,0.04185484164095948,0.0,0.10106740047787587,0.03581551410099681,0.005632413340288107,0.0,0.06326514136126632,0.02354923878312151,0.0094097018704289,0.00017794489831664053,0.038043780549909804,0.4175625741259681,0.4206797608965855,0.37262155197329044,0.4671356864324383,0.017705825346985733,1.1788210465949738,5511.910410389658,4891.9198124820505,6269.054879801902,500,0.15,UB&PB,56471
0,0.0,0.0,0.0,0.0,0.0,0.0,0.0,0.0,0.0,0.0,0.0,0.0,0.0,0.0,0.0,0.0,0.0,0.0,0.0,0.0,0.0,0.0,0.0,0.0,0.0,0.0,0.0,0.0,0.0,0.0,0.0,0.0,0.0,0.0,0.0,500,0.2,UB&PB,56471
2500,0.96434000799613,0.18299926122458623,0.09718943211082871,0.3332151292766835,0.8427912741950762,0.7433737219987872,0.9199221008227423,0.604987219212247,0.460818969131868,0.7469293239543264,0.9736289978678038,0.026371002132196147,0.029920341391214553,0.004662436640677748,8.230278308982404e-5,0.0472073134713194,0.0,0.12132893063708808,0.041975287851690135,0.006062047618964265,0.0,0.07172962639610138,0.02708567679849703,0.01136987811985107,0.0006144394224921143,0.03977384314316149,0.4170593977810729,0.4202046482203183,0.3711163280275247,0.4681517256779227,0.033235391184125086,1.2089021800333768,4777.947384905876,4136.0141338747735,5624.838092754352,500,0.2,UB&PB,56471
0,0.0,0.0,0.0,0.0,0.0,0.0,0.0,0.0,0.0,0.0,0.0,0.0,0.0,0.0,0.0,0.0,0.0,0.0,0.0,0.0,0.0,0.0,0.0,0.0,0.0,0.0,0.0,0.0,0.0,0.0,0.0,0.0,0.0,0.0,0.0,500,0.25,UB&PB,56471
2500,0.9696392485152675,0.18902087725263125,0.09842074538482584,0.332596625331264,0.8467710312005997,0.7340239594270542,0.9280308634742462,0.457121838922295,0.30746446507831277,0.6636796163766221,0.9706112295664537,0.029388770433546596,0.03612885764431275,0.012325148284477222,0.0002811549244342321,0.06122863436314831,1.8913450366639685e-7,0.1284156886159343,0.0503428493181398,0.020480438767960563,0.0,0.08857799508511394,0.03092952997121808,0.015998719993353002,0.0008656213344821534,0.049235286693986254,0.4182891095684276,0.4215015653949951,0.3723462146010489,0.46935253295624924,0.03675973420091726,1.2995840400276595,4591.067795140615,3995.2621588661045,5231.076838393591,500,0.25,UB&PB,56471
0,0.0,0.0,0.0,0.0,0.0,0.0,0.0,0.0,0.0,0.0,0.0,0.0,0.0,0.0,0.0,0.0,0.0,0.0,0.0,0.0,0.0,0.0,0.0,0.0,0.0,0.0,0.0,0.0,0.0,0.0,0.0,0.0,0.0,0.0,0.0,500,0.3,UB&PB,56471
2500,0.9217815075539983,0.07323612943035909,0.033072441075249676,0.12847766370777466,0.27004818099205646,0.18913377324423797,0.3549554695269138,0.7690883348702794,0.6373198409445928,0.872980813714646,0.9811535181236682,0.01884648187633265,0.15252356843327575,0.09901979321190649,0.002293904547583044,0.2611133556407477,0.00010086174243360694,0.47783762977872424,0.2108236325109419,0.17429560114865017,0.002593765120308421,0.34719099276975196,0.194689455672368,0.19348976693648726,0.10978329785406363,0.2696840765640843,0.4194411909219699,0.4328990257901157,0.3164978392240852,0.5355502043488339,0.13770893682329158,0.7808659658696027,912.6101485792631,738.2584713305816,1160.0703721665557,500,0.3,UB&PB,56471
0,0.0,0.0,0.0,0.0,0.0,0.0,0.0,0.0,0.0,0.0,0.0,0.0,0.0,0.0,0.0,0.0,0.0,0.0,0.0,0.0,0.0,0.0,0.0,0.0,0.0,0.0,0.0,0.0,0.0,0.0,0.0,0.0,0.0,0.0,0.0,500,0.35,UB&PB,56471
2500,0.9231196441389065,0.08054432981414691,0.03646400103151783,0.14048536567000153,0.23682583129799392,0.16960631902648812,0.30779066351026185,0.6916205016354643,0.5606869248599001,0.8105193692997149,0.9795628997867806,0.02043710021321966,0.18363698429370107,0.14652470205994375,0.012511874104322678,0.3055464359718246,0.00031166393064379743,0.519544736808621,0.24667330348236566,0.22378813195900393,0.029912929306101444,0.39459507795536236,0.23996891877836907,0.24139391026876067,0.16346986284540857,0.31294951068917254,0.4192608770368771,0.43180792902234943,0.32087030854015536,0.5296990047659546,0.18639032470102976,0.8503300343881326,842.6443126559363,700.6493551879332,1026.7823966110886,500,0.35,UB&PB,56471
0,0.0,0.0,0.0,0.0,0.0,0.0,0.0,0.0,0.0,0.0,0.0,0.0,0.0,0.0,0.0,0.0,0.0,0.0,0.0,0.0,0.0,0.0,0.0,0.0,0.0,0.0,0.0,0.0,0.0,0.0,0.0,0.0,0.0,0.0,0.0,500,0.4,UB&PB,56471
2500,0.9252760021946608,0.06669935927187648,0.029590996453670502,0.11922980298286653,0.1461843400707328,0.08914443235071298,0.21813541442218745,0.7373703830569768,0.6298665206631558,0.8223496710546848,0.978948827292112,0.021051172707889095,0.23339457851527015,0.20573948982043413,0.03603032439435485,0.37620735809800265,0.0005885356282818529,0.6136902647072263,0.30039124365743264,0.28393130165804703,0.07599605324234764,0.4694438533016508,0.3087000622653965,0.31149489424061205,0.23278927500963215,0.3846305715334988,0.42053462388869367,0.43515352358284737,0.3133704450027231,0.5424325014477347,0.2208970626094855,0.7835747588042202,703.7432805085216,594.3234940759361,848.2179728568022,500,0.4,UB&PB,56471
0,0.0,0.0,0.0,0.0,0.0,0.0,0.0,0.0,0.0,0.0,0.0,0.0,0.0,0.0,0.0,0.0,0.0,0.0,0.0,0.0,0.0,0.0,0.0,0.0,0.0,0.0,0.0,0.0,0.0,0.0,0.0,0.0,0.0,0.0,0.0,500,0.45,UB&PB,56471
2500,0.9360456970948546,0.0747649953450041,0.032722508995784313,0.13819200193758235,0.1408350235503234,0.08551935869080976,0.21245761101843624,0.7388358814405996,0.6495222380242172,0.81877876461867,0.9791776830135046,0.020822316986496114,0.24431379207215084,0.22077217365243507,0.04632385872520385,0.3888658907135802,0.0007845468084543748,0.6264033307286437,0.3106991145914854,0.29566277347248016,0.09165401639621751,0.482039879418627,0.3197732453699647,0.32287253968293256,0.24665360959280647,0.39360038896868693,0.41979571764008605,0.4326189976758908,0.3201311520333969,0.5325102562010628,0.23313180651520007,0.7192730155064284,703.8423007462144,599.2303784331416,844.8186913276312,500,0.45,UB&PB,56471
0,0.0,0.0,0.0,0.0,0.0,0.0,0.0,0.0,0.0,0.0,0.0,0.0,0.0,0.0,0.0,0.0,0.0,0.0,0.0,0.0,0.0,0.0,0.0,0.0,0.0,0.0,0.0,0.0,0.0,0.0,0.0,0.0,0.0,0.0,0.0,500,0.5,UB&PB,56471
2500,0.9452073143154701,0.07862864214564559,0.03516771336130627,0.14077398867434682,0.09945750237694247,0.054837770550522316,0.15573581433323946,0.7739860784149502,0.6937434016853674,0.851084348979463,0.9781592039800998,0.02184079601990049,0.2691496579753652,0.2507356391005063,0.06350683905437889,0.42238062998862747,0.0010938989972900737,0.6664839855997468,0.3366023616597343,0.3246877348197216,0.11799030389212974,0.5184388747853396,0.35425212553153596,0.357750183659008,0.2836788547516186,0.42702613068415984,0.42041549112034504,0.4329212588884602,0.32254820466196926,0.5305654114931304,0.26138455774269637,0.8302208880898657,647.9471577956953,567.1911169624175,756.0058741463207,500,0.5,UB&PB,56471
0,0.0,0.0,0.0,0.0,0.0,0.0,0.0,0.0,0.0,0.0,0.0,0.0,0.0,0.0,0.0,0.0,0.0,0.0,0.0,0.0,0.0,0.0,0.0,0.0,0.0,0.0,0.0,0.0,0.0,0.0,0.0,0.0,0.0,0.0,0.0,500,0.55,UB&PB,56471
2500,0.9552160806581078,0.08435889942685243,0.0397838564014182,0.14256601130731622,0.07503565765454155,0.037570166488182045,0.12372123668383463,0.8156807708684293,0.7154690645705704,0.8968809926351853,0.974022032693674,0.02597796730632554,0.28828718246979546,0.27244317216945496,0.07935938620001265,0.4479047086459324,0.0014195457276366152,0.6949618305056369,0.3538166145336254,0.341816095285068,0.13510181102991328,0.54389365102886,0.3750090481815612,0.37871905240924925,0.30488488695692534,0.44766983797119597,0.41934184473812225,0.4309872336952134,0.3248240736571244,0.525480344537326,0.3116535475241112,0.8191115195894594,622.9648203152576,555.590623945764,715.9455634965389,500,0.55,UB&PB,56471
0,0.0,0.0,0.0,0.0,0.0,0.0,0.0,0.0,0.0,0.0,0.0,0.0,0.0,0.0,0.0,0.0,0.0,0.0,0.0,0.0,0.0,0.0,0.0,0.0,0.0,0.0,0.0,0.0,0.0,0.0,0.0,0.0,0.0,0.0,0.0,500,0.6,UB&PB,56471
2500,0.964085853607626,0.09326107210313134,0.04303847114001376,0.16195959594912862,0.0594369953031351,0.026342470770212026,0.10232525460240972,0.7600392412702367,0.664294792710017,0.847493274889511,0.9692203269367451,0.03077967306325516,0.3091945599987579,0.2987362338399028,0.10513366802946177,0.4710089320695268,0.0021218864789519553,0.7150068957855938,0.372592645269729,0.3622351543528893,0.16048484869434165,0.5656862663778508,0.39662775035366676,0.40012055239890504,0.33176551064269844,0.464077424966154,0.41924235929238163,0.42880549187814176,0.33377962702807606,0.5141332795019202,0.3117479363910775,0.7942697131906109,609.4533462779838,548.921431693505,690.6653384394847,500,0.6,UB&PB,56471
0,0.0,0.0,0.0,0.0,0.0,0.0,0.0,0.0,0.0,0.0,0.0,0.0,0.0,0.0,0.0,0.0,0.0,0.0,0.0,0.0,0.0,0.0,0.0,0.0,0.0,0.0,0.0,0.0,0.0,0.0,0.0,0.0,0.0,0.0,0.0,500,0.65,UB&PB,56471
2500,0.9777067312373158,0.09597665335335315,0.04837638130212855,0.16301903259004535,0.044467063088239195,0.01827532698960629,0.08051552765848399,0.7475269247035692,0.6543022374359286,0.8385596892297008,0.9617370291400134,0.03826297085998579,0.3306143019948916,0.3217138093367346,0.12889229456655454,0.4988201018366465,0.0030407883153477895,0.7389073698721845,0.39141191426052846,0.3803915172031546,0.18167355430424495,0.5911229105255021,0.4150270251477659,0.41783617287964775,0.3506735297893411,0.4815602279658453,0.41945303860132666,0.429368062575202,0.3340264118235338,0.5148302621478804,0.30743814617989557,0.765468363412873,593.3680639697918,543.6704278885509,659.6695997106372,500,0.65,UB&PB,56471
0,0.0,0.0,0.0,0.0,0.0,0.0,0.0,0.0,0.0,0.0,0.0,0.0,0.0,0.0,0.0,0.0,0.0,0.0,0.0,0.0,0.0,0.0,0.0,0.0,0.0,0.0,0.0,0.0,0.0,0.0,0.0,0.0,0.0,0.0,0.0,500,0.7,UB&PB,56471
2500,0.9930328925877535,0.08966035134822307,0.042974170474969035,0.15089205540059722,0.04369225242248812,0.01779594836240415,0.07943827792277697,0.8097827007605296,0.707384817537651,0.8978964904624864,0.9683795309168443,0.03162046908315563,0.3363870105445709,0.32581186122450356,0.13277034594771242,0.5086651393034051,0.0035684308884163167,0.7488720163715054,0.39515028158772364,0.38277354396348534,0.1836840736786167,0.5988280588699121,0.41592180436933496,0.4194008537906569,0.3497379924516172,0.4852859615050533,0.41887424533321727,0.4300289641513352,0.3279844023833127,0.5202338542923997,0.375926312712474,0.8732703362330752,588.7517192390404,543.29618090286,651.2905192810456,500,0.7,UB&PB,56471
0,0.0,0.0,0.0,0.0,0.0,0.0,0.0,0.0,0.0,0.0,0.0,0.0,0.0,0.0,0.0,0.0,0.0,0.0,0.0,0.0,0.0,0.0,0.0,0.0,0.0,0.0,0.0,0.0,0.0,0.0,0.0,0.0,0.0,0.0,0.0,500,0.75,UB&PB,56471
2500,1.008225595939076,0.0858902531530392,0.04051500305321644,0.1449462243103318,0.03633206448837821,0.014272185530845333,0.06786221088505272,0.8435642201217213,0.7222559152447914,0.9313873598871472,0.9626886993603408,0.037311300639658866,0.34891461248364775,0.3364712320705376,0.14436310232109703,0.5277894288562788,0.004673027984331183,0.7658339838441696,0.4041759298012074,0.39015536673410484,0.19105287498242682,0.6135652660946262,0.4226990565950212,0.4265522009636772,0.3545791307636397,0.49430445595643857,0.4194257393323397,0.43073407296402616,0.3268687872111136,0.5229024411001971,0.3358113771064923,0.8256125797114989,580.2841556187076,540.5422801386127,637.7151281752086,500,0.75,UB&PB,56471
0,0.0,0.0,0.0,0.0,0.0,0.0,0.0,0.0,0.0,0.0,0.0,0.0,0.0,0.0,0.0,0.0,0.0,0.0,0.0,0.0,0.0,0.0,0.0,0.0,0.0,0.0,0.0,0.0,0.0,0.0,0.0,0.0,0.0,0.0,0.0,500,0.8,UB&PB,56471
2500,1.023420796703562,0.08888965876077175,0.04216954066890072,0.14825317884965714,0.031804154948550066,0.011781332728812505,0.06052757380136877,0.7346669702088025,0.6320298703665351,0.8461976625260315,0.9574641080312714,0.042535891968727736,0.3714917311369246,0.3599087068723599,0.1739514241130043,0.5540465343322082,0.008723154004694623,0.7828847670831669,0.42127796088732705,0.40744131856380356,0.2112276938245116,0.6332790303045166,0.4338325145797169,0.4379340004987335,0.3668828734361196,0.5048474291780638,0.4190298932073325,0.4297013582524923,0.3281438458132425,0.5203659685298471,0.3512558080919809,0.8305251580345661,572.9084899332202,538.1763949958435,621.1564761998235,500,0.8,UB&PB,56471
0,0.0,0.0,0.0,0.0,0.0,0.0,0.0,0.0,0.0,0.0,0.0,0.0,0.0,0.0,0.0,0.0,0.0,0.0,0.0,0.0,0.0,0.0,0.0,0.0,0.0,0.0,0.0,0.0,0.0,0.0,0.0,0.0,0.0,0.0,0.0,500,0.85,UB&PB,56471
2500,1.0453668601248451,0.07226681791187572,0.03351810988364656,0.12471709947056503,0.02942581221179946,0.010647220217729396,0.056021811920232756,0.8185396917210321,0.7076906388007276,0.9030706007142637,0.9525991471215354,0.04740085287846476,0.3833205425370123,0.369667701859036,0.18007302380860835,0.5756152864071645,0.01064134545777007,0.8016468305468198,0.42850940230599893,0.41481186902044176,0.21192644789397366,0.6482300795069781,0.4397245650703602,0.44550595309337504,0.3664560381638945,0.5181532472432485,0.420452005403304,0.4341135599818191,0.31731111528240724,0.537370650995459,0.398961399586426,0.9102067460660458,564.5613625075297,535.216114921749,606.8126038023441,500,0.85,UB&PB,56471
0,0.0,0.0,0.0,0.0,0.0,0.0,0.0,0.0,0.0,0.0,0.0,0.0,0.0,0.0,0.0,0.0,0.0,0.0,0.0,0.0,0.0,0.0,0.0,0.0,0.0,0.0,0.0,0.0,0.0,0.0,0.0,0.0,0.0,0.0,0.0,500,0.9,UB&PB,56471
2500,1.0674786639844975,0.07564383579155362,0.03488671145275658,0.12840964713836506,0.026858419244022512,0.009332279085217055,0.051629852237310696,0.7042509236547282,0.5963655842955693,0.8069356648600963,0.9512508884150674,0.04874911158493246,0.4056787310542323,0.39273585671890154,0.2060107705608229,0.602164099836932,0.020877025267819316,0.8170683932411408,0.44290232170773247,0.4297228570711247,0.2253816315147871,0.6659305701067377,0.4462598801026205,0.4528992222988095,0.3735978354703364,0.5250785439401272,0.41976093134800346,0.4331340044470332,0.3183288541130468,0.5340989696715667,0.4025364756108641,0.8866702155033647,559.6924441070144,534.1861998913287,595.2097912936223,500,0.9,UB&PB,56471
0,0.0,0.0,0.0,0.0,0.0,0.0,0.0,0.0,0.0,0.0,0.0,0.0,0.0,0.0,0.0,0.0,0.0,0.0,0.0,0.0,0.0,0.0,0.0,0.0,0.0,0.0,0.0,0.0,0.0,0.0,0.0,0.0,0.0,0.0,0.0,500,0.95,UB&PB,56471
2500,1.1017921670062645,0.06296781188359095,0.027298006639134228,0.11077284848798376,0.024807573696948023,0.008376401650849599,0.047778478763526026,0.6733529678416122,0.5509942132747904,0.8067862078809177,0.9499445628997862,0.05005543710021323,0.42876072878505067,0.417605914216762,0.22298312215166008,0.6350583688136849,0.032851010610659884,0.8397304583408903,0.4549195740241434,0.4442016755436353,0.22939422179554897,0.6852673117562099,0.45312325219152844,0.46212500366590376,0.375135392918307,0.5396645943778394,0.42086243494271675,0.43653804022389386,0.30866915076107476,0.5488874456021421,0.4233205096386606,0.9395000041448589,551.6965411513033,531.1320624003462,580.9513620101881,500,0.95,UB&PB,56471
0,0.0,0.0,0.0,0.0,0.0,0.0,0.0,0.0,0.0,0.0,0.0,0.0,0.0,0.0,0.0,0.0,0.0,0.0,0.0,0.0,0.0,0.0,0.0,0.0,0.0,0.0,0.0,0.0,0.0,0.0,0.0,0.0,0.0,0.0,0.0,500,0.05,UB&PB,25428
2500,0.9061272104924064,0.2112791315817589,0.10536068843091322,0.3642735369077902,0.8940423546094317,0.8134185208413246,0.9498963582865328,0.7922215830282385,0.6685952455136395,0.8995165345719934,0.9685948827292107,0.03140511727078893,0.03755886291852117,3.523680167524487e-5,1.1496571532094189e-8,0.00914672656202818,0.0,0.22218865688865047,0.043583610326026555,0.0,0.0,0.01710874148340702,0.055685414541902116,0.003940993041351669,0.0,0.0658866664223072,0.41788264402706615,0.4211586699749559,0.37087312913192655,0.4697818120995882,0.03125091282638106,0.7657977901262963,5628.328878222823,4116.284710111956,8016.147986462124,500,0.05,UB&PB,25428
0,0.0,0.0,0.0,0.0,0.0,0.0,0.0,0.0,0.0,0.0,0.0,0.0,0.0,0.0,0.0,0.0,0.0,0.0,0.0,0.0,0.0,0.0,0.0,0.0,0.0,0.0,0.0,0.0,0.0,0.0,0.0,0.0,0.0,0.0,0.0,500,0.1,UB&PB,25428
2500,0.945806260348244,0.16608286323960883,0.07651164183835936,0.2862226781662937,0.8799710760609948,0.8041118490334066,0.9398646679375896,0.47277265529906,0.3427832321930184,0.6024406487547578,0.9775806680881308,0.022419331911869206,0.0208758590695454,0.0006839245568923472,8.44997750059832e-6,0.025840109106429462,0.0,0.09978129631413776,0.028845202447774977,0.0005781857670940508,0.0,0.04204884955580919,0.021471264895607415,0.006435173118767636,0.00019422283220157325,0.0278433419063849,0.41810227725610566,0.42207068076232396,0.3643919293807431,0.47743359846054517,0.01043261615543723,1.299067610809805,5935.40541971879,5179.920417460562,6949.7701218627935,500,0.1,UB&PB,25428
0,0.0,0.0,0.0,0.0,0.0,0.0,0.0,0.0,0.0,0.0,0.0,0.0,0.0,0.0,0.0,0.0,0.0,0.0,0.0,0.0,0.0,0.0,0.0,0.0,0.0,0.0,0.0,0.0,0.0,0.0,0.0,0.0,0.0,0.0,0.0,500,0.15,UB&PB,25428
2500,0.9606716137363805,0.2025543523823619,0.10635334439384836,0.3519031366637823,0.8701622165182277,0.7833234016239917,0.9392074075687585,0.5913941065707852,0.47167735069402167,0.7266292582427029,0.9736723525230992,0.026327647476901195,0.02252292632343294,0.0014870635047699587,2.7074461735654386e-5,0.031248102441815927,0.0,0.10024640412501107,0.03122039694862208,0.001005879223576746,0.0,0.049295769322119515,0.021775131334641748,0.008153220122401248,0.0004488330526759673,0.029043484154158552,0.41742750801640754,0.42016042602998377,0.3754692354425569,0.4639203576897011,0.016457633020866152,1.4648334535191716,5944.516084017072,5247.072561896643,6917.232769315207,500,0.15,UB&PB,25428
0,0.0,0.0,0.0,0.0,0.0,0.0,0.0,0.0,0.0,0.0,0.0,0.0,0.0,0.0,0.0,0.0,0.0,0.0,0.0,0.0,0.0,0.0,0.0,0.0,0.0,0.0,0.0,0.0,0.0,0.0,0.0,0.0,0.0,0.0,0.0,500,0.2,UB&PB,25428
2500,0.9609872588268656,0.16504811500749783,0.07711527658882333,0.3088913238586109,0.8102967084802095,0.6973344554810259,0.8987723508176635,0.5770275091766061,0.4321921252082153,0.7233224538327906,0.9749879175550814,0.02501208244491825,0.034310623084988306,0.005578654228002668,9.717199868835351e-5,0.05676710028942257,0.0,0.13639809010167017,0.049096389568822375,0.008310991741876954,0.0,0.08612981991625077,0.030891977332842276,0.014430893718089767,0.0008953496292230113,0.04768970486997505,0.4184240111496895,0.4228893165201189,0.36170753105701237,0.4810204835750629,0.01631714511886578,1.2297258172378636,4548.56259002864,3965.861244406395,5264.574125336466,500,0.2,UB&PB,25428
0,0.0,0.0,0.0,0.0,0.0,0.0,0.0,0.0,0.0,0.0,0.0,0.0,0.0,0.0,0.0,0.0,0.0,0.0,0.0,0.0,0.0,0.0,0.0,0.0,0.0,0.0,0.0,0.0,0.0,0.0,0.0,0.0,0.0,0.0,0.0,500,0.25,UB&PB,25428
2500,0.9588173124508507,0.12029741511980814,0.05894573402733771,0.22015635368960346,0.7460763030511696,0.6404660322341698,0.854697313498154,0.537046378779663,0.3632580060876016,0.6778408166806084,0.9733063255152808,0.026693674484719213,0.05243537536710315,0.021266305138874144,0.00047810353906045644,0.08868531689369945,6.720966404781881e-6,0.1830911386625151,0.07461210413592133,0.03927113261404441,0.0003594525691160557,0.127327869517025,0.05122536516101929,0.03700622261362592,0.010300769977426932,0.07788770752547018,0.4184726163490824,0.4249513388964172,0.3488306350952259,0.4958641546191849,0.04040540666059663,1.7440019553308856,3545.581353075808,3049.4843071408395,4140.777172761309,500,0.25,UB&PB,25428
0,0.0,0.0,0.0,0.0,0.0,0.0,0.0,0.0,0.0,0.0,0.0,0.0,0.0,0.0,0.0,0.0,0.0,0.0,0.0,0.0,0.0,0.0,0.0,0.0,0.0,0.0,0.0,0.0,0.0,0.0,0.0,0.0,0.0,0.0,0.0,500,0.3,UB&PB,25428
2500,0.9637425492628982,0.1333858502636867,0.06944576232427056,0.24220617912701206,0.7436313053845334,0.5992659905968978,0.8612024432819035,0.5532801203619588,0.3371420195421546,0.7443137903121809,0.9747661691542275,0.02523383084577111,0.05990698102529189,0.02766305121686941,0.000760444995944731,0.10212058176471246,4.612788903297514e-6,0.20154373665968994,0.0836264522384838,0.049241765679452494,0.00029486120536914226,0.1428631636012391,0.05607712912809435,0.04113623627758441,0.008578331331538944,0.0878320003662113,0.41770874900950083,0.42250657568042804,0.3575727351962159,0.48464665521027095,0.14110753362380837,0.8440634465559947,3150.9955961995674,2636.8217175827976,3725.949866455957,500,0.3,UB&PB,25428
0,0.0,0.0,0.0,0.0,0.0,0.0,0.0,0.0,0.0,0.0,0.0,0.0,0.0,0.0,0.0,0.0,0.0,0.0,0.0,0.0,0.0,0.0,0.0,0.0,0.0,0.0,0.0,0.0,0.0,0.0,0.0,0.0,0.0,0.0,0.0,500,0.35,UB&PB,25428
2500,0.9516213565661283,0.12629058548058147,0.053678128269996635,0.25836720914224287,0.5837882112597221,0.49175420183640767,0.6860559828885311,0.4520475261813936,0.2787568259866465,0.6440643794486187,0.9753660270078189,0.024633972992181938,0.10154515549578462,0.07541856909766353,0.005830454795613276,0.1693877694582251,0.00011069071326062099,0.29342179996684103,0.13854052900663802,0.11682017655644948,0.012342362636288346,0.22546998477896246,0.1136328153301005,0.10815870020267271,0.05589093227913433,0.15926955066756557,0.4188545304024444,0.4252128637319505,0.3494533739553728,0.4956534698531807,0.19871242075728077,0.7941792336332991,2266.7813091026887,1942.7102593401987,2660.715307394028,500,0.35,UB&PB,25428
0,0.0,0.0,0.0,0.0,0.0,0.0,0.0,0.0,0.0,0.0,0.0,0.0,0.0,0.0,0.0,0.0,0.0,0.0,0.0,0.0,0.0,0.0,0.0,0.0,0.0,0.0,0.0,0.0,0.0,0.0,0.0,0.0,0.0,0.0,0.0,500,0.4,UB&PB,25428
2500,0.9407653350101631,0.10177231606678028,0.04899363400051066,0.17633849143457914,0.32823625801870365,0.23932257272419896,0.4238059194591401,0.6566675659629503,0.49988113992458383,0.8090648233377229,0.9788969438521677,0.021103056147832255,0.17141321548302715,0.14016556398533592,0.015389005081339687,0.28250953899531,0.00030043098088278414,0.4760460114866761,0.227493451461747,0.20627252474303587,0.033626503038893654,0.363240407900954,0.2112663394955537,0.2123130917300886,0.1376557421252843,0.28012899097543614,0.4191865683958294,0.42938538034939616,0.333309193187019,0.5155210245589094,0.21663354323399864,0.7515584062353075,1214.5269097209864,1003.8751692490363,1470.845239726398,500,0.4,UB&PB,25428
0,0.0,0.0,0.0,0.0,0.0,0.0,0.0,0.0,0.0,0.0,0.0,0.0,0.0,0.0,0.0,0.0,0.0,0.0,0.0,0.0,0.0,0.0,0.0,0.0,0.0,0.0,0.0,0.0,0.0,0.0,0.0,0.0,0.0,0.0,0.0,500,0.45,UB&PB,25428
2500,0.9386128639105867,0.07879292350443398,0.03307895536567056,0.1458073834003314,0.21509275484864013,0.14353145495042288,0.30277096871981507,0.6445672803597874,0.5101460952934986,0.7758241329056256,0.9797441364605558,0.02025586353944563,0.22331803607074135,0.20174574077025692,0.04116274177230091,0.3559763248304931,0.0006908897452983991,0.5719245261797025,0.2866701426718199,0.27199004962233136,0.08421074271338808,0.44473742516505355,0.2843639150151653,0.28745007894889657,0.2126368674136731,0.35585802109866654,0.4199524514232562,0.43214455418479947,0.3222761123543087,0.5300464020406058,0.26232663337665085,0.7854697368875173,853.882284390345,712.8871601816369,1033.7185353876287,500,0.45,UB&PB,25428
0,0.0,0.0,0.0,0.0,0.0,0.0,0.0,0.0,0.0,0.0,0.0,0.0,0.0,0.0,0.0,0.0,0.0,0.0,0.0,0.0,0.0,0.0,0.0,0.0,0.0,0.0,0.0,0.0,0.0,0.0,0.0,0.0,0.0,0.0,0.0,500,0.5,UB&PB,25428
2500,0.9442415907551431,0.07587265289424487,0.03362055203347331,0.13895599958581606,0.10170404381538341,0.057693349756133924,0.15327370599435458,0.761896337133221,0.6627042906233087,0.8522152404050375,0.9778471926083864,0.02215280739161343,0.2690380188302397,0.25109352247767047,0.06395865717101895,0.4225220239107262,0.0010893109061281235,0.6646125017272226,0.33615889875650296,0.3240507640339065,0.11801343688529728,0.5181984852727084,0.3529112495377344,0.35671420874646187,0.2819970951496934,0.4261032890328933,0.4198287461265354,0.4319065156532317,0.3217512363096269,0.5304108687744098,0.2522232794280254,0.7888578299760562,648.6074374331525,568.248002812567,753.404762856532,500,0.5,UB&PB,25428
0,0.0,0.0,0.0,0.0,0.0,0.0,0.0,0.0,0.0,0.0,0.0,0.0,0.0,0.0,0.0,0.0,0.0,0.0,0.0,0.0,0.0,0.0,0.0,0.0,0.0,0.0,0.0,0.0,0.0,0.0,0.0,0.0,0.0,0.0,0.0,500,0.55,UB&PB,25428
2500,0.9545960769664381,0.085335763957043,0.03980326878238328,0.15088213729877065,0.0913075012558619,0.0479481654395053,0.14453684621104326,0.7778685366486517,0.656356942518256,0.8744173618263946,0.9759331911869233,0.02406680881307747,0.2827212494801971,0.26809103376642635,0.07783475300452007,0.4386028353050302,0.001412373841704751,0.6810262899829113,0.3484502562503991,0.3372534089959981,0.1328921257883601,0.5340111281226647,0.3652727622933045,0.36947861282064026,0.29603918037576477,0.43737017361943703,0.4196533198526025,0.43065797993252736,0.32831376255260813,0.5219261215055642,0.22968698699383744,0.9537842486191171,639.8538284373376,564.5453487922964,740.7583194830831,500,0.55,UB&PB,25428
0,0.0,0.0,0.0,0.0,0.0,0.0,0.0,0.0,0.0,0.0,0.0,0.0,0.0,0.0,0.0,0.0,0.0,0.0,0.0,0.0,0.0,0.0,0.0,0.0,0.0,0.0,0.0,0.0,0.0,0.0,0.0,0.0,0.0,0.0,0.0,500,0.6,UB&PB,25428
2500,0.965449109266454,0.09584750036011684,0.04624766480895439,0.162775921060842,0.058497349021000566,0.026335159838594576,0.10081358711661592,0.803558809186366,0.7110603533717964,0.8856091184773137,0.9690781805259423,0.030921819474058258,0.3042867744882312,0.2920511787615521,0.09743411745305129,0.4664429624346156,0.0019673792310199293,0.7127456293012656,0.3682372712874619,0.35678231482576434,0.1531532719552309,0.5615531558684566,0.39249844410075946,0.39581208895870634,0.3269276429899291,0.4604643069704853,0.4186778439745182,0.42819862960795063,0.33327979224175003,0.5137417645092424,0.2556429204933237,0.7036323778175021,610.82671702039,550.6651320208847,693.166070579906,500,0.6,UB&PB,25428
0,0.0,0.0,0.0,0.0,0.0,0.0,0.0,0.0,0.0,0.0,0.0,0.0,0.0,0.0,0.0,0.0,0.0,0.0,0.0,0.0,0.0,0.0,0.0,0.0,0.0,0.0,0.0,0.0,0.0,0.0,0.0,0.0,0.0,0.0,0.0,500,0.65,UB&PB,25428
2500,0.9791031475131439,0.09517543614082845,0.046104500872672996,0.15435844029366208,0.052168679564976055,0.022890748842427814,0.09113483600995564,0.8259844138910792,0.7314659868448855,0.9091465910497343,0.969785358919689,0.030214641080312694,0.31771337053106224,0.3066139794344952,0.11152170703101405,0.4842069935689082,0.0025231914248459012,0.7282808677434597,0.37972769670494666,0.3678630590026006,0.16638732647156199,0.5782044853220886,0.40313786856998096,0.40619981582069087,0.33733316405523006,0.47163083826399255,0.418729812374581,0.4292777914479454,0.329878967855405,0.517909108308233,0.3303789301425228,0.7988689114187736,600.9889114585137,548.152941581881,673.4789056297238,500,0.65,UB&PB,25428
0,0.0,0.0,0.0,0.0,0.0,0.0,0.0,0.0,0.0,0.0,0.0,0.0,0.0,0.0,0.0,0.0,0.0,0.0,0.0,0.0,0.0,0.0,0.0,0.0,0.0,0.0,0.0,0.0,0.0,0.0,0.0,0.0,0.0,0.0,0.0,500,0.7,UB&PB,25428
2500,0.9939915534528244,0.08241846752301955,0.03780598144519308,0.14388518447342694,0.04039208238083973,0.016236829326349973,0.07418902947670436,0.8175770034439994,0.7241559497747617,0.8997344449530854,0.9627398720682303,0.037260127931769714,0.3402926987038694,0.32925533380708893,0.13435641969262818,0.5154817078939745,0.0035103021430298166,0.7571333742226073,0.39831342451511764,0.3856878970287021,0.184944558611027,0.6046590607322333,0.419630509384525,0.4228964833476708,0.35095715243430664,0.4913104406325396,0.4199011242518523,0.4315007392029111,0.32569323981756776,0.5251815492442605,0.32544349083046714,0.8042904202267436,583.5471979724064,540.4862552619976,643.5003792144383,500,0.7,UB&PB,25428
0,0.0,0.0,0.0,0.0,0.0,0.0,0.0,0.0,0.0,0.0,0.0,0.0,0.0,0.0,0.0,0.0,0.0,0.0,0.0,0.0,0.0,0.0,0.0,0.0,0.0,0.0,0.0,0.0,0.0,0.0,0.0,0.0,0.0,0.0,0.0,500,0.75,UB&PB,25428
2500,1.0062621156399587,0.09151207954054318,0.04386981773579783,0.1517295743041863,0.03703980726096977,0.014212724311853442,0.0694730714228123,0.7338495926692709,0.622645253828159,0.8388166903361509,0.9589026297085997,0.041097370291400134,0.3579312906925401,0.3476627991094673,0.15985891548518386,0.5350506885932741,0.005989992606454693,0.767489509064259,0.41222433703749267,0.39933405710785175,0.20387559190371982,0.6197489001960951,0.42857794750250033,0.43202626103821545,0.36262300087425803,0.4975662221975513,0.41898322546860706,0.42966184781486716,0.32922152233493795,0.5185944366045483,0.34083315634359435,0.8009993914975743,579.3811769921684,539.854380843588,633.4107278028055,500,0.75,UB&PB,25428
0,0.0,0.0,0.0,0.0,0.0,0.0,0.0,0.0,0.0,0.0,0.0,0.0,0.0,0.0,0.0,0.0,0.0,0.0,0.0,0.0,0.0,0.0,0.0,0.0,0.0,0.0,0.0,0.0,0.0,0.0,0.0,0.0,0.0,0.0,0.0,500,0.8,UB&PB,25428
2500,1.0246869921025341,0.08988571710894988,0.04459027228989867,0.14831382469175658,0.03115493695944656,0.011450348700247425,0.05984718447921451,0.7548310005848707,0.6378516559321795,0.8561618870043199,0.9559239516702213,0.04407604832977965,0.3712596809159807,0.3594452800536394,0.17320976921894524,0.5549646542033491,0.008533546605517877,0.7821858692635443,0.4214866101769512,0.40748920764887664,0.21083751583444957,0.6348199955651355,0.4338123487727841,0.43830740706202553,0.3664360050146921,0.5053093244616423,0.41879477263904663,0.4300515634943448,0.3273902114493438,0.5207211532222503,0.36584881024273536,0.8274479268462009,572.3405374316667,538.2968662633664,618.8341876741534,500,0.8,UB&PB,25428
0,0.0,0.0,0.0,0.0,0.0,0.0,0.0,0.0,0.0,0.0,0.0,0.0,0.0,0.0,0.0,0.0,0.0,0.0,0.0,0.0,0.0,0.0,0.0,0.0,0.0,0.0,0.0,0.0,0.0,0.0,0.0,0.0,0.0,0.0,0.0,500,0.85,UB&PB,25428
2500,1.0429421027104142,0.0827635083698522,0.03907328414835485,0.14047109546291564,0.02897603637839725,0.010425628912477676,0.05537100013838058,0.6715008860934507,0.5777890975260489,0.772619745864116,0.9559147121535169,0.04408528784648181,0.39239971083271974,0.37998731593324,0.1970624501027856,0.5814078298300135,0.015068617084257536,0.8008829391666812,0.43598969297590373,0.4220535713402198,0.22481863303189906,0.652836912211543,0.4422563051441674,0.4477931297957593,0.3731603869322643,0.5165809188959335,0.41917531490786747,0.4309890087710133,0.3233929259798538,0.5265887719006286,0.39747832548027523,0.8806463007164722,565.0263047673544,535.68821790528,604.6902147624451,500,0.85,UB&PB,25428
0,0.0,0.0,0.0,0.0,0.0,0.0,0.0,0.0,0.0,0.0,0.0,0.0,0.0,0.0,0.0,0.0,0.0,0.0,0.0,0.0,0.0,0.0,0.0,0.0,0.0,0.0,0.0,0.0,0.0,0.0,0.0,0.0,0.0,0.0,0.0,500,0.9,UB&PB,25428
2500,1.0675589484418637,0.07655108303118104,0.036586180355484145,0.12777039079566357,0.026442876814130198,0.009198195813412866,0.051263235745667046,0.6600206295706844,0.5738065784838949,0.7674866188653272,0.9489857853589198,0.05101421464108038,0.408626330503989,0.3960788354052904,0.20955783000618974,0.6055118101723465,0.021784280142528617,0.8180730091462514,0.44525903243954507,0.43265182908088246,0.22794624575874753,0.6682059847625592,0.44786403573794237,0.4546960229867627,0.37507598684271304,0.5272980254766982,0.4198462495457127,0.43351588337154134,0.31739595137917187,0.5350160100781257,0.4225203783659017,0.937310719557262,559.0375637147129,534.0049018693352,593.6325498734521,500,0.9,UB&PB,25428
0,0.0,0.0,0.0,0.0,0.0,0.0,0.0,0.0,0.0,0.0,0.0,0.0,0.0,0.0,0.0,0.0,0.0,0.0,0.0,0.0,0.0,0.0,0.0,0.0,0.0,0.0,0.0,0.0,0.0,0.0,0.0,0.0,0.0,0.0,0.0,500,0.95,UB&PB,25428
2500,1.1011916203543575,0.0634343328517139,0.02720643209578247,0.11210514986697413,0.02489321884633688,0.008446206880978229,0.04831775552879735,0.6430852908928466,0.49771953785162815,0.7908580433919826,0.9511606254442063,0.0488393745557925,0.4307072581119901,0.41982802080223586,0.22567680160199072,0.6366604928402907,0.03407860006537186,0.8408294874590204,0.45625333018777203,0.44546761091753,0.23089249457731337,0.6862233481584297,0.45378213247311794,0.462923844173844,0.3760656131171757,0.5403558472261846,0.42083912836422177,0.4365863465502561,0.3083696822204299,0.5488777460892771,0.40925696923440674,0.8941663655175587,551.4289877606399,530.9752617122482,579.9536214202594,500,0.95,UB&PB,25428
0,0.0,0.0,0.0,0.0,0.0,0.0,0.0,0.0,0.0,0.0,0.0,0.0,0.0,0.0,0.0,0.0,0.0,0.0,0.0,0.0,0.0,0.0,0.0,0.0,0.0,0.0,0.0,0.0,0.0,0.0,0.0,0.0,0.0,0.0,0.0,500,0.05,UB&PB,3679
2500,0.9153540384758406,0.20742193051842847,0.10998411404796739,0.37218343087983696,0.9042154003106642,0.8320190828341547,0.9591330010401051,0.6215704096538196,0.44160702448499495,0.7577886692045631,0.9720298507462691,0.027970149253731303,0.027566482683949553,3.07654087101963e-5,3.973035503844088e-8,0.008155567801874977,0.0,0.15054744690588606,0.03264309795843973,0.0,0.0,0.01571701679747392,0.03791169943668383,0.0028454828034963227,4.674461822259155e-6,0.042703857945742,0.4173469546217516,0.41970617548184536,0.3770324037345411,0.46214015562691235,0.021406925664248976,0.8159653605253987,6662.151302971996,5397.64578421347,8556.990908002886,500,0.05,UB&PB,3679
0,0.0,0.0,0.0,0.0,0.0,0.0,0.0,0.0,0.0,0.0,0.0,0.0,0.0,0.0,0.0,0.0,0.0,0.0,0.0,0.0,0.0,0.0,0.0,0.0,0.0,0.0,0.0,0.0,0.0,0.0,0.0,0.0,0.0,0.0,0.0,500,0.1,UB&PB,3679
2500,0.9541529449192937,0.31134410777666144,0.1637542999508117,0.5019804937724387,0.9187122619220855,0.8514465631832978,0.9640006422971,0.37937119951330633,0.24953882753575934,0.5282563057416829,0.9737526652452022,0.02624733475479743,0.015436086042482236,0.0005653278459947911,5.7903827032350424e-6,0.02025828732555711,0.0,0.0707345381385663,0.02107410722591851,0.00017384847288557666,0.0,0.03253168258531897,0.015216955328446666,0.003623269105181333,6.304106600157859e-5,0.020478473961044817,0.41731955349243627,0.4184965304550942,0.3898502410638957,0.4476181655223358,0.01149438062238634,1.2386299447515163,8616.002923902033,7832.130008546301,9704.772130269412,500,0.1,UB&PB,3679
0,0.0,0.0,0.0,0.0,0.0,0.0,0.0,0.0,0.0,0.0,0.0,0.0,0.0,0.0,0.0,0.0,0.0,0.0,0.0,0.0,0.0,0.0,0.0,0.0,0.0,0.0,0.0,0.0,0.0,0.0,0.0,0.0,0.0,0.0,0.0,500,0.15,UB&PB,3679
2500,0.9541219311028059,0.22631022968691722,0.11116684856408744,0.39517607479880973,0.8782162496727242,0.7793367385213059,0.9468454438405834,0.34881531893709716,0.22133199897624442,0.62381799777817,0.9728926794598436,0.02710732054015637,0.02518776950012782,0.0037670819126925585,4.742565881616846e-5,0.041046987994186636,0.0,0.10083923826219125,0.0353479090299716,0.006325072975865263,0.0,0.06118472632949148,0.02425293091347212,0.010900163280688172,0.00047964773539914136,0.03820075518035158,0.41777448765213104,0.41985734764916166,0.3805546090856817,0.4591789468505277,0.050371028287963936,0.9234506627336417,6018.115820107976,5340.697646309233,6860.093054083849,500,0.15,UB&PB,3679
0,0.0,0.0,0.0,0.0,0.0,0.0,0.0,0.0,0.0,0.0,0.0,0.0,0.0,0.0,0.0,0.0,0.0,0.0,0.0,0.0,0.0,0.0,0.0,0.0,0.0,0.0,0.0,0.0,0.0,0.0,0.0,0.0,0.0,0.0,0.0,500,0.2,UB&PB,3679
2500,0.9623463439555586,0.17935022290309155,0.08840344444217192,0.36068788765582094,0.8393348245641561,0.7380016589689523,0.9189590307184955,0.5885133119941945,0.3684114089612739,0.796795918109072,0.9722651030561484,0.027734896943852182,0.03138037740571795,0.004659837706590619,6.725412025166216e-5,0.05118899467594806,0.0,0.1257116366705672,0.044189167488710795,0.006604927882713539,0.0,0.07711466863820333,0.028406653181156004,0.011373672586028092,0.0005216739033482161,0.04397719887893628,0.41783404550757547,0.42099859704687365,0.3689866619405818,0.4719586649105375,0.040146089349488226,0.8735714005870818,4657.635598778481,4030.288463475054,5474.967384990615,500,0.2,UB&PB,3679
0,0.0,0.0,0.0,0.0,0.0,0.0,0.0,0.0,0.0,0.0,0.0,0.0,0.0,0.0,0.0,0.0,0.0,0.0,0.0,0.0,0.0,0.0,0.0,0.0,0.0,0.0,0.0,0.0,0.0,0.0,0.0,0.0,0.0,0.0,0.0,500,0.25,UB&PB,3679
2500,0.9538157649371485,0.11923783098064968,0.0509828815747729,0.2481386876845999,0.7275634846937762,0.605356709419115,0.8424473612284081,0.48357654209058515,0.24645351683548666,0.7622697541384221,0.9778123667377385,0.022187633262260146,0.057211110426497624,0.020910579349754044,0.00035054043119374503,0.09883612485404553,9.156423525312381e-8,0.2006333355009639,0.0807364255197385,0.04166702499338417,0.0,0.1395245679886721,0.05419783032418776,0.038507837491937494,0.0037876016551932875,0.087538275403239,0.41875188943873914,0.4242902295087144,0.35105809622837064,0.49385884497231464,0.07997756299184612,0.9864226407499066,2835.367704774322,2344.058242200124,3386.3144303947256,500,0.25,UB&PB,3679
0,0.0,0.0,0.0,0.0,0.0,0.0,0.0,0.0,0.0,0.0,0.0,0.0,0.0,0.0,0.0,0.0,0.0,0.0,0.0,0.0,0.0,0.0,0.0,0.0,0.0,0.0,0.0,0.0,0.0,0.0,0.0,0.0,0.0,0.0,0.0,500,0.3,UB&PB,3679
2500,0.953620233142735,0.16446369400786096,0.08867871469723125,0.2589223985902769,0.6125759845129267,0.5064204214461152,0.7293291651212693,0.6396326402719058,0.48079617532513536,0.7793589956845046,0.9738720682302772,0.026127931769722834,0.08015402650490677,0.04347503598427492,0.0010379686447975355,0.136424529877531,2.078477249527107e-5,0.2639330610326763,0.11151839484462933,0.07685639755093239,0.0005454430108238191,0.18747165572761737,0.08826480217292842,0.07727424668232588,0.03258013098191621,0.12901303282265467,0.41877521763712844,0.42513806253399267,0.3551609241825377,0.48966871194375033,0.15197668831757513,0.8099928413507984,2890.5462336031937,2466.0808494481585,3441.9661206119094,500,0.3,UB&PB,3679
0,0.0,0.0,0.0,0.0,0.0,0.0,0.0,0.0,0.0,0.0,0.0,0.0,0.0,0.0,0.0,0.0,0.0,0.0,0.0,0.0,0.0,0.0,0.0,0.0,0.0,0.0,0.0,0.0,0.0,0.0,0.0,0.0,0.0,0.0,0.0,500,0.35,UB&PB,3679
2500,0.9322948437173183,0.11232569506310612,0.05084890553725081,0.19899538884856502,0.367942362513064,0.2825696440167912,0.4518965012132919,0.6415097711677972,0.47714983824036106,0.7654144408570771,0.9741378820184817,0.025862117981520983,0.1665290601330453,0.13712498072258156,0.017628763884182438,0.2722734862769263,0.00029267784626290185,0.4602184854842937,0.2177972342575369,0.1975000563765702,0.03815431543869584,0.3458296842546888,0.21494469011351813,0.2125944350384196,0.14768493259756746,0.27670415717732455,0.419299692126138,0.429995714477015,0.33234347361830957,0.5172351637873591,0.2065127736964339,0.7343017821404763,1881.910116773241,1622.2506122888458,2193.6588026176287,500,0.35,UB&PB,3679
0,0.0,0.0,0.0,0.0,0.0,0.0,0.0,0.0,0.0,0.0,0.0,0.0,0.0,0.0,0.0,0.0,0.0,0.0,0.0,0.0,0.0,0.0,0.0,0.0,0.0,0.0,0.0,0.0,0.0,0.0,0.0,0.0,0.0,0.0,0.0,500,0.4,UB&PB,3679
2500,0.9301120693853228,0.06735524901462718,0.029043770298762185,0.12191036433415975,0.1841590002932184,0.12054976167295463,0.2611326439996419,0.7171551053576215,0.5829779998335702,0.8390886924651835,0.9802892679459841,0.01971073205401566,0.21488828785781494,0.18475875705944436,0.024470273370109544,0.350155814709224,0.0004738201038778554,0.5789280453280585,0.28079251252263343,0.26198444241903246,0.05836791707891292,0.443110007358243,0.2779800433398637,0.2811572680519029,0.20111798398881947,0.3546198978316002,0.4200909260198166,0.434102884755808,0.3129038458622397,0.5411942992133048,0.23739449841854168,0.7005659638137008,753.6901002311217,631.6157920607876,916.1690338789053,500,0.4,UB&PB,3679
0,0.0,0.0,0.0,0.0,0.0,0.0,0.0,0.0,0.0,0.0,0.0,0.0,0.0,0.0,0.0,0.0,0.0,0.0,0.0,0.0,0.0,0.0,0.0,0.0,0.0,0.0,0.0,0.0,0.0,0.0,0.0,0.0,0.0,0.0,0.0,500,0.45,UB&PB,3679
2500,0.9315561258017745,0.07296526168326298,0.03254380624612769,0.12816650044481717,0.12125414707121808,0.072419895602785,0.18280410107088205,0.7330414580798641,0.6295058296300564,0.8242213863111901,0.9778528784648195,0.02214712153518125,0.2552499294004519,0.23427257020963824,0.05407044114868386,0.4040806055847521,0.0008668735986037946,0.6426439596568332,0.3226955347545187,0.30952402237152704,0.10358813920089292,0.4986322062518905,0.3362229800298109,0.3395911014340817,0.2634249786024573,0.4104741788602991,0.42014081302142686,0.4331538501234137,0.31874481866476195,0.5350817751533362,0.23549879447567235,0.7734959599056419,669.2393149255084,575.7793902087063,790.3928945192521,500,0.45,UB&PB,3679
0,0.0,0.0,0.0,0.0,0.0,0.0,0.0,0.0,0.0,0.0,0.0,0.0,0.0,0.0,0.0,0.0,0.0,0.0,0.0,0.0,0.0,0.0,0.0,0.0,0.0,0.0,0.0,0.0,0.0,0.0,0.0,0.0,0.0,0.0,0.0,500,0.5,UB&PB,3679
2500,0.9402654808421317,0.08537598487564829,0.040509201300165505,0.14375093192980837,0.0769646707372005,0.039915430296385904,0.12362250012654433,0.7443634122211602,0.6479871739739815,0.8317380712980069,0.9720803127221037,0.027919687277896205,0.2869098274778144,0.27239028775290847,0.08006731483384275,0.4455591812479113,0.0012711102180637066,0.6887266835499843,0.3531349303153216,0.3428083746949591,0.1358204225511052,0.5403914135331831,0.3774827413609983,0.3806965903819249,0.30825470285454093,0.4488774072302248,0.41880597235471057,0.43011163929262775,0.32534517439675176,0.5233037614395455,0.30395833883755485,0.7523227690061155,623.3393687098585,553.5947110645767,714.5632892464993,500,0.5,UB&PB,3679
0,0.0,0.0,0.0,0.0,0.0,0.0,0.0,0.0,0.0,0.0,0.0,0.0,0.0,0.0,0.0,0.0,0.0,0.0,0.0,0.0,0.0,0.0,0.0,0.0,0.0,0.0,0.0,0.0,0.0,0.0,0.0,0.0,0.0,0.0,0.0,500,0.55,UB&PB,3679
2500,0.9521024755937848,0.08527355114498485,0.040034998375346034,0.14560510898680173,0.06512218537285566,0.03110019985254722,0.10958918763729561,0.759344303954977,0.6696755664580939,0.8420229763022357,0.971688699360342,0.028311300639658844,0.30049386265595185,0.28736865582260424,0.0938629295582448,0.46207178176451513,0.0016592667825066141,0.7077092643095306,0.36498321044504345,0.3539965413866224,0.1487161467520096,0.5567354966902447,0.38892495998935434,0.39232800867440737,0.3203056338581452,0.45985031634950324,0.41924837906050416,0.4304459570892942,0.32652075110412987,0.5231905145962984,0.2724384261331574,0.744367389477411,611.7914295343111,549.0261936802107,695.8386867789982,500,0.55,UB&PB,3679
0,0.0,0.0,0.0,0.0,0.0,0.0,0.0,0.0,0.0,0.0,0.0,0.0,0.0,0.0,0.0,0.0,0.0,0.0,0.0,0.0,0.0,0.0,0.0,0.0,0.0,0.0,0.0,0.0,0.0,0.0,0.0,0.0,0.0,0.0,0.0,500,0.6,UB&PB,3679
2500,0.9667028958700551,0.09356583908078757,0.042163237665651845,0.16985017745092992,0.1819070060315367,0.11061574701517216,0.25069830066900495,0.6981905477699001,0.5795611792032644,0.8223586852246514,0.9727590618336885,0.027240938166311263,0.2712508848747322,0.2595938218455679,0.0839434246979868,0.41664146896347415,0.0016959282062266282,0.6385592521502178,0.32950134588422364,0.3185736864134368,0.13157976131231902,0.5030499322581341,0.3404146813841405,0.3435125918605183,0.27415260142828884,0.4077149347470086,0.4192753336837903,0.42910010875953564,0.3326669355613432,0.515820140352663,0.30706072744452456,0.7792380367117594,858.9657978518691,721.851206426087,1008.2521988253136,500,0.6,UB&PB,3679
0,0.0,0.0,0.0,0.0,0.0,0.0,0.0,0.0,0.0,0.0,0.0,0.0,0.0,0.0,0.0,0.0,0.0,0.0,0.0,0.0,0.0,0.0,0.0,0.0,0.0,0.0,0.0,0.0,0.0,0.0,0.0,0.0,0.0,0.0,0.0,500,0.65,UB&PB,3679
2500,0.9761268838292493,0.1000880402218615,0.047654373321320595,0.17016150252842926,0.04577720761251671,0.01891062097651889,0.08337394599402535,0.7140022552276885,0.6210689594178996,0.8007673965811175,0.966146410803129,0.033853589196872765,0.3320635385236236,0.3240425066101382,0.13348667521979699,0.4986215766033947,0.0032757527579767567,0.736523580097496,0.3925652623019373,0.38177935158365095,0.18516324857474273,0.5905434347334273,0.41511348470092685,0.4181122249733586,0.3524643401374963,0.48021844436019623,0.4188667967533616,0.4282910676790635,0.33513231964690243,0.5117646851018717,0.32157072496556555,0.8050980073249057,595.2274136804722,543.9317273422992,663.0515831478886,500,0.65,UB&PB,3679
0,0.0,0.0,0.0,0.0,0.0,0.0,0.0,0.0,0.0,0.0,0.0,0.0,0.0,0.0,0.0,0.0,0.0,0.0,0.0,0.0,0.0,0.0,0.0,0.0,0.0,0.0,0.0,0.0,0.0,0.0,0.0,0.0,0.0,0.0,0.0,500,0.7,UB&PB,3679
2500,0.9943412576347365,0.08931337539358489,0.04218588639402251,0.148531030687814,0.04173049868090076,0.01721389028209337,0.0757261300593831,0.835746003297417,0.750482874092235,0.9026037333264496,0.9616183368869938,0.03838166311300637,0.33565595768722695,0.3241564515896972,0.12977638407894293,0.508942105043584,0.003432339262176263,0.7513029034218252,0.39459834520198617,0.38204771651343017,0.18121016870973242,0.599464942688157,0.41657761612069716,0.41968851857518247,0.34921300517900905,0.4867050763174616,0.4194709865855544,0.4302400984772307,0.3282206266952515,0.5212093246762615,0.34514497106643,0.8044855732256219,587.5963968036577,543.0222158405398,650.1693597558238,500,0.7,UB&PB,3679
0,0.0,0.0,0.0,0.0,0.0,0.0,0.0,0.0,0.0,0.0,0.0,0.0,0.0,0.0,0.0,0.0,0.0,0.0,0.0,0.0,0.0,0.0,0.0,0.0,0.0,0.0,0.0,0.0,0.0,0.0,0.0,0.0,0.0,0.0,0.0,500,0.75,UB&PB,3679
2500,1.0044767407449384,0.10069220481469639,0.05192189521991266,0.16108463335743922,0.034896122664355454,0.013360823268610628,0.06546660456376471,0.7006132795780748,0.5917930641741765,0.8011433147354216,0.9575721393034823,0.042427860696517494,0.36026029359556505,0.3507861059936421,0.1656231701256715,0.535842866740117,0.007149525676946995,0.7650133345930816,0.4142642022305,0.401100289710283,0.2083118903551542,0.620739207126139,0.42992418003556004,0.4331261431139618,0.36664669381176646,0.4963633811361099,0.4188267605827553,0.4286523916280524,0.3342377482343409,0.5128963896744304,0.36549160236077416,0.8489755301064362,580.8002832000029,540.9945669300846,633.9185122550236,500,0.75,UB&PB,3679
0,0.0,0.0,0.0,0.0,0.0,0.0,0.0,0.0,0.0,0.0,0.0,0.0,0.0,0.0,0.0,0.0,0.0,0.0,0.0,0.0,0.0,0.0,0.0,0.0,0.0,0.0,0.0,0.0,0.0,0.0,0.0,0.0,0.0,0.0,0.0,500,0.8,UB&PB,3679
2500,1.0236971040457659,0.08562302850388342,0.03980958905930879,0.14831263158732047,0.03250548051580713,0.012262134462408385,0.06130580655456521,0.7427860275198054,0.6262611043440713,0.8644945443069004,0.9570760483297808,0.04292395167022031,0.37098024877817687,0.35935048107515344,0.17235105400581352,0.5542173344510509,0.00824723163708894,0.782803555633916,0.42103483004461223,0.4072759465322447,0.21052664208771088,0.6336933425539666,0.4343897078995871,0.4386272186812209,0.3666276173003051,0.5060042081693152,0.4196657306099723,0.43119476004498436,0.32630066546095776,0.524207848958809,0.37052765760121825,0.8333064905922845,572.794528416811,537.9793551620146,621.4681005832848,500,0.8,UB&PB,3679
0,0.0,0.0,0.0,0.0,0.0,0.0,0.0,0.0,0.0,0.0,0.0,0.0,0.0,0.0,0.0,0.0,0.0,0.0,0.0,0.0,0.0,0.0,0.0,0.0,0.0,0.0,0.0,0.0,0.0,0.0,0.0,0.0,0.0,0.0,0.0,500,0.85,UB&PB,3679
2500,1.044048778078288,0.07855234387831293,0.03592751885474093,0.13294148227036975,0.02916188176012175,0.010624935619501901,0.05514232987065212,0.767430574498472,0.6531743889983314,0.8696294334563345,0.9512665245202561,0.04873347547974411,0.38573689338056627,0.37276054394606034,0.1851548842820797,0.5767724696595745,0.012068668578952975,0.800739792933602,0.430384382624345,0.41665039071831367,0.21541406401303728,0.6490280507819051,0.44052078877907414,0.44607096372900906,0.3690936174014294,0.5169561989800525,0.4199018106745568,0.4328085027036963,0.32033076343778105,0.5318369135281944,0.4048150208803101,0.8787538281929402,565.1015475338614,535.7795396300365,606.2065098031227,500,0.85,UB&PB,3679
0,0.0,0.0,0.0,0.0,0.0,0.0,0.0,0.0,0.0,0.0,0.0,0.0,0.0,0.0,0.0,0.0,0.0,0.0,0.0,0.0,0.0,0.0,0.0,0.0,0.0,0.0,0.0,0.0,0.0,0.0,0.0,0.0,0.0,0.0,0.0,500,0.9,UB&PB,3679
2500,1.0679326745736049,0.07521355622028228,0.03456474007317942,0.12738229727947292,0.02629129207453406,0.009040988525498065,0.05138591049577197,0.7026154982527657,0.5996956796004641,0.8157910208063689,0.9495103056147816,0.050489694385216805,0.40543130819456064,0.39218941969574866,0.20490586532150837,0.6030175332797959,0.019984462777777812,0.8174444266116078,0.44264935213961515,0.4293904144890643,0.2245281830048421,0.666285545798468,0.44649926419478453,0.4533910908576856,0.37309871059057903,0.5264727957084371,0.41983846860953905,0.43357284914017497,0.3163865593395375,0.5365995825242733,0.3928506614387676,0.8877824585310856,559.4067893560093,533.9914032774532,594.9622716832292,500,0.9,UB&PB,3679
0,0.0,0.0,0.0,0.0,0.0,0.0,0.0,0.0,0.0,0.0,0.0,0.0,0.0,0.0,0.0,0.0,0.0,0.0,0.0,0.0,0.0,0.0,0.0,0.0,0.0,0.0,0.0,0.0,0.0,0.0,0.0,0.0,0.0,0.0,0.0,500,0.95,UB&PB,3679
2500,1.10177171166438,0.06188423150436588,0.026938642155988776,0.10943585287545787,0.02489792183079204,0.008402223846280116,0.048171406854328726,0.7009760120092012,0.5731852730368328,0.8135215243739617,0.9447036247334749,0.055296375266524526,0.4278378024228138,0.4169704035484899,0.22098389748311703,0.63470985926763,0.03163549677250238,0.8399562876188278,0.4541641859330013,0.4438067208533816,0.22757394879887557,0.68451195205287,0.45359067761210087,0.46258612997576276,0.374836105300947,0.540792848244727,0.4208147306244665,0.43692528730403485,0.30668719550827994,0.5506119871941856,0.44132278464012237,0.9532437950602493,551.6716426686589,531.06366431607,580.8880146793459,500,0.95,UB&PB,3679
0,0.0,0.0,0.0,0.0,0.0,0.0,0.0,0.0,0.0,0.0,0.0,0.0,0.0,0.0,0.0,0.0,0.0,0.0,0.0,0.0,0.0,0.0,0.0,0.0,0.0,0.0,0.0,0.0,0.0,0.0,0.0,0.0,0.0,0.0,0.0,500,0.05,UB&PB,75019
2500,0.9057136798140079,0.2143969530899596,0.11342226584931206,0.3406475589067097,0.8573058186195194,0.7567243002366765,0.9306885059067533,0.8056754892881456,0.6712778874762454,0.9189832883305512,0.9691066098081025,0.030893390191897633,0.03544837155271111,4.213538698953591e-5,1.931851875240986e-8,0.010647574473887037,0.0,0.20435724501217267,0.0420589617128047,0.0,0.0,0.02092551649863371,0.052569660269473274,0.0044192655642432835,8.378252533336956e-7,0.06535097006548012,0.41773083736386746,0.41982930511021177,0.37970275825529104,0.45995240862190867,0.040412828605425805,0.6270088278791353,5069.5843077954505,3771.8007921043168,7159.420568063419,500,0.05,UB&PB,75019
0,0.0,0.0,0.0,0.0,0.0,0.0,0.0,0.0,0.0,0.0,0.0,0.0,0.0,0.0,0.0,0.0,0.0,0.0,0.0,0.0,0.0,0.0,0.0,0.0,0.0,0.0,0.0,0.0,0.0,0.0,0.0,0.0,0.0,0.0,0.0,500,0.1,UB&PB,75019
2500,0.941478951949223,0.1962554187225655,0.10056812422448845,0.3129937355205962,0.8731071420305156,0.7926127780145155,0.9405355011034217,0.7264348098522255,0.597052218464575,0.8542553509975737,0.9749587775408671,0.02504122245913293,0.025070534460689225,0.0001429913731204157,4.968061381474719e-6,0.020725031451153002,0.0,0.13152531644775267,0.03179860898152373,0.0,0.0,0.0333704326116522,0.03057063042903623,0.008818888786674124,0.00029556587590292443,0.034919374623061016,0.4177611366596527,0.42031288682675655,0.37511075121847315,0.4650714851661047,0.01544751799765278,1.0198520979528014,5719.738678127322,4722.534864294076,7232.072859129603,500,0.1,UB&PB,75019
0,0.0,0.0,0.0,0.0,0.0,0.0,0.0,0.0,0.0,0.0,0.0,0.0,0.0,0.0,0.0,0.0,0.0,0.0,0.0,0.0,0.0,0.0,0.0,0.0,0.0,0.0,0.0,0.0,0.0,0.0,0.0,0.0,0.0,0.0,0.0,500,0.15,UB&PB,75019
2500,0.9547294449695495,0.28361195480873125,0.14295417943965819,0.47600729766857275,0.8890557891727247,0.8036499112345008,0.9475628076884521,0.7990567817090841,0.6250304677751515,0.897020234313694,0.9741115849324808,0.025888415067519596,0.026905190190192413,0.0005467487974810276,1.9714472203991188e-5,0.02877296500203,0.0,0.13681017268467957,0.034018448075923455,4.535278868269664e-5,0.0,0.0426007191070269,0.031672280157236714,0.012261838384338638,0.0010084191342013978,0.03648439969587026,0.41723753414503145,0.4185166171732482,0.3871330545097571,0.4506751758094483,0.029867338072390604,0.8555510185951202,6196.99805755319,5198.491950546849,7721.432894763437,500,0.15,UB&PB,75019
0,0.0,0.0,0.0,0.0,0.0,0.0,0.0,0.0,0.0,0.0,0.0,0.0,0.0,0.0,0.0,0.0,0.0,0.0,0.0,0.0,0.0,0.0,0.0,0.0,0.0,0.0,0.0,0.0,0.0,0.0,0.0,0.0,0.0,0.0,0.0,500,0.2,UB&PB,75019
2500,0.9654630346162854,0.2073097023374378,0.11049073020459825,0.3654947748069047,0.8666371379754759,0.7670100390209177,0.9342079933470167,0.6877767094849098,0.4971597030418496,0.8499121012424674,0.9710938166311305,0.0289061833688699,0.028354362031987088,0.003079801113532687,4.785605610449614e-5,0.04274703449591384,0.0,0.11923647828037293,0.03905286372526143,0.0031584859818756857,0.0,0.06467800406311404,0.026492162914954234,0.010119216887529951,0.00044291836982545237,0.03782310203417953,0.4176393929240599,0.42085860953506865,0.3715469434580925,0.46868562051992335,0.0371841498809401,0.9466808934335188,5714.055695858782,4996.956471548484,6778.2644990975405,500,0.2,UB&PB,75019
0,0.0,0.0,0.0,0.0,0.0,0.0,0.0,0.0,0.0,0.0,0.0,0.0,0.0,0.0,0.0,0.0,0.0,0.0,0.0,0.0,0.0,0.0,0.0,0.0,0.0,0.0,0.0,0.0,0.0,0.0,0.0,0.0,0.0,0.0,0.0,500,0.25,UB&PB,75019
2500,0.9695348427454759,0.1335095075125605,0.0559030973317008,0.3076619355066451,0.8332869927371159,0.7490213884274391,0.9075605342070441,0.5338524280336546,0.32487641761252356,0.7685770492683595,0.9685543710021322,0.03144562899786776,0.03571818643121491,0.010286316121928193,0.0001954107312558877,0.059944387601461833,8.892253383528683e-8,0.13115947208786252,0.04970572473621625,0.017499244493668867,0.0,0.08699361583097674,0.03141911366701266,0.015565412554795991,0.0010385388202370205,0.04950447943738243,0.41848223280143837,0.42288585784328675,0.3590034003885813,0.4843348146445939,0.04602955335108269,1.3672222970595396,4765.309798062062,4216.675325122465,5462.332885984949,500,0.25,UB&PB,75019
0,0.0,0.0,0.0,0.0,0.0,0.0,0.0,0.0,0.0,0.0,0.0,0.0,0.0,0.0,0.0,0.0,0.0,0.0,0.0,0.0,0.0,0.0,0.0,0.0,0.0,0.0,0.0,0.0,0.0,0.0,0.0,0.0,0.0,0.0,0.0,500,0.3,UB&PB,75019
2500,0.9221988800717934,0.08556028996074952,0.03965356574591741,0.1491077236496772,0.3806626162727337,0.2931867009093702,0.4661067997720154,0.5789971830183919,0.4687909240153518,0.6827598696032126,0.9800682302771855,0.019931769722814508,0.1457369375562204,0.10993694972240303,0.010487525010436668,0.2427420377466033,0.00021974070331759528,0.4210703712742717,0.19884826786266882,0.1727224766495123,0.023821153610493685,0.31906515049407763,0.1867609010926677,0.184000724282222,0.11905323898299999,0.2467026300856554,0.41959320036107906,0.4320173445992505,0.3225791936413226,0.5289560271744614,0.19779066499941578,0.7578728847281929,1234.322644380788,1018.4515534456972,1493.957890480781,500,0.3,UB&PB,75019
0,0.0,0.0,0.0,0.0,0.0,0.0,0.0,0.0,0.0,0.0,0.0,0.0,0.0,0.0,0.0,0.0,0.0,0.0,0.0,0.0,0.0,0.0,0.0,0.0,0.0,0.0,0.0,0.0,0.0,0.0,0.0,0.0,0.0,0.0,0.0,500,0.35,UB&PB,75019
2500,0.9272719401421177,0.07399301381763139,0.031303037582606615,0.13333319182362757,0.2643471026634834,0.17062529888394876,0.3622998688797963,0.7276713505438377,0.6129216523010593,0.8205505028934447,0.9809992892679458,0.019000710732054053,0.17536569709556918,0.13315972962582864,0.010364668580061931,0.29212780049925025,0.00023574776702012536,0.511026495072089,0.23544369104121915,0.20639077471293626,0.024472601596797382,0.37912347597508206,0.22123403135386788,0.2215238386964753,0.13976425347390165,0.2958900916234847,0.41951039569354986,0.4330238017894855,0.3154778303178962,0.5370693945153536,0.15121878509574788,0.7365435601027128,901.1225355892775,720.1576684487952,1142.9289731647627,500,0.35,UB&PB,75019
0,0.0,0.0,0.0,0.0,0.0,0.0,0.0,0.0,0.0,0.0,0.0,0.0,0.0,0.0,0.0,0.0,0.0,0.0,0.0,0.0,0.0,0.0,0.0,0.0,0.0,0.0,0.0,0.0,0.0,0.0,0.0,0.0,0.0,0.0,0.0,500,0.4,UB&PB,75019
2500,0.9296688127236117,0.07168402815055358,0.030668120533808147,0.13166300506351192,0.2174614030513475,0.1414117342333299,0.30679996142591115,0.6413901918629056,0.5291178995849196,0.7631129336760953,0.9807434257285003,0.019256574271499616,0.2077201002273004,0.17873878549651248,0.027995276489497414,0.336715579661291,0.000506069966611854,0.555306488562592,0.2731013472584893,0.25464622233500545,0.06298722017251317,0.42760747056293497,0.266258283370218,0.26871493387802853,0.19203919783913898,0.3389895785727081,0.42058626428485096,0.4336661026386949,0.31809327612285376,0.5364162592023305,0.18245085315598839,0.7308478339393277,794.3989345739595,653.9246501004382,972.83970068025,500,0.4,UB&PB,75019
0,0.0,0.0,0.0,0.0,0.0,0.0,0.0,0.0,0.0,0.0,0.0,0.0,0.0,0.0,0.0,0.0,0.0,0.0,0.0,0.0,0.0,0.0,0.0,0.0,0.0,0.0,0.0,0.0,0.0,0.0,0.0,0.0,0.0,0.0,0.0,500,0.45,UB&PB,75019
2500,0.9324128539695097,0.07171392082947103,0.03083383678537334,0.1320680096740773,0.2104792365658815,0.14847855365606438,0.27866616988376314,0.6049041708427061,0.5188857226406658,0.6948503195169159,0.9789623312011368,0.02103766879886282,0.24153733746045128,0.22557779425122343,0.06010669244664207,0.3775443684291784,0.0009771970527930583,0.5927733666106465,0.3050364649505384,0.29419269419529137,0.10911203753521417,0.4654410663380062,0.3132621751082339,0.3159918576007901,0.2465478647675709,0.38050488877864835,0.4199454686907679,0.43341471235287565,0.3168523814393174,0.5368769885758502,0.22182648508473343,0.7455807953646243,952.4237011906865,815.5004337019842,1104.4657627174765,500,0.45,UB&PB,75019
0,0.0,0.0,0.0,0.0,0.0,0.0,0.0,0.0,0.0,0.0,0.0,0.0,0.0,0.0,0.0,0.0,0.0,0.0,0.0,0.0,0.0,0.0,0.0,0.0,0.0,0.0,0.0,0.0,0.0,0.0,0.0,0.0,0.0,0.0,0.0,500,0.5,UB&PB,75019
2500,0.9446884712533934,0.08675416176850703,0.03928814662505266,0.14904153398194184,0.1027737356074399,0.05667253420701006,0.1633727713032458,0.7578543741966007,0.6686639731386808,0.844815335135332,0.9760874200426445,0.02391257995735608,0.2676624483224803,0.2494902484418839,0.06357046301525592,0.41980577211852693,0.0011004438069761404,0.661789795311965,0.33459870144679427,0.32256129046575754,0.11639093837467028,0.5154814683632407,0.35133993483234127,0.3551026980311538,0.2809742871550154,0.4236681097425389,0.4198388498315382,0.4313719763251405,0.3271748025236619,0.5240483646561926,0.3085853759393158,0.7360431540530799,655.5990624559907,571.581067244096,767.8534438976449,500,0.5,UB&PB,75019
0,0.0,0.0,0.0,0.0,0.0,0.0,0.0,0.0,0.0,0.0,0.0,0.0,0.0,0.0,0.0,0.0,0.0,0.0,0.0,0.0,0.0,0.0,0.0,0.0,0.0,0.0,0.0,0.0,0.0,0.0,0.0,0.0,0.0,0.0,0.0,500,0.55,UB&PB,75019
2500,0.9527649170616714,0.088275548893658,0.04263830226548953,0.15147123394989898,0.07862345265873737,0.03949530499684855,0.12963058337736888,0.7390228407706954,0.6465828137894403,0.8331683441808875,0.9736979388770428,0.02630206112295661,0.29239177464252264,0.27959260631458055,0.088408461447216,0.45016249202914355,0.0015759499649030079,0.6932888999700666,0.35765789700609313,0.3472008995130091,0.14415022136305064,0.5451481265100613,0.37885687921628886,0.38252362807887225,0.3112263050894298,0.4489866728616845,0.4190979839130896,0.4299113686611572,0.32808094632869966,0.5209673515725747,0.2678003441235254,0.742631399082311,626.0304977076124,556.3112349122883,718.8238706178033,500,0.55,UB&PB,75019
0,0.0,0.0,0.0,0.0,0.0,0.0,0.0,0.0,0.0,0.0,0.0,0.0,0.0,0.0,0.0,0.0,0.0,0.0,0.0,0.0,0.0,0.0,0.0,0.0,0.0,0.0,0.0,0.0,0.0,0.0,0.0,0.0,0.0,0.0,0.0,500,0.6,UB&PB,75019
2500,0.9653934639499905,0.09220695251304085,0.04182159338589398,0.16138185066024038,0.05809764701224574,0.026619492393792476,0.09939522433611576,0.7950915213060625,0.6839622438475886,0.8875921255559612,0.969521677327648,0.030478322672352513,0.3081121209021014,0.2966644785168519,0.10114936307033419,0.47163269277831865,0.0019743850404184385,0.7170793062207229,0.37139399873499984,0.3601639394479693,0.15669815339995763,0.566362288397582,0.39544323320346125,0.3989960197187229,0.3290091608910097,0.46470398902110455,0.41920002055701894,0.42927211281051636,0.3307303732248508,0.5174707248841451,0.3042951728590665,0.7964477743894484,607.9808534250573,549.0695878151566,688.3677749694023,500,0.6,UB&PB,75019
0,0.0,0.0,0.0,0.0,0.0,0.0,0.0,0.0,0.0,0.0,0.0,0.0,0.0,0.0,0.0,0.0,0.0,0.0,0.0,0.0,0.0,0.0,0.0,0.0,0.0,0.0,0.0,0.0,0.0,0.0,0.0,0.0,0.0,0.0,0.0,500,0.65,UB&PB,75019
2500,0.9790728153686977,0.08834377119162481,0.041822296135635637,0.14736568237974007,0.05000525583811476,0.02161475401928513,0.08789047324000004,0.7917025956440926,0.6990809989153111,0.8865946998424525,0.9684221748400846,0.03157782515991476,0.32450210301614585,0.3138649688072306,0.11882157617139111,0.49291508551115504,0.0026495324172045955,0.7371467843439394,0.38581737828143114,0.37433254914409625,0.1727749753256272,0.5854837589975269,0.4084018062304757,0.41151194174090217,0.34131087295264434,0.4783278568633664,0.41922273886094913,0.43001404367096463,0.32761132804785287,0.5214917120995763,0.32479823216496667,0.82473967304683,595.1665411590848,544.9718315572734,663.9159803356049,500,0.65,UB&PB,75019
0,0.0,0.0,0.0,0.0,0.0,0.0,0.0,0.0,0.0,0.0,0.0,0.0,0.0,0.0,0.0,0.0,0.0,0.0,0.0,0.0,0.0,0.0,0.0,0.0,0.0,0.0,0.0,0.0,0.0,0.0,0.0,0.0,0.0,0.0,0.0,500,0.7,UB&PB,75019
2500,0.9910913199269699,0.09708866554090428,0.047288705767118785,0.16445956670831943,0.03919600380649824,0.01577161727812654,0.07155966364580167,0.747029019672685,0.6345794867806941,0.8444896877980456,0.9616432125088836,0.038356787491115936,0.344522577183712,0.33532591913410215,0.14482089260469827,0.5169348214148464,0.004291909734874941,0.7531454922617783,0.40215255723188575,0.3896613829724692,0.19334423154090952,0.6061630931398104,0.4219541742903152,0.4249902772565818,0.35781314664862357,0.4888968806051347,0.4187788429707826,0.4286040286794729,0.33346145651914466,0.513465751438415,0.3339311892785427,0.7906002511871107,585.5728559301517,541.7632645589738,644.649342131563,500,0.7,UB&PB,75019
0,0.0,0.0,0.0,0.0,0.0,0.0,0.0,0.0,0.0,0.0,0.0,0.0,0.0,0.0,0.0,0.0,0.0,0.0,0.0,0.0,0.0,0.0,0.0,0.0,0.0,0.0,0.0,0.0,0.0,0.0,0.0,0.0,0.0,0.0,0.0,500,0.75,UB&PB,75019
2500,1.0071168905233825,0.0924911522641401,0.043883323428618136,0.15583435062171017,0.03675517710066281,0.014332948008233452,0.06774875949142371,0.7915259884479531,0.6737111135486662,0.8803495083979964,0.9611698649609116,0.038830135039090274,0.35162241841334246,0.34086228555681136,0.15070623984924847,0.5284863380389246,0.005193205723064483,0.7638040383291691,0.4067293459755446,0.3932388779702788,0.1966958652163474,0.6144432756441139,0.4245434400673181,0.4281287448857089,0.3588344622846674,0.49351842966587695,0.41896752689544503,0.42926327766852684,0.33062810620647776,0.5171917270552121,0.37177031872540006,0.8397972430119837,581.8645561078399,541.3346637002788,637.9587763310683,500,0.75,UB&PB,75019
0,0.0,0.0,0.0,0.0,0.0,0.0,0.0,0.0,0.0,0.0,0.0,0.0,0.0,0.0,0.0,0.0,0.0,0.0,0.0,0.0,0.0,0.0,0.0,0.0,0.0,0.0,0.0,0.0,0.0,0.0,0.0,0.0,0.0,0.0,0.0,500,0.8,UB&PB,75019
2500,1.0246888149309312,0.0838340331497418,0.039316577013883004,0.14293473947884947,0.032477877626643045,0.012173972477501745,0.061484615444865005,0.7451523081893766,0.6469335639855652,0.8296785097838574,0.9547043354655301,0.04529566453447048,0.37251109812851513,0.3610500323328988,0.1739849223510803,0.5562212957259624,0.008510850870115182,0.7843612688414389,0.4225297606765511,0.40926766787404334,0.21168072946439156,0.6355778703611126,0.4356013824160826,0.43999191129731835,0.3671122692128503,0.5078401319869958,0.4197813583250617,0.4314188444807627,0.32594130142894856,0.5253227377854482,0.37657914672979703,0.892767211344846,572.0686810266643,537.7083695222519,619.4825464336659,500,0.8,UB&PB,75019
0,0.0,0.0,0.0,0.0,0.0,0.0,0.0,0.0,0.0,0.0,0.0,0.0,0.0,0.0,0.0,0.0,0.0,0.0,0.0,0.0,0.0,0.0,0.0,0.0,0.0,0.0,0.0,0.0,0.0,0.0,0.0,0.0,0.0,0.0,0.0,500,0.85,UB&PB,75019
2500,1.0432728425545845,0.08320499900398413,0.03961165493161723,0.1403473922541213,0.02907320248163412,0.010596385585564326,0.05528042065161292,0.7219486552663786,0.5870590080026239,0.8541302074116752,0.9545515280739154,0.04544847192608393,0.3878315953624998,0.3748721139781096,0.19023191862600725,0.577323728252396,0.013027092065089929,0.7992354341632377,0.4322586950924119,0.41802263725050004,0.21928414244007985,0.6497771877744187,0.44027701141936293,0.4455696187395298,0.3707269141367613,0.5147575634712058,0.41954454320239387,0.4316131521583494,0.3235093004883042,0.5269947537973885,0.3947480811661403,0.9056751373923734,565.9191851654643,536.3198429828052,606.8535030644535,500,0.85,UB&PB,75019
0,0.0,0.0,0.0,0.0,0.0,0.0,0.0,0.0,0.0,0.0,0.0,0.0,0.0,0.0,0.0,0.0,0.0,0.0,0.0,0.0,0.0,0.0,0.0,0.0,0.0,0.0,0.0,0.0,0.0,0.0,0.0,0.0,0.0,0.0,0.0,500,0.9,UB&PB,75019
2500,1.0699500003677618,0.06762766222987401,0.0306902457709273,0.1162218898851792,0.02710439855728227,0.009417302787958708,0.05192150435955931,0.7334444582637124,0.6186450753487254,0.8526979425651235,0.9539964463397302,0.04600355366027007,0.4061468374170286,0.3929624911949046,0.20292064368952392,0.6057698412752012,0.01899835853221911,0.8211090766983268,0.44299339093649404,0.4303796102444937,0.22276058649141503,0.6680515472018582,0.44722258424806055,0.4550247407461723,0.371535941033536,0.5299963660725215,0.4201047765286484,0.43539984567732065,0.31113477955210156,0.5438770646095273,0.4193984906285567,0.9444191909430607,557.1954499002296,532.943272773502,591.3412209442652,500,0.9,UB&PB,75019
0,0.0,0.0,0.0,0.0,0.0,0.0,0.0,0.0,0.0,0.0,0.0,0.0,0.0,0.0,0.0,0.0,0.0,0.0,0.0,0.0,0.0,0.0,0.0,0.0,0.0,0.0,0.0,0.0,0.0,0.0,0.0,0.0,0.0,0.0,0.0,500,0.95,UB&PB,75019
2500,1.099767441670091,0.06925492757108083,0.03130092330776167,0.1196193274656287,0.02451561878892152,0.008260142333624975,0.04715010337965422,0.5867881255589965,0.45839364905295543,0.7080189087218463,0.9444776119402979,0.0555223880597015,0.4347384771137729,0.42443557743105026,0.23185099558332967,0.6397200637084917,0.038650443823304924,0.8400824792198278,0.45976894545206615,0.44968036044256937,0.23579424760567447,0.6887719973295052,0.45516902353243605,0.46399418547915383,0.3788527884154028,0.5397422869140905,0.4206786533877869,0.43606851005445857,0.31265383074502534,0.5435675311773907,0.4590195614615122,0.9766209500286478,551.7180398527767,531.4173638706569,579.5462514332913,500,0.95,UB&PB,75019
0,0.0,0.0,0.0,0.0,0.0,0.0,0.0,0.0,0.0,0.0,0.0,0.0,0.0,0.0,0.0,0.0,0.0,0.0,0.0,0.0,0.0,0.0,0.0,0.0,0.0,0.0,0.0,0.0,0.0,0.0,0.0,0.0,0.0,0.0,0.0,500,0.05,UB&PB,5176
2500,0.9063275303627697,0.2657112178929856,0.12395774322268582,0.4755150461469842,0.9061902544453125,0.8363146935443356,0.9562911417634865,0.8040737406230107,0.6975233433498974,0.8977823961975699,0.9699175550817352,0.03008244491826583,0.038791339140771715,3.624977298437036e-5,1.4183004591117248e-8,0.008627287508315864,0.0,0.2369173976401338,0.04435561706680634,0.0,0.0,0.014829236082432784,0.0588279124495175,0.0050271230808420445,0.0,0.06759914724371316,0.4171325309445181,0.4186432397849007,0.38468627948842066,0.45321505366505055,0.03339844458529617,0.6236501262183118,6191.084231948919,4530.114337879434,8855.442833261379,500,0.05,UB&PB,5176
0,0.0,0.0,0.0,0.0,0.0,0.0,0.0,0.0,0.0,0.0,0.0,0.0,0.0,0.0,0.0,0.0,0.0,0.0,0.0,0.0,0.0,0.0,0.0,0.0,0.0,0.0,0.0,0.0,0.0,0.0,0.0,0.0,0.0,0.0,0.0,500,0.1,UB&PB,5176
2500,0.9478961576433611,0.20281389443566866,0.09870873743093464,0.35103791680280094,0.899645728601214,0.8268102911716293,0.9530764139626061,0.46176160604587535,0.2954319926532268,0.6473382621492896,0.975113717128642,0.024886282871357458,0.019279916549751648,0.0005454662332224975,6.672450325250556e-6,0.02291949516148353,0.0,0.0924690735352404,0.026040000498314873,0.00030224433080290657,0.0,0.03672582217828373,0.020430260634320362,0.005755506688748901,0.00018737111350913493,0.02644786685089472,0.4175701375882582,0.4200320158154815,0.37555356464382544,0.4642337539495517,0.011497200139097951,1.2579308654442807,6736.381592434306,5939.384907470058,7857.186535400991,500,0.1,UB&PB,5176
0,0.0,0.0,0.0,0.0,0.0,0.0,0.0,0.0,0.0,0.0,0.0,0.0,0.0,0.0,0.0,0.0,0.0,0.0,0.0,0.0,0.0,0.0,0.0,0.0,0.0,0.0,0.0,0.0,0.0,0.0,0.0,0.0,0.0,0.0,0.0,500,0.15,UB&PB,5176
2500,0.9589734230407513,0.18996230433864958,0.09652380772604117,0.33085131047969585,0.8606301596404881,0.7828229581591604,0.9298441594892772,0.6384157896027857,0.4376743298312822,0.777011787536095,0.973098081023454,0.026901918976545838,0.023417528127736204,0.0012082303893076387,2.652480073540475e-5,0.032618642237643145,0.0,0.10461536388357635,0.032486271548576015,0.0003607441672623166,0.0,0.051822666465688616,0.02259442030536913,0.007840350693410159,0.00038829124760202,0.030602209833959566,0.4173571352333399,0.42019104355393216,0.37166840155321884,0.4680190189067424,0.029239918846957733,1.1543451300896321,5437.442800346847,4750.785216937188,6430.26243881145,500,0.15,UB&PB,5176
0,0.0,0.0,0.0,0.0,0.0,0.0,0.0,0.0,0.0,0.0,0.0,0.0,0.0,0.0,0.0,0.0,0.0,0.0,0.0,0.0,0.0,0.0,0.0,0.0,0.0,0.0,0.0,0.0,0.0,0.0,0.0,0.0,0.0,0.0,0.0,500,0.2,UB&PB,5176
2500,0.9688978620988699,0.242024038992862,0.10949464017483276,0.4979808233986117,0.8877243583058249,0.8065533746862739,0.9474943970241644,0.4508677369395861,0.3349024161650131,0.5774270705046265,0.9676958066808817,0.03230419331911869,0.025097799494606835,0.0063169732024496396,0.0001204324983151244,0.040593965555259216,0.0,0.09567602222814002,0.03474257802620071,0.009920353360483943,0.0,0.060154328914870485,0.022032250736182066,0.009157400737907297,0.0004497914989912238,0.03356747906773139,0.41746273499173714,0.4190213125325885,0.38363968029549983,0.455108522151978,0.04499673765307811,0.9801829180065043,6642.075206099189,5991.431176612285,7451.906984386521,500,0.2,UB&PB,5176
0,0.0,0.0,0.0,0.0,0.0,0.0,0.0,0.0,0.0,0.0,0.0,0.0,0.0,0.0,0.0,0.0,0.0,0.0,0.0,0.0,0.0,0.0,0.0,0.0,0.0,0.0,0.0,0.0,0.0,0.0,0.0,0.0,0.0,0.0,0.0,500,0.25,UB&PB,5176
2500,0.9636969015063799,0.21308754166185018,0.11027468848920788,0.4120407702577654,0.8264682276702449,0.7314070882726011,0.9029998902909412,0.4015062009834841,0.2433814274972986,0.6267613533523457,0.9702892679459837,0.029710732054015657,0.04054539222283741,0.016581763045630044,0.00040635952079401405,0.06916398504909654,3.6803096942677603e-7,0.13913393781727582,0.055893089974835865,0.028941798441370126,9.552640614833793e-6,0.09710654435813346,0.0377159418381674,0.02437489599448123,0.003103990104473992,0.059615161452358456,0.4178579308856129,0.41992147130208385,0.37813556782515173,0.46174040983927384,0.03994323470617927,1.0848036183720577,4523.509095113868,3973.4880438302425,5149.014299162199,500,0.25,UB&PB,5176
0,0.0,0.0,0.0,0.0,0.0,0.0,0.0,0.0,0.0,0.0,0.0,0.0,0.0,0.0,0.0,0.0,0.0,0.0,0.0,0.0,0.0,0.0,0.0,0.0,0.0,0.0,0.0,0.0,0.0,0.0,0.0,0.0,0.0,0.0,0.0,500,0.3,UB&PB,5176
2500,0.9409922540363367,0.1116042868433997,0.05215571816777464,0.20248251042066492,0.5606823160114661,0.43890955340470866,0.7096024204002974,0.4505161602819817,0.3318438320845898,0.5573327207148503,0.979821606254443,0.020178393745557948,0.0960806518873101,0.061784401438119946,0.0021522332015514803,0.16310013792919745,4.044319202975639e-5,0.2980697563200948,0.13559458102390412,0.10767470426708894,0.001398208619125648,0.22285499674724846,0.10695725339379981,0.10184792238379495,0.04631406559120163,0.1540056477218097,0.41912082312653076,0.42616841661056787,0.3454163327774259,0.5006625077923833,0.14177668027094825,0.7300771412149483,1714.0959680476187,1382.7138169253005,2109.1733495605386,500,0.3,UB&PB,5176
0,0.0,0.0,0.0,0.0,0.0,0.0,0.0,0.0,0.0,0.0,0.0,0.0,0.0,0.0,0.0,0.0,0.0,0.0,0.0,0.0,0.0,0.0,0.0,0.0,0.0,0.0,0.0,0.0,0.0,0.0,0.0,0.0,0.0,0.0,0.0,500,0.35,UB&PB,5176
2500,0.9217129974516935,0.07419010678921775,0.03255073211786374,0.13290077752235474,0.20017988807114243,0.1351029400412365,0.27780648349211373,0.7235308798466158,0.6227374243688183,0.8272966248552487,0.9793475479744141,0.020652452025586375,0.19452377878455926,0.15675323673440156,0.013131128644166044,0.3233515882680273,0.0003508336639144209,0.5477690276341959,0.25975443379877067,0.2374422199019762,0.03383409264378121,0.41464807386630403,0.25836793602224095,0.2605757130972105,0.1813489846985655,0.3334787211582028,0.41942932122969073,0.4319570341062513,0.3194682054570847,0.5322534702523039,0.2173777599921057,0.7877128317102078,785.358432672338,650.4174429349783,961.1606858932125,500,0.35,UB&PB,5176
0,0.0,0.0,0.0,0.0,0.0,0.0,0.0,0.0,0.0,0.0,0.0,0.0,0.0,0.0,0.0,0.0,0.0,0.0,0.0,0.0,0.0,0.0,0.0,0.0,0.0,0.0,0.0,0.0,0.0,0.0,0.0,0.0,0.0,0.0,0.0,500,0.4,UB&PB,5176
2500,0.9351389059803378,0.09928143560267581,0.048383753762678554,0.1782607997986268,0.3345525720159309,0.24045867873837518,0.4393937863708754,0.5637865000215759,0.43511508831651907,0.7157217106822604,0.9766190476190487,0.023380952380952422,0.1865459805256495,0.16317825055024474,0.02831515063130117,0.30030878472142347,0.0004577563294693236,0.4917664967335701,0.24182658015047892,0.22540398575704998,0.05993215099297431,0.37842540352100223,0.23644803232336528,0.23651281997516688,0.16851883532026635,0.3001930704776944,0.4197903410688564,0.4309536941568264,0.3308058308228103,0.5206212533676996,0.25554149866452663,0.7826647464056332,1296.082936346269,1060.94950618563,1562.9840764382598,500,0.4,UB&PB,5176
0,0.0,0.0,0.0,0.0,0.0,0.0,0.0,0.0,0.0,0.0,0.0,0.0,0.0,0.0,0.0,0.0,0.0,0.0,0.0,0.0,0.0,0.0,0.0,0.0,0.0,0.0,0.0,0.0,0.0,0.0,0.0,0.0,0.0,0.0,0.0,500,0.45,UB&PB,5176
2500,0.9352481939505166,0.07448250629021855,0.033015787193505716,0.13446719067189897,0.14450370952694205,0.09307557375938506,0.2050255292183116,0.7141236856163264,0.6043283856200824,0.8247043214952091,0.9794108031272213,0.02058919687277897,0.24324218270220543,0.22116928048865495,0.04549393420054625,0.38800222615396474,0.0007835243027198548,0.6198336559264931,0.3106154448624916,0.29702581204426226,0.09382842646404949,0.4822640767493443,0.31849038588437717,0.3221596409544689,0.245878835621946,0.39248225229361794,0.41993497028478527,0.4326924308338373,0.3182828967804355,0.5341524549704461,0.2212658198959472,0.7750781197262734,698.2444052363503,599.1386825607098,825.5307047582605,500,0.45,UB&PB,5176
0,0.0,0.0,0.0,0.0,0.0,0.0,0.0,0.0,0.0,0.0,0.0,0.0,0.0,0.0,0.0,0.0,0.0,0.0,0.0,0.0,0.0,0.0,0.0,0.0,0.0,0.0,0.0,0.0,0.0,0.0,0.0,0.0,0.0,0.0,0.0,500,0.5,UB&PB,5176
2500,0.9414268110833905,0.07676335708079222,0.033432870654592856,0.1381056093838183,0.12317845304661043,0.0701964412057405,0.18837547693059553,0.6733678883812221,0.5717532071864799,0.7887625828296186,0.9778841506751963,0.022115849324804537,0.2697270657490159,0.2541223073947916,0.07165260868975795,0.4200138410153095,0.0011909825004830829,0.6551217505968194,0.33653124994441685,0.32552863817139355,0.12680931244102692,0.5141929599488637,0.3500913875137296,0.35355488263062335,0.2801976859487158,0.4216478275635084,0.41946891228347627,0.4318147617765658,0.3214123666258933,0.5296235143674656,0.2954915298527038,0.7719928903122649,665.646123016518,575.3091257253417,778.4344796631491,500,0.5,UB&PB,5176
0,0.0,0.0,0.0,0.0,0.0,0.0,0.0,0.0,0.0,0.0,0.0,0.0,0.0,0.0,0.0,0.0,0.0,0.0,0.0,0.0,0.0,0.0,0.0,0.0,0.0,0.0,0.0,0.0,0.0,0.0,0.0,0.0,0.0,0.0,0.0,500,0.55,UB&PB,5176
2500,0.9508647957704051,0.09185526030741074,0.04335808026100572,0.15821936925016641,0.06915542750116842,0.03392880842850409,0.11535144265033986,0.7100539792574657,0.6159251824272619,0.8034450524815949,0.9731663113006396,0.026833688699360366,0.30075067237679376,0.28996800785831806,0.09866741643204303,0.4598162733550664,0.00173094768327329,0.7011552140687297,0.36576314341891164,0.35626207094443085,0.154638399079654,0.5545283315031195,0.3900731355277225,0.39354841885311004,0.3249547004167911,0.45764523156893683,0.41930267190270804,0.429575447817794,0.33129840717862824,0.5174404916923915,0.3345985081235475,0.8230932465474484,617.2005910370228,551.467202774707,702.2499127827074,500,0.55,UB&PB,5176
0,0.0,0.0,0.0,0.0,0.0,0.0,0.0,0.0,0.0,0.0,0.0,0.0,0.0,0.0,0.0,0.0,0.0,0.0,0.0,0.0,0.0,0.0,0.0,0.0,0.0,0.0,0.0,0.0,0.0,0.0,0.0,0.0,0.0,0.0,0.0,500,0.6,UB&PB,5176
2500,0.9633797136281737,0.09809089579112157,0.04608686688394628,0.16593427312644624,0.05566896162382827,0.024613323005299805,0.09607377768073191,0.7224273327739529,0.6286083410224613,0.8270635124675988,0.9681826581378811,0.03181734186211797,0.317246182307811,0.3083498567770338,0.11560624192800326,0.4802328930632684,0.00238975761097548,0.7209836350128905,0.38028357163826154,0.3703399416714325,0.17020526469503905,0.5746901180623583,0.40462513792594335,0.40760283889635107,0.3407303832264578,0.4707916372894644,0.41966888302692595,0.42974874424471937,0.3341418115846551,0.5151471427448193,0.3303534489974074,0.8111117764322333,604.1166745571652,546.6029653442458,678.2175244195289,500,0.6,UB&PB,5176
0,0.0,0.0,0.0,0.0,0.0,0.0,0.0,0.0,0.0,0.0,0.0,0.0,0.0,0.0,0.0,0.0,0.0,0.0,0.0,0.0,0.0,0.0,0.0,0.0,0.0,0.0,0.0,0.0,0.0,0.0,0.0,0.0,0.0,0.0,0.0,500,0.65,UB&PB,5176
2500,0.9790570577090917,0.08646535561946901,0.04252189757858637,0.14245708779294966,0.04785113951126767,0.02030939575180131,0.08530990609042724,0.7895072431460103,0.6783260313572361,0.8969302137992111,0.9666055437100223,0.03339445628997866,0.3275210037229853,0.3169351643264251,0.12166245555828828,0.49691607682439953,0.0027207829417338248,0.7408498583835622,0.38817339155520625,0.3767665560075305,0.1750164317902605,0.58922790818564,0.4104437236832589,0.4139192201951901,0.3430748750430473,0.480948822042465,0.41973537184360366,0.43100914014655395,0.327544075478097,0.5235620957816061,0.3073696895948718,0.8278124767341012,592.7465073005146,543.504477071122,660.8975387596988,500,0.65,UB&PB,5176
0,0.0,0.0,0.0,0.0,0.0,0.0,0.0,0.0,0.0,0.0,0.0,0.0,0.0,0.0,0.0,0.0,0.0,0.0,0.0,0.0,0.0,0.0,0.0,0.0,0.0,0.0,0.0,0.0,0.0,0.0,0.0,0.0,0.0,0.0,0.0,500,0.7,UB&PB,5176
2500,0.991143524366841,0.09837915724102352,0.04885436326618903,0.1635047966587612,0.043646141246533605,0.018106894514751715,0.07940546293964319,0.77326934548323,0.6657283291679443,0.8755081653146131,0.963239516702203,0.03676048329779672,0.3365073113942491,0.3270068382707284,0.13650023470593206,0.5065430945623276,0.003848625967185096,0.7441901351463974,0.39546485286261457,0.3831848645405473,0.18727320075226805,0.5969712591663575,0.4162218273632398,0.4192242487156837,0.3525575654426351,0.48242783587148863,0.4186864139227545,0.42820099170996023,0.33410909600825545,0.5126372953447335,0.3188131254040154,0.7762801093236303,591.8767106489663,545.0124308026325,655.9976859981487,500,0.7,UB&PB,5176
0,0.0,0.0,0.0,0.0,0.0,0.0,0.0,0.0,0.0,0.0,0.0,0.0,0.0,0.0,0.0,0.0,0.0,0.0,0.0,0.0,0.0,0.0,0.0,0.0,0.0,0.0,0.0,0.0,0.0,0.0,0.0,0.0,0.0,0.0,0.0,500,0.75,UB&PB,5176
2500,1.0060030900440158,0.09829529908715055,0.0466179058946999,0.16364931905264263,0.036810394908262566,0.014471527833996167,0.06746458087805923,0.7464590409667407,0.6339291582260375,0.8589232079974183,0.9597313432835827,0.04026865671641792,0.35322496980331813,0.34260247035082986,0.15561789942379142,0.5284772132533,0.005742004065025491,0.7625879201261383,0.40803694409114766,0.39427711283042793,0.20032492776744112,0.6141855408019986,0.42493778171221624,0.42802191536550377,0.36099416248503097,0.49185531751709893,0.4179984128863926,0.4275543097928648,0.3329774166467957,0.5119933712727361,0.36161306387117864,0.8290257471227224,582.7319473310359,541.7843315833949,638.7342707502984,500,0.75,UB&PB,5176
0,0.0,0.0,0.0,0.0,0.0,0.0,0.0,0.0,0.0,0.0,0.0,0.0,0.0,0.0,0.0,0.0,0.0,0.0,0.0,0.0,0.0,0.0,0.0,0.0,0.0,0.0,0.0,0.0,0.0,0.0,0.0,0.0,0.0,0.0,0.0,500,0.8,UB&PB,5176
2500,1.023579438524462,0.08526464157293556,0.04136846158385054,0.143062180247788,0.03302784181686002,0.012366621554136327,0.06284880752302457,0.7279725419019785,0.6253423417125308,0.8231212068502745,0.9569815209665955,0.04301847903340439,0.37381471004418193,0.3624143975150701,0.17688933411046875,0.5570594177688871,0.009331716867979118,0.7839223133449922,0.42355225370576105,0.41017528740026976,0.2136359747546214,0.6362326727928064,0.43587038991973914,0.44019924225313334,0.3681528492822127,0.5076404073069055,0.41952549896883795,0.4309700535779229,0.3259733922892965,0.5242058230410399,0.3654770684583551,0.8625405071750205,571.844613383742,537.7230915114513,618.071351633632,500,0.8,UB&PB,5176
0,0.0,0.0,0.0,0.0,0.0,0.0,0.0,0.0,0.0,0.0,0.0,0.0,0.0,0.0,0.0,0.0,0.0,0.0,0.0,0.0,0.0,0.0,0.0,0.0,0.0,0.0,0.0,0.0,0.0,0.0,0.0,0.0,0.0,0.0,0.0,500,0.85,UB&PB,5176
2500,1.0436614763741612,0.08491443216466533,0.039751780925979044,0.1416630199183554,0.029436605602900495,0.010514472051284522,0.056200660921996,0.767558555948697,0.6473795699498085,0.8614127840882326,0.950649609097371,0.049350390902629784,0.384072082079078,0.3715643154826858,0.1857827489522822,0.5728378784601533,0.011867575076328903,0.7961655943548833,0.4294853019964812,0.41575840475081594,0.21650591343525838,0.6465932329189885,0.439229841581543,0.44417757814559883,0.36975399397988257,0.5131846919496432,0.4195447737519369,0.43142269562795404,0.3248068649751398,0.5255903920508667,0.39809491408997216,0.8937228207298343,567.6877861764975,536.9940057622651,610.3686023864517,500,0.85,UB&PB,5176
0,0.0,0.0,0.0,0.0,0.0,0.0,0.0,0.0,0.0,0.0,0.0,0.0,0.0,0.0,0.0,0.0,0.0,0.0,0.0,0.0,0.0,0.0,0.0,0.0,0.0,0.0,0.0,0.0,0.0,0.0,0.0,0.0,0.0,0.0,0.0,500,0.9,UB&PB,5176
2500,1.0670409494161612,0.07219629610199572,0.03222255447155004,0.12553443110933843,0.027308310611959312,0.009541153221615759,0.05240808763559762,0.6670493170893708,0.5749887931746833,0.7475433752268372,0.9515515280739157,0.048448471926083835,0.409782225607104,0.3974460865497283,0.21085389082049605,0.6064043753586336,0.022616083610718214,0.8191835811238806,0.44596091666801213,0.4332800439762883,0.22899466625118733,0.6685822364034126,0.44828276353112356,0.45528615935718114,0.37510009232965397,0.5283728251764661,0.419725256912222,0.43346145009169557,0.31579573406639155,0.5369506746603635,0.39859436346797195,0.9101059119242245,558.2369224639908,533.2815958665097,592.2741642509534,500,0.9,UB&PB,5176
0,0.0,0.0,0.0,0.0,0.0,0.0,0.0,0.0,0.0,0.0,0.0,0.0,0.0,0.0,0.0,0.0,0.0,0.0,0.0,0.0,0.0,0.0,0.0,0.0,0.0,0.0,0.0,0.0,0.0,0.0,0.0,0.0,0.0,0.0,0.0,500,0.95,UB&PB,5176
2500,1.1007880343912961,0.06508448503060721,0.028861380601426456,0.113555810565935,0.02474340052162169,0.008379222686404926,0.04786261224330562,0.6599452383112447,0.5461595310939931,0.7743144159593184,0.9456709310589907,0.05432906894100924,0.42935305885300995,0.4186898058201654,0.22421652207283796,0.6349058420987191,0.03323419704762195,0.8390558545699863,0.4557547892804355,0.44539357849257355,0.23048056275264212,0.6853607037126042,0.45381806723452,0.462640055907947,0.3763977756575572,0.5395711767989407,0.4206668760970514,0.43628361530000553,0.3099622471429304,0.5467308271276649,0.41768817035237593,0.9536247929729618,552.1530189159803,531.3921542898886,581.1883898638931,500,0.95,UB&PB,5176
0,0.0,0.0,0.0,0.0,0.0,0.0,0.0,0.0,0.0,0.0,0.0,0.0,0.0,0.0,0.0,0.0,0.0,0.0,0.0,0.0,0.0,0.0,0.0,0.0,0.0,0.0,0.0,0.0,0.0,0.0,0.0,0.0,0.0,0.0,0.0,500,0.05,UB&PB,42777
2500,0.9093360605656613,0.17999295342595237,0.08478806235120234,0.3172726351226813,0.8712819906107122,0.7925572900215253,0.9353038398243784,0.6741685299860396,0.552478113579711,0.7916477505995853,0.9706211798152096,0.029378820184790357,0.03146369900135163,3.8346020418839154e-5,7.234365208424306e-8,0.009718310085706085,0.0,0.1747131787147852,0.03743587759914414,0.0,0.0,0.018996083227135932,0.04453870244178139,0.0037082138522684964,6.765939257258334e-6,0.05246546178545032,0.4180174399362993,0.42151388892322084,0.36726539270505343,0.4741594632985703,0.017697554833598618,0.6926188464561338,5513.919681508484,4277.0052109972075,7379.371870013587,500,0.05,UB&PB,42777
0,0.0,0.0,0.0,0.0,0.0,0.0,0.0,0.0,0.0,0.0,0.0,0.0,0.0,0.0,0.0,0.0,0.0,0.0,0.0,0.0,0.0,0.0,0.0,0.0,0.0,0.0,0.0,0.0,0.0,0.0,0.0,0.0,0.0,0.0,0.0,500,0.1,UB&PB,42777
2500,0.9368425458592281,0.15566301128827956,0.07593236248881462,0.2748906946456347,0.8215156906933114,0.7300653729808032,0.9035151523189958,0.7504649569155885,0.6034421904684236,0.8705971687900321,0.9753432835820897,0.02465671641791042,0.026571919648813936,0.00015573760290023376,3.2510353217583757e-6,0.02560765820212203,0.0,0.1375879209610654,0.03520835732240436,0.0,0.0,0.043547668873592286,0.03153264910266167,0.008125822969941252,0.00017752673540232086,0.04050339826837238,0.41836011285351193,0.4228262146260415,0.36206011729533877,0.4808826868877146,0.01579669173868558,1.0148267780689384,4638.974112857732,3790.6574811137584,5921.378162493933,500,0.1,UB&PB,42777
0,0.0,0.0,0.0,0.0,0.0,0.0,0.0,0.0,0.0,0.0,0.0,0.0,0.0,0.0,0.0,0.0,0.0,0.0,0.0,0.0,0.0,0.0,0.0,0.0,0.0,0.0,0.0,0.0,0.0,0.0,0.0,0.0,0.0,0.0,0.0,500,0.15,UB&PB,42777
2500,0.9652235648434536,0.2420055650767295,0.13504628823283485,0.4362292133528533,0.9148947638228317,0.8520656113124644,0.9610535334946013,0.489788469339117,0.3727849248242094,0.6169816461668459,0.9685913290689407,0.03140867093105897,0.01868465223264285,0.0017800142747038674,2.242981265427286e-5,0.02616236930407693,0.0,0.0807033001691731,0.025222746865340952,0.0016726946970126596,0.0,0.04008265203430962,0.01759804971462785,0.005184809731116356,0.00013457758602155575,0.023756736103126758,0.41801987557378617,0.42053578671227326,0.37933381459126075,0.460734693387955,0.01339567031785608,1.1154917325994975,7973.824699681089,7217.115501656483,9067.627864718901,500,0.15,UB&PB,42777
0,0.0,0.0,0.0,0.0,0.0,0.0,0.0,0.0,0.0,0.0,0.0,0.0,0.0,0.0,0.0,0.0,0.0,0.0,0.0,0.0,0.0,0.0,0.0,0.0,0.0,0.0,0.0,0.0,0.0,0.0,0.0,0.0,0.0,0.0,0.0,500,0.2,UB&PB,42777
2500,0.9550692901158637,0.16334176035105427,0.08358252838187422,0.2983106981306391,0.7490629910096942,0.6311685735158752,0.8668707249649382,0.5865143508416899,0.4334729438178186,0.7447777663702532,0.9764193319118695,0.023580668088130783,0.04039394238785258,0.006690073022370098,0.00010982216707661462,0.06811472690477054,9.665977160235714e-8,0.15956078181597483,0.0584084942443703,0.011908745814116311,0.0,0.1031554426066164,0.037892959999862315,0.020007138739633633,0.0013572392248501163,0.05975582800963382,0.41786228959273025,0.42173724637694165,0.3647893714796323,0.4764528135821678,0.020095658661484765,1.5719921987139944,3371.1723539142617,2832.845588356347,4032.7431723698523,500,0.2,UB&PB,42777
0,0.0,0.0,0.0,0.0,0.0,0.0,0.0,0.0,0.0,0.0,0.0,0.0,0.0,0.0,0.0,0.0,0.0,0.0,0.0,0.0,0.0,0.0,0.0,0.0,0.0,0.0,0.0,0.0,0.0,0.0,0.0,0.0,0.0,0.0,0.0,500,0.25,UB&PB,42777
2500,0.9385151627105334,0.10438437814314443,0.04848858903534515,0.19743807976615305,0.6373771001354369,0.46853736334039925,0.7829014168842386,0.4287234232074165,0.3167659693036301,0.5766662292514848,0.9770611229566452,0.02293887704335466,0.07942670584062453,0.04264216628814921,0.0011139700303232326,0.1351980629743866,1.5760552859863062e-5,0.26154700888862253,0.11316945336762019,0.08005646756180314,0.0009191947711557375,0.1879429724185168,0.08754573593199523,0.07932562806475603,0.03055886440341428,0.12913250545935087,0.41883961483558396,0.42701191040565534,0.3402978207598955,0.506461159012398,0.09778010316161732,0.8112162378792722,2522.650657835479,2063.9504597683094,3026.783608630225,500,0.25,UB&PB,42777
0,0.0,0.0,0.0,0.0,0.0,0.0,0.0,0.0,0.0,0.0,0.0,0.0,0.0,0.0,0.0,0.0,0.0,0.0,0.0,0.0,0.0,0.0,0.0,0.0,0.0,0.0,0.0,0.0,0.0,0.0,0.0,0.0,0.0,0.0,0.0,500,0.3,UB&PB,42777
2500,0.9726424818303961,0.26720021906856545,0.1493753238581923,0.4206669351332344,0.8777870292987165,0.7846797239964018,0.9439983626017179,0.3798218609514885,0.1851740348161588,0.5980377426648238,0.9634093816631132,0.03659061833688701,0.039734051347794314,0.02226271112872137,0.0009740753600561329,0.06659232500667103,4.781447506764115e-7,0.1264661842581734,0.05245694318527501,0.034866588485964974,8.171309958937455e-6,0.08947538695206114,0.03573577908215625,0.024709370498687835,0.0025156174329778688,0.05630032374893112,0.4172634860135737,0.41883138149880206,0.3867925644089429,0.45122239289307625,0.044479701726501376,1.0911732099297475,5525.481375792188,4923.044160882584,6162.370317954165,500,0.3,UB&PB,42777
0,0.0,0.0,0.0,0.0,0.0,0.0,0.0,0.0,0.0,0.0,0.0,0.0,0.0,0.0,0.0,0.0,0.0,0.0,0.0,0.0,0.0,0.0,0.0,0.0,0.0,0.0,0.0,0.0,0.0,0.0,0.0,0.0,0.0,0.0,0.0,500,0.35,UB&PB,42777
2500,0.9251330565395971,0.07992056546675996,0.03583777305524796,0.1587233644432622,0.3850790533853962,0.29819513062907793,0.48179923751176973,0.48998719465845303,0.3986203637280502,0.578104300052473,0.9780390902629722,0.021960909737029154,0.1643355100527118,0.14115404613481927,0.020244286423928653,0.2669825757395831,0.00042425372973900173,0.4392941855610542,0.21918480503403642,0.20370381048516192,0.047368948998346906,0.3421671611699671,0.21140482304497946,0.21174732557672538,0.1504398354104977,0.26912563806142886,0.41960451677456284,0.4305028305999381,0.326974365907342,0.5240574437794813,0.21729870220071504,0.7641659341539508,1306.499143726461,1073.7877192222797,1557.1230534606204,500,0.35,UB&PB,42777
0,0.0,0.0,0.0,0.0,0.0,0.0,0.0,0.0,0.0,0.0,0.0,0.0,0.0,0.0,0.0,0.0,0.0,0.0,0.0,0.0,0.0,0.0,0.0,0.0,0.0,0.0,0.0,0.0,0.0,0.0,0.0,0.0,0.0,0.0,0.0,500,0.4,UB&PB,42777
2500,0.9254898161026341,0.06099851616682602,0.025320200172478206,0.11540441622585802,0.16061648311872592,0.10164797332725217,0.23241157502453408,0.6913917933500653,0.600393670478265,0.7856589354704026,0.9794506041222475,0.02054939587775408,0.22859365194946307,0.20165298465424777,0.03357989612664023,0.3693880394860114,0.0005779420236987516,0.6012056530377066,0.29614932670338806,0.2800863506342602,0.07616219812802993,0.4630788636417024,0.301063666497727,0.30361493125814887,0.2259942257529911,0.3760387626172367,0.42035272340195295,0.435608212158578,0.3082738529467647,0.5478332589077175,0.2705335002200844,0.8803407435290609,715.412859958466,603.2399167627691,858.8238230923215,500,0.4,UB&PB,42777
0,0.0,0.0,0.0,0.0,0.0,0.0,0.0,0.0,0.0,0.0,0.0,0.0,0.0,0.0,0.0,0.0,0.0,0.0,0.0,0.0,0.0,0.0,0.0,0.0,0.0,0.0,0.0,0.0,0.0,0.0,0.0,0.0,0.0,0.0,0.0,500,0.45,UB&PB,42777
2500,0.9376319110992611,0.06628100965478058,0.02837778937501335,0.11947486630504217,0.11344822330885061,0.06586072401200828,0.1726059650018396,0.8280796260742775,0.740471053762646,0.9040281134742856,0.9782906894100931,0.021709310589907584,0.24648932553086803,0.21908983163268064,0.038506167056170416,0.3960659657209545,0.0006904020332824058,0.6458537540062477,0.3134086840480271,0.29659287549081753,0.08224700624045418,0.49158442452579215,0.3248893074670749,0.32834056280187074,0.24746068989338343,0.4034006054661106,0.4202937354861601,0.43473723851378654,0.3121967249011602,0.5426781233985679,0.2262074233358413,0.6867486324161547,667.1253258609878,577.2875362710541,794.4570613092184,500,0.45,UB&PB,42777
0,0.0,0.0,0.0,0.0,0.0,0.0,0.0,0.0,0.0,0.0,0.0,0.0,0.0,0.0,0.0,0.0,0.0,0.0,0.0,0.0,0.0,0.0,0.0,0.0,0.0,0.0,0.0,0.0,0.0,0.0,0.0,0.0,0.0,0.0,0.0,500,0.5,UB&PB,42777
2500,0.9408985411710158,0.07767659755456253,0.035408301708910114,0.13311701774724594,0.10792229654395975,0.06302964659618338,0.16373463609363395,0.6951144138074734,0.6006965375757054,0.7824403137105932,0.9774875621890534,0.022512437810945286,0.27705701047660525,0.2623160368158662,0.07747346639342638,0.43010521249157674,0.0012501429745759365,0.6660424065367279,0.3440242915454633,0.33387016065888653,0.13284805059360258,0.5248582885533244,0.36121676885660403,0.36421729181031415,0.2915843879052645,0.4323539966878392,0.4197264738869136,0.43256412775565356,0.3195350979132851,0.5326336457302933,0.26422269204995413,0.7391029072406886,649.7471868585453,569.402876657584,750.2516602399734,500,0.5,UB&PB,42777
0,0.0,0.0,0.0,0.0,0.0,0.0,0.0,0.0,0.0,0.0,0.0,0.0,0.0,0.0,0.0,0.0,0.0,0.0,0.0,0.0,0.0,0.0,0.0,0.0,0.0,0.0,0.0,0.0,0.0,0.0,0.0,0.0,0.0,0.0,0.0,500,0.55,UB&PB,42777
2500,0.9519673836729662,0.08709801136124506,0.04100098422653924,0.1523818359900174,0.09159990970625351,0.04985425938960039,0.1433068724411672,0.7127080353407642,0.6116160065323591,0.8203070856709238,0.9726645344705045,0.02733546552949539,0.2914528870468232,0.2798651556031183,0.09047546748818293,0.44776436760426297,0.0016111952859819952,0.6858844338901173,0.35621514475209565,0.34648130806431177,0.1461049481519813,0.5414795614269838,0.3770338788190648,0.3804835551460453,0.30991242436545713,0.4462797459104999,0.4194865550145407,0.4304599135085089,0.32873584507927855,0.5211032868199944,0.29417561942380666,0.75059007750059,640.7513945939404,565.8900966102177,736.2122003104062,500,0.55,UB&PB,42777
0,0.0,0.0,0.0,0.0,0.0,0.0,0.0,0.0,0.0,0.0,0.0,0.0,0.0,0.0,0.0,0.0,0.0,0.0,0.0,0.0,0.0,0.0,0.0,0.0,0.0,0.0,0.0,0.0,0.0,0.0,0.0,0.0,0.0,0.0,0.0,500,0.6,UB&PB,42777
2500,0.9657196187769882,0.0882816836198442,0.041868352143967266,0.1524570991303978,0.06025624600936013,0.027673130114330733,0.10142608029208464,0.7902013194522669,0.6941326307513409,0.8781047582854391,0.9696233120113713,0.030376687988628262,0.3088405976937106,0.2974707386042527,0.10271468972775444,0.4723454040856026,0.002019257562567147,0.716738911567108,0.3726947129084988,0.3617726428945226,0.15925085299155886,0.5673182343156108,0.3967434924728461,0.3998352567065394,0.3302485975677262,0.46555656135717166,0.4190559209076007,0.42948385451619475,0.32971295714360954,0.5188993606002569,0.3074687124091907,0.7326548122899241,607.5313242228438,549.1031590298819,685.1369863887933,500,0.6,UB&PB,42777
0,0.0,0.0,0.0,0.0,0.0,0.0,0.0,0.0,0.0,0.0,0.0,0.0,0.0,0.0,0.0,0.0,0.0,0.0,0.0,0.0,0.0,0.0,0.0,0.0,0.0,0.0,0.0,0.0,0.0,0.0,0.0,0.0,0.0,0.0,0.0,500,0.65,UB&PB,42777
2500,0.9790504868017706,0.09576804453770041,0.04616004131461803,0.1599005998700542,0.046752505218945466,0.019570024325203935,0.08391117150036034,0.8216986161793922,0.7157399400898413,0.9003884981037727,0.9640554371002152,0.03594456289978685,0.32247522860764377,0.3116265570481227,0.11636551398990717,0.4901355955484917,0.0026429227252860537,0.7346080257095525,0.38406714057320257,0.37214377077160354,0.17089594613611434,0.5839635439382136,0.40807485245202335,0.41097743899108824,0.3422482944901232,0.4762796690504067,0.4189105596946406,0.42895363889360927,0.3321250359060718,0.5152543269578326,0.32782760945079426,0.8229795063691828,596.179866589176,545.554687047383,665.9728650145578,500,0.65,UB&PB,42777
0,0.0,0.0,0.0,0.0,0.0,0.0,0.0,0.0,0.0,0.0,0.0,0.0,0.0,0.0,0.0,0.0,0.0,0.0,0.0,0.0,0.0,0.0,0.0,0.0,0.0,0.0,0.0,0.0,0.0,0.0,0.0,0.0,0.0,0.0,0.0,500,0.7,UB&PB,42777
2500,0.9922154373791745,0.09182678182660851,0.04304334110574648,0.15799456963703146,0.03879798617552401,0.015303274278627257,0.07148633605666126,0.7341346190450394,0.642426768935583,0.8251478011917992,0.9602771855010667,0.039722814498933896,0.34691153889134135,0.3374505611679088,0.1466587268906445,0.5207251749417986,0.0042519114701263065,0.757088786809617,0.40433947134405834,0.3921648383532631,0.19519905975303703,0.6092558961189823,0.4242081655263293,0.4272942800096551,0.35862410815347284,0.4926364035204101,0.41950014275065955,0.42972389757273716,0.33147751715922297,0.5176503745721238,0.34342861951543435,0.8379319586090316,583.6349450578858,540.4899622434638,641.7001146638494,500,0.7,UB&PB,42777
0,0.0,0.0,0.0,0.0,0.0,0.0,0.0,0.0,0.0,0.0,0.0,0.0,0.0,0.0,0.0,0.0,0.0,0.0,0.0,0.0,0.0,0.0,0.0,0.0,0.0,0.0,0.0,0.0,0.0,0.0,0.0,0.0,0.0,0.0,0.0,500,0.75,UB&PB,42777
2500,1.0088569915927441,0.08795772477294718,0.04135318038203571,0.14927093005381786,0.03684633525733653,0.014378638303636835,0.06833986337629587,0.8274859303973273,0.7371137812071227,0.9100626357895908,0.9626652452025588,0.03733475479744135,0.34917085246395596,0.33730071865626965,0.1454275853970837,0.5265119134973477,0.004808519449075974,0.7654966937848386,0.40475995308501495,0.3909780020780736,0.19283847617406466,0.6130275756822701,0.4239925335167896,0.4277521394902054,0.3566899081290969,0.49462751846165065,0.41967398377808873,0.43086257008309475,0.32800431974508365,0.5216101569489602,0.34606384697106185,0.8231172027485656,580.989162242244,541.0160707197322,636.9917874126353,500,0.75,UB&PB,42777
0,0.0,0.0,0.0,0.0,0.0,0.0,0.0,0.0,0.0,0.0,0.0,0.0,0.0,0.0,0.0,0.0,0.0,0.0,0.0,0.0,0.0,0.0,0.0,0.0,0.0,0.0,0.0,0.0,0.0,0.0,0.0,0.0,0.0,0.0,0.0,500,0.8,UB&PB,42777
2500,1.0101906823999836,0.20624353392746494,0.10862589243330383,0.33047156646629505,0.3479893880849553,0.2967496706960116,0.3949207542300244,0.4635940904334439,0.3668527246233675,0.5645141632849825,0.9402480454868524,0.05975195451314851,0.28062448798299083,0.2729851817334583,0.14320613797191223,0.4073169568733092,0.011392896986008049,0.5773310500862752,0.31324225203193595,0.3042876408727529,0.16104516834361982,0.4616121085067314,0.31566914201049884,0.3161908131942119,0.2606389277964749,0.36916910608118575,0.4180022246344369,0.4248458509143992,0.3520804314049114,0.4913856468443875,0.38195780044066696,0.8816750995093894,3147.451010151162,2865.7622544769984,3426.605959922353,500,0.8,UB&PB,42777
0,0.0,0.0,0.0,0.0,0.0,0.0,0.0,0.0,0.0,0.0,0.0,0.0,0.0,0.0,0.0,0.0,0.0,0.0,0.0,0.0,0.0,0.0,0.0,0.0,0.0,0.0,0.0,0.0,0.0,0.0,0.0,0.0,0.0,0.0,0.0,500,0.85,UB&PB,42777
2500,1.0433594175535448,0.08761131610043064,0.043014559322452725,0.14414615708990627,0.029549162685089825,0.010754925813367993,0.05621248585189646,0.726049512083488,0.6335483534725297,0.8179800480370323,0.9544392324093823,0.04556076759061834,0.3856700729363952,0.3729709696924674,0.18929897362572395,0.5733287722849957,0.01321008686507208,0.7957565627550895,0.4308810124986132,0.4165810285211133,0.21943496382474642,0.6471634212946507,0.4395003619690414,0.44438043776495084,0.37149909715284174,0.5120790236020947,0.4195708284811865,0.4312053921169341,0.3265802005474874,0.5235937293643532,0.3909700047963983,0.868114790961926,568.268917518537,537.645206400911,610.7699568008027,500,0.85,UB&PB,42777
0,0.0,0.0,0.0,0.0,0.0,0.0,0.0,0.0,0.0,0.0,0.0,0.0,0.0,0.0,0.0,0.0,0.0,0.0,0.0,0.0,0.0,0.0,0.0,0.0,0.0,0.0,0.0,0.0,0.0,0.0,0.0,0.0,0.0,0.0,0.0,500,0.9,UB&PB,42777
2500,1.0690496874133082,0.06463827866956133,0.028433907321940594,0.11420047535520977,0.026432809125941394,0.009200287887110069,0.05084010128796628,0.712027793481251,0.6002617987747946,0.8159205729478399,0.9535828002842925,0.04641719971570721,0.40815560448252125,0.3952434166906297,0.2049001353756798,0.6078788010976633,0.02005882321798808,0.8232690860445276,0.44421103263121153,0.4317004052401462,0.22383708479052963,0.669069205285961,0.44760138578831693,0.4556143701383622,0.37095816197522336,0.5317528685371492,0.42003335880267884,0.4353112384751203,0.3086797819594728,0.5464268211284129,0.396781734368009,0.8765836390649997,556.1919090352098,532.0710090606091,590.4070936272047,500,0.9,UB&PB,42777
0,0.0,0.0,0.0,0.0,0.0,0.0,0.0,0.0,0.0,0.0,0.0,0.0,0.0,0.0,0.0,0.0,0.0,0.0,0.0,0.0,0.0,0.0,0.0,0.0,0.0,0.0,0.0,0.0,0.0,0.0,0.0,0.0,0.0,0.0,0.0,500,0.95,UB&PB,42777
2500,1.1013480484793434,0.06281243009758695,0.02764303466745062,0.11229142926338859,0.025260727823696177,0.008576890745789118,0.04881184875683988,0.6620204627857147,0.5566878171122709,0.7644078102201664,0.9489921819474073,0.051007818052594134,0.4293760293005575,0.4185401395025579,0.2241943654956782,0.6349589477748231,0.033422394415883516,0.8389765823875717,0.45561770914869887,0.4449908136802753,0.23061031626161874,0.6854254681758061,0.45381847935262704,0.4627369862381217,0.3762389127833484,0.5400153166213658,0.4206739212670684,0.4365580434791437,0.30796116173850846,0.5490547178610687,0.4343214383063898,0.92745157502918,552.11222799816,531.2960090577393,581.1181763952902,500,0.95,UB&PB,42777
0,0.0,0.0,0.0,0.0,0.0,0.0,0.0,0.0,0.0,0.0,0.0,0.0,0.0,0.0,0.0,0.0,0.0,0.0,0.0,0.0,0.0,0.0,0.0,0.0,0.0,0.0,0.0,0.0,0.0,0.0,0.0,0.0,0.0,0.0,0.0,500,0.05,UB&PB,19762
2500,0.9056065500855273,0.22557092355860717,0.10587061907700526,0.43792622751973864,0.8868600783906798,0.803527694272717,0.9503677337518077,0.8212588885675945,0.7254115267756166,0.9022477146768646,0.9691677327647474,0.0308322672352523,0.03873243061506326,3.9522808633683524e-5,6.392596886423578e-8,0.00936969809806816,0.0,0.2332176143157103,0.04476171620051633,0.0,0.0,0.01678865997563511,0.05817482859732897,0.0052011488072212534,6.062918096138158e-6,0.06825270662293141,0.41729961814621286,0.4190098914795142,0.38159006514284133,0.4570862275462755,0.07220668911383227,0.6517723179763553,5579.7031904722135,4059.8180683241358,8024.2394465370035,500,0.05,UB&PB,19762
0,0.0,0.0,0.0,0.0,0.0,0.0,0.0,0.0,0.0,0.0,0.0,0.0,0.0,0.0,0.0,0.0,0.0,0.0,0.0,0.0,0.0,0.0,0.0,0.0,0.0,0.0,0.0,0.0,0.0,0.0,0.0,0.0,0.0,0.0,0.0,500,0.1,UB&PB,19762
2500,0.9501318816118103,0.22076287508988165,0.115287340849589,0.3724152426071816,0.8956704363889729,0.8218621910687189,0.952783251630794,0.44444340487786466,0.31856945984294704,0.5821589901971577,0.9750483297796725,0.024951670220326936,0.017862951171983003,0.000593620390746297,7.0150428180775965e-6,0.02211481773535797,0.0,0.08297562087139156,0.024656424348923168,0.0002933898553488425,0.0,0.036051076606263506,0.018059150084157417,0.005121147540524498,0.00010178993965068464,0.023340402336952278,0.4178581219928459,0.42055763396647533,0.3748320520697584,0.4654020188056115,0.02340879281468566,1.3604408687037566,6860.40726139386,6093.476026764552,7900.940403637729,500,0.1,UB&PB,19762
0,0.0,0.0,0.0,0.0,0.0,0.0,0.0,0.0,0.0,0.0,0.0,0.0,0.0,0.0,0.0,0.0,0.0,0.0,0.0,0.0,0.0,0.0,0.0,0.0,0.0,0.0,0.0,0.0,0.0,0.0,0.0,0.0,0.0,0.0,0.0,500,0.15,UB&PB,19762
2500,0.9598655882131202,0.21620918684740636,0.113456189346289,0.3761067446365329,0.8706454306461321,0.7775457913757722,0.9425951447205136,0.5521330445589395,0.40650141101463294,0.6765094580327743,0.9729424307036235,0.027057569296375258,0.022701169105119056,0.0016893861485798652,2.4286964075787336e-5,0.033785396762376387,0.0,0.09864295971508513,0.03199819883708192,0.001258236311679151,0.0,0.05366440950067196,0.021055529089218625,0.006826679566908071,0.00024186707921264102,0.030088279428012652,0.417708795452676,0.42007739875994626,0.37665101241316185,0.4631222309336014,0.017946152432664363,1.0926124126817485,5885.8843826643915,5197.972855729719,6809.495039256652,500,0.15,UB&PB,19762
0,0.0,0.0,0.0,0.0,0.0,0.0,0.0,0.0,0.0,0.0,0.0,0.0,0.0,0.0,0.0,0.0,0.0,0.0,0.0,0.0,0.0,0.0,0.0,0.0,0.0,0.0,0.0,0.0,0.0,0.0,0.0,0.0,0.0,0.0,0.0,500,0.2,UB&PB,19762
2500,0.9615083155578874,0.19021700262682845,0.0935619297889604,0.3089661911825552,0.863664713134712,0.7643784413693485,0.9354002522214959,0.33811442282903537,0.21571569276124322,0.47996820303715176,0.9729168443496815,0.027083155650319813,0.03183977860922897,0.011866698046752427,0.00027313175574775276,0.05443254768284332,3.7937368635227054e-8,0.1108088349537319,0.0450451827159015,0.021395066851693265,0.0,0.07901647622840492,0.027952206119693755,0.01654267497472003,0.0012181018222502844,0.04482635130021221,0.41774398687323966,0.4210038235598803,0.36986986599895494,0.4706208698519949,0.0236996649272132,1.3320772023847547,5142.294292760272,4560.942947665267,5737.051364756493,500,0.2,UB&PB,19762
0,0.0,0.0,0.0,0.0,0.0,0.0,0.0,0.0,0.0,0.0,0.0,0.0,0.0,0.0,0.0,0.0,0.0,0.0,0.0,0.0,0.0,0.0,0.0,0.0,0.0,0.0,0.0,0.0,0.0,0.0,0.0,0.0,0.0,0.0,0.0,500,0.25,UB&PB,19762
2500,0.9685260408865798,0.2604646651869033,0.14873859302681858,0.42692930604785,0.8805857455030658,0.7973919683319056,0.9396035515415677,0.31194814090090534,0.16105662075491894,0.541019634364674,0.9642850035536601,0.03571499644633975,0.034457015873217964,0.016339490127990547,0.000491473051943202,0.0587001086855022,1.559941925678001e-7,0.11383676887743824,0.0464289396677228,0.027594001368443814,4.545590042078905e-6,0.08050342390109846,0.031071677922579324,0.020008777044115255,0.0013150482335956065,0.04992449587900825,0.4172111082063314,0.4189699941872248,0.3846143825105536,0.4532777667420845,0.0395763256319823,1.2077428097583243,6110.927112522048,5520.7032820675595,6729.833250662024,500,0.25,UB&PB,19762
0,0.0,0.0,0.0,0.0,0.0,0.0,0.0,0.0,0.0,0.0,0.0,0.0,0.0,0.0,0.0,0.0,0.0,0.0,0.0,0.0,0.0,0.0,0.0,0.0,0.0,0.0,0.0,0.0,0.0,0.0,0.0,0.0,0.0,0.0,0.0,500,0.3,UB&PB,19762
2500,0.936701799824563,0.11251959694534377,0.050881382663525224,0.2242349134546804,0.5161735604390678,0.41997477417633466,0.6260698389071647,0.5447228492190619,0.4010014572680876,0.6694470638066674,0.9755877754086715,0.024412224591329072,0.1098479584090597,0.07658222856267449,0.007003381614439252,0.1837036652379155,0.00012531869166819748,0.32747618052214805,0.15148551503386712,0.12361695283188441,0.0143874752677055,0.24593161012575251,0.1327650595180141,0.12603170154893448,0.07409943700211565,0.18056653567485095,0.4186511732470623,0.42687927684243404,0.34146877701468387,0.5042065535931012,0.10127210472209539,1.0688287600944077,1978.2312047487078,1662.395794406808,2371.3361718320384,500,0.3,UB&PB,19762
0,0.0,0.0,0.0,0.0,0.0,0.0,0.0,0.0,0.0,0.0,0.0,0.0,0.0,0.0,0.0,0.0,0.0,0.0,0.0,0.0,0.0,0.0,0.0,0.0,0.0,0.0,0.0,0.0,0.0,0.0,0.0,0.0,0.0,0.0,0.0,500,0.35,UB&PB,19762
2500,0.9456391090402217,0.17267285843782795,0.0845774289180185,0.2932373348561369,0.6666865180328234,0.5424382600798903,0.7712421493719887,0.352518559555925,0.21805456714739238,0.5304803012655387,0.967330490405117,0.03266950959488267,0.1062980692679838,0.08991030372861707,0.015619772919920206,0.16956899798577268,0.000248176019004936,0.2825404805360246,0.13927009800699242,0.12431490800970658,0.03133102962012823,0.21604572687405987,0.12487197192367322,0.12049321341505861,0.0785319206103038,0.16394209663281903,0.4192311719939593,0.42579346325936773,0.35282348608193853,0.49320049757255713,0.16155491539089564,0.7193566632780842,4535.188123782269,4022.2961139995136,5127.445912210337,500,0.35,UB&PB,19762
0,0.0,0.0,0.0,0.0,0.0,0.0,0.0,0.0,0.0,0.0,0.0,0.0,0.0,0.0,0.0,0.0,0.0,0.0,0.0,0.0,0.0,0.0,0.0,0.0,0.0,0.0,0.0,0.0,0.0,0.0,0.0,0.0,0.0,0.0,0.0,500,0.4,UB&PB,19762
2500,0.9264477186812213,0.07124455467646429,0.03137071748870891,0.12818109319093376,0.19386737239044408,0.12145116542947772,0.2886570899373574,0.6276390995809299,0.5181729489070364,0.7424915668301046,0.9810767590618337,0.018923240938166292,0.21902719298537304,0.19312592214446153,0.032663168801163114,0.35301144201344753,0.0005570718323350404,0.5751409968874766,0.2853485930974803,0.2691365573711507,0.07380698397046527,0.44449442365221864,0.28428295737917664,0.2872606642997219,0.21111505329435803,0.35736334825011745,0.4206162565546487,0.43374076795501787,0.31840601921884676,0.5365911392115407,0.24700611758991964,0.8111050055119742,765.0646560535013,632.6456846687614,939.8258294978373,500,0.4,UB&PB,19762
0,0.0,0.0,0.0,0.0,0.0,0.0,0.0,0.0,0.0,0.0,0.0,0.0,0.0,0.0,0.0,0.0,0.0,0.0,0.0,0.0,0.0,0.0,0.0,0.0,0.0,0.0,0.0,0.0,0.0,0.0,0.0,0.0,0.0,0.0,0.0,500,0.45,UB&PB,19762
2500,0.9327286074949136,0.07325517137425692,0.03224936552673956,0.13297630805781013,0.12183488871174793,0.07330430612412801,0.17891954104639562,0.7115690088393085,0.6209997542659369,0.8255218039359254,0.9783830845771152,0.02161691542288554,0.2545754666709795,0.23403006908799637,0.05313250412029348,0.4032899085569473,0.0008626670534233392,0.640984647929765,0.3229572100461098,0.3107735075001742,0.10538815946033152,0.49841133876640153,0.33771359980514626,0.3409324017045179,0.2661733139408286,0.4104288104576014,0.42009523462017184,0.4334112507032007,0.31763945625144263,0.5355803482691689,0.26046245528821,0.7451443771197024,669.0417016211319,578.5069115376267,783.6110622610802,500,0.45,UB&PB,19762
0,0.0,0.0,0.0,0.0,0.0,0.0,0.0,0.0,0.0,0.0,0.0,0.0,0.0,0.0,0.0,0.0,0.0,0.0,0.0,0.0,0.0,0.0,0.0,0.0,0.0,0.0,0.0,0.0,0.0,0.0,0.0,0.0,0.0,0.0,0.0,500,0.5,UB&PB,19762
2500,0.9491933120267869,0.12381612520365234,0.056070934428759656,0.21222553826668952,0.36632447036338645,0.27615060767323724,0.4496594440901677,0.49075485809403224,0.39594804782486703,0.6078402708952075,0.9686723525230975,0.03132764747690119,0.21376404628027756,0.20412096096383547,0.06537089797162206,0.32689816709234043,0.0011613330589179218,0.5050931002712256,0.2636663786475885,0.2554868241924383,0.10229856860330087,0.39845711294512093,0.2687784423446365,0.26958570148400784,0.2124275965945491,0.32277445010803224,0.4188471714887502,0.42678998170276966,0.343291485635389,0.502777673822317,0.2993980658881438,0.7632673682234762,1762.3012824554664,1497.4920132929133,2016.7381062902803,500,0.5,UB&PB,19762
0,0.0,0.0,0.0,0.0,0.0,0.0,0.0,0.0,0.0,0.0,0.0,0.0,0.0,0.0,0.0,0.0,0.0,0.0,0.0,0.0,0.0,0.0,0.0,0.0,0.0,0.0,0.0,0.0,0.0,0.0,0.0,0.0,0.0,0.0,0.0,500,0.55,UB&PB,19762
2500,0.9532105984136889,0.08669064880435728,0.03999761373509569,0.1471692707492708,0.07934208676393004,0.038839160421960214,0.13120073299384746,0.7551603407948737,0.6510525050047306,0.8554290628275077,0.9730796019900496,0.026920398009950223,0.29127480721279253,0.27765285722787325,0.08604049524575479,0.44955554149132626,0.0015244296091944712,0.6940110490306103,0.3567205253898532,0.3455644633162385,0.1418631132248389,0.5448123023234192,0.37802801746887366,0.3814277016548941,0.3096244588447602,0.44873120600336197,0.4193484330264382,0.43034727640061454,0.3272658712444065,0.5221218929741984,0.2853948529884368,0.7553459117887291,625.7358397446212,555.6583711955284,718.5168560225375,500,0.55,UB&PB,19762
0,0.0,0.0,0.0,0.0,0.0,0.0,0.0,0.0,0.0,0.0,0.0,0.0,0.0,0.0,0.0,0.0,0.0,0.0,0.0,0.0,0.0,0.0,0.0,0.0,0.0,0.0,0.0,0.0,0.0,0.0,0.0,0.0,0.0,0.0,0.0,500,0.6,UB&PB,19762
2500,0.966477783581331,0.08724276067356107,0.03932626776427904,0.14855122299401236,0.0661954257951226,0.031248672227650324,0.11127493215237895,0.8182896236198519,0.7186175910537262,0.8995084127853781,0.9706147832267231,0.029385216773276466,0.30212435667377335,0.2890023611176084,0.09447845582305325,0.4644531705684493,0.0018610135200361664,0.7111915985832146,0.36623177291795656,0.3547173430633677,0.1503656114332366,0.5596576034415677,0.38886196813102397,0.392049905584417,0.32077273860069194,0.45927119955474416,0.4190431078795483,0.42987527592135094,0.32715119936634257,0.5214399456893688,0.3371291642312547,0.8270625004823172,613.299486550221,551.9572311442469,696.2762596755135,500,0.6,UB&PB,19762
0,0.0,0.0,0.0,0.0,0.0,0.0,0.0,0.0,0.0,0.0,0.0,0.0,0.0,0.0,0.0,0.0,0.0,0.0,0.0,0.0,0.0,0.0,0.0,0.0,0.0,0.0,0.0,0.0,0.0,0.0,0.0,0.0,0.0,0.0,0.0,500,0.65,UB&PB,19762
2500,0.9798286783780332,0.0868751189062544,0.041695893218998824,0.1454717192797033,0.04874086586748526,0.02062936844713469,0.08765812465979818,0.8154210793390344,0.7215603785940746,0.8936432013905465,0.9654186211798145,0.034581378820184853,0.32256558440464045,0.310777748422017,0.1155016467524266,0.49135024314504566,0.0025847109248521797,0.7361886863645947,0.38373255910739307,0.37179041426049453,0.1692743492070751,0.5843832587642649,0.40681009602889523,0.4100313609932565,0.33901178704815577,0.4771786901517219,0.4186997961971424,0.42975745883651834,0.32714999130982847,0.5210593366021865,0.34023826873812985,0.8109223766638833,595.3574776874799,544.9052380076756,666.0283500061186,500,0.65,UB&PB,19762
0,0.0,0.0,0.0,0.0,0.0,0.0,0.0,0.0,0.0,0.0,0.0,0.0,0.0,0.0,0.0,0.0,0.0,0.0,0.0,0.0,0.0,0.0,0.0,0.0,0.0,0.0,0.0,0.0,0.0,0.0,0.0,0.0,0.0,0.0,0.0,500,0.7,UB&PB,19762
2500,0.9924757234928611,0.08859564568283598,0.04188983647508337,0.15265116940041734,0.04230707325545047,0.017324295356018978,0.0766999210404475,0.8049932017907723,0.703772351999524,0.8852766587627457,0.9637320540156381,0.036267945984363885,0.3372529651909349,0.326715240875879,0.13334380374090526,0.5094741008061041,0.003665757033948701,0.7498955772167156,0.39597727597826843,0.383537144556481,0.18432516728506346,0.5998337656008572,0.41726348478578973,0.42038807249101784,0.35110806700337055,0.4861009465272268,0.41914660810542165,0.4297349740104501,0.32925559958780903,0.5195278358552414,0.35472180966687716,0.8686977602310493,588.1170741692757,542.7262640527439,651.1326856000084,500,0.7,UB&PB,19762
0,0.0,0.0,0.0,0.0,0.0,0.0,0.0,0.0,0.0,0.0,0.0,0.0,0.0,0.0,0.0,0.0,0.0,0.0,0.0,0.0,0.0,0.0,0.0,0.0,0.0,0.0,0.0,0.0,0.0,0.0,0.0,0.0,0.0,0.0,0.0,500,0.75,UB&PB,19762
2500,1.007344737253824,0.09090279559834531,0.045340281111090446,0.14922522281930914,0.03643873318591213,0.014053547718240899,0.06761189230512696,0.7340817478990453,0.6346848122768797,0.8263038194363691,0.9600547263681587,0.03994527363184082,0.35966050498503016,0.3497160891647471,0.16191592360538012,0.5375822015296009,0.00613171834223071,0.7691619047250778,0.4138304687540539,0.40093366002642733,0.20564092079345347,0.62196674301417,0.43000428671218766,0.4336234736022173,0.36425560472906904,0.49912754596821196,0.41899744411519557,0.4299263200055106,0.32918738127501723,0.5191885161465204,0.37462537991031974,0.8436779011196364,578.1693461133171,539.7842676750065,629.6881265490852,500,0.75,UB&PB,19762
0,0.0,0.0,0.0,0.0,0.0,0.0,0.0,0.0,0.0,0.0,0.0,0.0,0.0,0.0,0.0,0.0,0.0,0.0,0.0,0.0,0.0,0.0,0.0,0.0,0.0,0.0,0.0,0.0,0.0,0.0,0.0,0.0,0.0,0.0,0.0,500,0.8,UB&PB,19762
2500,1.024002305241976,0.08223269182723986,0.038524240507398326,0.14015485926172652,0.03262587731976798,0.01228401135558361,0.061274980385018545,0.7488017569472141,0.6547774757431662,0.8485360386971456,0.957394456289978,0.04260554371002131,0.3725162378501887,0.36035502356339416,0.17358239396757377,0.5567003815774609,0.00891276924317358,0.7854342311206626,0.4223726852043672,0.4086861263814036,0.21106341208990692,0.6358214991271118,0.4353014855692488,0.4398852046668706,0.3661918613463392,0.5086200905284465,0.4196730724406171,0.43202149635323606,0.32348062402849215,0.5278631948525793,0.380908540540868,0.8795243850899879,570.8259421872561,537.2079225706368,617.1988879679417,500,0.8,UB&PB,19762
0,0.0,0.0,0.0,0.0,0.0,0.0,0.0,0.0,0.0,0.0,0.0,0.0,0.0,0.0,0.0,0.0,0.0,0.0,0.0,0.0,0.0,0.0,0.0,0.0,0.0,0.0,0.0,0.0,0.0,0.0,0.0,0.0,0.0,0.0,0.0,500,0.85,UB&PB,19762
2500,1.0446544085996443,0.07667299287974648,0.03497024764380442,0.13186909584231463,0.029461998968016965,0.010576480592426166,0.05617298438549642,0.7874829998356498,0.6676002729096365,0.8874843263957741,0.9520518834399441,0.04794811656005679,0.3841492852290229,0.37061655819175915,0.1831309459139119,0.574923520290399,0.011438283367536113,0.7998881950411731,0.42912142841599743,0.41519341756677053,0.21392713921561649,0.6477551088885488,0.43929279284884554,0.44476005106925703,0.36741606650325187,0.5161584475892657,0.4197642837796582,0.4324719833305028,0.3197600857970277,0.5323778787142864,0.4050038377568756,0.9108266460986826,565.6771258622076,535.8043210718304,608.352892106515,500,0.85,UB&PB,19762
0,0.0,0.0,0.0,0.0,0.0,0.0,0.0,0.0,0.0,0.0,0.0,0.0,0.0,0.0,0.0,0.0,0.0,0.0,0.0,0.0,0.0,0.0,0.0,0.0,0.0,0.0,0.0,0.0,0.0,0.0,0.0,0.0,0.0,0.0,0.0,500,0.9,UB&PB,19762
2500,1.0682748167789988,0.06750091186168462,0.030455469011114674,0.11619499430804023,0.02662253151429264,0.009287878512465698,0.05166505076489607,0.7703669115298504,0.6243801205894693,0.8684976714198483,0.9534449182658143,0.04655508173418622,0.40331766629338067,0.38981918230058255,0.20002023100617752,0.6019457275456899,0.01820047239811546,0.8198083279852383,0.44047323573802327,0.42756331974104483,0.22034418770878778,0.6646077448576293,0.4455641164540165,0.4530010803004802,0.36993268795249606,0.5282192640769894,0.4200655758163519,0.4352244829307946,0.31145724197448854,0.5429954020291061,0.4175775164776626,0.8999539317137628,557.9221664349911,533.0068925693811,593.7467872524311,500,0.9,UB&PB,19762
0,0.0,0.0,0.0,0.0,0.0,0.0,0.0,0.0,0.0,0.0,0.0,0.0,0.0,0.0,0.0,0.0,0.0,0.0,0.0,0.0,0.0,0.0,0.0,0.0,0.0,0.0,0.0,0.0,0.0,0.0,0.0,0.0,0.0,0.0,0.0,500,0.95,UB&PB,19762
2500,1.1013430791024887,0.06361861252803482,0.028074300644944813,0.11230127172099774,0.025280616577682036,0.008639708237753606,0.048348740881384904,0.6499132769812012,0.5427905705615392,0.7776957637814937,0.9463411513859269,0.053658848614072496,0.4293905642274302,0.418482644606272,0.2241346046031213,0.6350746028702184,0.033488709313034194,0.8392180338425583,0.455679917164478,0.44493683632079917,0.23046998379548367,0.6852206567296208,0.4540376353372871,0.4629205614969503,0.3764304102312086,0.5400913852274216,0.4205354758953372,0.43625624999951196,0.30841160709503396,0.5480539480315185,0.4403738485965142,0.9139123737086686,552.0219774700674,531.4129583217587,580.7678881127372,500,0.95,UB&PB,19762
0,0.0,0.0,0.0,0.0,0.0,0.0,0.0,0.0,0.0,0.0,0.0,0.0,0.0,0.0,0.0,0.0,0.0,0.0,0.0,0.0,0.0,0.0,0.0,0.0,0.0,0.0,0.0,0.0,0.0,0.0,0.0,0.0,0.0,0.0,0.0,500,0.05,UB&PB,31325
2500,0.9084614822822793,0.221896127749075,0.12668689306877992,0.358773765138255,0.8952001086527193,0.8158683648176729,0.9499794235557344,0.7602963254709684,0.6207393602028892,0.8841193139353767,0.9710412224591329,0.0289587775408671,0.0352102143934137,3.728343895372195e-5,3.90410320851075e-8,0.009127134574838014,0.0,0.2063884591336861,0.04097698212033815,0.0,0.0,0.01651574990514421,0.0518252997527283,0.00455721567702412,0.0,0.05962828072054642,0.41711205248630556,0.4194720596735072,0.37710725926100375,0.4612822097437987,0.03641858118331559,0.7153581041338254,5919.430454826008,4455.586323578241,8237.048215985704,500,0.05,UB&PB,31325
0,0.0,0.0,0.0,0.0,0.0,0.0,0.0,0.0,0.0,0.0,0.0,0.0,0.0,0.0,0.0,0.0,0.0,0.0,0.0,0.0,0.0,0.0,0.0,0.0,0.0,0.0,0.0,0.0,0.0,0.0,0.0,0.0,0.0,0.0,0.0,500,0.1,UB&PB,31325
2500,0.9435455147743611,0.174594064129161,0.08543246614857646,0.3490387685898527,0.8766073529729361,0.7880694178733839,0.9458939491129532,0.6512567677158606,0.4753774566319296,0.7837417434018831,0.9756801705756923,0.02431982942430707,0.02239073982846284,0.00020007052787462436,5.237432625817777e-6,0.021841498971039208,0.0,0.11229411350968452,0.029435085705779157,1.0591693871357006e-5,0.0,0.03583475269321917,0.025635586489724263,0.0074370695129062315,0.00024978624274002334,0.030972046951874513,0.41798151423108415,0.42068026777836437,0.3716406266913533,0.46942424415090334,0.015222391720348163,1.0831759661620697,5827.157929852569,4935.880670143655,7144.836235313639,500,0.1,UB&PB,31325
0,0.0,0.0,0.0,0.0,0.0,0.0,0.0,0.0,0.0,0.0,0.0,0.0,0.0,0.0,0.0,0.0,0.0,0.0,0.0,0.0,0.0,0.0,0.0,0.0,0.0,0.0,0.0,0.0,0.0,0.0,0.0,0.0,0.0,0.0,0.0,500,0.15,UB&PB,31325
2500,0.960541681292204,0.19600938558500577,0.099725583643573,0.3511616154998522,0.8819785785805349,0.8063695527756963,0.9400133142009356,0.44954316381852033,0.27396566369939823,0.6889855912577743,0.972982942430704,0.027017057569296364,0.02173625119600365,0.0022609266562836393,2.6525316070996725e-5,0.033860296187598865,0.0,0.09140051441548003,0.030471415046433074,0.0025175103745703376,0.0,0.0524102246662292,0.0198859539034065,0.006461953206097039,0.00013860734718999727,0.029838405966009847,0.41770542909639524,0.4204078252504398,0.37494479123053004,0.4652006809356816,0.023066552486297236,0.9476915494676272,6218.901277790147,5570.92781924428,7088.706359242996,500,0.15,UB&PB,31325
0,0.0,0.0,0.0,0.0,0.0,0.0,0.0,0.0,0.0,0.0,0.0,0.0,0.0,0.0,0.0,0.0,0.0,0.0,0.0,0.0,0.0,0.0,0.0,0.0,0.0,0.0,0.0,0.0,0.0,0.0,0.0,0.0,0.0,0.0,0.0,500,0.2,UB&PB,31325
2500,0.9528369112082996,0.13532360606611468,0.0648559072792619,0.23677536897055776,0.7672207838827299,0.605810052150782,0.8982052414496022,0.5209948179854804,0.3882098052264447,0.7268610654849339,0.9763795309168436,0.023620469083155668,0.044161443375100105,0.008968139992876874,0.00013392136016745408,0.07429413218692789,2.3987994015729442e-8,0.17121427264018835,0.06385593447328473,0.01783370881525983,0.0,0.11047976894078708,0.04247518007652147,0.025557496428120666,0.0025588728588163876,0.06703526639593721,0.41824865856304033,0.42422271848114645,0.35281095774470905,0.49072580154547435,0.04462410345618444,1.1834216681573146,3477.465891552416,2879.2322431960492,4166.84932421523,500,0.2,UB&PB,31325
0,0.0,0.0,0.0,0.0,0.0,0.0,0.0,0.0,0.0,0.0,0.0,0.0,0.0,0.0,0.0,0.0,0.0,0.0,0.0,0.0,0.0,0.0,0.0,0.0,0.0,0.0,0.0,0.0,0.0,0.0,0.0,0.0,0.0,0.0,0.0,500,0.25,UB&PB,31325
2500,0.907258181874376,0.06399281894021737,0.027522529735672225,0.11391350736475228,0.25065692952807206,0.16664568657165,0.35725951142781126,0.8013561070448927,0.6716228833660634,0.8916538738940001,0.9790241648898361,0.020975835110163477,0.14951640066013042,0.08930283436019608,0.0013719524619362747,0.2574478979712072,7.87513571274907e-5,0.48338326720322805,0.20663552402272584,0.16418174594446946,0.0009487171511805445,0.34246851307760223,0.19900656404818748,0.19729329765894676,0.10990663001349545,0.2765108702092204,0.42087584094739566,0.43633537738985806,0.31005119958898975,0.5472018296375254,0.1741304203814004,0.7558966663256159,896.4825050707306,706.8894189842034,1167.4285303861232,500,0.25,UB&PB,31325
0,0.0,0.0,0.0,0.0,0.0,0.0,0.0,0.0,0.0,0.0,0.0,0.0,0.0,0.0,0.0,0.0,0.0,0.0,0.0,0.0,0.0,0.0,0.0,0.0,0.0,0.0,0.0,0.0,0.0,0.0,0.0,0.0,0.0,0.0,0.0,500,0.3,UB&PB,31325
2500,0.9211459639382793,0.06713847993734774,0.029508028832305175,0.12037821522522787,0.320414497499691,0.221087770218691,0.42681833836880734,0.6465629154605158,0.5298588785887975,0.7554257294867849,0.9804257285003565,0.01957427149964464,0.15045031063397016,0.10456142761940393,0.00368009851600033,0.2550092179522943,0.0001230835622435282,0.45742028150100217,0.20742322868767585,0.17570336469251216,0.0071457030001897135,0.33783924270260995,0.1894235745816993,0.18829190451034705,0.11060828651180667,0.25937983595982966,0.4200063255361011,0.43458390536894365,0.31260580705565677,0.5422954922221369,0.12051530600356603,0.7366334178025141,998.6831085309213,786.054492621435,1256.6082769749212,500,0.3,UB&PB,31325
0,0.0,0.0,0.0,0.0,0.0,0.0,0.0,0.0,0.0,0.0,0.0,0.0,0.0,0.0,0.0,0.0,0.0,0.0,0.0,0.0,0.0,0.0,0.0,0.0,0.0,0.0,0.0,0.0,0.0,0.0,0.0,0.0,0.0,0.0,0.0,500,0.35,UB&PB,31325
2500,0.9212716215364745,0.06499488995812526,0.028108161939978386,0.11879863789624509,0.18417785215735746,0.12063355395308117,0.2638885168022124,0.7728410254884174,0.6533959947757747,0.8795418912458496,0.9784925373134331,0.02150746268656715,0.1987999676593486,0.15916321667205188,0.012067341934265178,0.33093247878144183,0.00032955116018645967,0.5645386534924249,0.2637310508102618,0.2399687278137703,0.030418551367601663,0.4222497936333678,0.26308289551271086,0.26535553107993576,0.18283075935240517,0.3412405029917578,0.4204881742416024,0.43535749919295735,0.3117743610173622,0.5440781568405202,0.2307658052047987,0.7817641588839351,763.9728638207075,633.0099066490789,944.0701193764784,500,0.35,UB&PB,31325
0,0.0,0.0,0.0,0.0,0.0,0.0,0.0,0.0,0.0,0.0,0.0,0.0,0.0,0.0,0.0,0.0,0.0,0.0,0.0,0.0,0.0,0.0,0.0,0.0,0.0,0.0,0.0,0.0,0.0,0.0,0.0,0.0,0.0,0.0,0.0,500,0.4,UB&PB,31325
2500,0.9295825583113401,0.07781196706494665,0.03378801101916797,0.1441854007801871,0.2506642449379291,0.18210336022157464,0.33542275207092986,0.6181546352828515,0.521666300771103,0.7168752001015789,0.9796560056858559,0.02034399431414355,0.2044286921224364,0.1804882082977421,0.030614492181428487,0.32945315931752767,0.0005821547137263603,0.535566127426225,0.26643452186710276,0.25165821748632433,0.06809792108921693,0.41539056242463845,0.2663108861330526,0.26855699950460843,0.19779921671107661,0.33419952127512115,0.4201516352045849,0.43285712228473516,0.3200714129084146,0.5331539115491741,0.20403827309992112,0.7126522816135288,954.2566989677404,799.073628563066,1144.7875884944624,500,0.4,UB&PB,31325
0,0.0,0.0,0.0,0.0,0.0,0.0,0.0,0.0,0.0,0.0,0.0,0.0,0.0,0.0,0.0,0.0,0.0,0.0,0.0,0.0,0.0,0.0,0.0,0.0,0.0,0.0,0.0,0.0,0.0,0.0,0.0,0.0,0.0,0.0,0.0,500,0.45,UB&PB,31325
2500,0.929682256699595,0.07014285074062175,0.030635763724119344,0.12190057390763458,0.116708188718541,0.06465384695772271,0.18001549515049933,0.694339088538514,0.5772407446621817,0.8005300494652156,0.9775906183368875,0.022409381663113025,0.26391013150917597,0.2449783454507702,0.061849041508184904,0.4147913565035162,0.0009178087222193813,0.6547999631817218,0.3310926323146647,0.31883942876728905,0.11431993422224139,0.5092561864230902,0.3463570555674463,0.3491015950293602,0.2736056259516844,0.4201449478161882,0.4201647739633181,0.4348244486885294,0.31267994287727136,0.5414365410371107,0.24344089719172468,0.8382785725472808,658.1877012586119,566.843280089804,772.9863653769218,500,0.45,UB&PB,31325
0,0.0,0.0,0.0,0.0,0.0,0.0,0.0,0.0,0.0,0.0,0.0,0.0,0.0,0.0,0.0,0.0,0.0,0.0,0.0,0.0,0.0,0.0,0.0,0.0,0.0,0.0,0.0,0.0,0.0,0.0,0.0,0.0,0.0,0.0,0.0,500,0.5,UB&PB,31325
2500,0.9433790079071589,0.07235005830476005,0.03214963348622007,0.12780649459100918,0.09203830738082319,0.05008269689703919,0.1446060937366678,0.7912807869655192,0.66326061628731,0.8861792050836889,0.9759708599857849,0.02402914001421462,0.27446544316246724,0.25622517964736913,0.06623169884020856,0.4305806120285126,0.0010837744537111466,0.6765906201063514,0.3411848039089022,0.3285985424081653,0.12052007140319082,0.526638025060205,0.3594353889607292,0.36283365745500434,0.2869560296099101,0.43416730622196215,0.4197162789185563,0.4330021223467263,0.31779363625137175,0.5350936316748857,0.2612427182529111,0.7358665679169695,636.9282406303363,560.3225473621092,739.550704410185,500,0.5,UB&PB,31325
0,0.0,0.0,0.0,0.0,0.0,0.0,0.0,0.0,0.0,0.0,0.0,0.0,0.0,0.0,0.0,0.0,0.0,0.0,0.0,0.0,0.0,0.0,0.0,0.0,0.0,0.0,0.0,0.0,0.0,0.0,0.0,0.0,0.0,0.0,0.0,500,0.55,UB&PB,31325
2500,0.9559468306006215,0.07677444551694204,0.034574426764783846,0.13663297909479058,0.06794019335125037,0.03144967821584596,0.11522214509560588,0.8432628819495306,0.7432620574847904,0.918726004423093,0.9733347547974402,0.026665245202558665,0.2907777211636626,0.2739043729802975,0.07752685553065937,0.4530683223525649,0.0013504913630629064,0.7054791983730513,0.35570660958385936,0.34312894826397067,0.1325335282026933,0.5484449349835776,0.37850388422579473,0.3818851630287692,0.30640070912751577,0.4531415196713945,0.4197868100919733,0.4317736515454112,0.32180200522316654,0.5297610645809981,0.3077227426285464,0.8038548357227165,615.0385282379136,550.0832600599382,705.9015428290566,500,0.55,UB&PB,31325
0,0.0,0.0,0.0,0.0,0.0,0.0,0.0,0.0,0.0,0.0,0.0,0.0,0.0,0.0,0.0,0.0,0.0,0.0,0.0,0.0,0.0,0.0,0.0,0.0,0.0,0.0,0.0,0.0,0.0,0.0,0.0,0.0,0.0,0.0,0.0,500,0.6,UB&PB,31325
2500,0.9646615266636877,0.0918102291494003,0.041795296645987925,0.16115784062578872,0.05559046415577302,0.024671172768878556,0.09713856880310945,0.7788168265818713,0.6870363997007918,0.8677827768493442,0.9679793887704334,0.03202061122956639,0.31094240085201674,0.2996766008074526,0.10472550081836823,0.47468473691353386,0.0020449281996748397,0.7203044515788422,0.3741734844381867,0.3633635304247345,0.1599767790333063,0.569164943581464,0.3987792006856207,0.40176255393915206,0.3324213133322838,0.4675191628440156,0.41910448920048693,0.4295091389088815,0.3294630352987364,0.5188642716559865,0.32594933130505055,0.776959280442103,604.9921440608928,547.1050940878662,683.1172266286708,500,0.6,UB&PB,31325
0,0.0,0.0,0.0,0.0,0.0,0.0,0.0,0.0,0.0,0.0,0.0,0.0,0.0,0.0,0.0,0.0,0.0,0.0,0.0,0.0,0.0,0.0,0.0,0.0,0.0,0.0,0.0,0.0,0.0,0.0,0.0,0.0,0.0,0.0,0.0,500,0.65,UB&PB,31325
2500,0.979262919862801,0.08899276323810235,0.042533559515358955,0.14930316466120233,0.05253260031526307,0.02278461997427994,0.09362488752386997,0.8183478407773328,0.7166170782004796,0.8995623084063381,0.9677277896233104,0.032272210376687996,0.3188223972166152,0.3071043585157083,0.11161726342215893,0.4863227596755838,0.0024820010258875215,0.7311415555034309,0.38031852832498647,0.3683315830841581,0.16617979044303663,0.5790298174535452,0.4032366391783141,0.4066370817180175,0.3360110570252028,0.47323472991990495,0.4195036205668207,0.43034507954608314,0.3286967715831234,0.5209822924669354,0.32577126542937485,0.7933327606686975,600.0791851644979,546.9965819282274,674.8559289603952,500,0.65,UB&PB,31325
0,0.0,0.0,0.0,0.0,0.0,0.0,0.0,0.0,0.0,0.0,0.0,0.0,0.0,0.0,0.0,0.0,0.0,0.0,0.0,0.0,0.0,0.0,0.0,0.0,0.0,0.0,0.0,0.0,0.0,0.0,0.0,0.0,0.0,0.0,0.0,500,0.7,UB&PB,31325
2500,0.9934906715750046,0.09000722555380028,0.04180821075677929,0.15188656502916134,0.040122342328867557,0.01610338501330444,0.07328828762172185,0.8261566608404995,0.7283522251277637,0.9014228809167218,0.9612238805970147,0.03877611940298506,0.33799510394954213,0.3266517686723367,0.1321392352301966,0.512215624885078,0.003489614535608965,0.7536373996989579,0.39657872825676804,0.38368601902999905,0.18322229584227515,0.6023142936633249,0.4186474630739754,0.42188648518497995,0.35105693885572437,0.4888792515599956,0.4194353190750147,0.4305314038731482,0.3285142007106766,0.520665241130998,0.3563460902131119,0.8440555341644544,585.3588672385785,541.8845192001143,645.573293497323,500,0.7,UB&PB,31325
0,0.0,0.0,0.0,0.0,0.0,0.0,0.0,0.0,0.0,0.0,0.0,0.0,0.0,0.0,0.0,0.0,0.0,0.0,0.0,0.0,0.0,0.0,0.0,0.0,0.0,0.0,0.0,0.0,0.0,0.0,0.0,0.0,0.0,0.0,0.0,500,0.75,UB&PB,31325
2500,1.0067714190978734,0.09346598413836846,0.04719071265644563,0.15336224107456284,0.03675086844785514,0.014450832792071388,0.06855182932301979,0.75858384063702,0.649086004490319,0.8609291873742995,0.9613724235963048,0.03862757640369582,0.3549167057364097,0.34445891950726837,0.15606065991237195,0.5320429539946616,0.005537929958067643,0.765313144104851,0.4099137865028535,0.39669013761109684,0.20089218152741312,0.6178534884405636,0.42714182057541256,0.430707395129201,0.3618782738394217,0.49564361654691136,0.4187634637455509,0.4292613807848246,0.3300385899877617,0.5173120563325846,0.3519117226851674,0.8346461111129359,580.8968499508555,541.1553190756356,635.1236725631394,500,0.75,UB&PB,31325
0,0.0,0.0,0.0,0.0,0.0,0.0,0.0,0.0,0.0,0.0,0.0,0.0,0.0,0.0,0.0,0.0,0.0,0.0,0.0,0.0,0.0,0.0,0.0,0.0,0.0,0.0,0.0,0.0,0.0,0.0,0.0,0.0,0.0,0.0,0.0,500,0.8,UB&PB,31325
2500,1.0232901726101815,0.08719018273796095,0.04168557547958212,0.1502869366716105,0.033998519143844524,0.01302585067676969,0.0631839122808487,0.7400695514509045,0.6384168303186314,0.8483734384919539,0.9562963752665239,0.04370362473347548,0.36979216978432,0.35828165392088807,0.17255155576062112,0.5518397550280355,0.00848391984436631,0.7798413686107261,0.4204164788094395,0.40677797401979554,0.21080497310849003,0.6319850073136638,0.4339675028407141,0.4377634204656626,0.36722312331830653,0.5041150460988416,0.41903543024985396,0.4300604412769187,0.3280533599600784,0.5205236430964746,0.3612791334449356,0.8260878972046641,574.3419578678632,539.0239651216,622.4582314853399,500,0.8,UB&PB,31325
0,0.0,0.0,0.0,0.0,0.0,0.0,0.0,0.0,0.0,0.0,0.0,0.0,0.0,0.0,0.0,0.0,0.0,0.0,0.0,0.0,0.0,0.0,0.0,0.0,0.0,0.0,0.0,0.0,0.0,0.0,0.0,0.0,0.0,0.0,0.0,500,0.85,UB&PB,31325
2500,1.0462336412530149,0.07154477496921768,0.03224365242105459,0.12414546136207476,0.02892659358314238,0.010419983908111774,0.05545429680792525,0.8501000432063655,0.7519787075735606,0.9253869064503558,0.959201137171285,0.040798862828713554,0.37940420823230175,0.3646091566889134,0.17434521525985472,0.5716237240294756,0.009824338797883081,0.8008521406395338,0.4251045138014067,0.4106089259562585,0.207227636513428,0.6449117829120924,0.4367170128073262,0.4428935831625396,0.36310990532373855,0.515835685125794,0.4199120094954371,0.433747029806666,0.31554679165441,0.5377855755363348,0.3956153964168557,0.9122850531598911,564.8249410429156,535.3559757411603,608.0104014069075,500,0.85,UB&PB,31325
0,0.0,0.0,0.0,0.0,0.0,0.0,0.0,0.0,0.0,0.0,0.0,0.0,0.0,0.0,0.0,0.0,0.0,0.0,0.0,0.0,0.0,0.0,0.0,0.0,0.0,0.0,0.0,0.0,0.0,0.0,0.0,0.0,0.0,0.0,0.0,500,0.9,UB&PB,31325
2500,1.0692572167279937,0.06954194005805031,0.03133376410779947,0.11931940472831229,0.026438466640959394,0.00922279742937999,0.050870331660742334,0.7222188363664654,0.6256235410387008,0.832987485366506,0.9531407249466956,0.04685927505330483,0.4059665270974614,0.39280776985518895,0.2031959283658733,0.6052348986128329,0.01932350123372828,0.8205112226471021,0.44283763952361227,0.43004047942961937,0.22293443488570033,0.6675614156135531,0.44688762415239897,0.454510919266608,0.371620701720303,0.5292851519567021,0.4202022940310836,0.4350516777118643,0.31172110367673206,0.5426951222403698,0.395723837523082,0.9138797485245564,557.5375485007623,533.043512272885,592.2121964168796,500,0.9,UB&PB,31325
0,0.0,0.0,0.0,0.0,0.0,0.0,0.0,0.0,0.0,0.0,0.0,0.0,0.0,0.0,0.0,0.0,0.0,0.0,0.0,0.0,0.0,0.0,0.0,0.0,0.0,0.0,0.0,0.0,0.0,0.0,0.0,0.0,0.0,0.0,0.0,500,0.95,UB&PB,31325
2500,1.101984211123603,0.060825163928265556,0.02629744982300757,0.10858938725064979,0.025099592300045548,0.008542373316212668,0.04852897054553839,0.6500293249051486,0.5391809832077771,0.7618814922682304,0.9499786780383798,0.05002132196162042,0.4304712711077531,0.41939357590850773,0.22452956022181933,0.6370845774850927,0.033751928200358744,0.8412193923477165,0.45620131235202127,0.4453523741110592,0.23033749826064118,0.6867673647037252,0.45435312152366103,0.4637712685758026,0.3758663301747013,0.5419376981523703,0.4209393661433652,0.43708752309855825,0.3063726799077302,0.5519390169555543,0.40722508718049777,0.9377368904777099,551.1021796594265,530.8056547447218,579.650848056932,500,0.95,UB&PB,31325
0,0.0,0.0,0.0,0.0,0.0,0.0,0.0,0.0,0.0,0.0,0.0,0.0,0.0,0.0,0.0,0.0,0.0,0.0,0.0,0.0,0.0,0.0,0.0,0.0,0.0,0.0,0.0,0.0,0.0,0.0,0.0,0.0,0.0,0.0,0.0,500,0.05,UB&PB,69847
2500,0.9063177411092623,0.23887520898279427,0.12383057348367658,0.4131046968616416,0.8934240667662003,0.8135915011477728,0.9509242129283664,0.7907087663283496,0.686432179137389,0.8865598513772308,0.9702608386638245,0.029739161336176264,0.037753469780474766,3.4902643241840305e-5,1.515695800369978e-8,0.008658337023936674,0.0,0.2260032473337586,0.043520193705078904,0.0,0.0,0.015532899532055321,0.05650386715839949,0.004374214647260135,5.613366967232981e-7,0.0653857036380265,0.4170181032144182,0.41870422489741904,0.3827889575089254,0.4553158434987178,0.03605590689159,0.7110417591089818,5781.516249918468,4252.374502062459,8205.06841234605,500,0.05,UB&PB,69847
0,0.0,0.0,0.0,0.0,0.0,0.0,0.0,0.0,0.0,0.0,0.0,0.0,0.0,0.0,0.0,0.0,0.0,0.0,0.0,0.0,0.0,0.0,0.0,0.0,0.0,0.0,0.0,0.0,0.0,0.0,0.0,0.0,0.0,0.0,0.0,500,0.1,UB&PB,69847
2500,0.9397775002055797,0.14593991225041675,0.06916564868581199,0.27998867607508815,0.8422348368897834,0.72638076925012,0.9357164977642332,0.5679334309369688,0.42725989556773764,0.714597484421763,0.9772821606254448,0.022717839374555845,0.02331091227088242,0.0003305263997195442,4.457905686009217e-6,0.028671826321821293,0.0,0.11409473432091073,0.03277972625559834,1.4259080134415207e-5,0.0,0.049330312443003954,0.02510703444801052,0.0064813944844322345,0.00012181578679358953,0.035749159321736314,0.4181163623187726,0.4227339614582275,0.3599764918256624,0.48278496227352613,0.019625090182376296,0.9470073197309021,4948.172459703068,4186.20421918135,5965.974292346303,500,0.1,UB&PB,69847
0,0.0,0.0,0.0,0.0,0.0,0.0,0.0,0.0,0.0,0.0,0.0,0.0,0.0,0.0,0.0,0.0,0.0,0.0,0.0,0.0,0.0,0.0,0.0,0.0,0.0,0.0,0.0,0.0,0.0,0.0,0.0,0.0,0.0,0.0,0.0,500,0.15,UB&PB,69847
2500,0.9634665630286392,0.31919174621695845,0.19308166567861898,0.46140276028548666,0.913279305982668,0.8424454519369896,0.9624099502840258,0.5554514497428465,0.4224301730799721,0.7034085363756467,0.9697277896233123,0.03027221037668797,0.020236424942553708,0.0012356119315233174,1.91421065244148e-5,0.025810004147440377,0.0,0.09341354517762586,0.02662440778420137,0.000798114392105365,0.0,0.039151604445210014,0.02058144101729687,0.006496790509692967,0.00034021823111189784,0.025827571719287408,0.41743878770094545,0.41855112547357204,0.3924223256505508,0.4451696623053972,0.04346667073136548,0.9028556349581142,7707.3286417209165,6873.4812112610925,8929.678230613923,500,0.15,UB&PB,69847
0,0.0,0.0,0.0,0.0,0.0,0.0,0.0,0.0,0.0,0.0,0.0,0.0,0.0,0.0,0.0,0.0,0.0,0.0,0.0,0.0,0.0,0.0,0.0,0.0,0.0,0.0,0.0,0.0,0.0,0.0,0.0,0.0,0.0,0.0,0.0,500,0.2,UB&PB,69847
2500,0.9436249854745893,0.12831360465131453,0.05868539805786326,0.2522276733777058,0.7733896081005048,0.667721867730548,0.8674178585614215,0.30144318111055585,0.18106267627219802,0.47678605303942095,0.9758230277185505,0.024176972281449886,0.04829183800518322,0.020951314355376192,0.0004351360218961764,0.0836989823723461,2.4715454027880724e-7,0.16334452384468465,0.0688995059664079,0.04217658513104255,0.0,0.11836486513396088,0.048529887478627784,0.039141624597966475,0.006102889828617959,0.07652597007020423,0.4185489462056482,0.423772555986855,0.35349831758738826,0.49034116474120176,0.05249318802941084,1.058653080765588,3550.655455038445,3077.511626716338,4062.4174893850645,500,0.2,UB&PB,69847
0,0.0,0.0,0.0,0.0,0.0,0.0,0.0,0.0,0.0,0.0,0.0,0.0,0.0,0.0,0.0,0.0,0.0,0.0,0.0,0.0,0.0,0.0,0.0,0.0,0.0,0.0,0.0,0.0,0.0,0.0,0.0,0.0,0.0,0.0,0.0,500,0.25,UB&PB,69847
2500,0.9549432311279026,0.19832929338319824,0.1132876558646664,0.3228810656917402,0.7371395351535479,0.6195674488660778,0.8468246006504718,0.5123045944440492,0.34712616537939195,0.6905489708383299,0.9718550106609802,0.028144989339019204,0.05605372273911581,0.024761580986672114,0.0006933593104655254,0.09461193516799371,8.167930516485879e-6,0.19290393365005012,0.07833757032146292,0.04537045937047666,0.000909423972934407,0.13228642025609322,0.05824327624131578,0.04535981337966161,0.013867947568821402,0.08754414567862086,0.4179265652244458,0.42209566860015774,0.36623261749428465,0.47522826988567024,0.09638415566431206,0.9020650044662757,4180.8754894039575,3626.8360725524403,4892.853989666487,500,0.25,UB&PB,69847
0,0.0,0.0,0.0,0.0,0.0,0.0,0.0,0.0,0.0,0.0,0.0,0.0,0.0,0.0,0.0,0.0,0.0,0.0,0.0,0.0,0.0,0.0,0.0,0.0,0.0,0.0,0.0,0.0,0.0,0.0,0.0,0.0,0.0,0.0,0.0,500,0.3,UB&PB,69847
2500,0.9286197525172465,0.07767027157096931,0.03432773567329414,0.14080734901292505,0.38752489662360473,0.262783744037189,0.53423756007348,0.6095164079706904,0.4885205219279045,0.7408682962732329,0.9802139303482587,0.019786069651741303,0.13197765205094997,0.08541205793883755,0.003096345938550519,0.22354741176167822,7.085359813801123e-5,0.4135400590285778,0.18319844972786245,0.14779312751082177,0.005019667589708203,0.3001129840185198,0.15801213462009786,0.15426335360456706,0.07927653222052095,0.22252263616636458,0.4197261398905787,0.4316593552705642,0.3223358970195427,0.5293683235914122,0.12466800863922174,0.868086464952568,1205.4891000946386,928.2961642626823,1560.5257392312506,500,0.3,UB&PB,69847
0,0.0,0.0,0.0,0.0,0.0,0.0,0.0,0.0,0.0,0.0,0.0,0.0,0.0,0.0,0.0,0.0,0.0,0.0,0.0,0.0,0.0,0.0,0.0,0.0,0.0,0.0,0.0,0.0,0.0,0.0,0.0,0.0,0.0,0.0,0.0,500,0.35,UB&PB,69847
2500,0.9152732047541648,0.06123547654116715,0.02624619426952223,0.11078983741218804,0.16385825428352538,0.10557518789029856,0.23341302032838104,0.7147249118980709,0.6099401533556797,0.8102191206679407,0.9780525941719969,0.021947405828002847,0.21591441236552153,0.1834506882249741,0.022918702240284427,0.3532016300185658,0.000429042569700238,0.5875065833213207,0.2824155426333217,0.2635142465687004,0.05502006755424046,0.44574622412319426,0.2891421776348673,0.29135266095197687,0.21155740166850742,0.3656297609927005,0.4209694465659249,0.4369598983868255,0.30807791778625854,0.5498381642445298,0.19634348607893673,0.8015972485033624,727.7303106144484,609.5141122833435,885.5786840196467,500,0.35,UB&PB,69847
0,0.0,0.0,0.0,0.0,0.0,0.0,0.0,0.0,0.0,0.0,0.0,0.0,0.0,0.0,0.0,0.0,0.0,0.0,0.0,0.0,0.0,0.0,0.0,0.0,0.0,0.0,0.0,0.0,0.0,0.0,0.0,0.0,0.0,0.0,0.0,500,0.4,UB&PB,69847
2500,0.9319827055196461,0.06433733621372295,0.02651687215662463,0.12112878582495433,0.17535971455641483,0.11404193580246089,0.2524118196697189,0.7643016555873884,0.6624716434160473,0.8609032101083544,0.9796304193319119,0.020369580668088135,0.2105004472203856,0.175509978052929,0.019992172425802004,0.3453582829785982,0.0004359533258013005,0.5804333966725187,0.2762893914113558,0.25481907903851186,0.048660328078338005,0.43888888852959074,0.2732704299981107,0.275935959575448,0.19443747866574076,0.35048048897261014,0.42089070886993846,0.435717650729103,0.3122700688225638,0.5440509897457094,0.21446964151911244,0.8323553899596934,749.6222363578673,628.3436574082976,917.6029734009758,500,0.4,UB&PB,69847
0,0.0,0.0,0.0,0.0,0.0,0.0,0.0,0.0,0.0,0.0,0.0,0.0,0.0,0.0,0.0,0.0,0.0,0.0,0.0,0.0,0.0,0.0,0.0,0.0,0.0,0.0,0.0,0.0,0.0,0.0,0.0,0.0,0.0,0.0,0.0,500,0.45,UB&PB,69847
2500,0.940139810569721,0.06974617254135186,0.03009846193600538,0.12418202596343865,0.13545379726407866,0.08314375291767921,0.19717127579494786,0.8213113761459422,0.7347214502605904,0.9047253701131194,0.9789388770433551,0.021061122956645324,0.2356482811459523,0.20637021587716783,0.03287433638624528,0.38066774286826605,0.0006313161133901085,0.6253152352327769,0.30221142147475477,0.2842860369828485,0.07174004469865321,0.4763535439863875,0.30725013433551607,0.3108424178965126,0.22959561171473786,0.38568954713980186,0.4198198106841517,0.43388148143377214,0.3136883911086756,0.5393184977553368,0.23277486621708976,0.8273656820572569,694.6772507742793,596.2650623327287,829.8961622114588,500,0.45,UB&PB,69847
0,0.0,0.0,0.0,0.0,0.0,0.0,0.0,0.0,0.0,0.0,0.0,0.0,0.0,0.0,0.0,0.0,0.0,0.0,0.0,0.0,0.0,0.0,0.0,0.0,0.0,0.0,0.0,0.0,0.0,0.0,0.0,0.0,0.0,0.0,0.0,500,0.5,UB&PB,69847
2500,0.9454655366022613,0.07233499278880753,0.03200415828379087,0.12552347783152276,0.10379163562241343,0.05659993693679405,0.16565681222003217,0.8101104677369598,0.6923808529341244,0.8918867138621057,0.9759658848614062,0.02403411513859279,0.2686804885296237,0.24888613419232586,0.06040296917873536,0.4235994117339052,0.0010119184338834206,0.6701261355046675,0.33468201173538825,0.3214875501796913,0.11236352126598886,0.5180269203773818,0.3506912777580161,0.35383547424053224,0.2764292308590915,0.4266526383886083,0.419752555308798,0.43329612330763806,0.31560128928572306,0.5371294179648914,0.23802501895923334,0.7947955399802673,653.5885491386539,569.7174235654529,768.974869896892,500,0.5,UB&PB,69847
0,0.0,0.0,0.0,0.0,0.0,0.0,0.0,0.0,0.0,0.0,0.0,0.0,0.0,0.0,0.0,0.0,0.0,0.0,0.0,0.0,0.0,0.0,0.0,0.0,0.0,0.0,0.0,0.0,0.0,0.0,0.0,0.0,0.0,0.0,0.0,500,0.55,UB&PB,69847
2500,0.9540888303917548,0.08745546955428206,0.040347142550467105,0.14832116629181988,0.0723076347510843,0.03565354732120047,0.1199046256159989,0.7803565901764011,0.6969604127755933,0.8632406389596339,0.9723560767590617,0.027643923240938173,0.2916655069358767,0.2771022594531295,0.08395456773976036,0.45150036941949606,0.0014961519557453414,0.6984715111180019,0.35698845344667707,0.3458030483592544,0.13958952915718129,0.5466455705651302,0.38004544790391126,0.38343555647763106,0.3108395741776643,0.4514999638196496,0.41964205658511766,0.4310702376965343,0.3261578214359802,0.5244938045314216,0.30533015761903576,0.7958588936244086,621.6447698345653,554.126639472531,712.5072305418056,500,0.55,UB&PB,69847
0,0.0,0.0,0.0,0.0,0.0,0.0,0.0,0.0,0.0,0.0,0.0,0.0,0.0,0.0,0.0,0.0,0.0,0.0,0.0,0.0,0.0,0.0,0.0,0.0,0.0,0.0,0.0,0.0,0.0,0.0,0.0,0.0,0.0,0.0,0.0,500,0.6,UB&PB,69847
2500,0.9657775292888288,0.09466723559198748,0.04552271453168528,0.15891205302735445,0.05633356237274091,0.024840767901758324,0.09841282499264585,0.799283879119075,0.7057821101480335,0.8799588161391201,0.970904761904759,0.029095238095238108,0.3074454413792656,0.2960198611879002,0.10071028368129537,0.4703415028470381,0.0019845244145869846,0.7165991970623019,0.3712783028925949,0.3603637212712214,0.15696418392633477,0.5655382161816681,0.3963097894161635,0.39971414331510247,0.33075368969278734,0.46460039272995574,0.4192928620754245,0.4294175543375075,0.3322462435955339,0.5163774897565261,0.31471603676392396,0.7924402884691134,607.3713572587852,548.8255629930538,686.8791694813616,500,0.6,UB&PB,69847
0,0.0,0.0,0.0,0.0,0.0,0.0,0.0,0.0,0.0,0.0,0.0,0.0,0.0,0.0,0.0,0.0,0.0,0.0,0.0,0.0,0.0,0.0,0.0,0.0,0.0,0.0,0.0,0.0,0.0,0.0,0.0,0.0,0.0,0.0,0.0,500,0.65,UB&PB,69847
2500,0.9791446443353732,0.09391471191640512,0.04623572083068238,0.15644133029769308,0.04412321319699347,0.01838864482409533,0.08031816773186069,0.7752962308939156,0.685686495005833,0.863627636557856,0.9667818052594171,0.03321819474058283,0.32744437575038626,0.31709434344453186,0.12301936143237395,0.4959584175153365,0.002816493546893574,0.7394905116024026,0.3884201215313081,0.3764427027922025,0.17645744185544449,0.5887745212610477,0.41137254439527976,0.41447288253573733,0.3460055866705668,0.4796334680281704,0.41902761556606694,0.42911086352013894,0.3316189445642065,0.5159691915222024,0.3546486829919001,0.8292047170829008,592.6540792620846,543.7527426461243,659.7995379621708,500,0.65,UB&PB,69847
0,0.0,0.0,0.0,0.0,0.0,0.0,0.0,0.0,0.0,0.0,0.0,0.0,0.0,0.0,0.0,0.0,0.0,0.0,0.0,0.0,0.0,0.0,0.0,0.0,0.0,0.0,0.0,0.0,0.0,0.0,0.0,0.0,0.0,0.0,0.0,500,0.7,UB&PB,69847
2500,0.9941663323357933,0.08501012811807863,0.04009059841327567,0.14364066241086518,0.04034782215466812,0.016271464779369606,0.07334156332831049,0.8208175467152886,0.7236258728426234,0.9017829463170076,0.9652977967306324,0.03470220326936739,0.3386911876657015,0.32713429063598565,0.13321923403543787,0.5132113485655362,0.0034673834578963247,0.7549497884637318,0.3970770219460679,0.3843337173555067,0.1838433585337393,0.6029350860470685,0.418285815628295,0.4219251244040224,0.3502950389076797,0.4894397525837646,0.4193043079137253,0.43107052115640065,0.32520990268260697,0.524551194409793,0.3434465339005158,0.8678812530570763,584.5105319002014,541.3652007071703,644.8131242819089,500,0.7,UB&PB,69847
0,0.0,0.0,0.0,0.0,0.0,0.0,0.0,0.0,0.0,0.0,0.0,0.0,0.0,0.0,0.0,0.0,0.0,0.0,0.0,0.0,0.0,0.0,0.0,0.0,0.0,0.0,0.0,0.0,0.0,0.0,0.0,0.0,0.0,0.0,0.0,500,0.75,UB&PB,69847
2500,1.0072375992897848,0.08548309344270688,0.03980975581010262,0.1453842393234287,0.037077131101890995,0.014740144762546616,0.06784327611933365,0.7682793784606325,0.6641177850283536,0.8663287990506158,0.9625202558635407,0.037479744136460574,0.35623969967167607,0.34499525461607555,0.15586289193094963,0.5344778056248647,0.005777327093019591,0.768937166026517,0.4105804777976364,0.39714854630512575,0.20004806097766167,0.6196115583556187,0.42719630822407995,0.4310512496710406,0.35999205332949336,0.49788243950409267,0.41860155571200386,0.4298574611454525,0.32530781418762744,0.5224960853949253,0.37290752987292325,0.842243366754848,578.1032142146739,539.4055930488556,631.0891496421185,500,0.75,UB&PB,69847
0,0.0,0.0,0.0,0.0,0.0,0.0,0.0,0.0,0.0,0.0,0.0,0.0,0.0,0.0,0.0,0.0,0.0,0.0,0.0,0.0,0.0,0.0,0.0,0.0,0.0,0.0,0.0,0.0,0.0,0.0,0.0,0.0,0.0,0.0,0.0,500,0.8,UB&PB,69847
2500,1.0244661712023846,0.08685646750376234,0.042278788229947975,0.14610347237415364,0.03190164918785448,0.011935150417640475,0.060475103392675096,0.763955482451141,0.6539564083621571,0.857525725559501,0.9601201137171289,0.03987988628287134,0.369857161069367,0.35780645594529836,0.17177792101063766,0.5526853141217059,0.008294873391080627,0.7820945014754617,0.4201796007150216,0.4058264649401278,0.2100601071731867,0.632454814214296,0.4329461088647694,0.43731474528419684,0.3656013813568743,0.5043219218595979,0.41918410175060866,0.4304936059992896,0.3271519723904676,0.5218114380072253,0.3964991530600359,0.8771263749019458,572.8082574201719,538.3727391898196,620.6134361233942,500,0.8,UB&PB,69847
0,0.0,0.0,0.0,0.0,0.0,0.0,0.0,0.0,0.0,0.0,0.0,0.0,0.0,0.0,0.0,0.0,0.0,0.0,0.0,0.0,0.0,0.0,0.0,0.0,0.0,0.0,0.0,0.0,0.0,0.0,0.0,0.0,0.0,0.0,0.0,500,0.85,UB&PB,69847
2500,1.0442999944402227,0.07793812312353265,0.03580803640382612,0.1314409116339226,0.02827685746797529,0.010152539025962116,0.05402647632935477,0.6953260575038223,0.5908165500338433,0.8219249136133425,0.9540902629708596,0.04590973702914003,0.3917487706024204,0.37924470391889553,0.19301735822529614,0.5833232950864458,0.013614074946042666,0.8040852958478724,0.4350020541576916,0.4217197165364612,0.2207322783523334,0.6540306408427838,0.4423603847806926,0.44843426893893684,0.37061627024295685,0.5196198573731502,0.4194389622857726,0.43249888975313444,0.3192114851993756,0.5320322981219012,0.386879115639771,0.8843410184097621,562.8517876971679,534.6673824362098,601.3168596473623,500,0.85,UB&PB,69847
0,0.0,0.0,0.0,0.0,0.0,0.0,0.0,0.0,0.0,0.0,0.0,0.0,0.0,0.0,0.0,0.0,0.0,0.0,0.0,0.0,0.0,0.0,0.0,0.0,0.0,0.0,0.0,0.0,0.0,0.0,0.0,0.0,0.0,0.0,0.0,500,0.9,UB&PB,69847
2500,1.0697531527865125,0.06257259182990975,0.02762044824119176,0.1113854115021576,0.027103156566454036,0.009499545399604533,0.05207025007977521,0.800924735418447,0.6835486342201192,0.8893520659353585,0.9531897654584229,0.04681023454157788,0.4016552584627288,0.388108204506377,0.19573215972869354,0.6017346151426519,0.01651661622621369,0.8211329130515763,0.4393417388252396,0.4265869928312163,0.21733719777342753,0.6647113871818291,0.4458135533437796,0.45335877711634126,0.3685384618972957,0.5299876936765192,0.420314861356258,0.4357431947063686,0.3081663917936686,0.548073233079026,0.3979941714001338,0.8765348138635208,557.4539714248041,532.6324801392769,593.4768985283181,500,0.9,UB&PB,69847
0,0.0,0.0,0.0,0.0,0.0,0.0,0.0,0.0,0.0,0.0,0.0,0.0,0.0,0.0,0.0,0.0,0.0,0.0,0.0,0.0,0.0,0.0,0.0,0.0,0.0,0.0,0.0,0.0,0.0,0.0,0.0,0.0,0.0,0.0,0.0,500,0.95,UB&PB,69847
2500,1.102410685938877,0.0606019262414615,0.026594388394022842,0.10913633086469506,0.024301693943682222,0.008080685695159314,0.0474211737314766,0.6449363260494738,0.5378276517973972,0.7629592648380565,0.9524761904761906,0.04752380952380949,0.4306693390550862,0.41982327536227865,0.22449944039637357,0.637341796388941,0.03350254906998912,0.841644979194007,0.45638545302346645,0.44597562923434403,0.230567811644785,0.6870916476490908,0.45340895989892566,0.4629704935380061,0.3747219530964881,0.5413312683805743,0.42068929331570104,0.43655260855881445,0.30694423573524865,0.5506056551602518,0.40934862693481994,0.8891103389017196,550.8380640815948,530.6232580199539,579.3953237850553,500,0.95,UB&PB,69847
0,0.0,0.0,0.0,0.0,0.0,0.0,0.0,0.0,0.0,0.0,0.0,0.0,0.0,0.0,0.0,0.0,0.0,0.0,0.0,0.0,0.0,0.0,0.0,0.0,0.0,0.0,0.0,0.0,0.0,0.0,0.0,0.0,0.0,0.0,0.0,500,0.05,UB&PB,26106
2500,0.9061314333272018,0.35004270232643836,0.1759649881493016,0.5395885934591353,0.9203321817726484,0.8573281898261921,0.9656024328389146,0.8274894987522459,0.7148642252046912,0.9116643073008283,0.9691840796019898,0.03081592039800996,0.039988691371492434,3.5940402918057064e-5,2.604266081194757e-8,0.00823202941587052,0.0,0.2537093538905516,0.04515896355063937,0.0,0.0,0.013281773246713943,0.06255678893499923,0.0055961067457027955,2.080661217930253e-6,0.07172053319305122,0.41759867808718204,0.4184279058133872,0.3946864565904473,0.4430415145143541,0.03548635475527785,0.6704956297778654,6893.705491249629,4959.077828862302,10017.806367767029,500,0.05,UB&PB,26106
0,0.0,0.0,0.0,0.0,0.0,0.0,0.0,0.0,0.0,0.0,0.0,0.0,0.0,0.0,0.0,0.0,0.0,0.0,0.0,0.0,0.0,0.0,0.0,0.0,0.0,0.0,0.0,0.0,0.0,0.0,0.0,0.0,0.0,0.0,0.0,500,0.1,UB&PB,26106
2500,0.9444843950177687,0.20143765134607913,0.09878618331393688,0.32831774498938804,0.8686688317500485,0.780136140162813,0.9353585474824226,0.5149598193947316,0.34258696035696773,0.7017432160199832,0.9747228144989336,0.025277185501066106,0.02040603776802687,0.0003853023570600155,4.400977101211063e-6,0.025040683348105615,0.0,0.09857209274141872,0.028324569201453917,0.0001069240218920043,0.0,0.0424354686215738,0.02151299357227824,0.005258116140131687,8.52761808345191e-5,0.0298879834080765,0.4173842423266994,0.4201633231265693,0.373891847262545,0.46561267055102024,0.01963644706069706,0.9626228956041241,5819.921475047042,5068.196323120309,6854.76780902164,500,0.1,UB&PB,26106
0,0.0,0.0,0.0,0.0,0.0,0.0,0.0,0.0,0.0,0.0,0.0,0.0,0.0,0.0,0.0,0.0,0.0,0.0,0.0,0.0,0.0,0.0,0.0,0.0,0.0,0.0,0.0,0.0,0.0,0.0,0.0,0.0,0.0,0.0,0.0,500,0.15,UB&PB,26106
2500,0.9571871324901456,0.23620939157528828,0.11426154232227549,0.4091166985005152,0.8967689300619445,0.8209863399442869,0.9513061410969027,0.6706504794474727,0.46179688036656413,0.802440224983462,0.9708855721393035,0.02911442786069651,0.024904716776041558,0.0016074260318097203,2.861797980471908e-5,0.029941934584172446,0.0,0.11861616939555039,0.032259381113405254,0.0019301965653336364,0.0,0.044148285318457194,0.027478999043508593,0.010883864474122104,0.0007640217037801822,0.03338403807914371,0.41778851779678466,0.41957451602556517,0.3814406479793484,0.4582353300188871,0.030870608372186168,0.7961886424557011,6631.434449164897,5767.611616399152,7934.383145354049,500,0.15,UB&PB,26106
0,0.0,0.0,0.0,0.0,0.0,0.0,0.0,0.0,0.0,0.0,0.0,0.0,0.0,0.0,0.0,0.0,0.0,0.0,0.0,0.0,0.0,0.0,0.0,0.0,0.0,0.0,0.0,0.0,0.0,0.0,0.0,0.0,0.0,0.0,0.0,500,0.2,UB&PB,26106
2500,0.9636408528984954,0.15176589663373294,0.07238794906040114,0.32449048580591694,0.8523687384103719,0.7492475458744846,0.9305916846247599,0.6887848836275319,0.4600305511863889,0.8404527198965837,0.9734491826581381,0.026550817341862147,0.030411885376511457,0.004092997156986511,6.220706200194006e-5,0.04675311525196599,0.0,0.12602729132552304,0.0423424639159386,0.005100269305041899,0.0,0.0708629225331431,0.027753262473403942,0.01102983076452827,0.0005266564364276543,0.040356472239917,0.4181942842603934,0.42145808215241054,0.3673691470832537,0.47461580771459677,0.014447382741703027,1.5733090386663655,4708.907909024565,4038.300970293952,5617.593240804591,500,0.2,UB&PB,26106
0,0.0,0.0,0.0,0.0,0.0,0.0,0.0,0.0,0.0,0.0,0.0,0.0,0.0,0.0,0.0,0.0,0.0,0.0,0.0,0.0,0.0,0.0,0.0,0.0,0.0,0.0,0.0,0.0,0.0,0.0,0.0,0.0,0.0,0.0,0.0,500,0.25,UB&PB,26106
2500,0.9727670184413041,0.44930550096422495,0.3439516505320022,0.5518811511691721,0.8946889043961659,0.8283031880720243,0.9511167477452122,0.5500003994396645,0.37449372419039445,0.7200931564974329,0.960513859275054,0.03948614072494676,0.026148857449494446,0.005584115198656373,0.00010083384354235375,0.03986635268033925,0.0,0.10555830493686927,0.03284596663920981,0.007914535929771567,0.0,0.05397511372526818,0.026304410835626294,0.009970509341008467,0.0004898210526902039,0.03901777617734323,0.41652364888178395,0.41682338882474373,0.40200856003971147,0.43222563112405893,0.034793955095268586,0.745426392249357,9331.27315541935,8418.627260681376,10695.481312731985,500,0.25,UB&PB,26106
0,0.0,0.0,0.0,0.0,0.0,0.0,0.0,0.0,0.0,0.0,0.0,0.0,0.0,0.0,0.0,0.0,0.0,0.0,0.0,0.0,0.0,0.0,0.0,0.0,0.0,0.0,0.0,0.0,0.0,0.0,0.0,0.0,0.0,0.0,0.0,500,0.3,UB&PB,26106
2500,0.9145977002014094,0.06678825509276085,0.02869563853158063,0.12141205702081649,0.2780170403349848,0.1972181223404605,0.38115958267074657,0.6088905004708325,0.504768394652158,0.7225115404364154,0.980557213930346,0.019442786069651722,0.16437973955627136,0.12440581651175346,0.007906083271597244,0.2754604138743717,0.00021363134206206407,0.4788813533475117,0.2248774459982641,0.1984887153168409,0.019887715127167308,0.3615044425137696,0.21365850875952475,0.21360087850021214,0.13820194882703066,0.28330163645385265,0.4209155752451687,0.43578496727627924,0.3127835368176065,0.5433028004725466,0.18380668977037554,0.8429036072744882,912.8112882687601,740.2633692435763,1149.091072083634,500,0.3,UB&PB,26106
0,0.0,0.0,0.0,0.0,0.0,0.0,0.0,0.0,0.0,0.0,0.0,0.0,0.0,0.0,0.0,0.0,0.0,0.0,0.0,0.0,0.0,0.0,0.0,0.0,0.0,0.0,0.0,0.0,0.0,0.0,0.0,0.0,0.0,0.0,0.0,500,0.35,UB&PB,26106
2500,0.9187781495437668,0.07051349207083729,0.03152129290645298,0.12804951471845805,0.23704428618300305,0.1640107850001108,0.3281439098271284,0.6149026582370508,0.5143992339254934,0.7202586187346549,0.9805529495380235,0.019447050461975837,0.19203086138069722,0.1612836358424813,0.01889832462244332,0.3152288055543988,0.0004003174299589853,0.5246721011814385,0.2561927800488821,0.23734318688706874,0.047974378808761715,0.4040544009025806,0.2523424337974291,0.25436250829827156,0.18014399636846903,0.322946665438844,0.42007137625205143,0.43333643902201946,0.3174051446663782,0.5366671081937003,0.17037251598883726,0.7500323128615461,840.0348383811157,692.352827427551,1028.0352203262253,500,0.35,UB&PB,26106
0,0.0,0.0,0.0,0.0,0.0,0.0,0.0,0.0,0.0,0.0,0.0,0.0,0.0,0.0,0.0,0.0,0.0,0.0,0.0,0.0,0.0,0.0,0.0,0.0,0.0,0.0,0.0,0.0,0.0,0.0,0.0,0.0,0.0,0.0,0.0,500,0.4,UB&PB,26106
2500,0.9319406847923857,0.07604900368487962,0.03274894296232779,0.14173906686185705,0.2360918864827913,0.15649835951348753,0.3310087577192172,0.7157950396540037,0.5880168593830724,0.8245449382829112,0.9778137882018487,0.02218621179815213,0.20792758344248619,0.17884245378517344,0.030386745712184107,0.33574712931859696,0.0005082651228955405,0.5552354898651625,0.2690377412648506,0.24903831019470563,0.06354104311897055,0.4223270165323496,0.2694885411892234,0.26918496313550483,0.19567928911578816,0.3396996229607981,0.4202483515269441,0.4330267603357803,0.31929889955495955,0.5347202022989146,0.2278858229862984,0.7577314572455967,989.885674600432,806.7328899415376,1211.3856615877155,500,0.4,UB&PB,26106
0,0.0,0.0,0.0,0.0,0.0,0.0,0.0,0.0,0.0,0.0,0.0,0.0,0.0,0.0,0.0,0.0,0.0,0.0,0.0,0.0,0.0,0.0,0.0,0.0,0.0,0.0,0.0,0.0,0.0,0.0,0.0,0.0,0.0,0.0,0.0,500,0.45,UB&PB,26106
2500,0.9352541041664432,0.0660127079686337,0.028169092451442102,0.11893027835746015,0.11735463953231291,0.06915470510062079,0.17803168511279371,0.7831361008946004,0.658450017737735,0.8889619740113781,0.9786872778962329,0.021312722103766855,0.25120945634449593,0.22703422861583775,0.04474963161646866,0.40148889937002336,0.0007434763067671405,0.6454882565985428,0.3183572704765517,0.30381148961393695,0.0925680355018696,0.49651305598645284,0.3298558224140952,0.33389971917853517,0.25384949481225644,0.4076259132447552,0.4207201491467892,0.43536478910489795,0.31290438867201825,0.5430468611492056,0.26993012859658516,0.75422823405249,667.1460031626601,576.6948660465183,789.2553605228371,500,0.45,UB&PB,26106
0,0.0,0.0,0.0,0.0,0.0,0.0,0.0,0.0,0.0,0.0,0.0,0.0,0.0,0.0,0.0,0.0,0.0,0.0,0.0,0.0,0.0,0.0,0.0,0.0,0.0,0.0,0.0,0.0,0.0,0.0,0.0,0.0,0.0,0.0,0.0,500,0.5,UB&PB,26106
2500,0.9463857302713702,0.07221105247844689,0.03199414455673054,0.13397309981516362,0.08882374104242724,0.04834583936018041,0.14166121246894467,0.8386527038480738,0.7328883107272232,0.9153571607224512,0.976447050461976,0.023552949538024167,0.2682794215049251,0.24758468742452056,0.05667159067652265,0.4243010044885548,0.0009977845738085988,0.6743506897520377,0.3350256924116149,0.3216075569441539,0.10869948248850575,0.5203356742897204,0.35301103756828706,0.35705992408066856,0.2797574331104392,0.42870365655882847,0.4198031852892807,0.4323220657715899,0.31977366439785704,0.5331285994548048,0.24234988575639027,0.7508604661302996,639.1426173405291,562.5235875538153,745.9998903282508,500,0.5,UB&PB,26106
0,0.0,0.0,0.0,0.0,0.0,0.0,0.0,0.0,0.0,0.0,0.0,0.0,0.0,0.0,0.0,0.0,0.0,0.0,0.0,0.0,0.0,0.0,0.0,0.0,0.0,0.0,0.0,0.0,0.0,0.0,0.0,0.0,0.0,0.0,0.0,500,0.55,UB&PB,26106
2500,0.9533171218678109,0.09253680740966554,0.04292400488511045,0.16043879617535253,0.08424610450173904,0.042866769251182664,0.13511105454031605,0.7552491273598237,0.656828270509631,0.8393811839529565,0.9742985074626875,0.02570149253731341,0.28709286515591603,0.27407645837322664,0.08331655830454782,0.44318189616135334,0.0015345364216005917,0.6849993717801148,0.35297669422194416,0.342756729284242,0.1399239563600564,0.5386657883418715,0.3745078740607398,0.37830777985003355,0.3079782539400658,0.4432345544168915,0.4192527512334199,0.42912803542840255,0.33199249173403395,0.5162611308452756,0.28081435349237993,0.822837943781801,634.0305714597247,560.6784617715284,729.3766685165522,500,0.55,UB&PB,26106
0,0.0,0.0,0.0,0.0,0.0,0.0,0.0,0.0,0.0,0.0,0.0,0.0,0.0,0.0,0.0,0.0,0.0,0.0,0.0,0.0,0.0,0.0,0.0,0.0,0.0,0.0,0.0,0.0,0.0,0.0,0.0,0.0,0.0,0.0,0.0,500,0.6,UB&PB,26106
2500,0.9652391324195412,0.08683227627322129,0.0404764040769721,0.14877008297315342,0.05958907308513826,0.027047479424476266,0.1021606818316165,0.7781585176242763,0.6571426850053079,0.8649363934131474,0.9715515280739164,0.02844847192608386,0.31260838334092106,0.301483829156458,0.107442755909205,0.47687074089778025,0.002117705093863123,0.7207334606465762,0.37579207724528574,0.36473127433081587,0.16262653267047678,0.5712662874694325,0.39837116043105025,0.4015969243140003,0.3313485741626597,0.4679362572856065,0.419012381006991,0.4299518690924088,0.3270914143258404,0.5211521926363296,0.3255428728281694,0.7988992192200878,604.4585771786944,547.3095661901889,680.3054469766806,500,0.6,UB&PB,26106
0,0.0,0.0,0.0,0.0,0.0,0.0,0.0,0.0,0.0,0.0,0.0,0.0,0.0,0.0,0.0,0.0,0.0,0.0,0.0,0.0,0.0,0.0,0.0,0.0,0.0,0.0,0.0,0.0,0.0,0.0,0.0,0.0,0.0,0.0,0.0,500,0.65,UB&PB,26106
2500,0.9805029060967784,0.08537738453805496,0.04101574070594266,0.1426100687653805,0.04999126332263156,0.021510623248597104,0.08886612333902179,0.8562668995588825,0.7751929690064933,0.924780282529241,0.9669346126510305,0.033065387348969424,0.31766424916929065,0.30505807760245346,0.10794465277306628,0.4863170273733294,0.002355588313535624,0.7338159902708137,0.37930156628356915,0.3669650426939719,0.16308608271126165,0.579612640655957,0.4028972386901303,0.40635134407769113,0.3341571715647159,0.474658880794072,0.41931439032537926,0.43078301260530405,0.3260064951452864,0.5239790839270067,0.33308608759444547,0.8079775309240019,597.4931168937954,546.1838970363107,670.576363785126,500,0.65,UB&PB,26106
0,0.0,0.0,0.0,0.0,0.0,0.0,0.0,0.0,0.0,0.0,0.0,0.0,0.0,0.0,0.0,0.0,0.0,0.0,0.0,0.0,0.0,0.0,0.0,0.0,0.0,0.0,0.0,0.0,0.0,0.0,0.0,0.0,0.0,0.0,0.0,500,0.7,UB&PB,26106
2500,0.9938245382058254,0.07692586419516775,0.03416859743890998,0.1382076042885012,0.04326826605616974,0.017857777841825104,0.07844296566775678,0.8466200070168208,0.7544479653107077,0.9234227980143558,0.9621144278606977,0.03788557213930347,0.33480103605896894,0.3226173940102197,0.1270081924546467,0.5092083499465018,0.0032579402037813997,0.7532933766336154,0.39358251153329793,0.380938220914463,0.17892067525472438,0.5990192252608312,0.41553702397856174,0.418645458018539,0.34603595540251575,0.4876626118013215,0.4196905037120564,0.4315009629839636,0.32240517230575433,0.529329066228438,0.30746564582411195,0.7545411498360061,586.4682496755049,541.3974910260904,650.543090212219,500,0.7,UB&PB,26106
0,0.0,0.0,0.0,0.0,0.0,0.0,0.0,0.0,0.0,0.0,0.0,0.0,0.0,0.0,0.0,0.0,0.0,0.0,0.0,0.0,0.0,0.0,0.0,0.0,0.0,0.0,0.0,0.0,0.0,0.0,0.0,0.0,0.0,0.0,0.0,500,0.75,UB&PB,26106
2500,1.0058906046559113,0.09029942173080213,0.04382001625000302,0.1511289433589573,0.03839534650852342,0.015169518765777877,0.07096086365956984,0.7505460907938415,0.6521679506170563,0.8436112395341102,0.9610213219616208,0.03897867803837961,0.35441479571992784,0.3439039657769552,0.15608674313339965,0.5305790937358337,0.005776534088669955,0.7641602023900604,0.4091677177738117,0.3955970606125341,0.20063667953337158,0.6164348175868659,0.42628039654389915,0.42954120792664247,0.36073348440352515,0.4949498911687734,0.4185041353212164,0.42891306299638327,0.3290262924062793,0.5180219352603995,0.35057246919714974,0.7869676017723225,581.6164415306181,541.0644991254632,637.1426857760532,500,0.75,UB&PB,26106
0,0.0,0.0,0.0,0.0,0.0,0.0,0.0,0.0,0.0,0.0,0.0,0.0,0.0,0.0,0.0,0.0,0.0,0.0,0.0,0.0,0.0,0.0,0.0,0.0,0.0,0.0,0.0,0.0,0.0,0.0,0.0,0.0,0.0,0.0,0.0,500,0.8,UB&PB,26106
2500,1.0193162089701653,0.10877177456004852,0.0566997798792044,0.1772706622880364,0.11851884651773435,0.08256446689339768,0.16190733549317293,0.6868974255284404,0.5741240364803003,0.7932259299481783,0.9536403695806688,0.04635963041933188,0.3427448255979569,0.3321316113270066,0.15988044954642863,0.5098817440007436,0.008282130497671148,0.7233450265131307,0.3891187469079335,0.37652665381917744,0.1915080907793876,0.5838222823934285,0.39762816815349705,0.40046523283281915,0.3309573523171487,0.46563888615284466,0.41873424495805606,0.4289848480962723,0.33356240753218286,0.5140948746788028,0.3778780372652209,0.8810040796090753,823.6363980101381,743.5733414954839,919.8483259252151,500,0.8,UB&PB,26106
0,0.0,0.0,0.0,0.0,0.0,0.0,0.0,0.0,0.0,0.0,0.0,0.0,0.0,0.0,0.0,0.0,0.0,0.0,0.0,0.0,0.0,0.0,0.0,0.0,0.0,0.0,0.0,0.0,0.0,0.0,0.0,0.0,0.0,0.0,0.0,500,0.85,UB&PB,26106
2500,1.0455115575319553,0.0711266271604766,0.03367629916953486,0.12058433389268722,0.029618430862899288,0.010745571961845134,0.056433756781792,0.7586418555723414,0.6579560621399108,0.8504608580280545,0.9574875621890545,0.04251243781094521,0.38837041878891465,0.3752314346468859,0.1863740516753374,0.5812344572342025,0.012128057233955618,0.8047597595291971,0.432550938384923,0.4190947309079149,0.21626464651484756,0.6526837013296488,0.4416762758095624,0.4480857493111713,0.36823874067173434,0.5210595553362215,0.4199210436083689,0.4343411738144303,0.3141431749195707,0.5398928918285862,0.3945563821195968,0.8864133628676878,562.7546443575435,534.5805105259125,602.2896566380857,500,0.85,UB&PB,26106
0,0.0,0.0,0.0,0.0,0.0,0.0,0.0,0.0,0.0,0.0,0.0,0.0,0.0,0.0,0.0,0.0,0.0,0.0,0.0,0.0,0.0,0.0,0.0,0.0,0.0,0.0,0.0,0.0,0.0,0.0,0.0,0.0,0.0,0.0,0.0,500,0.9,UB&PB,26106
2500,1.0683506549706534,0.07079082616662502,0.03211364417878873,0.12234228348336432,0.026987491875755457,0.00937996512875513,0.05226179614417321,0.731571819390644,0.6174343409992196,0.8322539864069793,0.9537178393745565,0.04628216062544415,0.40496182813084836,0.3918965147870472,0.2038381455626361,0.6025504406228814,0.019375187244967316,0.8183298000573709,0.44228206240707474,0.4291993113165419,0.22379925607426332,0.6657602517354968,0.446413788370932,0.45351259559133605,0.37223986442694446,0.5272959122314448,0.4200963262389794,0.4341712838103344,0.31463367850294865,0.5391120656890367,0.4078982942198758,0.8737179593190301,558.8230443420722,533.5371855825028,594.5628010636757,500,0.9,UB&PB,26106
0,0.0,0.0,0.0,0.0,0.0,0.0,0.0,0.0,0.0,0.0,0.0,0.0,0.0,0.0,0.0,0.0,0.0,0.0,0.0,0.0,0.0,0.0,0.0,0.0,0.0,0.0,0.0,0.0,0.0,0.0,0.0,0.0,0.0,0.0,0.0,500,0.95,UB&PB,26106
2500,1.101209201418934,0.06219553002334294,0.02729062212007645,0.10992324263575623,0.024649581403441836,0.008335293144190674,0.04745091120626416,0.6520641804672034,0.5115506208066719,0.7674240244733515,0.9462508884150677,0.05374911158493239,0.4309960016788067,0.42010974148947183,0.22524011284033935,0.637527629807122,0.033861075321545545,0.8415121999294051,0.45654634690147233,0.44600574738683746,0.23083606120685302,0.6867776567512999,0.45417956674374843,0.4636183665561754,0.3755723714028768,0.5419366053930064,0.42039870315743383,0.4367112857442184,0.3060043662036327,0.550335907159085,0.4241878826663391,0.9476615276580767,550.8429831523705,530.734084767423,579.1276661777773,500,0.95,UB&PB,26106
0,0.0,0.0,0.0,0.0,0.0,0.0,0.0,0.0,0.0,0.0,0.0,0.0,0.0,0.0,0.0,0.0,0.0,0.0,0.0,0.0,0.0,0.0,0.0,0.0,0.0,0.0,0.0,0.0,0.0,0.0,0.0,0.0,0.0,0.0,0.0,500,0.05,UB&PB,76180
2500,0.9073117048238463,0.29444451368605906,0.17434027221647055,0.5045340308323647,0.9051736494431893,0.8308720112330431,0.9579060191589652,0.7781435906163561,0.6606046437827809,0.8787766854138858,0.969914001421463,0.030085998578535913,0.03650076674904186,3.3384355501706344e-5,4.5860241114194695e-8,0.008130315063788699,0.0,0.22134781639993617,0.041869786997418855,0.0,0.0,0.014295935626401657,0.05550309822962076,0.004535135432372418,7.180024505686173e-6,0.06421907920047443,0.4167512572158315,0.4176951201133603,0.39184862677807036,0.4444330221710909,0.027568844826792303,0.7600556391558644,6320.54433422036,4677.645185229848,8920.214992214427,500,0.05,UB&PB,76180
0,0.0,0.0,0.0,0.0,0.0,0.0,0.0,0.0,0.0,0.0,0.0,0.0,0.0,0.0,0.0,0.0,0.0,0.0,0.0,0.0,0.0,0.0,0.0,0.0,0.0,0.0,0.0,0.0,0.0,0.0,0.0,0.0,0.0,0.0,0.0,500,0.1,UB&PB,76180
2500,0.9355517549262268,0.26587033720788156,0.15414541677144475,0.40198506593547845,0.8699998948720246,0.778760537921204,0.9391672421673081,0.845202835825899,0.7325854966630451,0.919857704797223,0.9730923951670218,0.026907604832977938,0.029263027287909256,0.00011394514175610648,5.0023457996785074e-6,0.02073528990890927,0.0,0.16303634788017568,0.03586475334217745,0.0,0.0,0.03286396106968818,0.03923895811763977,0.01097952494161929,0.0005328530932692297,0.04421560090232523,0.4173773669075762,0.41944809960093865,0.3824070430609411,0.4559532444397722,0.03240031345596951,0.6009118104289493,5890.79440633308,4671.128560864057,7798.072518599959,500,0.1,UB&PB,76180
0,0.0,0.0,0.0,0.0,0.0,0.0,0.0,0.0,0.0,0.0,0.0,0.0,0.0,0.0,0.0,0.0,0.0,0.0,0.0,0.0,0.0,0.0,0.0,0.0,0.0,0.0,0.0,0.0,0.0,0.0,0.0,0.0,0.0,0.0,0.0,500,0.15,UB&PB,76180
2500,0.9612153438528923,0.2466440828146508,0.1404170406780986,0.360855310054023,0.8884509354579161,0.8121186857886965,0.94850024013127,0.6195685844752595,0.427561138893167,0.783978863150016,0.9725700071073208,0.027429992892679528,0.02162383913061991,0.0010942532588900033,2.3985636945186307e-5,0.028730979363152227,0.0,0.09795903491131244,0.029343265523270667,0.00028673141249118035,0.0,0.04486709651785567,0.021405484970066283,0.007918665965122074,0.0003568171786983347,0.027385301012355125,0.4176291292684422,0.41947296099253756,0.38280391198314545,0.4560929315174701,0.024140826219083804,0.968901487773141,6344.576551672278,5589.438155149268,7470.205161072062,500,0.15,UB&PB,76180
0,0.0,0.0,0.0,0.0,0.0,0.0,0.0,0.0,0.0,0.0,0.0,0.0,0.0,0.0,0.0,0.0,0.0,0.0,0.0,0.0,0.0,0.0,0.0,0.0,0.0,0.0,0.0,0.0,0.0,0.0,0.0,0.0,0.0,0.0,0.0,500,0.2,UB&PB,76180
2500,0.9611376219257753,0.1496201810427493,0.08041882093733747,0.24026908723080068,0.8304170886224549,0.7097107339814289,0.9197363339199437,0.5207539185489694,0.38357514477825244,0.7338559634731592,0.9730518834399433,0.02694811656005685,0.033649251454955155,0.005896582367522227,8.783969320587643e-5,0.05540748874563912,7.416849741386143e-8,0.13254952007217985,0.048238253668378014,0.00995578823317591,0.0,0.08386861230193317,0.030212526541132132,0.013834655144918608,0.0007283472610261083,0.0469771406919102,0.4180983781820417,0.4232690251869389,0.3590550691237297,0.4832902483778363,0.01640984155230994,1.2324683553857563,4396.182725625404,3777.4478373965144,5141.7501948148765,500,0.2,UB&PB,76180
0,0.0,0.0,0.0,0.0,0.0,0.0,0.0,0.0,0.0,0.0,0.0,0.0,0.0,0.0,0.0,0.0,0.0,0.0,0.0,0.0,0.0,0.0,0.0,0.0,0.0,0.0,0.0,0.0,0.0,0.0,0.0,0.0,0.0,0.0,0.0,500,0.25,UB&PB,76180
2500,0.9515734848968312,0.1223193316716454,0.05692966747189733,0.20748983784589484,0.6907774398319825,0.5657629916979497,0.80424015302705,0.532209085459867,0.35038014910248133,0.6683278678999348,0.9779879175550824,0.022012082444918257,0.060050575397446876,0.022450590787827615,0.0004560677165347382,0.10396820239677222,5.62926180471996e-7,0.21063583880217104,0.08610826566396797,0.04631218298529841,0.0,0.148691034908913,0.05830252879251879,0.04413363263256432,0.006602985586244455,0.09216908159610684,0.41894800881854266,0.4261046275119383,0.34705377138829785,0.49889372064586957,0.063895149135978,1.0066901884345127,2540.1225876778385,2101.8440152021926,3052.061450738195,500,0.25,UB&PB,76180
0,0.0,0.0,0.0,0.0,0.0,0.0,0.0,0.0,0.0,0.0,0.0,0.0,0.0,0.0,0.0,0.0,0.0,0.0,0.0,0.0,0.0,0.0,0.0,0.0,0.0,0.0,0.0,0.0,0.0,0.0,0.0,0.0,0.0,0.0,0.0,500,0.3,UB&PB,76180
2500,0.916915949492854,0.0728548705225658,0.03138957337534168,0.1315014757518407,0.27789790002724624,0.19627871403009003,0.38610052668413475,0.6690927509681489,0.565941761785348,0.7637470585771465,0.9800803127221023,0.019919687277896246,0.15990885454878373,0.11495721349717873,0.007446990803173566,0.26929645080839437,0.0001766557127632983,0.47668603402829307,0.21876107055718036,0.18790429941712067,0.017821753195279903,0.3541826055681438,0.20633372740881503,0.2055023097715272,0.12680076435761628,0.277522088824428,0.42031188776037076,0.43350915434251475,0.3186736839415912,0.5349270807526413,0.18457587752131557,0.7553687831593187,925.1614867528959,745.9307205467336,1176.2901899653857,500,0.3,UB&PB,76180
0,0.0,0.0,0.0,0.0,0.0,0.0,0.0,0.0,0.0,0.0,0.0,0.0,0.0,0.0,0.0,0.0,0.0,0.0,0.0,0.0,0.0,0.0,0.0,0.0,0.0,0.0,0.0,0.0,0.0,0.0,0.0,0.0,0.0,0.0,0.0,500,0.35,UB&PB,76180
2500,0.9699494528129645,0.19143426548180204,0.09621972162075298,0.3382565842751393,0.8328254662569003,0.7079814149559303,0.9138877130045581,0.3450024618714125,0.21330084864099977,0.5172734933431876,0.962991471215352,0.03700852878464818,0.057604258134761235,0.04033200049152894,0.002863441609262827,0.09442848085660922,2.0197422820298667e-5,0.17075796565978701,0.07610034827455897,0.059609000931493246,0.0011453946600049516,0.12493438609128146,0.054682514869568245,0.046537676463920645,0.014085302471364077,0.08115979609136839,0.41832181569815546,0.4220962630434501,0.367431545350433,0.4746126106621059,0.13128333827852956,0.8148897352607024,4365.5671102964425,3809.034492694566,4919.128466363499,500,0.35,UB&PB,76180
0,0.0,0.0,0.0,0.0,0.0,0.0,0.0,0.0,0.0,0.0,0.0,0.0,0.0,0.0,0.0,0.0,0.0,0.0,0.0,0.0,0.0,0.0,0.0,0.0,0.0,0.0,0.0,0.0,0.0,0.0,0.0,0.0,0.0,0.0,0.0,500,0.4,UB&PB,76180
2500,0.9285015966381697,0.06820819459081275,0.02859217079100609,0.12207165185966638,0.17985501201961432,0.11551635588620121,0.2575248079245811,0.6904225386008308,0.5812894112535382,0.8028080890930814,0.9810902629708592,0.018909737029139957,0.21783137967457786,0.18856912993859556,0.027976862390193223,0.3538259085701387,0.000514249849562779,0.5825293091180004,0.2842244137975554,0.2664692672695613,0.06414365832952416,0.4464972019807887,0.2828498673484411,0.28618907917208125,0.20709885616475426,0.3586341140424742,0.4198701925492004,0.43422665613091393,0.31186799720108954,0.5413535597544253,0.20501396813241599,0.7412379793689852,744.2376032950314,623.6527220637706,904.3144603004492,500,0.4,UB&PB,76180
0,0.0,0.0,0.0,0.0,0.0,0.0,0.0,0.0,0.0,0.0,0.0,0.0,0.0,0.0,0.0,0.0,0.0,0.0,0.0,0.0,0.0,0.0,0.0,0.0,0.0,0.0,0.0,0.0,0.0,0.0,0.0,0.0,0.0,0.0,0.0,500,0.45,UB&PB,76180
2500,0.9471088509020911,0.09288621656300534,0.04087401062488802,0.16065236810187325,0.35600293462788096,0.2680538034899546,0.4535947397668319,0.5708206168327558,0.442945088048633,0.6870070788201996,0.9771990049751234,0.02280099502487566,0.1851556915957946,0.16568674981494627,0.03380297511678082,0.29506296872739435,0.0005894877391221224,0.4758006361778625,0.23930080624401917,0.22497963128227247,0.06816502869548044,0.37181780189327684,0.2301893839652183,0.22980210709958077,0.16640441962329022,0.29023773395942115,0.4193194414150467,0.4301852057413119,0.3293860522149061,0.5201676837034124,0.23890260416227513,0.7200859513118477,1444.914809783613,1215.368532987291,1698.0020727396936,500,0.45,UB&PB,76180
0,0.0,0.0,0.0,0.0,0.0,0.0,0.0,0.0,0.0,0.0,0.0,0.0,0.0,0.0,0.0,0.0,0.0,0.0,0.0,0.0,0.0,0.0,0.0,0.0,0.0,0.0,0.0,0.0,0.0,0.0,0.0,0.0,0.0,0.0,0.0,500,0.5,UB&PB,76180
2500,0.9431614393214223,0.07299890872163797,0.032690119081648095,0.12852263650174178,0.09598344662481403,0.050969064180587546,0.15217209631899517,0.7664019138463055,0.6627900185584145,0.8572035143050957,0.97562828713575,0.02437171286425016,0.2748292490665522,0.2562940165488987,0.06757640131688349,0.43102595899421925,0.0011041736018238128,0.6767583926790741,0.34115665391083255,0.3287808546753405,0.1208101847129834,0.5255060807657467,0.3586122657138341,0.361859945664458,0.2853402474265756,0.43360970967239754,0.4199438121032822,0.43339156201968193,0.3173546264140134,0.535508682164433,0.2692629028340005,0.7684440857006125,639.7006143656323,560.8792384033542,745.1508743944227,500,0.5,UB&PB,76180
0,0.0,0.0,0.0,0.0,0.0,0.0,0.0,0.0,0.0,0.0,0.0,0.0,0.0,0.0,0.0,0.0,0.0,0.0,0.0,0.0,0.0,0.0,0.0,0.0,0.0,0.0,0.0,0.0,0.0,0.0,0.0,0.0,0.0,0.0,0.0,500,0.55,UB&PB,76180
2500,0.9512167005127294,0.08990829270478326,0.04203410241988211,0.15510030052639023,0.08561191721962183,0.04214605934906363,0.14870177077745467,0.7263539153217301,0.6359110695504413,0.8222717888853301,0.9727825159914717,0.02721748400852881,0.2930775632147932,0.2804307653649898,0.09133898801646563,0.45021616809039927,0.0016570544200117433,0.6915876268758765,0.357159612981725,0.3462775832604588,0.14614825999833309,0.5430967701711855,0.3792277598128548,0.3823123212876353,0.3120533590752679,0.44833894616939685,0.41897423830226865,0.4294309250895735,0.32895213455695127,0.5192315531668409,0.27189951922241407,0.7516194383916842,638.5227042973663,562.8214884255566,745.3553993829429,500,0.55,UB&PB,76180
0,0.0,0.0,0.0,0.0,0.0,0.0,0.0,0.0,0.0,0.0,0.0,0.0,0.0,0.0,0.0,0.0,0.0,0.0,0.0,0.0,0.0,0.0,0.0,0.0,0.0,0.0,0.0,0.0,0.0,0.0,0.0,0.0,0.0,0.0,0.0,500,0.6,UB&PB,76180
2500,0.9663836003207965,0.08992080665419482,0.04281263330672947,0.1523299827577428,0.06337389721610864,0.03007001083380169,0.10589050337241221,0.8162854981234874,0.7091278532417233,0.9034091083827027,0.9698265813788202,0.03017341862117982,0.30442257646646825,0.2923932112548562,0.09713621637799788,0.4669415618726807,0.0018854949800002653,0.7131777851104082,0.36850381547895,0.3573614969100931,0.15333248752696493,0.5625028478423345,0.3918679147054559,0.39515728291293084,0.32462237622086926,0.46150300566295854,0.41931007344966975,0.43000522179252165,0.3294825076029121,0.519284696560631,0.3072850342564045,0.751385303996138,611.5447545365859,551.7732717924542,692.2355550203351,500,0.6,UB&PB,76180
0,0.0,0.0,0.0,0.0,0.0,0.0,0.0,0.0,0.0,0.0,0.0,0.0,0.0,0.0,0.0,0.0,0.0,0.0,0.0,0.0,0.0,0.0,0.0,0.0,0.0,0.0,0.0,0.0,0.0,0.0,0.0,0.0,0.0,0.0,0.0,500,0.65,UB&PB,76180
2500,0.9798678533808332,0.08593613812830432,0.04026989092302853,0.1494820963675199,0.0508189415619418,0.021846752405726252,0.08985778305079159,0.8339232136965696,0.7226608737542728,0.9196900199055408,0.9664683724235958,0.033531627576403676,0.32083011699742353,0.3092850203120647,0.11293153281296701,0.4896510584948505,0.002469644103396233,0.7344496869653,0.38241804934088236,0.37062484513372246,0.16791481674397443,0.5828471516036191,0.4058833924836898,0.40907574220157855,0.33818961456524915,0.4762581629673755,0.4196325705928577,0.4308562254029148,0.32724684764917783,0.5232217446589699,0.3586370424706274,0.8298902243734904,597.3473283347181,545.6217556983843,668.7466484502794,500,0.65,UB&PB,76180
0,0.0,0.0,0.0,0.0,0.0,0.0,0.0,0.0,0.0,0.0,0.0,0.0,0.0,0.0,0.0,0.0,0.0,0.0,0.0,0.0,0.0,0.0,0.0,0.0,0.0,0.0,0.0,0.0,0.0,0.0,0.0,0.0,0.0,0.0,0.0,500,0.7,UB&PB,76180
2500,0.9936872767824102,0.08773397477185195,0.042064122301159475,0.14395226004366063,0.04151318044579493,0.016785407694098437,0.07579244378323977,0.8033132791223034,0.6963350849358655,0.8966448490862311,0.9642352523098792,0.03576474769012086,0.34055830810316223,0.3298539876969046,0.13657446903820872,0.5143975230575195,0.003620538658077569,0.7550649452150819,0.3987784661863746,0.3863768171218985,0.1870391693171244,0.6041411650874564,0.41956009460517396,0.42299438647438475,0.35199729057978624,0.4901060652885714,0.4192124101865086,0.4308981237414694,0.32564375644436633,0.5235930440039817,0.34394570742354413,0.8368699519979061,584.6669538558991,541.5991515581646,644.0934069323279,500,0.7,UB&PB,76180
0,0.0,0.0,0.0,0.0,0.0,0.0,0.0,0.0,0.0,0.0,0.0,0.0,0.0,0.0,0.0,0.0,0.0,0.0,0.0,0.0,0.0,0.0,0.0,0.0,0.0,0.0,0.0,0.0,0.0,0.0,0.0,0.0,0.0,0.0,0.0,500,0.75,UB&PB,76180
2500,1.0086563222038918,0.08272435478623379,0.03812486782413087,0.1419656706090505,0.03648887742926525,0.014321052458312429,0.06787569475222127,0.8076903191288186,0.6948545427410673,0.9000029383941137,0.9613646055437104,0.03863539445629,0.3540657895404877,0.34259397574351835,0.15029367018169457,0.533803134623136,0.005028175270377169,0.7699765884909717,0.40863178181625254,0.39553562411266613,0.1958894658908829,0.6189559130066661,0.42668275960999186,0.4305893266809342,0.35783928712824153,0.4989390118408749,0.41959624232865284,0.4314273771091169,0.32436562827285187,0.526633927572324,0.35337747991971785,0.8181391026080274,577.9247087765691,539.2449237161494,632.3232277967522,500,0.75,UB&PB,76180
0,0.0,0.0,0.0,0.0,0.0,0.0,0.0,0.0,0.0,0.0,0.0,0.0,0.0,0.0,0.0,0.0,0.0,0.0,0.0,0.0,0.0,0.0,0.0,0.0,0.0,0.0,0.0,0.0,0.0,0.0,0.0,0.0,0.0,0.0,0.0,500,0.8,UB&PB,76180
2500,1.0225248720385554,0.09733547855045455,0.050729954831845565,0.15812627026590353,0.031066930456310246,0.011595144200817312,0.05865968152515912,0.7253186522238626,0.612659124468415,0.8372745406386848,0.9491648898365321,0.0508351101634684,0.36986265470078544,0.35863555420336,0.17497888038265444,0.5504665454133892,0.008733532876690124,0.7771843332858838,0.42037939218776216,0.4065203177168997,0.21279715762141832,0.6311772499619125,0.433168583395485,0.43662997158834066,0.3684498559560066,0.5011594304223709,0.418567605252268,0.4283184811082131,0.33384574703903064,0.5128719789674818,0.38538227094332417,0.865880828044929,575.8743584013907,540.2932636248784,625.0990316592142,500,0.8,UB&PB,76180
0,0.0,0.0,0.0,0.0,0.0,0.0,0.0,0.0,0.0,0.0,0.0,0.0,0.0,0.0,0.0,0.0,0.0,0.0,0.0,0.0,0.0,0.0,0.0,0.0,0.0,0.0,0.0,0.0,0.0,0.0,0.0,0.0,0.0,0.0,0.0,500,0.85,UB&PB,76180
2500,1.0418679601770677,0.07688638176518571,0.035225433403501635,0.13332779455525232,0.030248509429027945,0.011114847009200448,0.057041825897919285,0.6720017907498287,0.5618928994451412,0.7798139459979927,0.9523013503909017,0.047698649609097275,0.3941688005196883,0.3823235576081725,0.19767290178860922,0.5844281290626153,0.015584542934752628,0.8029627744500883,0.4370540144002113,0.4239162837284556,0.22467789789695597,0.6544956850691687,0.4439224232361151,0.44934522972952456,0.3734079622528236,0.5195548024028367,0.4199698100781881,0.4324552793858841,0.3211596135758037,0.5312113276557161,0.4015194405292998,0.9100182466170398,563.9652059001653,534.7656661387776,603.8959869275418,500,0.85,UB&PB,76180
0,0.0,0.0,0.0,0.0,0.0,0.0,0.0,0.0,0.0,0.0,0.0,0.0,0.0,0.0,0.0,0.0,0.0,0.0,0.0,0.0,0.0,0.0,0.0,0.0,0.0,0.0,0.0,0.0,0.0,0.0,0.0,0.0,0.0,0.0,0.0,500,0.9,UB&PB,76180
2500,1.0677922568144955,0.07231533293117406,0.03320433227299243,0.12599643382868286,0.026216379084904744,0.009015721304943342,0.050762624434404456,0.6786280953638748,0.5668922055937731,0.7814421095033077,0.9506858564321243,0.04931414356787496,0.40943029447819573,0.3969560929630965,0.2097215223418536,0.6067926397177406,0.022377761197366536,0.8196335465844498,0.44560128555379164,0.4324985156913947,0.22811635404700717,0.6686489517296077,0.44768959690208054,0.45479758411311527,0.37418415577132974,0.5278426013533535,0.4199696873449589,0.4335651141624009,0.3167289401298632,0.5366816373331819,0.42967737306423526,0.9262380147655402,558.0205351319893,533.1668614148479,592.4228953705339,500,0.9,UB&PB,76180
0,0.0,0.0,0.0,0.0,0.0,0.0,0.0,0.0,0.0,0.0,0.0,0.0,0.0,0.0,0.0,0.0,0.0,0.0,0.0,0.0,0.0,0.0,0.0,0.0,0.0,0.0,0.0,0.0,0.0,0.0,0.0,0.0,0.0,0.0,0.0,500,0.95,UB&PB,76180
2500,1.1026179700649528,0.06219264889622765,0.02734370791636465,0.11011310911557202,0.02497352403597817,0.00846605348148804,0.04813385045455937,0.7086892938385083,0.5902078757431296,0.8140890089911514,0.9473226723525227,0.052677327647476874,0.4267051062520811,0.41540865913773684,0.21968775703124294,0.6332974973840781,0.03119269252180104,0.839109635395728,0.45324805012765146,0.44256209934353186,0.22649361048666583,0.6837785271671271,0.4526360892467419,0.4615859512550047,0.3740748861656664,0.5396701926379834,0.42028044563786054,0.4364603062428988,0.3057615874487497,0.5503324215564975,0.41549866114811657,0.9321727626924119,551.9399795137598,531.3027122333245,581.2721776438565,500,0.95,UB&PB,76180
0,0.0,0.0,0.0,0.0,0.0,0.0,0.0,0.0,0.0,0.0,0.0,0.0,0.0,0.0,0.0,0.0,0.0,0.0,0.0,0.0,0.0,0.0,0.0,0.0,0.0,0.0,0.0,0.0,0.0,0.0,0.0,0.0,0.0,0.0,0.0,500,0.05,UB&PB,47330
2500,0.9048231292858812,0.17607437404886458,0.09823885253888594,0.30571509617348225,0.8662841843536437,0.7640478464001584,0.9365450074641188,0.8182497350353518,0.6996368449367493,0.9129802305176759,0.9715991471215355,0.028400852878464812,0.03700519706144283,4.254578269811036e-5,5.9227155063225905e-8,0.010685754013755233,0.0,0.2147913963235055,0.043838826447466374,0.0,0.0,0.021016373551234823,0.05473609700453385,0.004534807583787785,9.155064397154025e-6,0.06738734365580648,0.4178003893335485,0.4215086839613469,0.3667259279244255,0.4741251878013253,0.03673035821745827,0.6746455214723441,4904.617123004005,3555.69206852909,7015.655723782841,500,0.05,UB&PB,47330
0,0.0,0.0,0.0,0.0,0.0,0.0,0.0,0.0,0.0,0.0,0.0,0.0,0.0,0.0,0.0,0.0,0.0,0.0,0.0,0.0,0.0,0.0,0.0,0.0,0.0,0.0,0.0,0.0,0.0,0.0,0.0,0.0,0.0,0.0,0.0,500,0.1,UB&PB,47330
2500,0.9441696597704995,0.1710877933231358,0.08186871352437022,0.318861470998101,0.8801089654402137,0.7846840855122817,0.9450289672169233,0.6081949156858162,0.45302552025688697,0.7434371810266935,0.9755074626865684,0.02449253731343291,0.02187189294968011,0.00028197177700148003,6.404253125852518e-6,0.022812662707415547,0.0,0.10916456422839818,0.02920197999518268,1.6318144596023403e-5,0.0,0.037460543323468355,0.02465863933022781,0.007331304678996774,0.00021437967128469645,0.03039466517952019,0.41762581962671824,0.4206730752557242,0.36988119606067515,0.47062535452033305,0.03065136328336046,0.8951855954614861,5739.1346680935385,4880.579152481898,6968.4520128352315,500,0.1,UB&PB,47330
0,0.0,0.0,0.0,0.0,0.0,0.0,0.0,0.0,0.0,0.0,0.0,0.0,0.0,0.0,0.0,0.0,0.0,0.0,0.0,0.0,0.0,0.0,0.0,0.0,0.0,0.0,0.0,0.0,0.0,0.0,0.0,0.0,0.0,0.0,0.0,500,0.15,UB&PB,47330
2500,0.9573721653667752,0.1442572909907114,0.07333801991144721,0.2561087881408123,0.8505747467826128,0.7575196132028094,0.9286285953716502,0.4551696044091633,0.3351852935390073,0.5992701784399326,0.9757476901208236,0.024252309879175524,0.024904100262843627,0.0024895805525065435,3.13882111869306e-5,0.04007472914316642,0.0,0.10357910209594992,0.036263901502458756,0.0024215869974006277,0.0,0.06350072506184254,0.022172351378506504,0.008062622510380944,0.00023224133129882114,0.03394380589997502,0.4180368312960448,0.4227858090434702,0.36031370807926544,0.4821235410125676,0.009462148519596087,1.5734063086554106,5043.806906914206,4437.656121205018,5787.44236379169,500,0.15,UB&PB,47330
0,0.0,0.0,0.0,0.0,0.0,0.0,0.0,0.0,0.0,0.0,0.0,0.0,0.0,0.0,0.0,0.0,0.0,0.0,0.0,0.0,0.0,0.0,0.0,0.0,0.0,0.0,0.0,0.0,0.0,0.0,0.0,0.0,0.0,0.0,0.0,500,0.2,UB&PB,47330
2500,0.9467259234829064,0.13873389891831603,0.0675687126819788,0.23250924227669217,0.7887219008615213,0.684836915433117,0.8677331328765155,0.3208073097342182,0.23232956597934826,0.42405962726698276,0.9761435678749117,0.023856432125088835,0.04597527169480435,0.019871087229781426,0.0004819358068508379,0.07927929071877461,2.0548647312468628e-6,0.15588703752314073,0.06625075440684028,0.03975425710152507,1.5038327125815516e-5,0.11354668999202025,0.045840578053405696,0.036972456072135236,0.0076455554955082335,0.07085773784734135,0.41837400881063375,0.4241265252359319,0.3545967588480993,0.48887940591579704,0.0459737806372048,1.0883470235945691,3582.539632353257,3101.71046755888,4068.958457856782,500,0.2,UB&PB,47330
0,0.0,0.0,0.0,0.0,0.0,0.0,0.0,0.0,0.0,0.0,0.0,0.0,0.0,0.0,0.0,0.0,0.0,0.0,0.0,0.0,0.0,0.0,0.0,0.0,0.0,0.0,0.0,0.0,0.0,0.0,0.0,0.0,0.0,0.0,0.0,500,0.25,UB&PB,47330
2500,0.9714698019408106,0.19746259783298697,0.08270567540686719,0.42912704685996583,0.8580245176127441,0.774601696900586,0.9246954895077502,0.4797979635721665,0.31966324214947783,0.6837143118129521,0.9650817341862117,0.03491826581378819,0.032912596744857255,0.010331300823139884,0.00021646189608229445,0.05518187816049839,3.327577593868993e-8,0.11909506223081956,0.04528453040514312,0.017495217860957944,0.0,0.07902987819019604,0.028969140104460184,0.014106195598833991,0.0007921968888883135,0.04598855714851668,0.41774708548415973,0.41990670717554207,0.3749618899538923,0.4651609168985013,0.041682650271199946,1.0252768957224152,5840.926509520487,5252.081959046266,6564.827981246783,500,0.25,UB&PB,47330
0,0.0,0.0,0.0,0.0,0.0,0.0,0.0,0.0,0.0,0.0,0.0,0.0,0.0,0.0,0.0,0.0,0.0,0.0,0.0,0.0,0.0,0.0,0.0,0.0,0.0,0.0,0.0,0.0,0.0,0.0,0.0,0.0,0.0,0.0,0.0,500,0.3,UB&PB,47330
2500,0.9181144361844569,0.08077956734880097,0.0365218620224679,0.1445621831212153,0.30622404287276195,0.226795342568312,0.41125567349022907,0.6285658173868328,0.47723755893259484,0.7567351565158102,0.9800959488272912,0.0199040511727079,0.15359871425514,0.1126508766177392,0.005192784633530008,0.2595347346694228,0.00017429103064157194,0.4546849511248852,0.21130730366028613,0.18446968525658347,0.011744976180404472,0.3424189918703172,0.19800629324395272,0.19843330774806575,0.12309445144165583,0.2668414628032887,0.4197654996080225,0.4321503436810559,0.3223835085867572,0.5294869461292168,0.13869773868586097,0.7937706861000053,1007.7147025173713,825.5965944260372,1255.5877378411803,500,0.3,UB&PB,47330
0,0.0,0.0,0.0,0.0,0.0,0.0,0.0,0.0,0.0,0.0,0.0,0.0,0.0,0.0,0.0,0.0,0.0,0.0,0.0,0.0,0.0,0.0,0.0,0.0,0.0,0.0,0.0,0.0,0.0,0.0,0.0,0.0,0.0,0.0,0.0,500,0.35,UB&PB,47330
2500,0.9414753627933142,0.10433705280978753,0.04899889912083176,0.18300712340003739,0.5369713760067193,0.42042230522716323,0.6461441243146935,0.4302704528172767,0.3111073457894725,0.5439439337823205,0.9755195451314859,0.02448045486851459,0.1265705627329218,0.10479107524124755,0.014624691715366917,0.20607802608015044,0.00024820610591688,0.34461495204053955,0.16921760566819494,0.15204089654507885,0.030931339893291207,0.26722168786425876,0.15244316891292872,0.14965377579283132,0.09692345369199354,0.19964727492159878,0.4185463036795331,0.42717083607918527,0.33828752141203083,0.5083946165110835,0.1900339398684143,0.8376122706683052,2067.794829991181,1738.0676894897458,2414.0534803772857,500,0.35,UB&PB,47330
0,0.0,0.0,0.0,0.0,0.0,0.0,0.0,0.0,0.0,0.0,0.0,0.0,0.0,0.0,0.0,0.0,0.0,0.0,0.0,0.0,0.0,0.0,0.0,0.0,0.0,0.0,0.0,0.0,0.0,0.0,0.0,0.0,0.0,0.0,0.0,500,0.4,UB&PB,47330
2500,0.9260638709630342,0.07299752351035459,0.031627677702991026,0.13491153206810022,0.23070169800668552,0.14700901374284092,0.3108151737574958,0.6222902405298267,0.5207569058838369,0.7196799176847747,0.9781314854299931,0.02186851457000709,0.217586548324154,0.1939672820432015,0.036483324053935354,0.3486043098035553,0.0006066109694638722,0.5650951368838436,0.2814974886866117,0.2666539138164703,0.07730064565981182,0.4367051578885491,0.2839870361184761,0.28619330585533775,0.2135807559845937,0.3535858726511538,0.42065994027317977,0.43389306360697993,0.31896336150800847,0.5356281089811095,0.25168382785504656,0.7748966208301348,884.9523788553671,719.7239521229747,1062.8201177612714,500,0.4,UB&PB,47330
0,0.0,0.0,0.0,0.0,0.0,0.0,0.0,0.0,0.0,0.0,0.0,0.0,0.0,0.0,0.0,0.0,0.0,0.0,0.0,0.0,0.0,0.0,0.0,0.0,0.0,0.0,0.0,0.0,0.0,0.0,0.0,0.0,0.0,0.0,0.0,500,0.45,UB&PB,47330
2500,0.935126635051347,0.06785382560315405,0.029479397089542534,0.12252178054133964,0.1638904348429192,0.10182604445188308,0.23123467403535072,0.6954698487223271,0.5837815010324761,0.8116107827992383,0.9783425728500352,0.021657427149964468,0.2399364727693445,0.21762772122118315,0.04572904698793414,0.38203549236705053,0.0007996013946553709,0.6132413944298396,0.3074633827384721,0.2934111280063254,0.09372530428996606,0.4766017084572566,0.3126048288329289,0.3153904662026282,0.2393172198876382,0.38589650896827915,0.4203236032814494,0.43433738810552536,0.31372920652075154,0.5412481029379079,0.24386234348638838,0.708344345573356,712.3808769167823,602.4447745512119,844.2153716149307,500,0.45,UB&PB,47330
0,0.0,0.0,0.0,0.0,0.0,0.0,0.0,0.0,0.0,0.0,0.0,0.0,0.0,0.0,0.0,0.0,0.0,0.0,0.0,0.0,0.0,0.0,0.0,0.0,0.0,0.0,0.0,0.0,0.0,0.0,0.0,0.0,0.0,0.0,0.0,500,0.5,UB&PB,47330
2500,0.9558287476745696,0.10743078600984214,0.04652058845865162,0.1981688610904643,0.28918678859774266,0.2251770917741406,0.3690095887247319,0.7311890394704683,0.5305780867677036,0.8798536779484518,0.9700845771144282,0.029915422885572123,0.21333013134648077,0.1934835352723459,0.04375603908365956,0.33800407937284266,0.0007131998881225962,0.5409514165539547,0.26697294215689693,0.2521852111842651,0.08039532796227036,0.41599813104691674,0.2675277977839251,0.2670093969285909,0.1978990155567435,0.33358475213760264,0.41941259137969544,0.43011754891391213,0.3305134380409441,0.5196251926714525,0.31074764513947944,0.7771966036186827,1706.4206182465323,1503.120014021154,1963.12108416659,500,0.5,UB&PB,47330
0,0.0,0.0,0.0,0.0,0.0,0.0,0.0,0.0,0.0,0.0,0.0,0.0,0.0,0.0,0.0,0.0,0.0,0.0,0.0,0.0,0.0,0.0,0.0,0.0,0.0,0.0,0.0,0.0,0.0,0.0,0.0,0.0,0.0,0.0,0.0,500,0.55,UB&PB,47330
2500,0.9570198679892958,0.10834703209475345,0.04502761310151149,0.1924934942106031,0.21346956856461727,0.14098146402027287,0.29600749271787785,0.6640370856541569,0.550137387473611,0.7717384366035197,0.9722210376687995,0.02777896233120112,0.25646368190839514,0.2438056574035424,0.07921890922862934,0.39346359255194274,0.001441921075034916,0.608051172326171,0.31392270019318314,0.3021268031035661,0.12464464400814762,0.47762603447428015,0.3243048153137619,0.3255251507108885,0.25966726539146934,0.38765727283965784,0.4194793783143775,0.42865892232061265,0.3367075103749115,0.5122487803642352,0.26932297350132645,0.7573513535278102,1043.819888498935,880.7999334060039,1229.498632274027,500,0.55,UB&PB,47330
0,0.0,0.0,0.0,0.0,0.0,0.0,0.0,0.0,0.0,0.0,0.0,0.0,0.0,0.0,0.0,0.0,0.0,0.0,0.0,0.0,0.0,0.0,0.0,0.0,0.0,0.0,0.0,0.0,0.0,0.0,0.0,0.0,0.0,0.0,0.0,500,0.6,UB&PB,47330
2500,0.9669287920644551,0.09153444614469655,0.04342762397346889,0.15427276052982555,0.05738998696493931,0.025537261770701685,0.10050875655594609,0.8057154801837131,0.7076306911730681,0.8937176929606974,0.9701186922530206,0.029881307746979422,0.30779294445275823,0.2960551468605603,0.09991277274315204,0.47160025240931563,0.001956345584707791,0.718553033214246,0.3715276385266846,0.3604914272600445,0.15601058211332916,0.56703406547538,0.39586300138029057,0.3990050783922835,0.3289152053595856,0.4652573869256912,0.41884557980603954,0.42983013246016066,0.3288013255770358,0.5192938203926915,0.29909633414156683,0.7838438298421493,606.0720339655622,548.4493467220058,685.2927923923507,500,0.6,UB&PB,47330
0,0.0,0.0,0.0,0.0,0.0,0.0,0.0,0.0,0.0,0.0,0.0,0.0,0.0,0.0,0.0,0.0,0.0,0.0,0.0,0.0,0.0,0.0,0.0,0.0,0.0,0.0,0.0,0.0,0.0,0.0,0.0,0.0,0.0,0.0,0.0,500,0.65,UB&PB,47330
2500,0.9785101429205719,0.08908881374952465,0.04338385562090684,0.1508840299963909,0.04214151712124541,0.017194251158168253,0.07644211149389596,0.7626134177085697,0.6751045958511046,0.8584798370156602,0.9626979388770429,0.037302061122956594,0.3317579407854834,0.32155523518451695,0.12696155903903247,0.5022926014023767,0.002839813336052978,0.744626980672778,0.39194286506412157,0.38032467740586573,0.17929394111057695,0.5944477185933073,0.4155276354103966,0.4186596429470738,0.34906753237844995,0.4847995046160145,0.41906238642981464,0.4298514283942935,0.3290057702718703,0.5193671279800064,0.3391155131092866,0.7951802142773858,588.3135457309087,541.3880308319438,652.3302468257749,500,0.65,UB&PB,47330
0,0.0,0.0,0.0,0.0,0.0,0.0,0.0,0.0,0.0,0.0,0.0,0.0,0.0,0.0,0.0,0.0,0.0,0.0,0.0,0.0,0.0,0.0,0.0,0.0,0.0,0.0,0.0,0.0,0.0,0.0,0.0,0.0,0.0,0.0,0.0,500,0.7,UB&PB,47330
2500,0.9915693514250346,0.09912078671494019,0.05031464431102044,0.16134688249725757,0.039484092832187165,0.015896982773138307,0.07259367715409466,0.7581844516342444,0.6733932573493995,0.8447193336461893,0.9646972281449893,0.035302771855010656,0.34033650686992334,0.33109208958085223,0.14019840870347858,0.5111123789453713,0.003999360114011653,0.7490099555355354,0.3987728706696516,0.3866533286535552,0.19014300789119287,0.6011977751191075,0.419941891576649,0.4231091756913696,0.35651510573336903,0.4863739497256854,0.41919973033791424,0.42914604669612,0.3343973842565617,0.5137495912583501,0.326669926840697,0.8061630169154795,588.3643087029869,543.328048812715,649.7359766897308,500,0.7,UB&PB,47330
0,0.0,0.0,0.0,0.0,0.0,0.0,0.0,0.0,0.0,0.0,0.0,0.0,0.0,0.0,0.0,0.0,0.0,0.0,0.0,0.0,0.0,0.0,0.0,0.0,0.0,0.0,0.0,0.0,0.0,0.0,0.0,0.0,0.0,0.0,0.0,500,0.75,UB&PB,47330
2500,1.008114960031859,0.09191137919908836,0.04286846420678435,0.15360664989486092,0.03484464997756228,0.013398789615302359,0.06434182974773704,0.7518047709996517,0.6566881230195891,0.8542681143222208,0.9573688699360337,0.04263113006396589,0.3575584923351324,0.34679361644657986,0.157718746759476,0.5362406723490043,0.005670815446777202,0.7698354080512511,0.4120256817826243,0.3984956845349852,0.2023942679970907,0.6212840247600002,0.42902359025656556,0.4326250837312972,0.3622931443196933,0.49884686168255216,0.41911890215486747,0.42997093282178117,0.3292110594955815,0.5191877521556065,0.3510978271884352,0.808349487047778,577.9253604924861,539.5740954517898,629.975981680158,500,0.75,UB&PB,47330
0,0.0,0.0,0.0,0.0,0.0,0.0,0.0,0.0,0.0,0.0,0.0,0.0,0.0,0.0,0.0,0.0,0.0,0.0,0.0,0.0,0.0,0.0,0.0,0.0,0.0,0.0,0.0,0.0,0.0,0.0,0.0,0.0,0.0,0.0,0.0,500,0.8,UB&PB,47330
2500,1.0238403510706697,0.08006097481300595,0.03720468262481428,0.13805010855641575,0.033327327622534826,0.012634599663475335,0.06239059268968263,0.7766184075983339,0.6711157149985925,0.872310138930335,0.9579203980099505,0.042079601990049745,0.36852045375458076,0.3561286760630018,0.1676563664557948,0.552687674703852,0.007656580346636582,0.7838304187299194,0.41903657538328437,0.40516695885961385,0.20683986210811706,0.632491630044677,0.4335500572027995,0.43790280892192784,0.36404366935039384,0.5070059924852637,0.41926672480948,0.43131116522297097,0.3219311165259842,0.5286840245050854,0.3770252171204923,0.8642859845344077,571.9864338244926,537.7331611175679,619.8150886555246,500,0.8,UB&PB,47330
0,0.0,0.0,0.0,0.0,0.0,0.0,0.0,0.0,0.0,0.0,0.0,0.0,0.0,0.0,0.0,0.0,0.0,0.0,0.0,0.0,0.0,0.0,0.0,0.0,0.0,0.0,0.0,0.0,0.0,0.0,0.0,0.0,0.0,0.0,0.0,500,0.85,UB&PB,47330
2500,1.0442382486184463,0.08286466254069041,0.03936135342573358,0.14100514613835444,0.028857566013570087,0.010449377607852368,0.054542823643996596,0.7080323456408318,0.6130616278751406,0.7956404259028141,0.952136460554371,0.04786353944562905,0.38985066146314656,0.37763377670437237,0.19316018488187858,0.5792857272622081,0.014018137093580208,0.7995343124364955,0.43424580520862616,0.4205116621302266,0.22211541324238307,0.6516179160513247,0.4414624905537178,0.44674757924976505,0.3721488512061868,0.515699184829466,0.4194786714207889,0.43127332868904306,0.3244668985082636,0.5258176734556564,0.3905658190948572,0.85206429914459,565.738355699929,536.1977839163995,605.9404212101941,500,0.85,UB&PB,47330
0,0.0,0.0,0.0,0.0,0.0,0.0,0.0,0.0,0.0,0.0,0.0,0.0,0.0,0.0,0.0,0.0,0.0,0.0,0.0,0.0,0.0,0.0,0.0,0.0,0.0,0.0,0.0,0.0,0.0,0.0,0.0,0.0,0.0,0.0,0.0,500,0.9,UB&PB,47330
2500,1.0689121737840117,0.06897758624839842,0.030748645113877024,0.12113335709578404,0.026414667199177226,0.009146104941271587,0.050919699657279764,0.7153707679900264,0.6002764057973873,0.8315362106521828,0.9487654584221761,0.051234541577825185,0.4069304418282371,0.39428373606692085,0.204497344047871,0.6057233039418358,0.019565214649095282,0.8208730803845492,0.44356225315847175,0.43130460959995187,0.22377718095497337,0.6681263715220457,0.44768916587015045,0.4548933554983568,0.37224951178654525,0.5298145879206656,0.42028313389199223,0.4346546621725618,0.31366277926062824,0.5410760333778606,0.3939568729771462,0.892473575068965,557.4708592841981,532.864314553478,591.7232101889879,500,0.9,UB&PB,47330
0,0.0,0.0,0.0,0.0,0.0,0.0,0.0,0.0,0.0,0.0,0.0,0.0,0.0,0.0,0.0,0.0,0.0,0.0,0.0,0.0,0.0,0.0,0.0,0.0,0.0,0.0,0.0,0.0,0.0,0.0,0.0,0.0,0.0,0.0,0.0,500,0.95,UB&PB,47330
2500,1.1030838772193263,0.05933397821797637,0.02616814299700364,0.10580420614838884,0.024505465240709717,0.008274516592723396,0.047320018222899184,0.7451750377566935,0.6095724208649241,0.8501277129766361,0.9458322672352539,0.05416773276474764,0.4252676903968078,0.41357522429052923,0.21642141277081128,0.6329711825194976,0.029105104553634187,0.8405661856682332,0.4521150250928822,0.44131129955304793,0.2243979333295115,0.6835318495400498,0.4523228996994567,0.4613495771873591,0.37241963162933084,0.5408560250816122,0.4204566841866626,0.43668764683348377,0.30410604126568125,0.5528133760863815,0.4397947308013505,0.9434724635611236,551.3660821701598,530.8911432144454,581.1057988474056,500,0.95,UB&PB,47330
0,0.0,0.0,0.0,0.0,0.0,0.0,0.0,0.0,0.0,0.0,0.0,0.0,0.0,0.0,0.0,0.0,0.0,0.0,0.0,0.0,0.0,0.0,0.0,0.0,0.0,0.0,0.0,0.0,0.0,0.0,0.0,0.0,0.0,0.0,0.0,500,0.05,UB&PB,63416
2500,0.9099133834404984,0.16450361851527112,0.078931179970911,0.3000676999621151,0.9136449445427973,0.841242729502962,0.9613346531104803,0.7179275742958303,0.5821036361258175,0.8401971146910999,0.9712821606254441,0.02871783937455579,0.03570939946721954,3.155309962888803e-5,7.238813714291904e-8,0.008066679089858792,0.0,0.2059976815518397,0.04114081643569661,0.0,0.0,0.01469690178792609,0.050306376294072294,0.003779846334828888,1.180964349792339e-5,0.05461496490774104,0.4176170966708942,0.4214245873456654,0.36508766233779866,0.4755562000072357,0.03921019740839269,0.711262553242825,6108.142909964398,4626.514954774046,8370.941986102804,500,0.05,UB&PB,63416
0,0.0,0.0,0.0,0.0,0.0,0.0,0.0,0.0,0.0,0.0,0.0,0.0,0.0,0.0,0.0,0.0,0.0,0.0,0.0,0.0,0.0,0.0,0.0,0.0,0.0,0.0,0.0,0.0,0.0,0.0,0.0,0.0,0.0,0.0,0.0,500,0.1,UB&PB,63416
2500,0.9390231208716542,0.1459620533057724,0.06378364792734804,0.26204661256710904,0.864959846980703,0.7732900717240027,0.9363408442179528,0.723721657366665,0.583208017508608,0.8348117352107469,0.9764889836531621,0.023511016346837207,0.027048894286756876,0.00016252644004784755,4.948707107043813e-6,0.024111105586673388,0.0,0.142763043532737,0.03464639195782408,0.0,0.0,0.03904547758768487,0.03259422997125014,0.009567094156149798,0.00035303805152245136,0.03828635504149792,0.4179694647394353,0.42227327513580126,0.35975507672652307,0.4822904301058335,0.03198969866442517,0.8079129058961158,5278.331895367199,4302.665659607016,6718.463510474136,500,0.1,UB&PB,63416
0,0.0,0.0,0.0,0.0,0.0,0.0,0.0,0.0,0.0,0.0,0.0,0.0,0.0,0.0,0.0,0.0,0.0,0.0,0.0,0.0,0.0,0.0,0.0,0.0,0.0,0.0,0.0,0.0,0.0,0.0,0.0,0.0,0.0,0.0,0.0,500,0.15,UB&PB,63416
2500,0.9592901385316741,0.272527181038726,0.17283186396956388,0.39496544792433674,0.8894838980434105,0.8129434875907375,0.9462650625054446,0.6867245067257759,0.4589426649526456,0.8897937469712557,0.9721833688699367,0.027816631130063947,0.02295902778067793,0.0007242269996751295,2.4625055256177027e-5,0.026798161588185956,0.0,0.107563619907066,0.029492280136311968,8.458143262121166e-5,0.0,0.03948379070732914,0.02512193756019983,0.010341797856462331,0.000691153406331145,0.02992496061017912,0.41747476293681324,0.4208983138042808,0.3729461647753987,0.4665584220442585,0.012192715095207994,1.1509333629192986,7635.267915202343,6708.2261549591785,9106.793561775374,500,0.15,UB&PB,63416
0,0.0,0.0,0.0,0.0,0.0,0.0,0.0,0.0,0.0,0.0,0.0,0.0,0.0,0.0,0.0,0.0,0.0,0.0,0.0,0.0,0.0,0.0,0.0,0.0,0.0,0.0,0.0,0.0,0.0,0.0,0.0,0.0,0.0,0.0,0.0,500,0.2,UB&PB,63416
2500,0.9648127415176104,0.23771584643336813,0.12734998507674417,0.37841447896740477,0.8782935120609819,0.7662391137423715,0.9481428895307484,0.6993335296745706,0.424741274580386,0.84243680037055,0.9711037668798866,0.028896233120113704,0.028035446609199984,0.0035029700357992505,5.370194474382508e-5,0.04291013001118024,0.0,0.11676319434781483,0.0380589533358076,0.0042047749890603,0.0,0.06376943746161372,0.026478980401064164,0.009926046298799963,0.0004280335172737786,0.03866692635522417,0.41718094296398384,0.41946986002447373,0.37822396661569485,0.46040380496251976,0.03398995015793175,1.1724507178657444,5693.476740591187,4952.93261832206,6758.213832103006,500,0.2,UB&PB,63416
0,0.0,0.0,0.0,0.0,0.0,0.0,0.0,0.0,0.0,0.0,0.0,0.0,0.0,0.0,0.0,0.0,0.0,0.0,0.0,0.0,0.0,0.0,0.0,0.0,0.0,0.0,0.0,0.0,0.0,0.0,0.0,0.0,0.0,0.0,0.0,500,0.25,UB&PB,63416
2500,0.9514274620399544,0.16501785955473514,0.05971083727399068,0.29640465112856434,0.6950278984572232,0.5806674328708595,0.8083022899353893,0.525106279399671,0.37580050745788623,0.6683427346795415,0.9735181236673777,0.026481876332622573,0.059752291054490946,0.025584652393224997,0.0006418331109218721,0.10223285502473302,5.388046964712781e-6,0.20669565970964723,0.08509056256572242,0.05038703268090579,0.0002013459277234372,0.1448094203074083,0.06196593826605924,0.04979442887301111,0.01304183444582296,0.09484652509575874,0.419035018916193,0.4248973900912535,0.35428991048403785,0.4907885517925626,0.07500892425637873,1.035844809893451,3538.2480959438312,3062.2320508688426,4164.036954749879,500,0.25,UB&PB,63416
0,0.0,0.0,0.0,0.0,0.0,0.0,0.0,0.0,0.0,0.0,0.0,0.0,0.0,0.0,0.0,0.0,0.0,0.0,0.0,0.0,0.0,0.0,0.0,0.0,0.0,0.0,0.0,0.0,0.0,0.0,0.0,0.0,0.0,0.0,0.0,500,0.3,UB&PB,63416
2500,0.9493378688635011,0.17474714724590926,0.08877882706924423,0.28706947657244036,0.6449345483362141,0.53661991058663,0.7453922826647091,0.4406834791719773,0.3342425476168615,0.5740757012842647,0.9696780383795306,0.030321961620469108,0.08540340188849933,0.05797297617062826,0.0038714676067652795,0.14245014334236555,6.071737304801251e-5,0.25926282465614947,0.11756865651891327,0.09361917363207146,0.008135071428029224,0.1916135462603675,0.09632807311593027,0.08952997647902022,0.04549454443851237,0.13582634751367811,0.4188384793308326,0.42557188100539545,0.3539732511028736,0.4913353966303688,0.18279829729937874,0.8417975288496754,3460.0381770955587,3038.2694004318705,3925.1299180053143,500,0.3,UB&PB,63416
0,0.0,0.0,0.0,0.0,0.0,0.0,0.0,0.0,0.0,0.0,0.0,0.0,0.0,0.0,0.0,0.0,0.0,0.0,0.0,0.0,0.0,0.0,0.0,0.0,0.0,0.0,0.0,0.0,0.0,0.0,0.0,0.0,0.0,0.0,0.0,500,0.35,UB&PB,63416
2500,0.9261380385340415,0.07935075571006471,0.03514836689468142,0.1451450099001528,0.2833211813564892,0.17808890516229534,0.392953096961701,0.6531070914033696,0.5046969620881939,0.7866753980112858,0.9804641080312722,0.01953589196872781,0.17914819791192665,0.1427100120950025,0.014839131184913359,0.296029903506919,0.0002930193510494859,0.5061209428694786,0.23864091013911035,0.21375970775874947,0.0352369196266539,0.3802647759691797,0.22808580321688746,0.22781091867697614,0.1510311602701849,0.2986704957087024,0.4200799839041435,0.4321851049125435,0.3227496197580353,0.5300996759185356,0.20616442002328603,0.7758137919649959,988.6073868043525,782.6252560038861,1246.344885284638,500,0.35,UB&PB,63416
0,0.0,0.0,0.0,0.0,0.0,0.0,0.0,0.0,0.0,0.0,0.0,0.0,0.0,0.0,0.0,0.0,0.0,0.0,0.0,0.0,0.0,0.0,0.0,0.0,0.0,0.0,0.0,0.0,0.0,0.0,0.0,0.0,0.0,0.0,0.0,500,0.4,UB&PB,63416
2500,0.9271109139854482,0.06998990111760242,0.03036981314459972,0.12457230549255381,0.16675502386115,0.10589060363807871,0.24395842064374865,0.7027310523947675,0.5878996201403478,0.8080560686158029,0.9805977256574283,0.019402274342572832,0.22326623407166118,0.19486212668335146,0.03006810941771148,0.3615718697392525,0.0005368781933127033,0.593555413458331,0.28980247496897044,0.2724991903855089,0.06891231355052885,0.4541877711518453,0.29237244346201335,0.29552616724272873,0.2169267999207589,0.3680209255568845,0.4197178839016618,0.433406981417394,0.3139773140546313,0.5390284451303327,0.1736479986095362,0.7467760394229122,730.3852819215255,614.5365053878235,884.7497765577815,500,0.4,UB&PB,63416
0,0.0,0.0,0.0,0.0,0.0,0.0,0.0,0.0,0.0,0.0,0.0,0.0,0.0,0.0,0.0,0.0,0.0,0.0,0.0,0.0,0.0,0.0,0.0,0.0,0.0,0.0,0.0,0.0,0.0,0.0,0.0,0.0,0.0,0.0,0.0,500,0.45,UB&PB,63416
2500,0.9356381797553814,0.06655412625335644,0.028608941752664967,0.1211365707138672,0.12543278073709402,0.07468813775336904,0.1876928160885844,0.7803889026729195,0.6513248589384057,0.876286517498452,0.978857853589197,0.02114214641080311,0.2486467310255176,0.224694727732838,0.04423549355750929,0.39758892495799913,0.0007455717825883812,0.6394420312292407,0.31571912129040003,0.3006940584229633,0.09172520169558415,0.49209233442979555,0.32598306996031434,0.32964516020238827,0.25066644900428,0.40286196910141076,0.42036855908196463,0.4345474269953189,0.3129054670246536,0.5419536012610922,0.2368296781128696,0.6887082663007352,675.923667693418,582.0505015635214,801.0857626825264,500,0.45,UB&PB,63416
0,0.0,0.0,0.0,0.0,0.0,0.0,0.0,0.0,0.0,0.0,0.0,0.0,0.0,0.0,0.0,0.0,0.0,0.0,0.0,0.0,0.0,0.0,0.0,0.0,0.0,0.0,0.0,0.0,0.0,0.0,0.0,0.0,0.0,0.0,0.0,500,0.5,UB&PB,63416
2500,0.9481714014779987,0.07745843145053942,0.033351932152122,0.13957321033691175,0.19565089053737997,0.13817802885086736,0.25793253073453687,0.6968056503409298,0.5804570395035762,0.7958370819554503,0.9753965884861412,0.024603411513859242,0.24652772557459968,0.22977976235017825,0.05910127328971771,0.38619127105722373,0.0010155602700672463,0.6085427979163646,0.3087900262845977,0.2969077058637567,0.10771378453793859,0.47486292763783744,0.3168771367242037,0.31954312100251664,0.24829387546835355,0.3859773145480229,0.42045013690866073,0.43356092683831027,0.3202876981380264,0.5338185820966426,0.28345251951653294,0.8995196187426575,1048.1587008718755,912.5985837724609,1203.1774596810953,500,0.5,UB&PB,63416
0,0.0,0.0,0.0,0.0,0.0,0.0,0.0,0.0,0.0,0.0,0.0,0.0,0.0,0.0,0.0,0.0,0.0,0.0,0.0,0.0,0.0,0.0,0.0,0.0,0.0,0.0,0.0,0.0,0.0,0.0,0.0,0.0,0.0,0.0,0.0,500,0.55,UB&PB,63416
2500,0.9537197664878708,0.09598520171608936,0.04529033535321331,0.15893508226941155,0.07256929289472674,0.0345820877362673,0.12022081884763004,0.7760728057993457,0.68431323827725,0.8633926142835481,0.9735223880596987,0.026477611940298476,0.2915922623575069,0.2779799996152112,0.08473697981517066,0.4507417324684184,0.0015210638834281427,0.6952578009570656,0.3570767036821251,0.34668450797912653,0.14030694479631126,0.5462972274964774,0.3811453217115099,0.3847681080195545,0.3138544159172934,0.450968462550454,0.41898165934626685,0.4293619714283483,0.3303258707521787,0.5173850685651035,0.28716980596133995,0.7311439882116033,624.0265057361203,555.5184057663469,715.1297047821018,500,0.55,UB&PB,63416
0,0.0,0.0,0.0,0.0,0.0,0.0,0.0,0.0,0.0,0.0,0.0,0.0,0.0,0.0,0.0,0.0,0.0,0.0,0.0,0.0,0.0,0.0,0.0,0.0,0.0,0.0,0.0,0.0,0.0,0.0,0.0,0.0,0.0,0.0,0.0,500,0.6,UB&PB,63416
2500,0.9650364392708737,0.09289237194694269,0.04379521862300133,0.1548567576829462,0.06906781723755738,0.033557428943988714,0.11407960489257075,0.7989483515592103,0.6808696493010312,0.8798575557976933,0.9722288557213913,0.027771144278606958,0.30306623418184975,0.2911182006338696,0.09792309310188058,0.46437156186825335,0.0019711478484756946,0.7078426601111814,0.3669737996058905,0.35607063767686364,0.15364923077829812,0.5594727396430071,0.3889999115828994,0.39250366799874575,0.3223247598750259,0.4582751601574477,0.4186885371060691,0.4291212253792438,0.33002385040602195,0.5172332227596392,0.311882559772166,0.738941875136186,616.7211683875234,554.2977176846498,700.1566350001743,500,0.6,UB&PB,63416
0,0.0,0.0,0.0,0.0,0.0,0.0,0.0,0.0,0.0,0.0,0.0,0.0,0.0,0.0,0.0,0.0,0.0,0.0,0.0,0.0,0.0,0.0,0.0,0.0,0.0,0.0,0.0,0.0,0.0,0.0,0.0,0.0,0.0,0.0,0.0,500,0.65,UB&PB,63416
2500,0.9811167474293654,0.08377181673709987,0.03977142559979094,0.14243099150275756,0.044705241299651005,0.01843133324471174,0.0807431178129129,0.8326814697507654,0.7446416229691387,0.9152303946875439,0.9661442786069641,0.03385572139303493,0.3253112262494884,0.3134288332124703,0.1159775040626307,0.49657342741982435,0.002492378343449418,0.7426590568491162,0.3864279367838781,0.37430600361209143,0.17058547018585712,0.5892077965857315,0.41048324149632126,0.41386992950931856,0.34152787297250925,0.48234218856928623,0.4201219756561692,0.4318330836211997,0.32624502813901085,0.5259829594965251,0.334778900612691,0.8347729000402607,590.3324547492351,542.5604573629556,657.0746597637792,500,0.65,UB&PB,63416
0,0.0,0.0,0.0,0.0,0.0,0.0,0.0,0.0,0.0,0.0,0.0,0.0,0.0,0.0,0.0,0.0,0.0,0.0,0.0,0.0,0.0,0.0,0.0,0.0,0.0,0.0,0.0,0.0,0.0,0.0,0.0,0.0,0.0,0.0,0.0,500,0.7,UB&PB,63416
2500,0.9911779659911281,0.09944933073562225,0.04971293601026033,0.16170165295437441,0.03972413789039829,0.01587324758133011,0.07242734152615504,0.7346110467427089,0.6510212514270428,0.8151857300376605,0.9620085287846492,0.03799147121535177,0.3439643694288785,0.3351461182659248,0.1453321150570935,0.5152016997409141,0.00433971425396438,0.7510166239090972,0.40193892447266916,0.3896159397567233,0.19446406617968326,0.6048693436141991,0.4218661659130226,0.4248974943222597,0.35852099444136204,0.4880860424648408,0.4184166990736066,0.4283214576903919,0.33278397609828997,0.5137780107550678,0.3387005227335017,0.8171873486648905,586.9268504204435,542.4614714080328,646.5480527015895,500,0.7,UB&PB,63416
0,0.0,0.0,0.0,0.0,0.0,0.0,0.0,0.0,0.0,0.0,0.0,0.0,0.0,0.0,0.0,0.0,0.0,0.0,0.0,0.0,0.0,0.0,0.0,0.0,0.0,0.0,0.0,0.0,0.0,0.0,0.0,0.0,0.0,0.0,0.0,500,0.75,UB&PB,63416
2500,1.0065129106732402,0.09347151291481952,0.0462517629103273,0.15356208213409478,0.03493149743649786,0.013379543137042944,0.06501104977879489,0.6965197042197034,0.6103413947426324,0.7998388594446878,0.9609843638948108,0.039015636105188246,0.36295064767765123,0.353241496479985,0.16720045409362314,0.540417966901539,0.00710046241709299,0.7702719770543656,0.41655202626841575,0.4034697547331576,0.2091464535042953,0.6247357511087939,0.4315973068680004,0.43527384758015825,0.36652942310990977,0.5001013181292004,0.4189154628231216,0.4295078093957996,0.3307305925193768,0.5173002195378349,0.35601534059179185,0.8253377783491265,577.2438453983673,539.2283249973834,627.6736169688046,500,0.75,UB&PB,63416
0,0.0,0.0,0.0,0.0,0.0,0.0,0.0,0.0,0.0,0.0,0.0,0.0,0.0,0.0,0.0,0.0,0.0,0.0,0.0,0.0,0.0,0.0,0.0,0.0,0.0,0.0,0.0,0.0,0.0,0.0,0.0,0.0,0.0,0.0,0.0,500,0.8,UB&PB,63416
2500,1.0231493573222192,0.09442587957369016,0.04754450978858526,0.1515903924425052,0.03233867620667649,0.012113645000065197,0.061085991443873666,0.7228003980556594,0.6272592812182356,0.8186267429388009,0.9568272921108737,0.04317270788912587,0.3721690295216047,0.36096115896867836,0.17680050309255946,0.5538144927298708,0.00963192850950192,0.7797488943527345,0.42232459258532584,0.40857764605417346,0.21377778145632295,0.6338496091265184,0.43445917635763065,0.43849656468544934,0.36863084244466515,0.5040767570000615,0.4192403869901139,0.4304099543754333,0.32943410562715886,0.5197494496074323,0.4000389882977782,0.8856697801494232,574.2742844909496,539.2297529238577,622.0578700424196,500,0.8,UB&PB,63416
0,0.0,0.0,0.0,0.0,0.0,0.0,0.0,0.0,0.0,0.0,0.0,0.0,0.0,0.0,0.0,0.0,0.0,0.0,0.0,0.0,0.0,0.0,0.0,0.0,0.0,0.0,0.0,0.0,0.0,0.0,0.0,0.0,0.0,0.0,0.0,500,0.85,UB&PB,63416
2500,1.0440214675537602,0.07372359465073672,0.033163150501577955,0.13017262555551656,0.029924078639940378,0.011025315927026127,0.056315460465594956,0.7737787770115158,0.6741390573019082,0.8676142377440529,0.9558393745557912,0.04416062544420749,0.38452688784970684,0.3709546652664364,0.1837075428431285,0.5751146242999975,0.011929864916455316,0.8003999453918466,0.4292167274764658,0.41502639870737024,0.2143549987433834,0.6474782280723353,0.4392876325895049,0.4445624908515056,0.3674678303168203,0.5160405052799464,0.41985916014108987,0.43267317538233013,0.31904410052291543,0.5335304385366392,0.38649347943487294,0.8576144619026348,565.2324571650856,535.5188283439501,607.4875714693566,500,0.85,UB&PB,63416
0,0.0,0.0,0.0,0.0,0.0,0.0,0.0,0.0,0.0,0.0,0.0,0.0,0.0,0.0,0.0,0.0,0.0,0.0,0.0,0.0,0.0,0.0,0.0,0.0,0.0,0.0,0.0,0.0,0.0,0.0,0.0,0.0,0.0,0.0,0.0,500,0.9,UB&PB,63416
2500,1.0685719088891033,0.06953817247651133,0.031648077107297806,0.12161875021416224,0.027188350680566423,0.009520456992628884,0.052636908290102404,0.7822623150167849,0.6740975263568411,0.8814674325815389,0.9484257285003551,0.05157427149964464,0.4005317487548732,0.3871002764098769,0.19759669093416474,0.5984460808972957,0.01689576847847333,0.8165115881535729,0.4388538481716762,0.42589804411633553,0.21930069769119404,0.6628515933510549,0.4455426442591,0.4524619774620863,0.3705623950801821,0.5266557774431156,0.420463231696469,0.4350329490782892,0.3139263944399348,0.5407557715530612,0.38797505798425547,0.905432255897677,559.6536424351386,533.9407364655652,596.3760160949198,500,0.9,UB&PB,63416
0,0.0,0.0,0.0,0.0,0.0,0.0,0.0,0.0,0.0,0.0,0.0,0.0,0.0,0.0,0.0,0.0,0.0,0.0,0.0,0.0,0.0,0.0,0.0,0.0,0.0,0.0,0.0,0.0,0.0,0.0,0.0,0.0,0.0,0.0,0.0,500,0.95,UB&PB,63416
2500,1.1004883014767133,0.062150473342159285,0.027561076139819733,0.10975502031473376,0.02511688171994033,0.008528851787302208,0.04830179329925592,0.61633809340018,0.5097641858694586,0.7315980391324673,0.946132196162048,0.053867803837953025,0.4325269227912127,0.4226051722984488,0.2269638799951162,0.6389426883555706,0.0351225251517369,0.8414287613866558,0.45790512902227914,0.44803854944210925,0.23248602346641786,0.6880592913870526,0.4553253768634527,0.4646627998702266,0.37693328328110204,0.5427621248456461,0.42031335442423645,0.4363489876526691,0.3061991838154614,0.5500376991376407,0.4151584336367243,0.9185089804947099,550.8264896162626,530.772991384117,578.5027304023793,500,0.95,UB&PB,63416
0,0.0,0.0,0.0,0.0,0.0,0.0,0.0,0.0,0.0,0.0,0.0,0.0,0.0,0.0,0.0,0.0,0.0,0.0,0.0,0.0,0.0,0.0,0.0,0.0,0.0,0.0,0.0,0.0,0.0,0.0,0.0,0.0,0.0,0.0,0.0,500,0.05,UB&PB,66564
2500,0.9070034479648535,0.20015659333615557,0.09962622662761707,0.34941571266494276,0.8869965576525165,0.8090793962096574,0.9466483471704238,0.7727945179341454,0.6342772825221854,0.8821306908101658,0.9703155650319817,0.02968443496801705,0.03575234661129077,3.606715556736014e-5,6.4103606800786156e-9,0.009293494851593836,0.0,0.2070155886036613,0.04177286714799862,0.0,0.0,0.01768831589765415,0.052221409427498464,0.0041557491630807835,0.0,0.0609308993066473,0.4178897423711337,0.42067997282987274,0.37281134878205663,0.46772603472234875,0.03944113664636012,0.6676256905112784,5576.7311905174165,4152.358101956598,7806.561128677718,500,0.05,UB&PB,66564
0,0.0,0.0,0.0,0.0,0.0,0.0,0.0,0.0,0.0,0.0,0.0,0.0,0.0,0.0,0.0,0.0,0.0,0.0,0.0,0.0,0.0,0.0,0.0,0.0,0.0,0.0,0.0,0.0,0.0,0.0,0.0,0.0,0.0,0.0,0.0,500,0.1,UB&PB,66564
2500,0.9413897154846171,0.24619114308126097,0.11327584606790722,0.42512895101842196,0.8943176793058589,0.8212461219204751,0.9512597744082593,0.7224471641701472,0.5484109846346223,0.8605263348555934,0.9738088130774698,0.026191186922530182,0.02598936114625195,0.0001401540005093847,5.900068261693736e-6,0.0204786332239017,0.0,0.13939287085295585,0.032140302974070535,0.0,0.0,0.03165488526516593,0.03255958937667091,0.009886000278826789,0.0004410453620379597,0.03503145645318231,0.4181201531959119,0.4198019872500834,0.3816552624390893,0.45851609832122175,0.04751331660839771,0.5883514573840066,6459.788341618954,5339.204879513161,8151.073435754845,500,0.1,UB&PB,66564
0,0.0,0.0,0.0,0.0,0.0,0.0,0.0,0.0,0.0,0.0,0.0,0.0,0.0,0.0,0.0,0.0,0.0,0.0,0.0,0.0,0.0,0.0,0.0,0.0,0.0,0.0,0.0,0.0,0.0,0.0,0.0,0.0,0.0,0.0,0.0,500,0.15,UB&PB,66564
2500,0.9568674651051753,0.2148404772713767,0.11975484859505374,0.332355091619093,0.8884267252668021,0.8005603058112616,0.9504484324732511,0.67375924118114,0.5382522049684871,0.802989581098912,0.9739346126510299,0.026065387348969477,0.026035039855473948,0.0011517525707228418,2.3514126306734042e-5,0.03085784593072401,0.0,0.12538330165668685,0.03414467863492916,0.0008612620617640985,0.0,0.04645885628926085,0.02832324777446117,0.010729217323686105,0.0006989521637511884,0.034354181379639706,0.4174405894657134,0.4208134927800976,0.3720179486296569,0.4679756855796209,0.028279030147341847,0.8858194946662576,6001.0678257395175,5097.9414645640645,7289.464428336151,500,0.15,UB&PB,66564
0,0.0,0.0,0.0,0.0,0.0,0.0,0.0,0.0,0.0,0.0,0.0,0.0,0.0,0.0,0.0,0.0,0.0,0.0,0.0,0.0,0.0,0.0,0.0,0.0,0.0,0.0,0.0,0.0,0.0,0.0,0.0,0.0,0.0,0.0,0.0,500,0.2,UB&PB,66564
2500,0.9622761624551825,0.1762411873297659,0.08450308468560416,0.32176573365204914,0.8193031383198632,0.7001199118791807,0.9051918647303259,0.731957927683916,0.600337474705133,0.8510564114855815,0.9751222459132911,0.02487775408670933,0.032500930766988144,0.0028372668360851163,6.945766355013904e-5,0.048755093659863406,1.3387003908719884e-7,0.1400017593938626,0.045592040860492955,0.0022273312935887457,0.0,0.07533950207016407,0.0307632769066554,0.013487146681412685,0.0013234168881123708,0.04254116154054363,0.41808822940134904,0.4214375224257735,0.3676799865967783,0.4738541266233345,0.04616147858803564,1.2562662620950042,4445.5259014806625,3769.3755601136745,5381.118449642951,500,0.2,UB&PB,66564
0,0.0,0.0,0.0,0.0,0.0,0.0,0.0,0.0,0.0,0.0,0.0,0.0,0.0,0.0,0.0,0.0,0.0,0.0,0.0,0.0,0.0,0.0,0.0,0.0,0.0,0.0,0.0,0.0,0.0,0.0,0.0,0.0,0.0,0.0,0.0,500,0.25,UB&PB,66564
2500,0.9634401821495064,0.11642029413945812,0.0579918078032477,0.20477854120118566,0.7306095536789449,0.6003378632809572,0.8549162559369677,0.7006425026818949,0.5316052815315707,0.8335164590666749,0.9754548685145704,0.024545131485429965,0.04786023693456342,0.011060203980119561,0.00018520307024347295,0.08084368048469816,6.905922504647633e-8,0.18298400354351216,0.06880454147981217,0.0206995655816099,0.0,0.1202663596690733,0.043541499455704145,0.024743990005415308,0.002720498858573488,0.06808520266799298,0.41858013607576966,0.4264543978846644,0.34338005792086856,0.5021851144136769,0.04418702214773925,1.0953506658520848,3252.048923369613,2726.335302683551,3914.6242608523617,500,0.25,UB&PB,66564
0,0.0,0.0,0.0,0.0,0.0,0.0,0.0,0.0,0.0,0.0,0.0,0.0,0.0,0.0,0.0,0.0,0.0,0.0,0.0,0.0,0.0,0.0,0.0,0.0,0.0,0.0,0.0,0.0,0.0,0.0,0.0,0.0,0.0,0.0,0.0,500,0.3,UB&PB,66564
2500,0.927593711879458,0.07846898084035842,0.034159814123707846,0.14645124636046358,0.3790702786371989,0.26216318798102706,0.5163423618600221,0.577435133672139,0.4522005280758333,0.7293245018895107,0.9812970859985795,0.01870291400142149,0.1348958128276576,0.09089743172988932,0.0028091581769852793,0.22907037496324417,9.174594572310783e-5,0.41464268932290815,0.1876119554947435,0.15541681569353313,0.004152296414419322,0.3064713199402465,0.16441239642648922,0.1619689566814562,0.08882027519518651,0.22880826454392775,0.42018927540318457,0.43194426203105496,0.32444270203543063,0.5279863884493486,0.16928505994023213,0.7484314964449295,1165.002354028763,909.8465033774778,1485.8157062484827,500,0.3,UB&PB,66564
0,0.0,0.0,0.0,0.0,0.0,0.0,0.0,0.0,0.0,0.0,0.0,0.0,0.0,0.0,0.0,0.0,0.0,0.0,0.0,0.0,0.0,0.0,0.0,0.0,0.0,0.0,0.0,0.0,0.0,0.0,0.0,0.0,0.0,0.0,0.0,500,0.35,UB&PB,66564
2500,0.9267979413625022,0.07090018959598514,0.030794521136767984,0.1264567178118954,0.2248956308044345,0.15460026947538158,0.3132143435075245,0.7277609308889128,0.6136762344311268,0.8597556671463837,0.9808265813788194,0.01917341862117985,0.18113370002502274,0.1393320320931296,0.008167237079101062,0.30365250452060005,0.0002558789982459452,0.5255442566369346,0.2441592006730909,0.2178625383547009,0.020329306424700225,0.39382522921785124,0.2332024562358987,0.23481892920725442,0.15320067055249134,0.30909948320486197,0.42040902514383677,0.4343098822315211,0.3163213804182311,0.5386014379236806,0.20541537460819662,0.8007814668083415,828.1801341034025,682.123813340345,1033.292242516122,500,0.35,UB&PB,66564
0,0.0,0.0,0.0,0.0,0.0,0.0,0.0,0.0,0.0,0.0,0.0,0.0,0.0,0.0,0.0,0.0,0.0,0.0,0.0,0.0,0.0,0.0,0.0,0.0,0.0,0.0,0.0,0.0,0.0,0.0,0.0,0.0,0.0,0.0,0.0,500,0.4,UB&PB,66564
2500,0.940827216490461,0.0977292280295355,0.03863984212799901,0.17744149244816204,0.33611666276456326,0.23393515085263383,0.4351355121338247,0.6077524180007189,0.4936903527836334,0.7747208620885095,0.9772544420753363,0.02274555792466239,0.17282257890243952,0.1419841013926887,0.01453872477298232,0.2843259134879021,0.0003043237121503359,0.48034231164330354,0.2284011278816956,0.20785822757083983,0.033515223084840985,0.36384692939643676,0.21444130513120213,0.21562524984635195,0.14126681369575164,0.2826253330321085,0.4197834025949491,0.4303302304682412,0.33009862808780926,0.5201616121477778,0.23258581253198318,0.7841817585505438,1272.6100243719106,1040.4736300526927,1536.485628315327,500,0.4,UB&PB,66564
0,0.0,0.0,0.0,0.0,0.0,0.0,0.0,0.0,0.0,0.0,0.0,0.0,0.0,0.0,0.0,0.0,0.0,0.0,0.0,0.0,0.0,0.0,0.0,0.0,0.0,0.0,0.0,0.0,0.0,0.0,0.0,0.0,0.0,0.0,0.0,500,0.45,UB&PB,66564
2500,0.9373069355337458,0.0744630576619085,0.032911654303287186,0.1372403850342609,0.13867320903342262,0.08088907394178507,0.21103698996482473,0.7772896861629007,0.6449190660344412,0.8740961207617949,0.9794996446339729,0.02050035536602701,0.2389522365724691,0.21292240792841652,0.03795734132114885,0.38359654227521545,0.000682669196606057,0.6236659457042825,0.30538436355225745,0.28944152772303366,0.08109578119696027,0.47733779898504375,0.31080520463913697,0.3158252991322317,0.23553178829204569,0.3883005410859211,0.41978035110536055,0.43157718268600354,0.32246710310700705,0.529687530189664,0.2834759345250485,0.7435238848087914,698.2699335852451,592.9675220435104,843.3577079366069,500,0.45,UB&PB,66564
0,0.0,0.0,0.0,0.0,0.0,0.0,0.0,0.0,0.0,0.0,0.0,0.0,0.0,0.0,0.0,0.0,0.0,0.0,0.0,0.0,0.0,0.0,0.0,0.0,0.0,0.0,0.0,0.0,0.0,0.0,0.0,0.0,0.0,0.0,0.0,500,0.5,UB&PB,66564
2500,0.943581762692032,0.07784132596316803,0.03455474710101887,0.1379753800116615,0.09621654886858147,0.05205490554232324,0.15146091741997758,0.7788949245785549,0.6741635675793748,0.8775315331757089,0.9766247334754801,0.02337526652452031,0.2702341848680716,0.251245536804675,0.06331530614202768,0.4245042059490558,0.0010714114930335885,0.6703380355049262,0.3366882570888441,0.3240350398246269,0.11580988875755031,0.5197616644304218,0.3541460079938351,0.3581586280635374,0.28236380763705743,0.42821351683274644,0.4197701361388805,0.43170088618091523,0.3229993689267304,0.5289480179784993,0.21295566918215467,0.6383174342811369,645.4515395315938,564.5572301825448,752.8900733489392,500,0.5,UB&PB,66564
0,0.0,0.0,0.0,0.0,0.0,0.0,0.0,0.0,0.0,0.0,0.0,0.0,0.0,0.0,0.0,0.0,0.0,0.0,0.0,0.0,0.0,0.0,0.0,0.0,0.0,0.0,0.0,0.0,0.0,0.0,0.0,0.0,0.0,0.0,0.0,500,0.55,UB&PB,66564
2500,0.9559922401002562,0.08094774084030938,0.03710249217146855,0.13961509826454724,0.08126964885749816,0.04077595124419002,0.13307667245908805,0.813639464663015,0.7039375019612107,0.9032548814030172,0.9751890547263662,0.02481094527363185,0.28541728627262114,0.2694031457783909,0.07647641451108168,0.4439782124639522,0.0013820711060704915,0.6914138951807574,0.3510998923576541,0.339349590651209,0.131805406106571,0.5398478972499166,0.3708028988706523,0.37445052170471177,0.3002085347310103,0.4438845692621861,0.42001509167100654,0.43189296147147477,0.32398469826350024,0.5276513742035686,0.3197874131848912,0.793019898228477,627.911085552745,557.6049342064913,724.0394220498113,500,0.55,UB&PB,66564
0,0.0,0.0,0.0,0.0,0.0,0.0,0.0,0.0,0.0,0.0,0.0,0.0,0.0,0.0,0.0,0.0,0.0,0.0,0.0,0.0,0.0,0.0,0.0,0.0,0.0,0.0,0.0,0.0,0.0,0.0,0.0,0.0,0.0,0.0,0.0,500,0.6,UB&PB,66564
2500,0.9671789562359316,0.0895737584910964,0.042754188834454296,0.15352625541815534,0.05272228524765094,0.023368363520727943,0.09230955584400174,0.8177184378492475,0.7184384914167204,0.9047687691140741,0.9685223880597011,0.031477611940298494,0.30954291005273643,0.2975229184695596,0.10037721385807587,0.47485726471565215,0.0019313686294675067,0.7221841867476906,0.37292322082985063,0.3617242358269924,0.1561698912982237,0.5694691776009893,0.3981445226311631,0.4015317323031856,0.3307230282204917,0.46822424415369024,0.4188858241310586,0.4299699590938762,0.3275257148498335,0.5210463023916311,0.3102559750077422,0.7868042074275458,602.3897997069239,546.7624477996792,679.3085362804668,500,0.6,UB&PB,66564
0,0.0,0.0,0.0,0.0,0.0,0.0,0.0,0.0,0.0,0.0,0.0,0.0,0.0,0.0,0.0,0.0,0.0,0.0,0.0,0.0,0.0,0.0,0.0,0.0,0.0,0.0,0.0,0.0,0.0,0.0,0.0,0.0,0.0,0.0,0.0,500,0.65,UB&PB,66564
2500,0.9787810708837681,0.0950422841060468,0.04375926136315257,0.1621898853346216,0.04991645919144771,0.021524427697422747,0.0881194568618309,0.8043174136415406,0.7061068762900333,0.8879760333361261,0.9650440653873498,0.034955934612651014,0.32094424253397286,0.310498470583599,0.11567072456345553,0.48743872003813865,0.0026455204233117474,0.7315069046353347,0.38278266995639915,0.3711123115053221,0.1708196496682718,0.581369892907568,0.40667812213231985,0.40935400754139273,0.3411549130813212,0.4742569800100952,0.4190006408034889,0.42884279829922833,0.3314790028928974,0.5161778079086669,0.3039426819227685,0.7602566686452529,599.5380522780891,546.7657117253302,671.7291602954084,500,0.65,UB&PB,66564
0,0.0,0.0,0.0,0.0,0.0,0.0,0.0,0.0,0.0,0.0,0.0,0.0,0.0,0.0,0.0,0.0,0.0,0.0,0.0,0.0,0.0,0.0,0.0,0.0,0.0,0.0,0.0,0.0,0.0,0.0,0.0,0.0,0.0,0.0,0.0,500,0.7,UB&PB,66564
2500,0.9906524065497797,0.10188651033912402,0.04804206022092692,0.17159246776663353,0.04201802999970408,0.01693061569397135,0.07607354343573237,0.7430592719281169,0.6544068628378655,0.8373405483007984,0.961841506751955,0.038158493248045405,0.3399693305610205,0.3312049445036793,0.14111373254571088,0.5096155812508059,0.004207729707094103,0.7467822322012445,0.39861460943213944,0.38645731837803526,0.19142252017420847,0.5998341823252417,0.41949968673651433,0.4221123509484002,0.35705298283141457,0.4842753565095052,0.4190066329153328,0.42784359805320765,0.33676508199046185,0.5098445390665938,0.3379415415438129,0.792154816991388,590.9189289917842,544.0460871059826,653.92571764657,500,0.7,UB&PB,66564
0,0.0,0.0,0.0,0.0,0.0,0.0,0.0,0.0,0.0,0.0,0.0,0.0,0.0,0.0,0.0,0.0,0.0,0.0,0.0,0.0,0.0,0.0,0.0,0.0,0.0,0.0,0.0,0.0,0.0,0.0,0.0,0.0,0.0,0.0,0.0,500,0.75,UB&PB,66564
2500,1.0080419199729436,0.08962998980499437,0.043971098292134754,0.15009107323461887,0.03463024084111365,0.013258916383960723,0.06471149507128682,0.7776284844091004,0.6918700632311029,0.860677514062723,0.9572359630419334,0.04276403695806675,0.35452839112732115,0.3436454660265861,0.1536337895882305,0.5325012171707891,0.005306324951412706,0.7676256705153659,0.4092172285973275,0.3959036286221244,0.1986717173390834,0.6177677272778072,0.4269770892210158,0.43058385382046466,0.3602155539844524,0.49708593362525144,0.418813635209485,0.4295321551465549,0.32862870205697,0.5199725695014786,0.34838813350239234,0.8465893605534731,578.8940959510182,540.0575635224366,632.8877418018441,500,0.75,UB&PB,66564
0,0.0,0.0,0.0,0.0,0.0,0.0,0.0,0.0,0.0,0.0,0.0,0.0,0.0,0.0,0.0,0.0,0.0,0.0,0.0,0.0,0.0,0.0,0.0,0.0,0.0,0.0,0.0,0.0,0.0,0.0,0.0,0.0,0.0,0.0,0.0,500,0.8,UB&PB,66564
2500,1.0219092569743404,0.0916807837403277,0.04320666119681273,0.15627637864427135,0.03374271193238068,0.012880623441274752,0.06311384544642938,0.7094754768089802,0.6023316244458947,0.814790497847252,0.9598571428571432,0.04014285714285697,0.37143001009975035,0.36036478416983303,0.1765722491529011,0.5520349947024663,0.009241400428659717,0.7794501214444278,0.4215425325544459,0.4075008238996712,0.21345745036614158,0.6321542437506686,0.4336905626688727,0.4375885950174974,0.36865956266844924,0.502390471697172,0.41899907688719473,0.42940845766574093,0.33027574651785124,0.5177376958845339,0.3701769030084226,0.8444821869256857,575.2822470444946,539.1667002174316,624.2088605431242,500,0.8,UB&PB,66564
0,0.0,0.0,0.0,0.0,0.0,0.0,0.0,0.0,0.0,0.0,0.0,0.0,0.0,0.0,0.0,0.0,0.0,0.0,0.0,0.0,0.0,0.0,0.0,0.0,0.0,0.0,0.0,0.0,0.0,0.0,0.0,0.0,0.0,0.0,0.0,500,0.85,UB&PB,66564
2500,1.0445121748590747,0.08108050865772955,0.03922979874378197,0.1330228617987114,0.029594973901421438,0.010777401058421166,0.0565440925094471,0.7743125327124339,0.6713963177853458,0.8721877893652931,0.9570888415067512,0.042911158493248044,0.38310415162195327,0.36961934072140173,0.1827857542345162,0.573368804919929,0.0114180722296741,0.7983658384585339,0.4286657706373008,0.4145537300005728,0.21442816420800756,0.6465008224702582,0.43841039203426324,0.44390310658567195,0.36787261863644155,0.5142373491123589,0.4191982604259939,0.4317303729611546,0.32079048404788,0.5297868367277598,0.3919647616676164,0.8822018510780216,566.4622784541016,536.7489873606389,608.3813209312204,500,0.85,UB&PB,66564
0,0.0,0.0,0.0,0.0,0.0,0.0,0.0,0.0,0.0,0.0,0.0,0.0,0.0,0.0,0.0,0.0,0.0,0.0,0.0,0.0,0.0,0.0,0.0,0.0,0.0,0.0,0.0,0.0,0.0,0.0,0.0,0.0,0.0,0.0,0.0,500,0.9,UB&PB,66564
2500,1.0666441829824143,0.07846966222197661,0.03692734371534502,0.13458973119420248,0.027736328222172868,0.009847303594237362,0.052593992736167085,0.7023334120412319,0.5694956017240851,0.8389594478360092,0.9553553660270073,0.04464463397299219,0.4034623471457805,0.39025406819053,0.205070611948291,0.5990588883588605,0.02005312934228506,0.8135902742528587,0.4412853876418007,0.42778806144274395,0.22472149507620975,0.6635283384184848,0.44500084057188916,0.45143759358392666,0.37412321881696764,0.5220695445918412,0.4197476715455493,0.43267738550701185,0.3207108141805706,0.531344934142548,0.40936761067942645,0.9130031283014007,561.701097892555,535.3261260778057,598.2703265095745,500,0.9,UB&PB,66564
0,0.0,0.0,0.0,0.0,0.0,0.0,0.0,0.0,0.0,0.0,0.0,0.0,0.0,0.0,0.0,0.0,0.0,0.0,0.0,0.0,0.0,0.0,0.0,0.0,0.0,0.0,0.0,0.0,0.0,0.0,0.0,0.0,0.0,0.0,0.0,500,0.95,UB&PB,66564
2500,1.0993311806456991,0.07148312450815401,0.0318235729011215,0.12569281772240926,0.025217134966720157,0.008565746316430712,0.04836380677760234,0.6696333744432019,0.5404787675912407,0.7899964008298861,0.9457789623312016,0.05422103766879885,0.42645543981298245,0.41505563294176234,0.22341673743341584,0.6299867971433459,0.03392591149125419,0.8343698263820335,0.4533719080777404,0.4420102462458399,0.22987644214423636,0.6818138958353971,0.4515745201562632,0.45937316310651116,0.3767172375735882,0.5339599087492232,0.41995621003339795,0.4339490843224358,0.31533092545387237,0.5382092206785477,0.43227328008829047,0.942909039556381,554.6745145860855,532.9037417852513,584.7136200905436,500,0.95,UB&PB,66564
0,0.0,0.0,0.0,0.0,0.0,0.0,0.0,0.0,0.0,0.0,0.0,0.0,0.0,0.0,0.0,0.0,0.0,0.0,0.0,0.0,0.0,0.0,0.0,0.0,0.0,0.0,0.0,0.0,0.0,0.0,0.0,0.0,0.0,0.0,0.0,500,0.05,UB&PB,41685
2500,0.9042056127046018,0.22253416764350673,0.09905476788234566,0.46477332492146983,0.8700954617285029,0.7848480655291125,0.9345166281205319,0.879006259574477,0.7915012778695801,0.9411389099097363,0.9690931058990749,0.03090689410092391,0.039770742877589506,4.112578268679737e-5,6.112957850883647e-8,0.009343125361339218,0.0,0.24243773517504483,0.0459648494825,0.0,0.0,0.01678985355429019,0.06124315535488979,0.0056272041058578895,1.2100838895648784e-5,0.07387658999994087,0.4178910393286058,0.4197353202278639,0.3804860820426183,0.4593697765874076,0.07155701611220776,0.5918998800784585,5409.035105051922,3856.776875396866,7965.341862429724,500,0.05,UB&PB,41685
0,0.0,0.0,0.0,0.0,0.0,0.0,0.0,0.0,0.0,0.0,0.0,0.0,0.0,0.0,0.0,0.0,0.0,0.0,0.0,0.0,0.0,0.0,0.0,0.0,0.0,0.0,0.0,0.0,0.0,0.0,0.0,0.0,0.0,0.0,0.0,500,0.1,UB&PB,41685
2500,0.9421334952763749,0.13047562811552174,0.05765271022022755,0.3422233929646799,0.864300608276606,0.7737072558194924,0.9354089680053935,0.5892653491837696,0.38565921048922386,0.7388696460325921,0.9762110874200435,0.023788912579957345,0.022297791176020123,0.00031874671392924283,5.712173344763091e-6,0.02534667602990088,0.0,0.10955052775462482,0.03039699723868377,2.6802313074140443e-5,0.0,0.04224624826695412,0.02432670233697937,0.006622781553427362,0.00020767437482010714,0.0317355904066473,0.4181128167806759,0.42166347363113704,0.3612610164791942,0.48090099751858334,0.03205096697781498,0.9707822658029143,5434.585520313681,4628.786963386871,6573.959025360834,500,0.1,UB&PB,41685
0,0.0,0.0,0.0,0.0,0.0,0.0,0.0,0.0,0.0,0.0,0.0,0.0,0.0,0.0,0.0,0.0,0.0,0.0,0.0,0.0,0.0,0.0,0.0,0.0,0.0,0.0,0.0,0.0,0.0,0.0,0.0,0.0,0.0,0.0,0.0,500,0.15,UB&PB,41685
2500,0.9553282074095801,0.14551449975832115,0.06823852193412186,0.2608914169081483,0.8472985654333176,0.7318684957845767,0.9262793949614159,0.62734070931191,0.48149721031331966,0.7726750562057696,0.9755778251599153,0.024422174840085274,0.026404954847170394,0.001100653549697815,2.626107413594211e-5,0.03786352222747363,0.0,0.11909207438705288,0.03762994997026062,0.00021247580397304884,0.0,0.06134950716858115,0.025098468121340718,0.009158533389405404,0.0004999006755043522,0.03486156656089261,0.4184200261440344,0.4230918311543518,0.35896955770561995,0.48402945087773536,0.033194024367382106,1.0302107167150447,4547.772867841602,3854.568522969303,5450.290248232133,500,0.15,UB&PB,41685
0,0.0,0.0,0.0,0.0,0.0,0.0,0.0,0.0,0.0,0.0,0.0,0.0,0.0,0.0,0.0,0.0,0.0,0.0,0.0,0.0,0.0,0.0,0.0,0.0,0.0,0.0,0.0,0.0,0.0,0.0,0.0,0.0,0.0,0.0,0.0,500,0.2,UB&PB,41685
2500,0.9644048843049348,0.2345615356103903,0.12729679571624075,0.38250717146363955,0.8784842655037746,0.78840819343104,0.9431810570735869,0.4604802661686897,0.2689052754508463,0.6801004349687815,0.9692693674484719,0.030730632551528116,0.028243282374059587,0.007211894075684297,0.00014323960007886675,0.04639173073349924,1.0569763045288518e-7,0.1066148815137645,0.03893508448373769,0.011913462508984231,0.0,0.06744689905829904,0.02565007142056471,0.011983554325425047,0.0006871617921505192,0.039964567195900275,0.41650644633807504,0.4185262460292366,0.3805655852226039,0.4564310615893071,0.024263157251254774,1.0956479462017619,5856.537827866427,5209.625046580158,6688.196783975585,500,0.2,UB&PB,41685
0,0.0,0.0,0.0,0.0,0.0,0.0,0.0,0.0,0.0,0.0,0.0,0.0,0.0,0.0,0.0,0.0,0.0,0.0,0.0,0.0,0.0,0.0,0.0,0.0,0.0,0.0,0.0,0.0,0.0,0.0,0.0,0.0,0.0,0.0,0.0,500,0.25,UB&PB,41685
2500,0.9675437975577494,0.22162256259116075,0.11706874685018526,0.35924672695737453,0.8359346415391569,0.7379429657206181,0.9138556097757604,0.48346451364546544,0.32125410307581515,0.7038762866509605,0.9705927505330492,0.029407249466950905,0.03708761902761578,0.013056839537537827,0.0003230390132995942,0.0629036433720575,2.6097582137854864e-7,0.13186132699920305,0.05118054430132406,0.020950873744551717,0.0,0.0900054837503737,0.03270341232224243,0.01824955482172258,0.0010253495939426596,0.05175849899068348,0.41765500832720603,0.41978124344802936,0.3802740158360104,0.45928437037081693,0.044181557343752995,0.9840579323211802,4620.1729435448815,4059.8195490513726,5280.823140473358,500,0.25,UB&PB,41685
0,0.0,0.0,0.0,0.0,0.0,0.0,0.0,0.0,0.0,0.0,0.0,0.0,0.0,0.0,0.0,0.0,0.0,0.0,0.0,0.0,0.0,0.0,0.0,0.0,0.0,0.0,0.0,0.0,0.0,0.0,0.0,0.0,0.0,0.0,0.0,500,0.3,UB&PB,41685
2500,0.9094867092109391,0.06800643405377758,0.029317589540584058,0.12147600605356101,0.19432972292278064,0.12655653973851397,0.2963741881264215,0.7074196083051714,0.6174721817083095,0.8072516166136016,0.9788734896943867,0.021126510305614746,0.18675009234295795,0.14463563690348935,0.008732627809638061,0.31185354019672673,0.0002689972444617018,0.5418577842155766,0.25002063460254154,0.2237508389830131,0.02246301981426831,0.40132239832511096,0.25158036179810256,0.2527839676570384,0.17197168070431823,0.3275948314162462,0.42010036442272786,0.4344743508199672,0.31189699841440865,0.5420792048024621,0.20281367573527165,0.748318486352192,793.9197629955198,648.9418997488167,1009.1454740563493,500,0.3,UB&PB,41685
0,0.0,0.0,0.0,0.0,0.0,0.0,0.0,0.0,0.0,0.0,0.0,0.0,0.0,0.0,0.0,0.0,0.0,0.0,0.0,0.0,0.0,0.0,0.0,0.0,0.0,0.0,0.0,0.0,0.0,0.0,0.0,0.0,0.0,0.0,0.0,500,0.35,UB&PB,41685
2500,0.9230659421652342,0.072600912655877,0.03209075431036566,0.1282622577600172,0.20280224716987752,0.13512087194846326,0.3000093390004274,0.7179372755667139,0.6090559224269736,0.8171530931439304,0.9810646766169149,0.018935323383084613,0.19020322276514387,0.1507806369542555,0.012260787414722387,0.3163765775238436,0.0003027033552054824,0.5415603885246012,0.25449408544115426,0.2302887306442962,0.03015585872605846,0.4068748369054413,0.24785570593621883,0.249835215480593,0.16885773582728855,0.3238641190771855,0.41996135393237255,0.43364688159450243,0.3167325978641404,0.5365979242089577,0.18995323005418213,0.8156603040725583,796.088827591019,655.2107743878599,996.4310639647682,500,0.35,UB&PB,41685
0,0.0,0.0,0.0,0.0,0.0,0.0,0.0,0.0,0.0,0.0,0.0,0.0,0.0,0.0,0.0,0.0,0.0,0.0,0.0,0.0,0.0,0.0,0.0,0.0,0.0,0.0,0.0,0.0,0.0,0.0,0.0,0.0,0.0,0.0,0.0,500,0.4,UB&PB,41685
2500,0.9288555365952773,0.07463719743006365,0.03407012677212785,0.1357105331912002,0.2605236862729995,0.1889460811257415,0.3447742782983741,0.576357640311402,0.45818035617858854,0.7214451292089441,0.9797988628287146,0.020201137171286458,0.20627666279452248,0.18488851304108203,0.036014331563104074,0.330758752166293,0.000567742795590752,0.5315070563712153,0.2681862698583445,0.2539396810900977,0.07682344723965452,0.4158646088338429,0.26619302154112445,0.26757498672368113,0.19759545818515975,0.33286486055330355,0.41963741209955663,0.4327794919376296,0.31731793699603444,0.5349079864569813,0.23713709183304246,0.7374541063008478,1020.5134127690708,854.5149743732085,1216.0064465673531,500,0.4,UB&PB,41685
0,0.0,0.0,0.0,0.0,0.0,0.0,0.0,0.0,0.0,0.0,0.0,0.0,0.0,0.0,0.0,0.0,0.0,0.0,0.0,0.0,0.0,0.0,0.0,0.0,0.0,0.0,0.0,0.0,0.0,0.0,0.0,0.0,0.0,0.0,0.0,500,0.45,UB&PB,41685
2500,0.9386545652564929,0.07349087319370645,0.03235945395905995,0.13065793377149226,0.1561603051606217,0.09627208718711512,0.2275593421165222,0.7605979947286738,0.6230441426857517,0.8586218835924297,0.9800859985785361,0.019914001421464125,0.2338147777801738,0.20828796033263494,0.03700023196975003,0.3755294431898189,0.0006971875355125445,0.6103409826331637,0.30082415415564395,0.28489421290331823,0.08123427205133468,0.4697864953246482,0.3043942658541459,0.3083453558890882,0.2299498988097631,0.3798860725499574,0.42017469934520757,0.4327789054327431,0.31959217825874364,0.5338746906856278,0.21486108555299901,0.7878242867296236,715.9308589846323,606.0258699889163,860.1906581670095,500,0.45,UB&PB,41685
0,0.0,0.0,0.0,0.0,0.0,0.0,0.0,0.0,0.0,0.0,0.0,0.0,0.0,0.0,0.0,0.0,0.0,0.0,0.0,0.0,0.0,0.0,0.0,0.0,0.0,0.0,0.0,0.0,0.0,0.0,0.0,0.0,0.0,0.0,0.0,500,0.5,UB&PB,41685
2500,0.948675105011213,0.08358280891849587,0.03879326177499735,0.1404228304155945,0.11765852510935321,0.07031499277047903,0.17505374961679934,0.8261279572167286,0.7045039913652545,0.91468959273821,0.9786204690831548,0.021379530916844358,0.2519143574252034,0.22931663448262857,0.04769890870036636,0.40070227863214275,0.0009229306718317908,0.6430497213224171,0.3191007584766724,0.3048232101664576,0.09620247402090858,0.4966572155153882,0.3283631208349887,0.33338539845487525,0.255690397622256,0.4039065104276156,0.42001506230103836,0.43212117717875126,0.3244769412618032,0.5277370298808165,0.2603798581999326,0.7604571330965201,674.0923195862626,585.7942051967412,796.0752932397045,500,0.5,UB&PB,41685
0,0.0,0.0,0.0,0.0,0.0,0.0,0.0,0.0,0.0,0.0,0.0,0.0,0.0,0.0,0.0,0.0,0.0,0.0,0.0,0.0,0.0,0.0,0.0,0.0,0.0,0.0,0.0,0.0,0.0,0.0,0.0,0.0,0.0,0.0,0.0,500,0.55,UB&PB,41685
2500,0.9553769572879567,0.08452675938397913,0.038150238701437016,0.144561122655825,0.06523578631059568,0.030649161749165144,0.11102495278344207,0.8202166298299133,0.7230932199885756,0.9067990913622969,0.9717789623312013,0.028221037668798882,0.2924076813337113,0.27709451757802683,0.08077387643331159,0.4540537498120745,0.0014092623190045776,0.7046621999037006,0.3575523624390544,0.34569775469485264,0.13657383748078208,0.5498418158980374,0.38127038216198766,0.384826933918414,0.3111366229812124,0.45392699494359384,0.41948601014768044,0.43080990166431277,0.32609083846480946,0.5239524447355034,0.30778314061509604,0.7954154045619055,614.4380756374673,550.4707005935741,704.428859646944,500,0.55,UB&PB,41685
0,0.0,0.0,0.0,0.0,0.0,0.0,0.0,0.0,0.0,0.0,0.0,0.0,0.0,0.0,0.0,0.0,0.0,0.0,0.0,0.0,0.0,0.0,0.0,0.0,0.0,0.0,0.0,0.0,0.0,0.0,0.0,0.0,0.0,0.0,0.0,500,0.6,UB&PB,41685
2500,0.9670824671994268,0.08982859960234783,0.04365333923365094,0.14995118636335616,0.05702201352595015,0.025677562280727716,0.09858473062160569,0.8226981677664149,0.7087523622781373,0.9054355730913086,0.9703340440653887,0.029665955934612638,0.30681420292705186,0.2941317757282803,0.09785299286473895,0.47114510504833856,0.0018971698735049344,0.7187545664664889,0.3702460355504443,0.3586004757479006,0.15373886123263225,0.5659791992528632,0.393530263604828,0.39705641479201925,0.3258950789210382,0.46415966136347026,0.4186101060617662,0.42916979593329285,0.32887782707946245,0.518754934367331,0.311620113056525,0.7646991337415194,606.191391675743,548.7025173053365,686.8765509173943,500,0.6,UB&PB,41685
0,0.0,0.0,0.0,0.0,0.0,0.0,0.0,0.0,0.0,0.0,0.0,0.0,0.0,0.0,0.0,0.0,0.0,0.0,0.0,0.0,0.0,0.0,0.0,0.0,0.0,0.0,0.0,0.0,0.0,0.0,0.0,0.0,0.0,0.0,0.0,500,0.65,UB&PB,41685
2500,0.9784575338241556,0.09427646435865024,0.044988755471507165,0.15683985548059579,0.04419951209371008,0.018441527347759043,0.07915061978086434,0.7665906535903846,0.6558504001399855,0.8576444973985651,0.9635451314854304,0.03645486851456996,0.33107164113094895,0.32163007398032106,0.12808341184437916,0.5001028157513411,0.002921676865685495,0.7414292001128372,0.3916929387623901,0.380211134767143,0.18096639881609197,0.5922911555753043,0.4149626774861228,0.4177771750117828,0.3497286297156099,0.48264211290094156,0.41924905326525447,0.4294839452172161,0.3311409657393492,0.5168092172850134,0.3168082303379227,0.8030525718148781,590.9627985889981,542.8085242692863,655.6099996471223,500,0.65,UB&PB,41685
0,0.0,0.0,0.0,0.0,0.0,0.0,0.0,0.0,0.0,0.0,0.0,0.0,0.0,0.0,0.0,0.0,0.0,0.0,0.0,0.0,0.0,0.0,0.0,0.0,0.0,0.0,0.0,0.0,0.0,0.0,0.0,0.0,0.0,0.0,0.0,500,0.7,UB&PB,41685
2500,0.9905590015568695,0.10004298608900068,0.049628187300443015,0.16266271824754389,0.039647928610343934,0.015644087726699642,0.07373576464306528,0.7462934919450465,0.6394083382221025,0.8504708732381225,0.960012082444918,0.0399879175550817,0.34144482786227254,0.33205277257410915,0.14189656836434253,0.5124500225587816,0.004308881469642208,0.7498532527203341,0.3995018998085438,0.3872010819071982,0.19075665279713486,0.6022272198043619,0.41971465021803506,0.42261848843326705,0.3560355565562387,0.4858674976455769,0.4185563485671218,0.42805625177594575,0.3346845852064274,0.5115837492547765,0.3417556518228599,0.8036787520343343,588.1174675176462,542.8508702542792,649.9218814692383,500,0.7,UB&PB,41685
0,0.0,0.0,0.0,0.0,0.0,0.0,0.0,0.0,0.0,0.0,0.0,0.0,0.0,0.0,0.0,0.0,0.0,0.0,0.0,0.0,0.0,0.0,0.0,0.0,0.0,0.0,0.0,0.0,0.0,0.0,0.0,0.0,0.0,0.0,0.0,500,0.75,UB&PB,41685
2500,1.0073994082500475,0.0877576117558284,0.041396771079510994,0.1524386071265844,0.03556182776988495,0.013689624413983482,0.06641978197987156,0.7495361618283358,0.6439875404294867,0.8458149444190648,0.9607746979388765,0.03922530206112304,0.3585596428351355,0.34812331737387003,0.15890298690505794,0.5371140987072416,0.005845245106135974,0.7702646969842919,0.4125953860731107,0.3992638214188878,0.20293094106687448,0.6216192091319678,0.42908605640342884,0.4327016534288255,0.3626502725497057,0.4990393934593266,0.41945914025915554,0.43036451452553726,0.32889791913490335,0.5206469594936122,0.36291824901839637,0.8226382296029399,577.9421690149579,539.2417162074147,630.8512482842201,500,0.75,UB&PB,41685
0,0.0,0.0,0.0,0.0,0.0,0.0,0.0,0.0,0.0,0.0,0.0,0.0,0.0,0.0,0.0,0.0,0.0,0.0,0.0,0.0,0.0,0.0,0.0,0.0,0.0,0.0,0.0,0.0,0.0,0.0,0.0,0.0,0.0,0.0,0.0,500,0.8,UB&PB,41685
2500,1.022562521311059,0.09513232568164337,0.04646198608586169,0.15850619188099815,0.030878549454831896,0.011358244250062238,0.05848121061759636,0.7140682766494948,0.6195292623645988,0.7974141382772335,0.9519118692253014,0.048088130774697986,0.3732001692491523,0.3621846109031847,0.17838198084955167,0.5543441593918368,0.010164856695805035,0.7806613116747465,0.42298718763905085,0.40879902059577844,0.21530865682917813,0.6340498145671892,0.43494226194061864,0.4387399201780672,0.36988451354681623,0.5035455071838899,0.41885515717966315,0.42875873215177374,0.33242882025376963,0.5145038637429685,0.35338493355079204,0.8309193141967677,574.162990731463,538.9442595234834,622.35768051649,500,0.8,UB&PB,41685
0,0.0,0.0,0.0,0.0,0.0,0.0,0.0,0.0,0.0,0.0,0.0,0.0,0.0,0.0,0.0,0.0,0.0,0.0,0.0,0.0,0.0,0.0,0.0,0.0,0.0,0.0,0.0,0.0,0.0,0.0,0.0,0.0,0.0,0.0,0.0,500,0.85,UB&PB,41685
2500,1.0435509677422947,0.07870977493715837,0.03669496351135519,0.13391394512151558,0.029312218709802405,0.010568997759347706,0.05628357504496556,0.757393438232531,0.6440708968096577,0.868012653445103,0.9528869936034124,0.04711300639658856,0.38500426701938334,0.37170252609721655,0.18537029204793268,0.5750911412890556,0.012024260540606894,0.7989514209882367,0.4299379741582741,0.41603346559359183,0.2158618014226719,0.6474850743331012,0.43967215881661276,0.4448606721498147,0.3687765963262423,0.5153928344942769,0.4197128929996106,0.4322233335073525,0.3214219963175357,0.5305213320074537,0.3695817190692951,0.82884262876708,566.006074352858,535.996375291401,608.390718106078,500,0.85,UB&PB,41685
0,0.0,0.0,0.0,0.0,0.0,0.0,0.0,0.0,0.0,0.0,0.0,0.0,0.0,0.0,0.0,0.0,0.0,0.0,0.0,0.0,0.0,0.0,0.0,0.0,0.0,0.0,0.0,0.0,0.0,0.0,0.0,0.0,0.0,0.0,0.0,500,0.9,UB&PB,41685
2500,1.067236785020002,0.07038890028991143,0.0312972563510388,0.12326282412281506,0.02735911216955573,0.009738818285887664,0.05233782190163222,0.7235533238943673,0.5909649089788562,0.8476998334993265,0.9541684434968015,0.04583155650319827,0.40451064361889083,0.3911646343255731,0.20354938812215218,0.6017804906176023,0.019663049848370168,0.8179242148592216,0.44166104727363786,0.4282809295199611,0.22351710060358468,0.6647244199195806,0.44569663567935747,0.4524081846766563,0.372156795478021,0.5256775676544962,0.4199027679871052,0.43371010266129334,0.31577840422063524,0.5378101916440918,0.39618034224271986,0.879351754228789,559.1709571120226,533.5994456453541,595.6323317708274,500,0.9,UB&PB,41685
0,0.0,0.0,0.0,0.0,0.0,0.0,0.0,0.0,0.0,0.0,0.0,0.0,0.0,0.0,0.0,0.0,0.0,0.0,0.0,0.0,0.0,0.0,0.0,0.0,0.0,0.0,0.0,0.0,0.0,0.0,0.0,0.0,0.0,0.0,0.0,500,0.95,UB&PB,41685
2500,1.1012534841463129,0.061361413622311844,0.027113561654316925,0.10878998899140307,0.02534011371784779,0.008552131058106188,0.049166132692606355,0.6819350346417676,0.5657015422801269,0.7914271578052746,0.9462665245202548,0.05373347547974424,0.4276997612529666,0.41650554728358413,0.2219322187348118,0.6336252353810132,0.03196067386694696,0.8391886526527178,0.45412929011836695,0.4431755047771846,0.22852124153033623,0.684056313479222,0.45354328305719516,0.46238090399085013,0.37526449555811064,0.5403976661084355,0.4207867450247055,0.43669646954479224,0.30716320778546397,0.5506895081273205,0.4229599218285424,0.9310770663920878,552.2215094855793,531.241769499679,581.8659039174033,500,0.95,UB&PB,41685
0,0.0,0.0,0.0,0.0,0.0,0.0,0.0,0.0,0.0,0.0,0.0,0.0,0.0,0.0,0.0,0.0,0.0,0.0,0.0,0.0,0.0,0.0,0.0,0.0,0.0,0.0,0.0,0.0,0.0,0.0,0.0,0.0,0.0,0.0,0.0,500,0.05,UB&PB,43557
2500,0.9038927199878751,0.16632477396713755,0.0771164498856592,0.30945623998551725,0.8228840448020195,0.7196554471750627,0.9186813611105286,0.7672651913453734,0.6383026464118895,0.8672529060724591,0.9710632551528074,0.028936744847192598,0.03470426358532184,4.849211401543444e-5,1.1782129641301878e-8,0.012113892660290577,0.0,0.19623675449691633,0.04189002342168461,0.0,0.0,0.02439712561594721,0.05054079365864776,0.004595381950377763,0.0,0.06408882941538513,0.4180461232372663,0.4220548932434253,0.36382539131736197,0.4779595848069088,0.024826907986465318,0.7316451228401897,4543.261240596774,3392.4449971521412,6334.053426349159,500,0.05,UB&PB,43557
0,0.0,0.0,0.0,0.0,0.0,0.0,0.0,0.0,0.0,0.0,0.0,0.0,0.0,0.0,0.0,0.0,0.0,0.0,0.0,0.0,0.0,0.0,0.0,0.0,0.0,0.0,0.0,0.0,0.0,0.0,0.0,0.0,0.0,0.0,0.0,500,0.1,UB&PB,43557
2500,0.9400305276626677,0.18459609774136074,0.09314322320575821,0.3263218724955127,0.8260595572065244,0.7391834353654844,0.9059121333292064,0.5497909304910323,0.42766226285397024,0.667859046832494,0.9772885572139308,0.02271144278606965,0.02278664902366363,0.0003354924797995854,4.865353475289624e-6,0.028782463716641095,0.0,0.11091159776664275,0.032119208506991265,2.28197923129765e-5,0.0,0.04894878084222511,0.024381308889346608,0.0064325837812908805,7.439836488571915e-5,0.03462554618399174,0.41829081119612993,0.42155977089982916,0.37055078549288617,0.47139272171062585,0.00871996446875602,1.7901088786483208,4813.210711381082,4119.23685426469,5779.292610210975,500,0.1,UB&PB,43557
0,0.0,0.0,0.0,0.0,0.0,0.0,0.0,0.0,0.0,0.0,0.0,0.0,0.0,0.0,0.0,0.0,0.0,0.0,0.0,0.0,0.0,0.0,0.0,0.0,0.0,0.0,0.0,0.0,0.0,0.0,0.0,0.0,0.0,0.0,0.0,500,0.15,UB&PB,43557
2500,0.9544871254783959,0.257611910290408,0.13742617127316809,0.46631439724935403,0.8621230541936603,0.7785745303869941,0.9376190940338689,0.5298841172325482,0.3406351890037019,0.7125297563091427,0.9731883439943145,0.026811656005685858,0.0250333096599828,0.002337642485334738,3.3178260679236016e-5,0.036276230934711384,0.0,0.10913441532825674,0.03412147967762481,0.003318925252126319,0.0,0.054589607568103146,0.02579342625630183,0.010488565259703228,0.0003656815413996025,0.03648000934244263,0.416799272770292,0.41829072287301694,0.38345750657969074,0.4537824834316205,0.03257901941665575,0.7994791998116456,6168.18778864551,5389.919145257277,7288.54741459568,500,0.15,UB&PB,43557
0,0.0,0.0,0.0,0.0,0.0,0.0,0.0,0.0,0.0,0.0,0.0,0.0,0.0,0.0,0.0,0.0,0.0,0.0,0.0,0.0,0.0,0.0,0.0,0.0,0.0,0.0,0.0,0.0,0.0,0.0,0.0,0.0,0.0,0.0,0.0,500,0.2,UB&PB,43557
2500,0.9608030434467812,0.2358089426911949,0.1287689990959217,0.34466130840695275,0.8576536720149953,0.7689879571263898,0.9267143852494674,0.32944079517032276,0.19920598867338443,0.5591588948250401,0.9726019900497519,0.02739800995024879,0.03181401966219164,0.01069935405544917,0.00021734340865004116,0.05483075512600473,6.040105358893664e-8,0.11263463748195604,0.04458940157226554,0.0194615929960248,0.0,0.07880703136706849,0.02854083974703734,0.016123125512160056,0.0007821324689568813,0.04638676363905512,0.41743450785966496,0.4200726647495699,0.3773281539937305,0.4616712257418008,0.023670068568623692,0.9929592638321008,5131.241805786142,4569.576689193398,5760.131451875162,500,0.2,UB&PB,43557
0,0.0,0.0,0.0,0.0,0.0,0.0,0.0,0.0,0.0,0.0,0.0,0.0,0.0,0.0,0.0,0.0,0.0,0.0,0.0,0.0,0.0,0.0,0.0,0.0,0.0,0.0,0.0,0.0,0.0,0.0,0.0,0.0,0.0,0.0,0.0,500,0.25,UB&PB,43557
2500,0.9240815830540807,0.07908482708329503,0.034826820908175314,0.14251949663882624,0.45779903216098145,0.33512548517873253,0.6052762710314941,0.5301521810703382,0.42484111529316415,0.6480956009186101,0.9809132906894106,0.019086709310589933,0.10579896406195519,0.058586140650522006,0.0011445605287995384,0.18128268597696537,2.9250198467552776e-5,0.347655036371379,0.1514909128786477,0.11318577508320549,0.0005377622263103468,0.2511944658302957,0.12588022233030388,0.12016438998529608,0.05408808769664662,0.18158783167032236,0.4194223256814941,0.4306868625923241,0.32459604988363505,0.5255255619076494,0.10868421557410002,0.7954559993761914,1360.1255160435549,1063.7394251669568,1743.2506196717961,500,0.25,UB&PB,43557
0,0.0,0.0,0.0,0.0,0.0,0.0,0.0,0.0,0.0,0.0,0.0,0.0,0.0,0.0,0.0,0.0,0.0,0.0,0.0,0.0,0.0,0.0,0.0,0.0,0.0,0.0,0.0,0.0,0.0,0.0,0.0,0.0,0.0,0.0,0.0,500,0.3,UB&PB,43557
2500,0.9745593682684085,0.3248233566502665,0.15172616101904832,0.5597875216334356,0.8997455817922877,0.8249769734514172,0.9545112890369659,0.3559555732121502,0.2308943865118172,0.5242700541738375,0.9551186922530198,0.0448813077469794,0.03511488567015407,0.02139575265862838,0.0016989498044455435,0.05707975315409584,9.394225202485368e-6,0.1090936036722194,0.04501531596803484,0.03062525513515337,0.0010140939647464197,0.07515107559451764,0.03264026803113694,0.022604261901257597,0.004853151933940676,0.04957822577890907,0.4177463232078213,0.4185968161837959,0.39183006988242375,0.44645702641175333,0.053352207115940575,0.9225349003678988,7085.697987108798,6456.261970161922,7788.314385897938,500,0.3,UB&PB,43557
0,0.0,0.0,0.0,0.0,0.0,0.0,0.0,0.0,0.0,0.0,0.0,0.0,0.0,0.0,0.0,0.0,0.0,0.0,0.0,0.0,0.0,0.0,0.0,0.0,0.0,0.0,0.0,0.0,0.0,0.0,0.0,0.0,0.0,0.0,0.0,500,0.35,UB&PB,43557
2500,0.9715195530994786,0.2646987518057003,0.11741265992210168,0.43008039111020846,0.8291854085201917,0.7246055379863684,0.9150538150486242,0.37239962580473757,0.17851715314042851,0.5497099425887162,0.9610383795309154,0.03896162046908321,0.05733818234624339,0.04090866180169327,0.0031159888209738927,0.09360452999950365,1.5983525767327796e-5,0.16920431808184297,0.07432174356906315,0.059196037325923184,0.0025151375983889944,0.12169681127015701,0.055507776784416915,0.047208895406982386,0.015650213326130445,0.08224164183760062,0.4168770165144812,0.4192167725785279,0.3778821306699993,0.4600440460476353,0.18080067789673687,0.7892815158084581,5118.044072245606,4565.546122819195,5698.853377086979,500,0.35,UB&PB,43557
0,0.0,0.0,0.0,0.0,0.0,0.0,0.0,0.0,0.0,0.0,0.0,0.0,0.0,0.0,0.0,0.0,0.0,0.0,0.0,0.0,0.0,0.0,0.0,0.0,0.0,0.0,0.0,0.0,0.0,0.0,0.0,0.0,0.0,0.0,0.0,500,0.4,UB&PB,43557
2500,0.9301907021864688,0.07282764130931754,0.03202915663377087,0.12991222420987494,0.20730505625800572,0.12802281443485672,0.28303248390350855,0.723848560742918,0.613979730978473,0.8309478912453625,0.9784541577825173,0.02154584221748394,0.21513450639678863,0.18435809189800959,0.027680643210620467,0.3486062429465086,0.0005029633373496491,0.5794132241689515,0.2789485956260066,0.2592947613282267,0.0612540665864724,0.4383538748550175,0.2806015318201777,0.28207196763240905,0.20497293891210155,0.3539787770481533,0.4203669084818737,0.433669968476682,0.31837772739228176,0.5358503856691648,0.21061101897176612,0.7680960156587597,857.5308122501226,693.0363077771357,1042.2554317918002,500,0.4,UB&PB,43557
0,0.0,0.0,0.0,0.0,0.0,0.0,0.0,0.0,0.0,0.0,0.0,0.0,0.0,0.0,0.0,0.0,0.0,0.0,0.0,0.0,0.0,0.0,0.0,0.0,0.0,0.0,0.0,0.0,0.0,0.0,0.0,0.0,0.0,0.0,0.0,500,0.45,UB&PB,43557
2500,0.9378790857482041,0.06875744840080536,0.030046604429376088,0.12220347299049948,0.14681365654120665,0.09066839703735824,0.21551578697974413,0.752258335493526,0.6322689690959963,0.8545094982555771,0.9800859985785353,0.019914001421464128,0.2385536666746615,0.21295880882463278,0.03926779677474528,0.382499048939878,0.0007102075225808779,0.6208298957368238,0.3056665055625516,0.28988806029797287,0.08443831234957053,0.4768880167850497,0.30975890396952804,0.313350202112742,0.2342946418194678,0.38614162087175696,0.4205652558384872,0.4348159533095472,0.31394748772781944,0.5412849437798666,0.2306496459354048,0.7128566352664121,701.0337029244052,597.627527906207,838.6748732714135,500,0.45,UB&PB,43557
0,0.0,0.0,0.0,0.0,0.0,0.0,0.0,0.0,0.0,0.0,0.0,0.0,0.0,0.0,0.0,0.0,0.0,0.0,0.0,0.0,0.0,0.0,0.0,0.0,0.0,0.0,0.0,0.0,0.0,0.0,0.0,0.0,0.0,0.0,0.0,500,0.5,UB&PB,43557
2500,0.9435627166297558,0.07531482254915767,0.0337042811451212,0.13354840100636384,0.07153619900049459,0.036597334643851225,0.11621321425278305,0.813597299031935,0.7162874869297674,0.9001905524650954,0.9738294243070359,0.026170575692963775,0.28332733309026054,0.26577276857144005,0.07069855333769355,0.4436326289036754,0.0011083388947043075,0.6946550244748552,0.3493340022426894,0.3375961303395587,0.12428861301493185,0.539410945967484,0.37312341666246845,0.3765687154337741,0.3005824588232229,0.4478556931016911,0.4196285215653011,0.43232247230403953,0.31990746917749496,0.5318286346063755,0.2722780016885271,0.7714588122175952,619.7304247785274,552.0768241864065,712.1655408545354,500,0.5,UB&PB,43557
0,0.0,0.0,0.0,0.0,0.0,0.0,0.0,0.0,0.0,0.0,0.0,0.0,0.0,0.0,0.0,0.0,0.0,0.0,0.0,0.0,0.0,0.0,0.0,0.0,0.0,0.0,0.0,0.0,0.0,0.0,0.0,0.0,0.0,0.0,0.0,500,0.55,UB&PB,43557
2500,0.9546470007668876,0.08298676242727103,0.03712257984343985,0.14660712705469925,0.08253176931745673,0.04263552545881345,0.13231152079212247,0.7868061450928556,0.6772244872048032,0.870973216711897,0.9748933901918989,0.025106609808102347,0.2873615186713342,0.2725613929578204,0.08107172717156341,0.4451827766882005,0.0014686485058205388,0.6901848885309505,0.3531460763814225,0.3417770912038408,0.13693115828786098,0.5408104824571235,0.3732831016504749,0.37687458858595874,0.30422794176170215,0.444547102021214,0.4196447651263229,0.431113345319243,0.325691970867487,0.5247564732181238,0.2902653322478573,0.8095875612685278,629.3683273121368,558.5197996908171,723.0789187062073,500,0.55,UB&PB,43557
0,0.0,0.0,0.0,0.0,0.0,0.0,0.0,0.0,0.0,0.0,0.0,0.0,0.0,0.0,0.0,0.0,0.0,0.0,0.0,0.0,0.0,0.0,0.0,0.0,0.0,0.0,0.0,0.0,0.0,0.0,0.0,0.0,0.0,0.0,0.0,500,0.6,UB&PB,43557
2500,0.9662286807621465,0.0932537401223314,0.0427533955431558,0.16378212878489093,0.06389682735970731,0.029192178097648645,0.10978747108048396,0.8045701723334329,0.7117805739658534,0.8787475188713132,0.9709367448471937,0.029063255152807388,0.3039692841947517,0.29179016603990915,0.09765267568920226,0.46589572506183496,0.002058073103874499,0.7106767829731647,0.36779541146705125,0.3571051490440745,0.15302554082863934,0.5608744035789224,0.3913399921664759,0.39505609678981435,0.32535181325786383,0.46022758383572526,0.41952375743473036,0.42964425937461825,0.33218493917895386,0.5169895791072802,0.2792980080073123,0.7759754637487049,615.0551946762077,552.2166388963282,699.3565121782037,500,0.6,UB&PB,43557
0,0.0,0.0,0.0,0.0,0.0,0.0,0.0,0.0,0.0,0.0,0.0,0.0,0.0,0.0,0.0,0.0,0.0,0.0,0.0,0.0,0.0,0.0,0.0,0.0,0.0,0.0,0.0,0.0,0.0,0.0,0.0,0.0,0.0,0.0,0.0,500,0.65,UB&PB,43557
2500,0.9889967626086366,0.27893892156549005,0.1711728201472354,0.4207881223819902,0.6966153639149412,0.5943437348440842,0.7908585466585949,0.49628342021468347,0.35604789396476894,0.677997299202408,0.9524719260838668,0.04752807391613362,0.11847228912213661,0.10718057151193093,0.03751778524966419,0.1781682283700775,0.0012649862245056594,0.28634261502300773,0.14189168005734093,0.1312037262468228,0.04112473636988728,0.21717361933068183,0.12832918337503835,0.12041322267547223,0.07856651197354872,0.16339226977406804,0.41794454657785934,0.4203611421062015,0.3809985221714882,0.45897397084974434,0.3264032000411366,0.784919309120619,3661.40240641214,3196.9741549025293,4145.035261705667,500,0.65,UB&PB,43557
0,0.0,0.0,0.0,0.0,0.0,0.0,0.0,0.0,0.0,0.0,0.0,0.0,0.0,0.0,0.0,0.0,0.0,0.0,0.0,0.0,0.0,0.0,0.0,0.0,0.0,0.0,0.0,0.0,0.0,0.0,0.0,0.0,0.0,0.0,0.0,500,0.7,UB&PB,43557
2500,0.9933398699913167,0.08305050037492234,0.03987246664364239,0.14094914242294362,0.0396339690407989,0.015752469851842595,0.07341208026852426,0.7936767921738629,0.6827739720341819,0.8917570020368004,0.9629012082444918,0.037098791755508204,0.3424488162472271,0.3316566892616388,0.13772668198926438,0.5177062192857277,0.003641627751281306,0.7583753599960547,0.400163841401013,0.38755542871001025,0.1873541460921098,0.6066157322679572,0.4209374744134065,0.42446250213218556,0.35270183155532486,0.4923441507775045,0.4197246360300323,0.43144876136616445,0.3257865990084169,0.525407506631289,0.3294933623033602,0.8134322437308976,582.5150502719681,540.0758514845186,641.6861699009448,500,0.7,UB&PB,43557
0,0.0,0.0,0.0,0.0,0.0,0.0,0.0,0.0,0.0,0.0,0.0,0.0,0.0,0.0,0.0,0.0,0.0,0.0,0.0,0.0,0.0,0.0,0.0,0.0,0.0,0.0,0.0,0.0,0.0,0.0,0.0,0.0,0.0,0.0,0.0,500,0.75,UB&PB,43557
2500,1.0084255373524598,0.08233717382675194,0.0395465246499597,0.13759518510473923,0.03472807720031582,0.013368236868503143,0.064509200058667,0.7428288132752799,0.6462524755976881,0.835856860266477,0.9600788912579963,0.03992110874200425,0.36179525453595335,0.3508514062265215,0.1612934013026517,0.5422746419190175,0.006032191018618394,0.7754265768954699,0.41522946030608365,0.40255155286603445,0.20416656200400632,0.625531158202639,0.43149349351074534,0.4357414383825625,0.36258806900474044,0.5042644185820733,0.4195611006459024,0.43160380613180505,0.32358918505962514,0.527422693656006,0.3543324139069101,0.814972301086358,573.9955094647972,537.7038459326641,623.6119865160447,500,0.75,UB&PB,43557
0,0.0,0.0,0.0,0.0,0.0,0.0,0.0,0.0,0.0,0.0,0.0,0.0,0.0,0.0,0.0,0.0,0.0,0.0,0.0,0.0,0.0,0.0,0.0,0.0,0.0,0.0,0.0,0.0,0.0,0.0,0.0,0.0,0.0,0.0,0.0,500,0.8,UB&PB,43557
2500,1.0256602177679437,0.074574112699041,0.03539835641885278,0.12488837760829725,0.03179949009917734,0.011920826502035041,0.05969196849377717,0.7361053131648554,0.6278430585964606,0.830422978862271,0.957413646055437,0.042586353944562845,0.37820654530512515,0.36623635789977416,0.17831741382659558,0.5653146688888095,0.009093551804499906,0.7927003473939577,0.42684342365120487,0.41366675331140357,0.21398978857061113,0.6423681319400909,0.43873057836375917,0.4442809276616352,0.36717724755571063,0.5151892722103794,0.4196454984458967,0.43326621316831465,0.3170538476047911,0.5353709214041006,0.3949148802066462,0.881601451193537,566.4872525555116,535.262685608359,609.5331435501306,500,0.8,UB&PB,43557
0,0.0,0.0,0.0,0.0,0.0,0.0,0.0,0.0,0.0,0.0,0.0,0.0,0.0,0.0,0.0,0.0,0.0,0.0,0.0,0.0,0.0,0.0,0.0,0.0,0.0,0.0,0.0,0.0,0.0,0.0,0.0,0.0,0.0,0.0,0.0,500,0.85,UB&PB,43557
2500,1.0433213262621035,0.0821484390652095,0.0382297842617846,0.1379956299215071,0.029348056546216996,0.010575714936194892,0.05588700972460333,0.7218696998800286,0.6016704754842677,0.8324619348561695,0.9555678749111592,0.04443212508884155,0.38849002974706676,0.3759278033821206,0.19088091161590037,0.578354377483955,0.013216676740548225,0.7995207314745493,0.4329357064758421,0.41895570895682976,0.2202303681453798,0.6506803266103417,0.4406299347038868,0.4460548707212964,0.37092963515178373,0.5156111897424667,0.4190231898451742,0.43121324802104605,0.32259995032707,0.527599617426846,0.3805232144244797,0.8627097389161523,565.9201427124449,536.0355078766902,606.7908445916839,500,0.85,UB&PB,43557
0,0.0,0.0,0.0,0.0,0.0,0.0,0.0,0.0,0.0,0.0,0.0,0.0,0.0,0.0,0.0,0.0,0.0,0.0,0.0,0.0,0.0,0.0,0.0,0.0,0.0,0.0,0.0,0.0,0.0,0.0,0.0,0.0,0.0,0.0,0.0,500,0.9,UB&PB,43557
2500,1.067846631961601,0.07280904054240613,0.03263995113917156,0.1251065884444687,0.027385326871712606,0.009629424894987266,0.05240102038727926,0.731541857162867,0.6002930667442226,0.8289920334670338,0.951126510305615,0.048873489694385173,0.4055251560016456,0.39262439430718915,0.20479441744700644,0.6028965645781603,0.01955382518407402,0.8177919364611123,0.4428936767255979,0.43037792205823633,0.22489322307602522,0.6658882256258557,0.4470619623712644,0.4541340089077909,0.37331225304172866,0.527437596436031,0.420444866934862,0.43458967884146804,0.315499611573818,0.5392425788159029,0.41511013960943927,0.943945748860278,559.4213053053196,533.8796725443665,595.0337052630596,500,0.9,UB&PB,43557
0,0.0,0.0,0.0,0.0,0.0,0.0,0.0,0.0,0.0,0.0,0.0,0.0,0.0,0.0,0.0,0.0,0.0,0.0,0.0,0.0,0.0,0.0,0.0,0.0,0.0,0.0,0.0,0.0,0.0,0.0,0.0,0.0,0.0,0.0,0.0,500,0.95,UB&PB,43557
2500,1.100494583980797,0.06466205768594835,0.028602288554852976,0.11403576107874362,0.02559623400617518,0.008752165581004697,0.04938104266308043,0.7307071282177836,0.5897067194707614,0.8481115375589074,0.9442203269367455,0.055779673063255236,0.42389565362041176,0.4121943443711411,0.21792096686855456,0.6292865168483209,0.030050015150156484,0.8360896032152918,0.45128675701117504,0.4400817433182959,0.22586969292214074,0.6814267825597767,0.45218496404509106,0.46046311131373585,0.3749506715391271,0.5373107226448276,0.42064827985507885,0.43601315444959376,0.3097216172773831,0.546869443547976,0.4209144356002236,0.9299489232110383,553.7723618312926,532.1616109008953,584.6363100335682,500,0.95,UB&PB,43557
0,0.0,0.0,0.0,0.0,0.0,0.0,0.0,0.0,0.0,0.0,0.0,0.0,0.0,0.0,0.0,0.0,0.0,0.0,0.0,0.0,0.0,0.0,0.0,0.0,0.0,0.0,0.0,0.0,0.0,0.0,0.0,0.0,0.0,0.0,0.0,500,0.05,UB&PB,19969
2500,0.9038687735915245,0.14482471273883457,0.07551008598996727,0.25318274236233523,0.8391056643126831,0.7456730274417049,0.9170665729963388,0.8470380326110599,0.7386862864348432,0.9235800479387486,0.9694115138592757,0.030588486140724923,0.039017539863394304,4.3114103997548834e-5,9.638108609079712e-9,0.01086197105450229,0.0,0.229634047200785,0.045988297069358454,0.0,0.0,0.020912805467742362,0.05740095428933949,0.004817384122057484,0.0,0.06966904228440116,0.41800008409925415,0.42319236562826035,0.3578394660202231,0.48471137697397104,0.03981437242475177,0.7044377138697104,4706.428040305769,3407.637895041478,6804.526136128499,500,0.05,UB&PB,19969
0,0.0,0.0,0.0,0.0,0.0,0.0,0.0,0.0,0.0,0.0,0.0,0.0,0.0,0.0,0.0,0.0,0.0,0.0,0.0,0.0,0.0,0.0,0.0,0.0,0.0,0.0,0.0,0.0,0.0,0.0,0.0,0.0,0.0,0.0,0.0,500,0.1,UB&PB,19969
2500,0.9482020397979919,0.2487491955947131,0.12194802095382588,0.41015071035054645,0.8886382745695746,0.8228705118215994,0.9465925704470193,0.43750052852872406,0.27335613602114994,0.5930576079323259,0.9746574271499645,0.025342572850035508,0.018068176703947274,0.0008161833245433697,7.779635199796358e-6,0.023833525692861724,0.0,0.08270304435653678,0.025018735665730443,0.0009754392182431861,0.0,0.0387682320896951,0.018340308179016166,0.0051471746700774215,6.776605170057247e-5,0.0256716294343642,0.4173914163167918,0.41913801198282225,0.3819473346342133,0.45657044593801055,0.01969905811030455,0.9711690555895081,7053.304495698926,6321.954727073088,8082.616258337448,500,0.1,UB&PB,19969
0,0.0,0.0,0.0,0.0,0.0,0.0,0.0,0.0,0.0,0.0,0.0,0.0,0.0,0.0,0.0,0.0,0.0,0.0,0.0,0.0,0.0,0.0,0.0,0.0,0.0,0.0,0.0,0.0,0.0,0.0,0.0,0.0,0.0,0.0,0.0,500,0.15,UB&PB,19969
2500,0.9608435208016823,0.2055183034659057,0.10136185309483198,0.346559050306295,0.8847670022205274,0.7993318189944366,0.9484921089292224,0.6112968463066842,0.4605756996002162,0.7375123026960553,0.9726481876332614,0.027351812366737713,0.02228590209966288,0.0011342220484410765,2.2198601721702172e-5,0.03033992702608988,0.0,0.10099761968360482,0.030792932669105738,0.00032907713359290003,0.0,0.048302611917523004,0.021253698309715168,0.006913603125969456,0.0003189003815235993,0.02787351724276648,0.4176527434303258,0.42028785242503136,0.3729105641666932,0.467151679356745,0.045161427159144334,0.7712962642078104,6047.897259065349,5297.936185898862,7113.287906445847,500,0.15,UB&PB,19969
0,0.0,0.0,0.0,0.0,0.0,0.0,0.0,0.0,0.0,0.0,0.0,0.0,0.0,0.0,0.0,0.0,0.0,0.0,0.0,0.0,0.0,0.0,0.0,0.0,0.0,0.0,0.0,0.0,0.0,0.0,0.0,0.0,0.0,0.0,0.0,500,0.2,UB&PB,19969
2500,0.9685665567039164,0.35397069790064434,0.167874707893901,0.5041964684363295,0.8949899767696115,0.8146223794913744,0.949379756711026,0.5641703627312021,0.3697111333165538,0.7478407240832405,0.9675366027007806,0.03246339729921823,0.024083789371460083,0.0034589363652011954,5.76133507144686e-5,0.03677391183872281,0.0,0.09954187634919358,0.032178334572387786,0.00393944957987805,0.0,0.05413423869305204,0.022731481135963627,0.00785717326458341,0.00031805895160700253,0.033072484910770784,0.41737543274449934,0.41821518679003983,0.39138180488020063,0.44612704184664287,0.018591434114146148,1.213262235624181,6983.739257638544,6249.036119965988,8050.81896922854,500,0.2,UB&PB,19969
0,0.0,0.0,0.0,0.0,0.0,0.0,0.0,0.0,0.0,0.0,0.0,0.0,0.0,0.0,0.0,0.0,0.0,0.0,0.0,0.0,0.0,0.0,0.0,0.0,0.0,0.0,0.0,0.0,0.0,0.0,0.0,0.0,0.0,0.0,0.0,500,0.25,UB&PB,19969
2500,0.9339254839287784,0.08636098283858376,0.03926607930752002,0.1542371376969148,0.5245312183606688,0.41159987357893074,0.6495543648045913,0.5608206540411742,0.448820629834839,0.6759850445465214,0.978044065387348,0.02195593461265101,0.09283621823798609,0.046809495359445306,0.0008671022083051066,0.15976602904988116,2.8033308815889287e-5,0.3108591726666266,0.13188051970360037,0.09165203866974393,0.000370614139493385,0.2212048851008021,0.10880292334400447,0.09992192781805159,0.042873231789630095,0.15836937348175661,0.4197266174312957,0.4304294826551966,0.3287882991641817,0.5213071006440788,0.05788776299628264,0.8176506171184421,1810.877174999893,1471.5430670978124,2217.404887255768,500,0.25,UB&PB,19969
0,0.0,0.0,0.0,0.0,0.0,0.0,0.0,0.0,0.0,0.0,0.0,0.0,0.0,0.0,0.0,0.0,0.0,0.0,0.0,0.0,0.0,0.0,0.0,0.0,0.0,0.0,0.0,0.0,0.0,0.0,0.0,0.0,0.0,0.0,0.0,500,0.3,UB&PB,19969
2500,0.9207985102664239,0.07414745295043212,0.03226271677898085,0.13430615514122637,0.31424452632508004,0.23928218351684039,0.400744341848495,0.627662519713014,0.4856459753783786,0.7859805349903003,0.9798159203980099,0.020184079601990028,0.14798325975579768,0.10329920700420878,0.0034136353778189328,0.25173889579202463,0.00012475713126546228,0.4481736748428409,0.20565151585522828,0.17566810479832706,0.006323858393191948,0.33575135739137674,0.187630488034817,0.18679560862165148,0.10958402730919566,0.2570075395528772,0.42004732182558996,0.4328369600501294,0.3196918039692726,0.5330612793556568,0.11512834822196508,0.8643833982057186,975.2268748598533,796.935822861704,1210.4962058036922,500,0.3,UB&PB,19969
0,0.0,0.0,0.0,0.0,0.0,0.0,0.0,0.0,0.0,0.0,0.0,0.0,0.0,0.0,0.0,0.0,0.0,0.0,0.0,0.0,0.0,0.0,0.0,0.0,0.0,0.0,0.0,0.0,0.0,0.0,0.0,0.0,0.0,0.0,0.0,500,0.35,UB&PB,19969
2500,0.9280670391208922,0.06347746324132764,0.026906689568050448,0.11567808794462212,0.19591562244509067,0.12946655653425415,0.2746290359575853,0.8424258145704664,0.7451016929451622,0.9163673843221394,0.98043354655295,0.019566453447050436,0.18414437527237382,0.13633071110888004,0.007469013924730704,0.30917965371433875,0.00022044168595463545,0.5459462635052125,0.2465563164074788,0.21547943121315918,0.01652120275516929,0.4009128410067202,0.23666533581969332,0.2375647505683085,0.1502498322838976,0.31673052487367653,0.4201799967375384,0.43515868489742743,0.31032650071224904,0.5452257667135648,0.18297700279931878,0.7202478096600562,797.9866481611809,658.427030281181,1011.1522535577797,500,0.35,UB&PB,19969
0,0.0,0.0,0.0,0.0,0.0,0.0,0.0,0.0,0.0,0.0,0.0,0.0,0.0,0.0,0.0,0.0,0.0,0.0,0.0,0.0,0.0,0.0,0.0,0.0,0.0,0.0,0.0,0.0,0.0,0.0,0.0,0.0,0.0,0.0,0.0,500,0.4,UB&PB,19969
2500,0.932124054537752,0.0688002348618248,0.029519333273160617,0.12314296841613145,0.19859691764594523,0.12757594046687007,0.2849924412068989,0.7384338467583854,0.6180345086075627,0.8599318994229449,0.9810049751243772,0.01899502487562188,0.20661423727470585,0.17350491402434323,0.020405810419980693,0.33845763491276937,0.0004230002984401636,0.5663899624243617,0.2712695033160694,0.25067702383344764,0.048218990138093554,0.43017857930447023,0.2651115996866803,0.2685470143027936,0.1874870304777638,0.34228352415176583,0.4201165993456966,0.43402155452468993,0.31448536060882804,0.540133176019826,0.21083280154426254,0.8438230736663079,795.9192530169901,658.0197729030208,982.4515209809383,500,0.4,UB&PB,19969
0,0.0,0.0,0.0,0.0,0.0,0.0,0.0,0.0,0.0,0.0,0.0,0.0,0.0,0.0,0.0,0.0,0.0,0.0,0.0,0.0,0.0,0.0,0.0,0.0,0.0,0.0,0.0,0.0,0.0,0.0,0.0,0.0,0.0,0.0,0.0,500,0.45,UB&PB,19969
2500,0.9321200417371497,0.07775924252693191,0.03493811819402043,0.13508704045288938,0.11131879702836393,0.06305076532027754,0.17515667277458447,0.742782802973793,0.647875141317814,0.841825036439598,0.9778663823738444,0.022133617626154952,0.25659220321281634,0.23495255034862567,0.05224620366583958,0.4068085829417357,0.0008458236778399167,0.6494890420609399,0.3241637122883914,0.31111250402806034,0.10314037871647817,0.501570859050592,0.3412125987050926,0.34450365468203364,0.26855038537074455,0.4153679583575561,0.4195402957667648,0.4321419591208612,0.31939941770676217,0.5323137611123978,0.25608498405814906,0.7733245447215397,661.5356068129145,570.8795762668937,781.6239219602267,500,0.45,UB&PB,19969
0,0.0,0.0,0.0,0.0,0.0,0.0,0.0,0.0,0.0,0.0,0.0,0.0,0.0,0.0,0.0,0.0,0.0,0.0,0.0,0.0,0.0,0.0,0.0,0.0,0.0,0.0,0.0,0.0,0.0,0.0,0.0,0.0,0.0,0.0,0.0,500,0.5,UB&PB,19969
2500,0.9460887169119696,0.0702249727359901,0.029946535385413156,0.12301479642176476,0.10027091796708122,0.05588867193641295,0.15345410639486354,0.8155545041455304,0.7228529724845751,0.8853891969275907,0.9788422174840091,0.021157782515991437,0.26800310806364874,0.24773003381433642,0.05969357010797684,0.42307699027447837,0.0010251628810816476,0.6694170452445507,0.3351502879476849,0.3219725461789575,0.11285683329538959,0.518857067398289,0.35122867674883307,0.35451177737645956,0.27773992882420234,0.4265382492727742,0.42000216412874697,0.4342914727335662,0.31392029387260606,0.5400302361989098,0.278141714053706,0.7530745297251707,644.74065879611,565.413595645033,749.4558244626386,500,0.5,UB&PB,19969
0,0.0,0.0,0.0,0.0,0.0,0.0,0.0,0.0,0.0,0.0,0.0,0.0,0.0,0.0,0.0,0.0,0.0,0.0,0.0,0.0,0.0,0.0,0.0,0.0,0.0,0.0,0.0,0.0,0.0,0.0,0.0,0.0,0.0,0.0,0.0,500,0.55,UB&PB,19969
2500,0.9552832553813994,0.07873363841798546,0.035064797606886224,0.1433701606532399,0.07508017917023553,0.03791843076286548,0.12181624371786205,0.8156178406659416,0.7185045126579495,0.9064030397772128,0.972955223880597,0.02704477611940296,0.2874333180822013,0.27133605795681465,0.07722045489956705,0.44732149479082817,0.0013825642667378909,0.6958447941817396,0.35293521753442214,0.34091706171950753,0.1322787993294224,0.5436121792638896,0.3744318218228586,0.37803612425582683,0.3037751302530905,0.4477898557838529,0.41942022658893174,0.4313210923006382,0.3234583730696873,0.5270669735779514,0.29274722649418883,0.7746123777719176,622.7324564416497,555.5279021780262,714.4274268801003,500,0.55,UB&PB,19969
0,0.0,0.0,0.0,0.0,0.0,0.0,0.0,0.0,0.0,0.0,0.0,0.0,0.0,0.0,0.0,0.0,0.0,0.0,0.0,0.0,0.0,0.0,0.0,0.0,0.0,0.0,0.0,0.0,0.0,0.0,0.0,0.0,0.0,0.0,0.0,500,0.6,UB&PB,19969
2500,0.9645322672289796,0.09257185548006633,0.04462418830956622,0.15737931967049695,0.056535910558815065,0.025613715927419373,0.0976206650929179,0.7604117337775748,0.6623986180926087,0.8498209602816392,0.9663837953091691,0.033616204690831465,0.3131236360228597,0.30259286515454237,0.10853776494094537,0.4769384614842188,0.002171335318738996,0.7204205804972796,0.37622708913849817,0.36569187575334944,0.16360269750272594,0.5712387286152137,0.40088568687505344,0.4038493495016299,0.3352587348166731,0.4686822282908238,0.419108980293147,0.4292809545955113,0.33119636949075587,0.5168940729917717,0.3074902189905727,0.7860685149785915,604.9260999943177,547.5713657135894,682.1892050627989,500,0.6,UB&PB,19969
0,0.0,0.0,0.0,0.0,0.0,0.0,0.0,0.0,0.0,0.0,0.0,0.0,0.0,0.0,0.0,0.0,0.0,0.0,0.0,0.0,0.0,0.0,0.0,0.0,0.0,0.0,0.0,0.0,0.0,0.0,0.0,0.0,0.0,0.0,0.0,500,0.65,UB&PB,19969
2500,0.9773992294240884,0.09318888169922108,0.04711365518550206,0.15223064747047416,0.047514757394660566,0.01973390974423036,0.0856603755475134,0.7424431946902179,0.644435787580375,0.8328296075021148,0.966823738450604,0.033176261549395875,0.3299601719821647,0.32099869420542954,0.12795268058001066,0.49761192722630704,0.002957577512166395,0.7385173395313693,0.3906482307281066,0.37935045070844314,0.18124977744579085,0.5898697435031915,0.41313489602163805,0.41604110350925755,0.348581456999793,0.4804193672175786,0.41905233609425324,0.4291182266719785,0.3318493294240258,0.5160201854520284,0.3460913239762568,0.7971134600779272,593.6534573628346,543.8190455977517,660.7499182117895,500,0.65,UB&PB,19969
0,0.0,0.0,0.0,0.0,0.0,0.0,0.0,0.0,0.0,0.0,0.0,0.0,0.0,0.0,0.0,0.0,0.0,0.0,0.0,0.0,0.0,0.0,0.0,0.0,0.0,0.0,0.0,0.0,0.0,0.0,0.0,0.0,0.0,0.0,0.0,500,0.7,UB&PB,19969
2500,0.9904852751400551,0.09781478739524567,0.050556367010930636,0.158714063342349,0.039186618076477026,0.01566135347923055,0.07194824749878066,0.7195176211025587,0.6253240895339728,0.8094501297213956,0.9615764036958065,0.0384235963041933,0.3456093607207997,0.33679716522879394,0.14788002575961776,0.5168431896459775,0.004519832220342368,0.7522565723137796,0.4032576121245362,0.39098663789439114,0.19615568522140214,0.6061356277581362,0.4230604813443612,0.4260252621963163,0.3597172932670205,0.4890948274244993,0.41882797832019586,0.4285038123031211,0.3340165170130435,0.5132240383734831,0.3410309213265393,0.8297613429437608,586.1826737319185,542.1213227086123,645.3985269200997,500,0.7,UB&PB,19969
0,0.0,0.0,0.0,0.0,0.0,0.0,0.0,0.0,0.0,0.0,0.0,0.0,0.0,0.0,0.0,0.0,0.0,0.0,0.0,0.0,0.0,0.0,0.0,0.0,0.0,0.0,0.0,0.0,0.0,0.0,0.0,0.0,0.0,0.0,0.0,500,0.75,UB&PB,19969
2500,1.0067839864442008,0.09053570481733078,0.04373732632910315,0.14950684764149033,0.03627358153299846,0.014271188028153444,0.06654995679280513,0.7401268274153069,0.6346327721987761,0.8539005925027688,0.9588628287135748,0.04113717128642501,0.3583333899802857,0.347951975322154,0.1597238982052943,0.5361143001817318,0.006033063949635287,0.7690381942310988,0.4125600854457202,0.39955944092238554,0.2033126312208207,0.6210812508413923,0.42917219258671324,0.43259716394326997,0.3629174417232189,0.4985476287496914,0.4194463229163933,0.43024860487890454,0.32944421798959334,0.5198515351308383,0.35169079252245217,0.8408125480478202,578.2168778398794,539.7907281017909,630.5179955218842,500,0.75,UB&PB,19969
0,0.0,0.0,0.0,0.0,0.0,0.0,0.0,0.0,0.0,0.0,0.0,0.0,0.0,0.0,0.0,0.0,0.0,0.0,0.0,0.0,0.0,0.0,0.0,0.0,0.0,0.0,0.0,0.0,0.0,0.0,0.0,0.0,0.0,0.0,0.0,500,0.8,UB&PB,19969
2500,1.0253034784887587,0.08295731207771058,0.03869007762337201,0.14027477551253023,0.03195306516609839,0.011942595443511853,0.060150949058540654,0.795623529597395,0.6923563533574765,0.875828734941,0.9607882018479027,0.03921179815209674,0.36902478883778367,0.35625149802877953,0.1682361256498972,0.5532616672825984,0.007721567467288327,0.7847158542509687,0.4193783656004813,0.40525669585348906,0.20685991755825092,0.6330001474327145,0.4328450906797028,0.43731362253528266,0.36380224807762396,0.506117179732899,0.4194653519439,0.4310592862719875,0.3240128946549483,0.5263619614820698,0.39893173930970544,0.9140901026415378,571.4339501200948,537.5862954586802,618.8302312506756,500,0.8,UB&PB,19969
0,0.0,0.0,0.0,0.0,0.0,0.0,0.0,0.0,0.0,0.0,0.0,0.0,0.0,0.0,0.0,0.0,0.0,0.0,0.0,0.0,0.0,0.0,0.0,0.0,0.0,0.0,0.0,0.0,0.0,0.0,0.0,0.0,0.0,0.0,0.0,500,0.85,UB&PB,19969
2500,1.042595451263176,0.08372569421600333,0.03914174923441521,0.14172027065601384,0.029561137289918573,0.010630700559919347,0.0566863836924254,0.7020085568866817,0.5826335966304622,0.8375886804998195,0.9511762615493947,0.048823738450604094,0.3883299660575298,0.37596023067385737,0.1916275109205388,0.5771556432110742,0.013192515556241225,0.7982397983888975,0.43274902495051815,0.41915958903989214,0.22085301366605437,0.6496396128980907,0.4409042402149011,0.4459698442113849,0.37166493805114437,0.5149122685261414,0.4191745311603812,0.4311420422238051,0.3240828584170737,0.5257059802586047,0.38278758217055536,0.8864337633066358,566.7211808512561,536.4081377856243,608.4509326961647,500,0.85,UB&PB,19969
0,0.0,0.0,0.0,0.0,0.0,0.0,0.0,0.0,0.0,0.0,0.0,0.0,0.0,0.0,0.0,0.0,0.0,0.0,0.0,0.0,0.0,0.0,0.0,0.0,0.0,0.0,0.0,0.0,0.0,0.0,0.0,0.0,0.0,0.0,0.0,500,0.9,UB&PB,19969
2500,1.0683460056351113,0.06775705504320641,0.030737040782441192,0.11729740538389534,0.026095072372969895,0.009067212441053263,0.05007228694874208,0.654572924734476,0.5398850482519878,0.7482226905836289,0.9548436389481169,0.045156361051883455,0.41365393057379984,0.4016404446554561,0.21274722543238464,0.6129303536002477,0.023108652999581526,0.8248353107112403,0.4486763313269532,0.43655008635281267,0.2295861080028965,0.6732743597280545,0.4495715912175128,0.4574830831450903,0.3743069849636745,0.5325505613366054,0.42041748735752743,0.43510680488914194,0.3124346710338046,0.542907059330155,0.408022878728801,0.9266691761478553,555.4758226558365,531.9966737476709,587.869936154039,500,0.9,UB&PB,19969
0,0.0,0.0,0.0,0.0,0.0,0.0,0.0,0.0,0.0,0.0,0.0,0.0,0.0,0.0,0.0,0.0,0.0,0.0,0.0,0.0,0.0,0.0,0.0,0.0,0.0,0.0,0.0,0.0,0.0,0.0,0.0,0.0,0.0,0.0,0.0,500,0.95,UB&PB,19969
2500,1.1015388212186217,0.06258411295343223,0.02754178523284758,0.10957122445003628,0.02504791295831243,0.008502672717738457,0.04850555901941113,0.74862492553,0.6194778316624112,0.8505170516795607,0.9481968727789626,0.05180312722103773,0.4244582157629091,0.41284285631406753,0.2167887708381125,0.6310536756204173,0.029439261055509484,0.8384210000795672,0.4514389152028476,0.44049050715365534,0.22449410659066307,0.6819783336032936,0.4517210430770673,0.4605650858701892,0.37285203509091575,0.5387127107659656,0.4202595498910297,0.4360828687119153,0.30648593336137064,0.5496695215514837,0.4263049139275189,0.9460530082512093,552.3663439804972,531.4326916292327,582.3956670399401,500,0.95,UB&PB,19969
0,0.0,0.0,0.0,0.0,0.0,0.0,0.0,0.0,0.0,0.0,0.0,0.0,0.0,0.0,0.0,0.0,0.0,0.0,0.0,0.0,0.0,0.0,0.0,0.0,0.0,0.0,0.0,0.0,0.0,0.0,0.0,0.0,0.0,0.0,0.0,500,0.05,UB&PB,349
2500,0.9166198255342873,0.3115592752441673,0.18669987841369218,0.4874810776239039,0.8890254465883537,0.8205418672132417,0.945757891566858,0.5359170991170995,0.39308502637904236,0.7166720516562596,0.9716851457000724,0.028314854299928895,0.024245454743410683,3.653964036902936e-5,1.2357203460464648e-7,0.00912692693372771,0.0,0.12987936161760383,0.02903971927187606,0.0,0.0,0.017290065351409614,0.03393980366447501,0.0032097568614898814,6.0815356058476365e-6,0.04053353919453139,0.4171095318921691,0.41816033557701865,0.3910033332246102,0.44587714282317614,0.03880839758577208,0.7546138968691175,7597.6730139446545,6377.663552180501,9452.122413120587,500,0.05,UB&PB,349
0,0.0,0.0,0.0,0.0,0.0,0.0,0.0,0.0,0.0,0.0,0.0,0.0,0.0,0.0,0.0,0.0,0.0,0.0,0.0,0.0,0.0,0.0,0.0,0.0,0.0,0.0,0.0,0.0,0.0,0.0,0.0,0.0,0.0,0.0,0.0,500,0.1,UB&PB,349
2500,0.9420517512247285,0.14704098858229075,0.07618557937505116,0.24924798038295937,0.8574559579202587,0.7472828469150266,0.9306633983052177,0.5702551953622084,0.42025453128798823,0.7213202808026219,0.9758009950248759,0.024199004975124366,0.022111578920150383,0.00024313495555638138,4.867271026059235e-6,0.02614063120736599,0.0,0.1087604405756147,0.030890742586021643,2.197614780784246e-7,0.0,0.04511008028677659,0.023561624157354515,0.005905716596390205,0.00015552863188902151,0.03225140169853609,0.41770983570730136,0.4225856771684046,0.3594832930929894,0.4824891421365415,0.016277729797170338,1.1982219042339735,5013.790673072664,4245.056495854637,6064.304506436772,500,0.1,UB&PB,349
0,0.0,0.0,0.0,0.0,0.0,0.0,0.0,0.0,0.0,0.0,0.0,0.0,0.0,0.0,0.0,0.0,0.0,0.0,0.0,0.0,0.0,0.0,0.0,0.0,0.0,0.0,0.0,0.0,0.0,0.0,0.0,0.0,0.0,0.0,0.0,500,0.15,UB&PB,349
2500,0.954713702731937,0.18879379522304068,0.1016586154621057,0.31291425808636714,0.8661359041739877,0.7708975106629326,0.9409548190115408,0.4771195572701416,0.307249817908596,0.6662434804495078,0.9741876332622591,0.025812366737739848,0.02595317256072962,0.0032409814407821373,4.415981950987698e-5,0.039965357932707675,0.0,0.10840730732230411,0.03656864273267977,0.005231375123748214,0.0,0.06118374520096729,0.02459941537117231,0.010027770422945675,0.00039116037896146284,0.03655867462045405,0.4178528703044196,0.4211894484138433,0.37006489283436217,0.47071250733599207,0.02157163690704986,1.3224738142780472,5247.056065247816,4567.374873991603,6109.400304062595,500,0.15,UB&PB,349
0,0.0,0.0,0.0,0.0,0.0,0.0,0.0,0.0,0.0,0.0,0.0,0.0,0.0,0.0,0.0,0.0,0.0,0.0,0.0,0.0,0.0,0.0,0.0,0.0,0.0,0.0,0.0,0.0,0.0,0.0,0.0,0.0,0.0,0.0,0.0,500,0.2,UB&PB,349
2500,0.9552698224919607,0.1292633950131519,0.06236069513392008,0.23030232555628832,0.7584687909464587,0.6615747734075169,0.8564571596818292,0.5397104719053413,0.41646252197009154,0.6747164209089844,0.9771698649609101,0.022830135039090226,0.04004226090322412,0.008695271073568942,0.000195299370549419,0.06734282902032382,2.2778060073294912e-7,0.15450733016978274,0.057956243991611194,0.015053925871878678,4.2474856380857084e-7,0.10152065742691471,0.036864678621117995,0.020315835160977697,0.002094718307284572,0.057840851755596584,0.41869101113256674,0.42456574015529774,0.3522809706926988,0.4918993665600591,0.023475040858261124,1.2067717098848985,3578.5440098248987,3088.2781897402565,4174.265832590145,500,0.2,UB&PB,349
0,0.0,0.0,0.0,0.0,0.0,0.0,0.0,0.0,0.0,0.0,0.0,0.0,0.0,0.0,0.0,0.0,0.0,0.0,0.0,0.0,0.0,0.0,0.0,0.0,0.0,0.0,0.0,0.0,0.0,0.0,0.0,0.0,0.0,0.0,0.0,500,0.25,UB&PB,349
2500,0.9668034850493401,0.17995834362483362,0.09029254936099897,0.30593394720754674,0.8230813585217961,0.7147517817530776,0.9080260349709883,0.5617136708580902,0.3480184050602949,0.7317300190791293,0.9705046197583503,0.029495380241648907,0.04069064841238302,0.01307383951716503,0.00022608563702106478,0.06860828236543061,5.683858217564917e-9,0.14743202351800896,0.056940494530292485,0.023177711283171257,0.0,0.09868015971583885,0.03609578718248086,0.020203882438906667,0.0013968831252807968,0.05715293397602761,0.41766987539108824,0.4214590596585791,0.367324188036719,0.4738127189102509,0.025302747700143454,1.0773087772454184,4522.600711348302,3951.905802172426,5201.482245930298,500,0.25,UB&PB,349
0,0.0,0.0,0.0,0.0,0.0,0.0,0.0,0.0,0.0,0.0,0.0,0.0,0.0,0.0,0.0,0.0,0.0,0.0,0.0,0.0,0.0,0.0,0.0,0.0,0.0,0.0,0.0,0.0,0.0,0.0,0.0,0.0,0.0,0.0,0.0,500,0.3,UB&PB,349
2500,0.9719466356132351,0.259254654711491,0.1315670355591568,0.4303554853611534,0.8367549770479284,0.7302264459332485,0.9218693759233821,0.5126559943238215,0.2992790261129104,0.8041730399143451,0.9671826581378825,0.03281734186211785,0.041409625400431915,0.01688945935655586,0.00041596924325291355,0.07049824515979547,1.4851667737348885e-7,0.1424730436563294,0.055698109363133255,0.028063726528604102,7.097013860222705e-6,0.09705522060891103,0.037575338109026024,0.022019251861619155,0.0016249210853546395,0.06033193122594732,0.41720588466110786,0.418966082200315,0.3841607808521455,0.45385339177524436,0.07480264867662335,1.0981001835983635,4770.728470750511,4180.280038740759,5472.5407089525215,500,0.3,UB&PB,349
0,0.0,0.0,0.0,0.0,0.0,0.0,0.0,0.0,0.0,0.0,0.0,0.0,0.0,0.0,0.0,0.0,0.0,0.0,0.0,0.0,0.0,0.0,0.0,0.0,0.0,0.0,0.0,0.0,0.0,0.0,0.0,0.0,0.0,0.0,0.0,500,0.35,UB&PB,349
2500,0.9332346790743479,0.08505027195643665,0.03476228795122335,0.16160097897121095,0.33870626876547927,0.2527799483989259,0.4358927008526058,0.6749759769221184,0.5056272420572576,0.810353502715868,0.9774982231698653,0.02250177683013507,0.16472630726728282,0.13051869147250308,0.014999027852833375,0.27210698262911237,0.00027313748556834227,0.46347229553607067,0.2179525809073262,0.19254752050153004,0.0356735390032017,0.34971616913774334,0.20876727606998313,0.20496695503599618,0.13628966051268931,0.2723283351629987,0.4201272528489257,0.4319464199169456,0.3242195943721393,0.5286745143766258,0.21272959138516417,0.6968600625316762,1223.1093903537649,999.5608493325466,1498.5330200034907,500,0.35,UB&PB,349
0,0.0,0.0,0.0,0.0,0.0,0.0,0.0,0.0,0.0,0.0,0.0,0.0,0.0,0.0,0.0,0.0,0.0,0.0,0.0,0.0,0.0,0.0,0.0,0.0,0.0,0.0,0.0,0.0,0.0,0.0,0.0,0.0,0.0,0.0,0.0,500,0.4,UB&PB,349
2500,0.9279515522522921,0.072593309477585,0.03277722866886487,0.12622640838802637,0.18945208029636965,0.12369228196771102,0.2767562117130938,0.6908128190369631,0.5683068185909886,0.798010477452057,0.979379530916845,0.020620469083155655,0.21825813369707447,0.1907227649094033,0.029922997278597315,0.35322019250624603,0.0005270531087823489,0.5790405581368603,0.28411351079775,0.2672254785160243,0.06720883675409763,0.44520475969006956,0.283599202097671,0.28629712613935476,0.20846543715627028,0.3580634376518555,0.4199150473196343,0.4336822470225063,0.31642296121413954,0.5371708107919648,0.19179215153112153,0.7891972528134901,763.9043545109814,636.5070147369756,932.3685569748649,500,0.4,UB&PB,349
0,0.0,0.0,0.0,0.0,0.0,0.0,0.0,0.0,0.0,0.0,0.0,0.0,0.0,0.0,0.0,0.0,0.0,0.0,0.0,0.0,0.0,0.0,0.0,0.0,0.0,0.0,0.0,0.0,0.0,0.0,0.0,0.0,0.0,0.0,0.0,500,0.45,UB&PB,349
2500,0.9529159280353422,0.09445306575263376,0.04253512902024773,0.18866579917607593,0.3145975154024503,0.2262577205700029,0.4079853079771991,0.7931725808287831,0.6138351281644151,0.9006203298660717,0.9774591329068956,0.022540867093105887,0.18476170549155102,0.1536338962868488,0.020590279813246657,0.3007782353447362,0.0004163554100955494,0.507881964260081,0.2399955436693801,0.2173158805703522,0.04594844720729989,0.3816895739461496,0.22813026983469864,0.22604473745672493,0.1546231322267853,0.2960488699906056,0.4196779344928398,0.43141761595362843,0.32609534966835396,0.5255451154889015,0.21222315331103972,0.8004989088123269,1361.2955338854304,1128.496703144758,1639.38683159673,500,0.45,UB&PB,349
0,0.0,0.0,0.0,0.0,0.0,0.0,0.0,0.0,0.0,0.0,0.0,0.0,0.0,0.0,0.0,0.0,0.0,0.0,0.0,0.0,0.0,0.0,0.0,0.0,0.0,0.0,0.0,0.0,0.0,0.0,0.0,0.0,0.0,0.0,0.0,500,0.5,UB&PB,349
2500,0.9595190961634199,0.16671390550225887,0.0892211097854323,0.2701389844755171,0.4260346847814102,0.3124457337063396,0.5114618804670225,0.6159338216839447,0.4872958078042217,0.760904979334009,0.9697945984363883,0.030205401563610568,0.18332315953791872,0.16581558226720677,0.04014622905829735,0.2873546008577376,0.0006425838281666674,0.46431677116374037,0.2292027474080273,0.21481386240470018,0.06954378522747465,0.3548582114236006,0.226226094725633,0.22404937724991153,0.1652985053980067,0.28172312989650566,0.41837463009412007,0.42518432142228024,0.3528760444227927,0.49151915273766844,0.27082057718366315,0.7562299301537179,1995.9605731759211,1663.4280949309602,2321.2081978558604,500,0.5,UB&PB,349
0,0.0,0.0,0.0,0.0,0.0,0.0,0.0,0.0,0.0,0.0,0.0,0.0,0.0,0.0,0.0,0.0,0.0,0.0,0.0,0.0,0.0,0.0,0.0,0.0,0.0,0.0,0.0,0.0,0.0,0.0,0.0,0.0,0.0,0.0,0.0,500,0.55,UB&PB,349
2500,0.9616512660041858,0.11428534940045498,0.04663072377210437,0.20291568986070932,0.2805997742693368,0.21168987969017347,0.3508586471240249,0.6730673054598247,0.5500034857886318,0.7713401838495801,0.9698734896943858,0.030126510305614737,0.23359888186873923,0.22008557466537143,0.07108725718356029,0.358935116268401,0.0013125788229846201,0.5565990329241699,0.2868900348650135,0.27476444081741097,0.11023481616266148,0.43776398491584306,0.2933362550769948,0.2921402479318406,0.23166418539882522,0.35118874354347757,0.4188590025051312,0.42691249444967344,0.33971632087800485,0.5068258658158925,0.2978380918732403,0.7786526783263127,1408.2270676806497,1208.7815485268318,1624.876982699287,500,0.55,UB&PB,349
0,0.0,0.0,0.0,0.0,0.0,0.0,0.0,0.0,0.0,0.0,0.0,0.0,0.0,0.0,0.0,0.0,0.0,0.0,0.0,0.0,0.0,0.0,0.0,0.0,0.0,0.0,0.0,0.0,0.0,0.0,0.0,0.0,0.0,0.0,0.0,500,0.6,UB&PB,349
2500,0.9654314185725891,0.09064098201250272,0.04252445285578869,0.15164617098044955,0.05255772296051511,0.024032166094810892,0.09010770398140382,0.7769307857495398,0.6806228998498254,0.8676781746109303,0.9694179104477616,0.030582089552238807,0.31437651893323165,0.3031809237899971,0.10828458918428172,0.47963847251445063,0.0020853858846474277,0.7245721927564389,0.37762598058320496,0.3665861443297963,0.16382711920917803,0.5739697436596639,0.40201595704335097,0.40525414413517874,0.3356838443377308,0.4710067143401255,0.4194034231949168,0.42987410458041847,0.3303132807101271,0.5185012498474342,0.3331913545961032,0.8183198751063248,600.0333101358668,545.8972765853251,673.4597084361425,500,0.6,UB&PB,349
0,0.0,0.0,0.0,0.0,0.0,0.0,0.0,0.0,0.0,0.0,0.0,0.0,0.0,0.0,0.0,0.0,0.0,0.0,0.0,0.0,0.0,0.0,0.0,0.0,0.0,0.0,0.0,0.0,0.0,0.0,0.0,0.0,0.0,0.0,0.0,500,0.65,UB&PB,349
2500,0.9789790916826653,0.09592171124363476,0.04690369263545812,0.15618126575451277,0.04532190064224584,0.01890435341725597,0.08159791572971392,0.7958255433252247,0.7014479258069679,0.8783202299669811,0.9644740582800291,0.03552594171997157,0.3255953156299581,0.3153906991157646,0.11996600370685997,0.4944085593400108,0.0027055268838996637,0.7371148771594406,0.38682567500065546,0.37545550597416405,0.17386493484518983,0.5873374095278829,0.41076001585452304,0.41378423735868713,0.34521062448724704,0.47899505942322884,0.4187312867596614,0.42892757467800724,0.3315317754474999,0.515321959862013,0.30559873807888777,0.7628589950966864,593.7294128094857,544.5551029994874,661.0992666875575,500,0.65,UB&PB,349
0,0.0,0.0,0.0,0.0,0.0,0.0,0.0,0.0,0.0,0.0,0.0,0.0,0.0,0.0,0.0,0.0,0.0,0.0,0.0,0.0,0.0,0.0,0.0,0.0,0.0,0.0,0.0,0.0,0.0,0.0,0.0,0.0,0.0,0.0,0.0,500,0.7,UB&PB,349
2500,0.9929793393438564,0.09213375506432302,0.04394208333438281,0.15352651082622404,0.04375128347167498,0.018041150768679345,0.0791319805527697,0.7962112467260907,0.7029410195022462,0.8818381705291574,0.9656858564321255,0.03431414356787487,0.336143106712877,0.32589564731170256,0.1330658526804438,0.5075760782324649,0.0036347986484590255,0.7475630860865032,0.3951429742416106,0.3828331022261494,0.18461858382905472,0.597957287816012,0.4161491193942067,0.4193718416721768,0.35074920544887966,0.4841582886845205,0.41908487353670587,0.429558013798088,0.33068887988940965,0.5175587024562932,0.3319405298593272,0.8121026646126468,590.1012408311439,544.0381826933333,654.2532782617909,500,0.7,UB&PB,349
0,0.0,0.0,0.0,0.0,0.0,0.0,0.0,0.0,0.0,0.0,0.0,0.0,0.0,0.0,0.0,0.0,0.0,0.0,0.0,0.0,0.0,0.0,0.0,0.0,0.0,0.0,0.0,0.0,0.0,0.0,0.0,0.0,0.0,0.0,0.0,500,0.75,UB&PB,349
2500,1.0069826156583752,0.0901642703138812,0.04202441190785417,0.14910481742378545,0.03602068625694244,0.014028278511935532,0.06715579274628078,0.7599168398679305,0.6394150967788409,0.867048731412831,0.9606211798152099,0.03937882018479026,0.3565435427281396,0.3457749960900207,0.15664670656356605,0.5347184184585293,0.005585427312740863,0.7684983417920488,0.410936686651878,0.39763898024460537,0.20122464737271004,0.6197915584451732,0.42773762464141235,0.4316124098409578,0.36115471959814627,0.49801617855568836,0.4189571532231443,0.4299895292189939,0.32759495779874614,0.5211864163904606,0.36505119647790646,0.855767564015575,578.5271743696509,539.5858155613379,631.8225581260866,500,0.75,UB&PB,349
0,0.0,0.0,0.0,0.0,0.0,0.0,0.0,0.0,0.0,0.0,0.0,0.0,0.0,0.0,0.0,0.0,0.0,0.0,0.0,0.0,0.0,0.0,0.0,0.0,0.0,0.0,0.0,0.0,0.0,0.0,0.0,0.0,0.0,0.0,0.0,500,0.8,UB&PB,349
2500,1.0244859649894569,0.08849048072911433,0.04276590061384606,0.1470919228129374,0.03244750675136021,0.01221932347921706,0.061055366755009534,0.76620872303212,0.657503156472774,0.8573341144301145,0.9562373845060405,0.043762615493958774,0.3700922933478868,0.3582699712347696,0.17175718687146033,0.5531539753658751,0.008259630561545954,0.7821845187797577,0.42059545341181614,0.40669786803945684,0.21014222496204413,0.6331817431797154,0.4340231757189533,0.43832105368576135,0.3665513865987684,0.505451455346754,0.41959675638545696,0.4308181829291361,0.32754452422960795,0.522629258852162,0.3445363749210705,0.7847254445584881,573.5001105266898,538.7058328945419,621.4927751021104,500,0.8,UB&PB,349
0,0.0,0.0,0.0,0.0,0.0,0.0,0.0,0.0,0.0,0.0,0.0,0.0,0.0,0.0,0.0,0.0,0.0,0.0,0.0,0.0,0.0,0.0,0.0,0.0,0.0,0.0,0.0,0.0,0.0,0.0,0.0,0.0,0.0,0.0,0.0,500,0.85,UB&PB,349
2500,1.0432592637524358,0.07852083158436494,0.03698046630035226,0.13332188072832604,0.02972688069716449,0.010833041996774873,0.05625490890517115,0.7103914659892285,0.5874090824891166,0.8168690853982175,0.9570597014925358,0.04294029850746266,0.39027552512842,0.3778494952756597,0.19264404407792368,0.5803302254758029,0.01381286698962756,0.8013331577064651,0.4341092150073031,0.42059699236598763,0.22102249848271413,0.6520601688808061,0.44173971142373486,0.4475205268568888,0.3715742862999984,0.5173896918632989,0.4195745225069889,0.43234550773369596,0.32103727374522834,0.5307044729828717,0.38397935519507753,0.8595218021654296,564.6141992347805,535.5022994972959,604.4272962710091,500,0.85,UB&PB,349
0,0.0,0.0,0.0,0.0,0.0,0.0,0.0,0.0,0.0,0.0,0.0,0.0,0.0,0.0,0.0,0.0,0.0,0.0,0.0,0.0,0.0,0.0,0.0,0.0,0.0,0.0,0.0,0.0,0.0,0.0,0.0,0.0,0.0,0.0,0.0,500,0.9,UB&PB,349
2500,1.0674810370359245,0.07206120985313784,0.032080915473675045,0.1266829578303881,0.027263410770783564,0.00957032381590328,0.05217579226832169,0.6778310107665405,0.5791332264914217,0.7704701728225971,0.9513624733475492,0.048637526652452,0.4086143914155147,0.39605698943937795,0.20937595942831716,0.6055546149651772,0.021711850696495484,0.818691938086242,0.44531742817954983,0.43284121476954124,0.2281836432507954,0.6680398322398204,0.4481661631990992,0.45497365826771324,0.37513963648261733,0.5277796682282168,0.42002077445578967,0.4338995857559183,0.31709556343841194,0.5365366597240637,0.4059561155822692,0.8949497668931812,558.6670049675101,533.5224205833341,593.3605083357457,500,0.9,UB&PB,349
0,0.0,0.0,0.0,0.0,0.0,0.0,0.0,0.0,0.0,0.0,0.0,0.0,0.0,0.0,0.0,0.0,0.0,0.0,0.0,0.0,0.0,0.0,0.0,0.0,0.0,0.0,0.0,0.0,0.0,0.0,0.0,0.0,0.0,0.0,0.0,500,0.95,UB&PB,349
2500,1.1006542096783198,0.06530981801364638,0.029516778676150057,0.11325602976328211,0.02488436346553694,0.008438772937339129,0.04817843497473153,0.6362563734146972,0.4940270094305764,0.7758502519063368,0.9470852878464819,0.05291471215351807,0.4309802507698494,0.42010256085262077,0.2263043617195081,0.6367451967840507,0.03423158183214424,0.839565793885788,0.45673408375360847,0.44608730821790415,0.2318308088776347,0.6868822253760061,0.4540959068641969,0.4632328193449686,0.3765900084572336,0.5402710040421058,0.4203040399496454,0.4359881140503468,0.3083967476915589,0.5472147367308766,0.4197817664954471,0.9338497797089985,551.7174150540021,531.3398389741424,580.0016019688361,500,0.95,UB&PB,349
0,0.0,0.0,0.0,0.0,0.0,0.0,0.0,0.0,0.0,0.0,0.0,0.0,0.0,0.0,0.0,0.0,0.0,0.0,0.0,0.0,0.0,0.0,0.0,0.0,0.0,0.0,0.0,0.0,0.0,0.0,0.0,0.0,0.0,0.0,0.0,500,0.05,UB&PB,66769
2500,0.9064395121041503,0.19363091600771665,0.09714019819004593,0.36405819325809075,0.8725420687254702,0.7969662246177123,0.9324231933151389,0.7826208824815776,0.6711948136369672,0.8959828083755187,0.9729957356076757,0.027004264392324086,0.03688470602999192,3.7866457424805166e-5,6.76893845014386e-8,0.009297723807030705,0.0,0.2164270762660583,0.043043650751015336,0.0,0.0,0.01736230334040899,0.05414704210274837,0.004300962269671143,7.477355584005067e-6,0.06362986445616756,0.4176827363955924,0.42062566211303265,0.3728811207868199,0.46762542064466267,0.03754244252530387,0.6834070559568459,5430.7071090383015,4020.419475768918,7661.289275599849,500,0.05,UB&PB,66769
0,0.0,0.0,0.0,0.0,0.0,0.0,0.0,0.0,0.0,0.0,0.0,0.0,0.0,0.0,0.0,0.0,0.0,0.0,0.0,0.0,0.0,0.0,0.0,0.0,0.0,0.0,0.0,0.0,0.0,0.0,0.0,0.0,0.0,0.0,0.0,500,0.1,UB&PB,66769
2500,0.9431699490297006,0.2007081292272437,0.10244470887491725,0.30823952365444435,0.870906884844358,0.7822227708223235,0.9419541617199955,0.6077534373120373,0.474192252297783,0.7704878206305721,0.9755899076048323,0.024410092395167064,0.02253156376945271,0.0002128489889717551,5.616541224545976e-6,0.022855376662725208,0.0,0.11383126839735115,0.02997137502502269,2.3581216813904844e-6,0.0,0.03773680554305942,0.025571385609926767,0.00739151441456761,0.0002028087212931835,0.031159605160461984,0.4178578774485225,0.4209431090674,0.3737561350931531,0.46681703330538427,0.01564216659104149,0.9761714842763863,5586.480300425308,4707.288080200251,6846.9535110574525,500,0.1,UB&PB,66769
0,0.0,0.0,0.0,0.0,0.0,0.0,0.0,0.0,0.0,0.0,0.0,0.0,0.0,0.0,0.0,0.0,0.0,0.0,0.0,0.0,0.0,0.0,0.0,0.0,0.0,0.0,0.0,0.0,0.0,0.0,0.0,0.0,0.0,0.0,0.0,500,0.15,UB&PB,66769
2500,0.9573351321651778,0.38283394670265714,0.22729922121163235,0.5370933013162851,0.9010602504696814,0.8302301659575724,0.9536777651027849,0.6789779371003579,0.5046651736389272,0.8358139555320804,0.970110874200427,0.029889125799573556,0.02426063857415856,0.0005832049737739823,1.6904040203428907e-5,0.025755560331655308,0.0,0.12293709563123494,0.030045895140831773,7.50551882101155e-5,0.0,0.03738478135704476,0.02882172680134634,0.01058240186978827,0.0007503181682707941,0.03290920096130726,0.41708997705620543,0.4177739025505843,0.39606484327782315,0.4401702442114758,0.01720817747391375,1.1937217484625111,8040.671662266344,6955.096759358401,9705.716532992205,500,0.15,UB&PB,66769
0,0.0,0.0,0.0,0.0,0.0,0.0,0.0,0.0,0.0,0.0,0.0,0.0,0.0,0.0,0.0,0.0,0.0,0.0,0.0,0.0,0.0,0.0,0.0,0.0,0.0,0.0,0.0,0.0,0.0,0.0,0.0,0.0,0.0,0.0,0.0,500,0.2,UB&PB,66769
2500,0.9552665946688969,0.13422947465585797,0.06498346734705068,0.24788946198094594,0.7405923404493732,0.6395628740782615,0.8579021427496274,0.6158314273961835,0.4432108224311625,0.7954546162986875,0.9768471926083866,0.02315280739161333,0.040136643796192126,0.0049733511872907645,8.062042306428168e-5,0.06705871818586967,1.1334592509578832e-8,0.16211198295442514,0.05798527081891274,0.006915365400007978,0.0,0.10230638455370875,0.03699445744725847,0.017137183444853706,0.0010442826761927195,0.05837143435560458,0.41819256278916483,0.4237130236339094,0.35413584230073075,0.4888066836658182,0.05623317857355228,0.8519595865521201,3282.26979979453,2766.61683133713,3947.9632531727193,500,0.2,UB&PB,66769
0,0.0,0.0,0.0,0.0,0.0,0.0,0.0,0.0,0.0,0.0,0.0,0.0,0.0,0.0,0.0,0.0,0.0,0.0,0.0,0.0,0.0,0.0,0.0,0.0,0.0,0.0,0.0,0.0,0.0,0.0,0.0,0.0,0.0,0.0,0.0,500,0.25,UB&PB,66769
2500,0.9617467013187118,0.29060408158883744,0.17414349038437466,0.4152168078196922,0.8290659426869651,0.7199370305938869,0.9313162736484341,0.3600052287656316,0.24380624552903332,0.5131044366912507,0.9684200426439233,0.031579957356076736,0.04127249499420731,0.02099283297882791,0.0008498150767959876,0.06988038817269886,2.855219296798471e-6,0.13505742255501899,0.056105665251806054,0.034451625388330596,9.565464995583571e-5,0.09606103053502987,0.040507494540336655,0.030759802961337467,0.0071091955046807525,0.06174205503929589,0.41729177130381995,0.4186415990708794,0.3891731343469794,0.4483181339883907,0.026207873464977483,1.062551717737121,5120.124626303557,4526.283383623156,5762.7846770962815,500,0.25,UB&PB,66769
0,0.0,0.0,0.0,0.0,0.0,0.0,0.0,0.0,0.0,0.0,0.0,0.0,0.0,0.0,0.0,0.0,0.0,0.0,0.0,0.0,0.0,0.0,0.0,0.0,0.0,0.0,0.0,0.0,0.0,0.0,0.0,0.0,0.0,0.0,0.0,500,0.3,UB&PB,66769
2500,0.9726713560842175,0.17951448906409784,0.0765892786847718,0.36459008355596667,0.801344255083826,0.6923690818790212,0.9127476963765149,0.6605444983707387,0.3796952238871697,0.8028159906168166,0.9700447761194037,0.029955223880596966,0.0440906915072875,0.01598729742653961,0.00035550696552678543,0.07478228665916094,8.765807632205212e-8,0.15606682395806187,0.06096127115240346,0.027674824061017428,0.0,0.10658075946818003,0.038052090824388235,0.020388744525357546,0.001307785027222061,0.06082559876066612,0.41768081384979455,0.4206710585409601,0.37044950405692245,0.47021592667238593,0.1038076366666475,1.0332593483170698,4142.3504652762795,3564.7845342753567,4817.489577855666,500,0.3,UB&PB,66769
0,0.0,0.0,0.0,0.0,0.0,0.0,0.0,0.0,0.0,0.0,0.0,0.0,0.0,0.0,0.0,0.0,0.0,0.0,0.0,0.0,0.0,0.0,0.0,0.0,0.0,0.0,0.0,0.0,0.0,0.0,0.0,0.0,0.0,0.0,0.0,500,0.35,UB&PB,66769
2500,0.943327298403446,0.10335091642849693,0.042093721070130964,0.20640234017262632,0.4755057062370566,0.37674932772883785,0.5718352397107025,0.5528749968515738,0.4063465094514978,0.6934584112633561,0.9760568585643219,0.023943141435678734,0.13288743473751666,0.10211569070648636,0.007036519412392926,0.22127607933971394,0.00014479401279286086,0.3827985488421704,0.17710337029450277,0.15532237965807855,0.014022677862084176,0.28605266669068496,0.16073474680873492,0.15912143271886842,0.09544223219260699,0.21774706902890173,0.419787668171984,0.4296615690253697,0.3342845036017678,0.5160720110848883,0.19154320586084653,0.7007253311548488,2097.8439898567594,1792.1415144537195,2445.616040000618,500,0.35,UB&PB,66769
0,0.0,0.0,0.0,0.0,0.0,0.0,0.0,0.0,0.0,0.0,0.0,0.0,0.0,0.0,0.0,0.0,0.0,0.0,0.0,0.0,0.0,0.0,0.0,0.0,0.0,0.0,0.0,0.0,0.0,0.0,0.0,0.0,0.0,0.0,0.0,500,0.4,UB&PB,66769
2500,0.9262847255808907,0.06763689325407857,0.029542421106069396,0.12677568224140073,0.147445724104318,0.09281290755567757,0.21783895287452104,0.7316380427264523,0.605486475240042,0.8660872151165454,0.9790241648898358,0.020975835110163495,0.22852321334905099,0.19951332806216923,0.029765014480848246,0.37065351897148247,0.0005225021699603166,0.6080394498570959,0.2950376859268536,0.2775047213159935,0.06803147533474656,0.46395145853004305,0.2997954923841641,0.30396559515397076,0.22212263237268734,0.3781699086361854,0.4200113309463176,0.43393814853407514,0.31506609096037635,0.5386883084686811,0.20035770204807302,0.7619369482864223,707.6192922698131,600.7430003463589,860.633359716288,500,0.4,UB&PB,66769
0,0.0,0.0,0.0,0.0,0.0,0.0,0.0,0.0,0.0,0.0,0.0,0.0,0.0,0.0,0.0,0.0,0.0,0.0,0.0,0.0,0.0,0.0,0.0,0.0,0.0,0.0,0.0,0.0,0.0,0.0,0.0,0.0,0.0,0.0,0.0,500,0.45,UB&PB,66769
2500,0.9402549722838612,0.06765289412460807,0.029975837364938366,0.11816973116385612,0.13249402838149704,0.08140624917870314,0.19569105254059366,0.813934354973238,0.712552501903399,0.9058334604209326,0.9786652452025598,0.02133475479744136,0.23750927195224597,0.20889192717504307,0.03506779259522611,0.3832885530015499,0.0006440607700861656,0.6266813024464494,0.3045935840695529,0.28693258769598246,0.07537953184426109,0.4792097260311751,0.30893193955410697,0.31263541047243976,0.23092054948432644,0.38746260872244764,0.4199624030838494,0.43445637019123207,0.31162496563810693,0.5425707788088335,0.26304646417054656,0.7335252181939691,689.082560338558,592.3312100048602,825.0484192289566,500,0.45,UB&PB,66769
0,0.0,0.0,0.0,0.0,0.0,0.0,0.0,0.0,0.0,0.0,0.0,0.0,0.0,0.0,0.0,0.0,0.0,0.0,0.0,0.0,0.0,0.0,0.0,0.0,0.0,0.0,0.0,0.0,0.0,0.0,0.0,0.0,0.0,0.0,0.0,500,0.5,UB&PB,66769
2500,0.9438167601619473,0.07364299577441512,0.033875589761795145,0.12873455263126699,0.10803288152905731,0.059937528393023284,0.1683895878319139,0.7361004801839223,0.63942960689799,0.8413078836641977,0.978587775408672,0.021412224591329056,0.26976474047719834,0.2518388312265554,0.0661001132890461,0.4225170933667622,0.0011065797149568566,0.6646608280896333,0.33653029964219655,0.3245124011492583,0.11987471852432134,0.517609745616815,0.3509411582422352,0.3544065486326385,0.27889337549599585,0.424827531970177,0.42015491835893537,0.4337112202837338,0.31765629178298366,0.5362016291496325,0.24373519418418726,0.8081531211868728,652.1224284829639,568.2510931955103,761.8982777343427,500,0.5,UB&PB,66769
0,0.0,0.0,0.0,0.0,0.0,0.0,0.0,0.0,0.0,0.0,0.0,0.0,0.0,0.0,0.0,0.0,0.0,0.0,0.0,0.0,0.0,0.0,0.0,0.0,0.0,0.0,0.0,0.0,0.0,0.0,0.0,0.0,0.0,0.0,0.0,500,0.55,UB&PB,66769
2500,0.9559111650930847,0.08034016600253503,0.036232395226321046,0.14233046203220698,0.0722234662931512,0.03584695137832601,0.12031516523213658,0.8242221627261388,0.7065164908249921,0.9160701619461065,0.9739466950959481,0.026053304904051177,0.2889725532856694,0.27283526231888894,0.07829529158312189,0.4494172631498731,0.0013839741701986356,0.6988716966176827,0.35434449686276737,0.34221165852803603,0.13380205002678006,0.5451364388835201,0.37518204993510196,0.3791603366011765,0.30438048180773897,0.4489737471131869,0.41934002036038487,0.43115244813205095,0.3239672162997267,0.5263880291129724,0.2862559777340363,0.8455898317999946,619.8517505910568,553.560446708816,713.3849504285129,500,0.55,UB&PB,66769
0,0.0,0.0,0.0,0.0,0.0,0.0,0.0,0.0,0.0,0.0,0.0,0.0,0.0,0.0,0.0,0.0,0.0,0.0,0.0,0.0,0.0,0.0,0.0,0.0,0.0,0.0,0.0,0.0,0.0,0.0,0.0,0.0,0.0,0.0,0.0,500,0.6,UB&PB,66769
2500,0.9687497119732635,0.08421528155459668,0.03931132461843139,0.14384729288026588,0.06815084304553697,0.033024667965753166,0.11457205013268618,0.8707190911753707,0.7827448060733833,0.9364788580043267,0.9728663823738452,0.02713361762615494,0.2953543492262125,0.28029272133497557,0.08426032854914094,0.4573614890962546,0.0016902583339910814,0.7074713553698769,0.35971135219847233,0.34711100297539027,0.14049996766955686,0.5531937639165263,0.3810512848922063,0.3846750829590498,0.31123474562947295,0.4533265446730296,0.41944312423715385,0.430974363901156,0.32502225604908386,0.5251528899876494,0.31578772445629216,0.8109404244952376,617.3950065737811,554.719325316595,705.4768684814351,500,0.6,UB&PB,66769
0,0.0,0.0,0.0,0.0,0.0,0.0,0.0,0.0,0.0,0.0,0.0,0.0,0.0,0.0,0.0,0.0,0.0,0.0,0.0,0.0,0.0,0.0,0.0,0.0,0.0,0.0,0.0,0.0,0.0,0.0,0.0,0.0,0.0,0.0,0.0,500,0.65,UB&PB,66769
2500,0.9780271170813445,0.09011745253016076,0.0422668871924723,0.15772808250465495,0.05101854870196249,0.022184526938684026,0.08938517290348016,0.7691993442085173,0.6854599990798493,0.8551607067750322,0.964758351101634,0.03524164889836523,0.32419701877143126,0.3139591188479115,0.12063415071779943,0.49111188234677666,0.0027725152704589423,0.7339000079691286,0.38550255917425263,0.3743771590354008,0.17428883025549394,0.5837317675250899,0.40847556898421167,0.4112040675532239,0.3425009371715149,0.47665278669932637,0.4189759699072254,0.42934384395069863,0.32971881359716515,0.5184632813729726,0.348929215101871,0.8260479473712773,597.7450439598476,545.586802868202,668.2564547333374,500,0.65,UB&PB,66769
0,0.0,0.0,0.0,0.0,0.0,0.0,0.0,0.0,0.0,0.0,0.0,0.0,0.0,0.0,0.0,0.0,0.0,0.0,0.0,0.0,0.0,0.0,0.0,0.0,0.0,0.0,0.0,0.0,0.0,0.0,0.0,0.0,0.0,0.0,0.0,500,0.7,UB&PB,66769
2500,0.9907764510597034,0.10506254269073222,0.054865755151962466,0.16419573188699205,0.04047450652823144,0.01613559556002948,0.07440482121423743,0.73315311721168,0.6468600336787007,0.8139892641080801,0.9605579246624022,0.03944207533759764,0.34324405173400147,0.3343747381183026,0.14582480599842249,0.5134388340204428,0.004492184016253153,0.7488648363162739,0.40149757589336027,0.3892217951701623,0.19488905407261847,0.6036097231376096,0.42167338424161827,0.4244330687761603,0.3590259755260837,0.486547275962482,0.41810348135598635,0.42774418759316424,0.3347329564178387,0.510760681781226,0.34231987461300656,0.804731549437303,588.8217861259628,543.7263236998125,648.7623362126069,500,0.7,UB&PB,66769
0,0.0,0.0,0.0,0.0,0.0,0.0,0.0,0.0,0.0,0.0,0.0,0.0,0.0,0.0,0.0,0.0,0.0,0.0,0.0,0.0,0.0,0.0,0.0,0.0,0.0,0.0,0.0,0.0,0.0,0.0,0.0,0.0,0.0,0.0,0.0,500,0.75,UB&PB,66769
2500,1.0074423718307397,0.0876060947078945,0.041838822652578586,0.14821223066206982,0.03731864369384297,0.014666586675889423,0.06964392272366253,0.7723405019162776,0.6825897073451648,0.852912792181203,0.9601492537313423,0.039850746268656735,0.353992569014273,0.34342658976094725,0.15358881967262206,0.531462052868529,0.005443286295156877,0.765907570090262,0.4089552088585315,0.39572296653131106,0.1989584566401524,0.6167476300574597,0.4267468368449058,0.43012628102040945,0.3603725345206599,0.49617267087749245,0.41923742720060886,0.43005556041830584,0.3285182239836094,0.5205908071922472,0.3380700588627426,0.8034832219424981,580.5555342880527,540.445254327583,636.1067732877027,500,0.75,UB&PB,66769
0,0.0,0.0,0.0,0.0,0.0,0.0,0.0,0.0,0.0,0.0,0.0,0.0,0.0,0.0,0.0,0.0,0.0,0.0,0.0,0.0,0.0,0.0,0.0,0.0,0.0,0.0,0.0,0.0,0.0,0.0,0.0,0.0,0.0,0.0,0.0,500,0.8,UB&PB,66769
2500,1.0245319110560338,0.08448740809493789,0.04007968765860152,0.14518536893507603,0.032409053656618995,0.012011794143075596,0.062064591723657386,0.7701661428409047,0.6780676787876966,0.8595128743015711,0.9565529495380246,0.04344705046197587,0.3685531371172917,0.35647203491821616,0.16884079713984523,0.5521092043910089,0.007858881082935709,0.7822727392731469,0.41928796562998616,0.40541100272230085,0.20803567818200647,0.6319063368641415,0.4334986232599754,0.43760999553586666,0.3655164967362402,0.5054143400507966,0.4197266250707125,0.43107902167780965,0.3270527151618991,0.5235298885755425,0.36443161601883994,0.8272720693873592,573.0482795631457,538.2234595604988,622.039354459628,500,0.8,UB&PB,66769
0,0.0,0.0,0.0,0.0,0.0,0.0,0.0,0.0,0.0,0.0,0.0,0.0,0.0,0.0,0.0,0.0,0.0,0.0,0.0,0.0,0.0,0.0,0.0,0.0,0.0,0.0,0.0,0.0,0.0,0.0,0.0,0.0,0.0,0.0,0.0,500,0.85,UB&PB,66769
2500,1.0442452647857614,0.08124967983988911,0.03971033202463538,0.13278489724491108,0.029061573330100277,0.010481747676361302,0.05545602062903172,0.7262782749835377,0.6293051329850691,0.8264005685332787,0.9523809523809521,0.04761904761904759,0.38868979528516934,0.37588925537430845,0.19016215720621024,0.5793267189342128,0.013071951737992622,0.8004920658367405,0.4332569975946002,0.4196927323497705,0.21996546482827142,0.6513520996935923,0.44163505110598994,0.4470947123562911,0.37125564576313974,0.5172310037758128,0.41944819980969605,0.4319050967785803,0.3219799906943962,0.5291445596220347,0.3896660843809657,0.8830435511890913,565.1656123740325,536.0229421668677,605.3726022176402,500,0.85,UB&PB,66769
0,0.0,0.0,0.0,0.0,0.0,0.0,0.0,0.0,0.0,0.0,0.0,0.0,0.0,0.0,0.0,0.0,0.0,0.0,0.0,0.0,0.0,0.0,0.0,0.0,0.0,0.0,0.0,0.0,0.0,0.0,0.0,0.0,0.0,0.0,0.0,500,0.9,UB&PB,66769
2500,1.0654113296509826,0.08104856437502564,0.038741361576796016,0.13821823544313735,0.02628210277815476,0.009072619944862602,0.05075379391673233,0.6092843424646933,0.4919281249182234,0.7278221494168897,0.9476687988628303,0.052331201137171296,0.41266551037387084,0.4006956676382867,0.2170056619429924,0.6079026716527983,0.02523563416649262,0.8177098261191729,0.4485249284817905,0.43568778880788817,0.23355174717015814,0.6702834916191859,0.4486747057806194,0.455066175409449,0.37780682213143435,0.5257282793795932,0.419527403835731,0.43207668270610544,0.3224407391867333,0.5283128852925194,0.4229901824027969,0.9384464518042326,559.3143405104388,534.1444295276943,592.9413760583355,500,0.9,UB&PB,66769
0,0.0,0.0,0.0,0.0,0.0,0.0,0.0,0.0,0.0,0.0,0.0,0.0,0.0,0.0,0.0,0.0,0.0,0.0,0.0,0.0,0.0,0.0,0.0,0.0,0.0,0.0,0.0,0.0,0.0,0.0,0.0,0.0,0.0,0.0,0.0,500,0.95,UB&PB,66769
2500,1.1019321030673934,0.06002697604631537,0.026483428389934435,0.1048801695974041,0.024737434005522824,0.008358897843369498,0.047805015257834066,0.7069685543871872,0.54869130144166,0.8312641028441349,0.9452025586353934,0.05479744136460555,0.4283843083856496,0.41729095189311677,0.22032349061739018,0.6361496298943747,0.031209887244694458,0.8416747634383006,0.45439571714087845,0.4439101941201262,0.22723974759629664,0.6856533392827778,0.45365368069789463,0.46323139404745006,0.3736573454120281,0.5424237538079567,0.4204331977039525,0.437380097235621,0.3036060285970634,0.553488150211654,0.4435569649412884,0.9436292141360261,550.5957346836708,530.6100357035034,579.2162177476006,500,0.95,UB&PB,66769
